{"type":"FeatureCollection","features":[{"type":"Feature","id":27916,"properties":{"y":2016,"n":"Rock Creek","ag":"USFS","ac":1382.7,"c":14,"cl":"Unknown","ad":"2016-10-28","cd":"","st":"WA","se":3},"geometry":{"type":"MultiPolygon","coordinates":[[[[-120.93486,46.93577],[-120.92372,46.93314],[-120.92329,46.92682],[-120.91255,46.91652],[-120.91974,46.91236],[-120.92098,46.90808],[-120.93226,46.90635],[-120.93492,46.90885],[-120.95584,46.91044],[-120.9569,46.91413],[-120.95002,46.91984],[-120.9466,46.91723],[-120.93871,46.91939],[-120.94181,46.93125],[-120.93486,46.93577]]],[[[-120.92755,46.90682],[-120.92847,46.90661],[-120.92755,46.90699],[-120.92755,46.90682]]]]},"bbox":[-120.95694,46.90635,-120.91255,46.93577]},{"type":"Feature","id":27917,"properties":{"y":2016,"n":"Saul","ag":"USFS","ac":463.6,"c":14,"cl":"Unknown","ad":"2016-10-20","cd":"","st":"WA","se":3},"geometry":{"type":"Polygon","coordinates":[[[-120.98177,47.9959],[-121.00253,47.99097],[-121.00325,48.00528],[-120.9845,48.00254],[-120.98177,47.9959]]]},"bbox":[-121.00335,47.99009,-120.98109,48.00655]},{"type":"Feature","id":27918,"properties":{"y":2016,"n":"Buck Creek","ag":"USFS","ac":3880.2,"c":14,"cl":"Unknown","ad":"2016-10-20","cd":"","st":"WA","se":3},"geometry":{"type":"MultiPolygon","coordinates":[[[[-120.89895,48.12139],[-120.88562,48.12297],[-120.87886,48.11549],[-120.86879,48.11415],[-120.86328,48.11964],[-120.85736,48.1187],[-120.85102,48.11159],[-120.85159,48.10735],[-120.84555,48.10093],[-120.83571,48.09774],[-120.83138,48.08907],[-120.83513,48.08496],[-120.84596,48.08399],[-120.86027,48.08945],[-120.87327,48.09891],[-120.88221,48.09436],[-120.89951,48.10624],[-120.91361,48.10574],[-120.91836,48.10928],[-120.91447,48.11223],[-120.94372,48.12093],[-120.93744,48.1229],[-120.92386,48.11887],[-120.92185,48.1261],[-120.89895,48.12139]]],[[[-120.86978,48.12916],[-120.86433,48.12647],[-120.87334,48.12527],[-120.86978,48.12916]]],[[[-120.87416,48.08977],[-120.87792,48.08933],[-120.8742,48.09067],[-120.87416,48.08977]]]]},"bbox":[-120.94372,48.08351,-120.83119,48.12921]},{"type":"Feature","id":27919,"properties":{"y":2016,"n":"Middle Harvey","ag":"USFS","ac":15.3,"c":14,"cl":"Unknown","ad":"2016-10-24","cd":"","st":"WA","se":3},"geometry":{"type":"Polygon","coordinates":[[[-117.19712,48.75504],[-117.19243,48.75589],[-117.19219,48.75429],[-117.19712,48.75504]]]},"bbox":[-117.19715,48.75415,-117.1921,48.75692]},{"type":"Feature","id":27920,"properties":{"y":2016,"n":"Halfway","ag":"USFS","ac":107.9,"c":14,"cl":"Unknown","ad":"2016-10-14","cd":"","st":"WA","se":3},"geometry":{"type":"Polygon","coordinates":[[[-121.09023,46.96502],[-121.09709,46.96014],[-121.09701,46.97058],[-121.09023,46.96502]]]},"bbox":[-121.09892,46.96014,-121.0897,46.97058]},{"type":"Feature","id":27921,"properties":{"y":2015,"n":"Hall Mountain","ag":"USFS","ac":39.1,"c":14,"cl":"Unknown","ad":"2015-10-04","cd":"","st":"WA","se":3},"geometry":{"type":"Polygon","coordinates":[[[-117.2547,48.81472],[-117.25557,48.81062],[-117.26004,48.81015],[-117.25842,48.81376],[-117.2547,48.81472]]]},"bbox":[-117.26009,48.80985,-117.25433,48.81581]},{"type":"Feature","id":27922,"properties":{"y":2015,"n":"North Star","ag":"USFS","ac":215401.1,"c":14,"cl":"Unknown","ad":"2016-02-24","cd":"","st":"WA","se":4},"geometry":{"type":"Polygon","coordinates":[[[-119.13078,48.37478],[-119.12996,48.37903],[-119.13526,48.37926],[-119.13523,48.38148],[-119.14017,48.37909],[-119.12947,48.391],[-119.13093,48.40016],[-119.12786,48.40308],[-119.12261,48.40208],[-119.12145,48.39819],[-119.11694,48.40318],[-119.11068,48.40325],[-119.11111,48.41366],[-119.10331,48.41539],[-119.09568,48.42222],[-119.09923,48.4115],[-119.08982,48.41088],[-119.08836,48.41989],[-119.0914,48.4243],[-119.07925,48.41834],[-119.08244,48.43248],[-119.09385,48.43856],[-119.09097,48.44284],[-119.08383,48.44377],[-119.08414,48.44642],[-119.07373,48.44208],[-119.06771,48.4434],[-119.06833,48.43884],[-119.06365,48.43615],[-119.06034,48.44401],[-119.06272,48.44906],[-119.04763,48.45579],[-119.07609,48.45004],[-119.0772,48.46148],[-119.08762,48.47442],[-119.10206,48.47641],[-119.10012,48.48057],[-119.10827,48.48279],[-119.11159,48.48813],[-119.0926,48.49318],[-119.08853,48.499],[-119.09274,48.50517],[-119.08179,48.50731],[-119.08441,48.51428],[-119.07836,48.5138],[-119.07243,48.51763],[-119.07115,48.52356],[-119.05619,48.53941],[-119.05663,48.54342],[-119.03915,48.55143],[-119.02349,48.54542],[-119.02168,48.5352],[-119.02447,48.52564],[-119.01907,48.52264],[-119.01922,48.51039],[-119.01535,48.50619],[-119.01241,48.51331],[-118.99959,48.52376],[-118.99552,48.52376],[-118.99505,48.5176],[-118.99161,48.51471],[-118.97928,48.51941],[-118.96457,48.51952],[-118.95215,48.52798],[-118.95551,48.53383],[-118.95289,48.53584],[-118.93442,48.53508],[-118.93419,48.53018],[-118.93,48.52874],[-118.93391,48.52689],[-118.91394,48.52113],[-118.92659,48.53198],[-118.93554,48.53557],[-118.92962,48.54646],[-118.91818,48.54957],[-118.91188,48.54663],[-118.90948,48.54725],[-118.91212,48.56974],[-118.90717,48.57953],[-118.90813,48.58457],[-118.91357,48.5886],[-118.91194,48.59279],[-118.91949,48.60109],[-118.92037,48.60621],[-118.91621,48.60909],[-118.91289,48.60627],[-118.90465,48.61127],[-118.88974,48.60765],[-118.88238,48.60992],[-118.87162,48.60425],[-118.85478,48.60137],[-118.84379,48.60449],[-118.83955,48.59923],[-118.82483,48.6015],[-118.8126,48.59702],[-118.80302,48.58763],[-118.80288,48.5812],[-118.79747,48.57415],[-118.80151,48.56212],[-118.79299,48.56418],[-118.79151,48.55892],[-118.79498,48.55291],[-118.80329,48.55177],[-118.80734,48.54747],[-118.81141,48.53245],[-118.81472,48.53102],[-118.81513,48.51562],[-118.82581,48.51181],[-118.82109,48.5082],[-118.81278,48.51309],[-118.80887,48.51082],[-118.80734,48.50305],[-118.8128,48.4998],[-118.81379,48.48941],[-118.80406,48.49132],[-118.8084,48.49647],[-118.80075,48.51247],[-118.78836,48.51293],[-118.78843,48.50829],[-118.77279,48.51554],[-118.77923,48.52236],[-118.77384,48.52378],[-118.7728,48.52778],[-118.77245,48.52189],[-118.76978,48.52227],[-118.76726,48.5172],[-118.76391,48.52593],[-118.75589,48.52233],[-118.75723,48.51795],[-118.75328,48.51497],[-118.75524,48.51185],[-118.74685,48.50761],[-118.7514,48.50503],[-118.75178,48.50087],[-118.76054,48.50213],[-118.75839,48.48661],[-118.76875,48.4816],[-118.76808,48.47107],[-118.77542,48.46906],[-118.76747,48.46595],[-118.77326,48.45968],[-118.7526,48.45931],[-118.75567,48.45756],[-118.75384,48.45457],[-118.74645,48.45042],[-118.74642,48.44646],[-118.74079,48.44339],[-118.73896,48.44016],[-118.74101,48.43944],[-118.73154,48.43034],[-118.73523,48.42064],[-118.7406,48.41806],[-118.7326,48.40315],[-118.73751,48.40032],[-118.7441,48.40135],[-118.74197,48.39805],[-118.74616,48.39287],[-118.74795,48.39614],[-118.75295,48.39504],[-118.75363,48.39219],[-118.74782,48.38953],[-118.74831,48.38243],[-118.76026,48.37891],[-118.75593,48.37388],[-118.76937,48.36866],[-118.76644,48.36156],[-118.77446,48.3582],[-118.77189,48.35358],[-118.78276,48.35597],[-118.78183,48.35323],[-118.78782,48.35059],[-118.78699,48.34821],[-118.7995,48.34778],[-118.79698,48.34157],[-118.80143,48.34406],[-118.80439,48.34234],[-118.80264,48.32809],[-118.80619,48.32454],[-118.80481,48.32195],[-118.81122,48.31888],[-118.80868,48.31197],[-118.81664,48.30933],[-118.81874,48.30466],[-118.80431,48.31113],[-118.78634,48.31067],[-118.78505,48.31943],[-118.77766,48.32231],[-118.75479,48.31403],[-118.75777,48.30892],[-118.75385,48.30781],[-118.7582,48.30496],[-118.75688,48.2993],[-118.76553,48.29149],[-118.77883,48.28482],[-118.78224,48.28754],[-118.78222,48.2815],[-118.78982,48.28284],[-118.77777,48.2795],[-118.78323,48.27012],[-118.79216,48.26563],[-118.79171,48.26214],[-118.78342,48.26456],[-118.77269,48.27385],[-118.77574,48.27621],[-118.75859,48.27514],[-118.76301,48.26008],[-118.75839,48.25248],[-118.76455,48.2452],[-118.76057,48.23968],[-118.77052,48.23875],[-118.77837,48.23219],[-118.79671,48.22555],[-118.80233,48.2274],[-118.80549,48.21917],[-118.81469,48.22298],[-118.81434,48.22711],[-118.82097,48.22515],[-118.82989,48.22923],[-118.85322,48.22619],[-118.86545,48.22913],[-118.88,48.22372],[-118.89489,48.23297],[-118.89472,48.24232],[-118.89917,48.24916],[-118.90903,48.25459],[-118.91367,48.25397],[-118.91047,48.24814],[-118.90437,48.24673],[-118.90813,48.24197],[-118.93034,48.24199],[-118.93362,48.2379],[-118.9408,48.23711],[-118.94196,48.24129],[-118.93756,48.2445],[-118.93893,48.24893],[-118.94915,48.25416],[-118.93261,48.27081],[-118.93672,48.27329],[-118.92915,48.27923],[-118.93154,48.29455],[-118.93972,48.28075],[-118.94996,48.27757],[-118.95964,48.28295],[-118.96038,48.27374],[-118.96401,48.27094],[-118.96919,48.27051],[-118.97228,48.26654],[-118.9835,48.26726],[-118.99012,48.26295],[-118.99205,48.25714],[-118.98376,48.24492],[-118.98541,48.22686],[-119.02046,48.22312],[-119.03414,48.22622],[-119.05553,48.22438],[-119.05884,48.23008],[-119.06827,48.23184],[-119.06957,48.23641],[-119.08705,48.23666],[-119.08938,48.23322],[-119.0918,48.23733],[-119.10339,48.23759],[-119.11498,48.24544],[-119.1084,48.25663],[-119.10324,48.25908],[-119.10558,48.26878],[-119.1017,48.27418],[-119.10161,48.28518],[-119.09231,48.29414],[-119.10092,48.29756],[-119.10082,48.30062],[-119.08775,48.30346],[-119.09035,48.30976],[-119.09463,48.30889],[-119.10124,48.31572],[-119.09836,48.31936],[-119.08979,48.31762],[-119.09186,48.32284],[-119.08763,48.32922],[-119.09534,48.32937],[-119.10786,48.3239],[-119.11143,48.32423],[-119.1127,48.32594],[-119.10879,48.32803],[-119.11182,48.32895],[-119.12058,48.32335],[-119.12211,48.32955],[-119.128,48.33441],[-119.13312,48.33382],[-119.14143,48.34138],[-119.12618,48.33915],[-119.13386,48.34074],[-119.14125,48.34838],[-119.14401,48.35633],[-119.14807,48.35682],[-119.14209,48.37074],[-119.13078,48.37478]],[[-118.74056,48.40649],[-118.74653,48.40332],[-118.74006,48.40333],[-118.74056,48.40649]],[[-118.79329,48.42222],[-118.78715,48.41618],[-118.7924,48.41655],[-118.79459,48.41377],[-118.78981,48.41018],[-118.79557,48.40832],[-118.7895,48.4018],[-118.80496,48.39944],[-118.80076,48.39734],[-118.80402,48.389],[-118.79899,48.38197],[-118.78115,48.38491],[-118.7873,48.39239],[-118.77699,48.39953],[-118.77796,48.40249],[-118.76813,48.40164],[-118.76249,48.40481],[-118.75353,48.40069],[-118.75318,48.40453],[-118.75804,48.40892],[-118.74853,48.40818],[-118.75222,48.40992],[-118.75016,48.41262],[-118.75403,48.41087],[-118.75686,48.41508],[-118.76222,48.41247],[-118.76496,48.41568],[-118.7612,48.4199],[-118.76764,48.4192],[-118.76748,48.42505],[-118.77069,48.42028],[-118.77755,48.42002],[-118.78317,48.42432],[-118.79329,48.42222]],[[-118.82019,48.55168],[-118.81255,48.55245],[-118.8159,48.55535],[-118.81051,48.5544],[-118.80546,48.56423],[-118.81601,48.5633],[-118.81604,48.55933],[-118.81997,48.55807],[-118.81776,48.55553],[-118.82019,48.55168]],[[-118.83339,48.56319],[-118.84221,48.56009],[-118.83327,48.55579],[-118.83585,48.54973],[-118.82967,48.55406],[-118.83368,48.55773],[-118.83339,48.56319]],[[-119.07973,48.27364],[-119.06625,48.28141],[-119.08426,48.28468],[-119.09619,48.28352],[-119.09985,48.28027],[-119.09651,48.27807],[-119.09107,48.28005],[-119.09029,48.27747],[-119.09358,48.27606],[-119.08865,48.27372],[-119.08313,48.27604],[-119.08161,48.27574],[-119.0809,48.27378],[-119.07973,48.27364]]]},"bbox":[-119.14807,48.21912,-118.73134,48.61127]},{"type":"Feature","id":27923,"properties":{"y":1902,"n":"Cispus","ag":"USFS","ac":61406.1,"c":14,"cl":"Unknown","ad":"2014-02-24","cd":"","st":"WA","se":4},"geometry":{"type":"Polygon","coordinates":[[[-121.78182,46.50213],[-121.77277,46.49466],[-121.74189,46.48619],[-121.72752,46.47809],[-121.70939,46.45319],[-121.65503,46.3663],[-121.65694,46.35166],[-121.66829,46.33871],[-121.70301,46.32217],[-121.7222,46.32575],[-121.72761,46.32993],[-121.74201,46.35874],[-121.74619,46.39825],[-121.77411,46.42604],[-121.77338,46.41245],[-121.76682,46.39084],[-121.76812,46.38574],[-121.76083,46.3688],[-121.75697,46.34897],[-121.75662,46.32848],[-121.76038,46.327],[-121.77451,46.33734],[-121.8017,46.37041],[-121.80612,46.37988],[-121.81037,46.4202],[-121.81456,46.42237],[-121.82095,46.40218],[-121.80503,46.36427],[-121.80523,46.3525],[-121.83843,46.34426],[-121.85436,46.34645],[-121.89477,46.36061],[-121.89856,46.37699],[-121.90255,46.382],[-121.90445,46.4118],[-121.89724,46.41598],[-121.87022,46.40789],[-121.86454,46.42239],[-121.87081,46.43406],[-121.90297,46.44572],[-121.91531,46.45384],[-121.90704,46.46149],[-121.88998,46.46176],[-121.90714,46.47305],[-121.90375,46.48569],[-121.89509,46.4905],[-121.86866,46.49255],[-121.84034,46.4768],[-121.82984,46.47762],[-121.82716,46.48328],[-121.84137,46.49328],[-121.84052,46.4966],[-121.83298,46.50002],[-121.78182,46.50213]]]},"bbox":[-121.91531,46.32217,-121.65503,46.50213]},{"type":"Feature","id":27924,"properties":{"y":2015,"n":"Graves Mountain","ag":"USFS","ac":8615.2,"c":14,"cl":"Unknown","ad":"2016-02-24","cd":"","st":"WA","se":4},"geometry":{"type":"Polygon","coordinates":[[[-118.31144,48.61879],[-118.30952,48.61463],[-118.31583,48.61421],[-118.31543,48.61155],[-118.29348,48.61037],[-118.29119,48.60437],[-118.29747,48.58702],[-118.32254,48.59695],[-118.34883,48.6006],[-118.38222,48.62006],[-118.37647,48.62512],[-118.38106,48.6274],[-118.37852,48.63373],[-118.37223,48.6379],[-118.36242,48.65228],[-118.30749,48.6576],[-118.31356,48.66111],[-118.30815,48.6728],[-118.30534,48.66713],[-118.29166,48.66347],[-118.29426,48.65762],[-118.29036,48.6491],[-118.29327,48.64218],[-118.29883,48.64141],[-118.29781,48.63641],[-118.30495,48.63675],[-118.30479,48.63197],[-118.31374,48.6307],[-118.31211,48.6288],[-118.31847,48.62642],[-118.31854,48.62349],[-118.31478,48.62407],[-118.31873,48.62188],[-118.31144,48.61879]]]},"bbox":[-118.38222,48.58702,-118.29036,48.6728]},{"type":"Feature","id":27925,"properties":{"y":2015,"n":"Tower","ag":"USFS","ac":24162.0,"c":14,"cl":"Unknown","ad":"2016-02-24","cd":"","st":"WA","se":4},"geometry":{"type":"MultiPolygon","coordinates":[[[[-117.14947,48.56826],[-117.15503,48.56018],[-117.15589,48.54738],[-117.14536,48.53697],[-117.13764,48.53823],[-117.13773,48.53571],[-117.13183,48.53529],[-117.13073,48.53073],[-117.12076,48.53056],[-117.12102,48.52711],[-117.10938,48.53038],[-117.11496,48.53099],[-117.11545,48.5369],[-117.09984,48.53293],[-117.09294,48.53513],[-117.07986,48.53425],[-117.08285,48.53122],[-117.07421,48.53268],[-117.07381,48.52862],[-117.06608,48.5243],[-117.07169,48.52141],[-117.06691,48.51779],[-117.06961,48.51585],[-117.06188,48.51461],[-117.05445,48.50706],[-117.05969,48.50529],[-117.05776,48.50294],[-117.06023,48.49492],[-117.05701,48.48644],[-117.05146,48.48227],[-117.07169,48.4754],[-117.07502,48.47008],[-117.07622,48.478],[-117.0795,48.47898],[-117.07816,48.48291],[-117.08212,48.48314],[-117.08832,48.4793],[-117.09265,48.46991],[-117.10073,48.47127],[-117.10145,48.46801],[-117.10601,48.47041],[-117.10829,48.46652],[-117.1137,48.46687],[-117.11143,48.45952],[-117.11364,48.45499],[-117.12634,48.45477],[-117.12055,48.4518],[-117.12089,48.44638],[-117.11268,48.44198],[-117.10809,48.43227],[-117.09604,48.42433],[-117.10182,48.41719],[-117.09642,48.4154],[-117.11124,48.41482],[-117.11508,48.40963],[-117.11395,48.40416],[-117.12492,48.40274],[-117.13526,48.39556],[-117.1371,48.40271],[-117.14272,48.40421],[-117.14243,48.40804],[-117.14916,48.40834],[-117.14952,48.41795],[-117.15405,48.42421],[-117.16686,48.42647],[-117.16875,48.42959],[-117.15496,48.43175],[-117.16213,48.43443],[-117.15963,48.44006],[-117.16599,48.43454],[-117.18006,48.44063],[-117.20977,48.4355],[-117.2219,48.44433],[-117.21361,48.4536],[-117.18927,48.46107],[-117.18525,48.45868],[-117.1842,48.46254],[-117.17193,48.45472],[-117.16475,48.45487],[-117.17136,48.45935],[-117.16385,48.46163],[-117.1682,48.47217],[-117.18568,48.47512],[-117.1842,48.4808],[-117.1994,48.48727],[-117.19709,48.50072],[-117.18329,48.50565],[-117.17484,48.50364],[-117.16737,48.50918],[-117.16254,48.50856],[-117.14582,48.52217],[-117.14692,48.52806],[-117.17036,48.53214],[-117.17294,48.5362],[-117.1717,48.54231],[-117.17693,48.54799],[-117.1729,48.5528],[-117.16555,48.55373],[-117.16407,48.56017],[-117.15566,48.56504],[-117.15835,48.56735],[-117.14947,48.56826]]],[[[-117.06682,48.53324],[-117.06621,48.53328],[-117.06621,48.53321],[-117.06682,48.53324]]],[[[-117.09414,48.43053],[-117.09604,48.42972],[-117.09524,48.43107],[-117.09414,48.43053]]],[[[-117.16552,48.56203],[-117.16577,48.56114],[-117.16652,48.56164],[-117.16552,48.56203]]],[[[-117.16687,48.51141],[-117.16682,48.51099],[-117.16712,48.51106],[-117.16687,48.51141]]],[[[-117.17157,48.507],[-117.17188,48.50683],[-117.1718,48.50705],[-117.17157,48.507]]],[[[-117.176,48.59398],[-117.17293,48.59088],[-117.1805,48.59099],[-117.17738,48.5922],[-117.176,48.59398]]],[[[-117.17365,48.50656],[-117.17375,48.50644],[-117.17383,48.50666],[-117.17365,48.50656]]],[[[-117.17406,48.508],[-117.17418,48.50778],[-117.17425,48.50801],[-117.17406,48.508]]],[[[-117.18008,48.50836],[-117.17821,48.50801],[-117.18182,48.50624],[-117.18008,48.50836]]],[[[-117.1846,48.55993],[-117.18348,48.55681],[-117.18616,48.55669],[-117.1846,48.55993]]],[[[-117.18494,48.50889],[-117.18585,48.5092],[-117.18497,48.50938],[-117.18494,48.50889]]],[[[-117.18584,48.50542],[-117.18566,48.50487],[-117.18598,48.50534],[-117.18584,48.50542]]],[[[-117.18958,48.59253],[-117.18583,48.5897],[-117.19001,48.59126],[-117.18958,48.59253]]],[[[-117.1895,48.50427],[-117.18985,48.50423],[-117.18951,48.50433],[-117.1895,48.50427]]],[[[-117.19011,48.50427],[-117.19008,48.50414],[-117.19024,48.50422],[-117.19011,48.50427]]],[[[-117.19213,48.50321],[-117.19227,48.5031],[-117.19232,48.50319],[-117.19213,48.50321]]]]},"bbox":[-117.2219,48.39556,-117.05146,48.59406]},{"type":"Feature","id":27926,"properties":{"y":2015,"n":"Slate Creek","ag":"USFS","ac":166.8,"c":14,"cl":"Unknown","ad":"2016-02-24","cd":"","st":"WA","se":4},"geometry":{"type":"Polygon","coordinates":[[[-117.20483,48.92035],[-117.21495,48.91495],[-117.22278,48.91807],[-117.21807,48.92394],[-117.20483,48.92035]]]},"bbox":[-117.22278,48.91495,-117.20473,48.92395]},{"type":"Feature","id":27927,"properties":{"y":2015,"n":"Cougar Creek","ag":"USFS","ac":53585.8,"c":14,"cl":"Unknown","ad":"2016-02-25","cd":"","st":"WA","se":4},"geometry":{"type":"MultiPolygon","coordinates":[[[[-121.35969,46.1346],[-121.36449,46.1298],[-121.3593,46.12652],[-121.3655,46.12652],[-121.36326,46.12296],[-121.36047,46.12445],[-121.35218,46.11491],[-121.34009,46.11218],[-121.33469,46.10757],[-121.34324,46.09867],[-121.34458,46.0793],[-121.35518,46.0781],[-121.36451,46.08184],[-121.41639,46.08814],[-121.42822,46.08494],[-121.43473,46.08782],[-121.45925,46.08774],[-121.4654,46.08424],[-121.47113,46.09013],[-121.47872,46.08945],[-121.47915,46.09305],[-121.48937,46.09748],[-121.4888,46.1048],[-121.50048,46.10509],[-121.51564,46.11427],[-121.51036,46.12453],[-121.50623,46.12529],[-121.50825,46.12004],[-121.50565,46.11955],[-121.49848,46.12666],[-121.49396,46.12389],[-121.4925,46.12894],[-121.48711,46.12752],[-121.49027,46.12097],[-121.48052,46.12067],[-121.4774,46.13052],[-121.47074,46.13159],[-121.46699,46.13755],[-121.45852,46.139],[-121.45704,46.14266],[-121.44681,46.14782],[-121.4396,46.14717],[-121.44575,46.1495],[-121.43939,46.15073],[-121.43988,46.15462],[-121.43227,46.15994],[-121.41942,46.15302],[-121.41456,46.1563],[-121.4152,46.15368],[-121.40683,46.15344],[-121.4039,46.15637],[-121.40906,46.15741],[-121.39547,46.1597],[-121.42031,46.16024],[-121.43088,46.16901],[-121.43114,46.1727],[-121.4255,46.17257],[-121.41371,46.16607],[-121.41328,46.17049],[-121.4102,46.17109],[-121.41528,46.17734],[-121.41174,46.18698],[-121.43061,46.18991],[-121.44031,46.19594],[-121.42975,46.19456],[-121.43497,46.1982],[-121.42838,46.19641],[-121.42415,46.19889],[-121.42669,46.20297],[-121.41386,46.20462],[-121.40969,46.21136],[-121.4146,46.21328],[-121.41184,46.2138],[-121.41611,46.2197],[-121.42345,46.2227],[-121.43648,46.2224],[-121.43113,46.22744],[-121.44785,46.23379],[-121.44567,46.2371],[-121.44828,46.23904],[-121.44754,46.24399],[-121.45403,46.25146],[-121.45168,46.2568],[-121.43829,46.26607],[-121.42358,46.27085],[-121.42531,46.27215],[-121.42028,46.27721],[-121.40764,46.28002],[-121.40069,46.27684],[-121.36309,46.27992],[-121.36105,46.27858],[-121.36331,46.27642],[-121.35514,46.27396],[-121.35635,46.27121],[-121.35342,46.27248],[-121.35215,46.27168],[-121.35704,46.26847],[-121.35353,46.26698],[-121.35698,46.26521],[-121.35733,46.25998],[-121.35219,46.26304],[-121.33768,46.25871],[-121.33287,46.2602],[-121.33754,46.25564],[-121.33462,46.25401],[-121.33703,46.2521],[-121.34069,46.25465],[-121.34547,46.25071],[-121.34115,46.24807],[-121.32965,46.24907],[-121.32557,46.24587],[-121.31798,46.24654],[-121.31644,46.24974],[-121.32007,46.25095],[-121.31506,46.25395],[-121.3103,46.24698],[-121.30132,46.2547],[-121.28988,46.25366],[-121.29195,46.25675],[-121.28673,46.26635],[-121.29251,46.27159],[-121.27277,46.26283],[-121.26789,46.25833],[-121.27433,46.26047],[-121.27228,46.24999],[-121.27323,46.24032],[-121.27868,46.2301],[-121.27626,46.22668],[-121.28319,46.22811],[-121.27421,46.22004],[-121.29267,46.20479],[-121.28906,46.19557],[-121.29032,46.1851],[-121.28572,46.17511],[-121.28136,46.17289],[-121.2858,46.16128],[-121.30626,46.16433],[-121.30883,46.1624],[-121.31543,46.16556],[-121.35129,46.14954],[-121.35563,46.14483],[-121.35011,46.1434],[-121.36468,46.13724],[-121.36586,46.13362],[-121.35969,46.1346]],[[-121.36132,46.27072],[-121.37227,46.26765],[-121.37514,46.26308],[-121.36328,46.26602],[-121.35986,46.26806],[-121.36132,46.27072]],[[-121.36311,46.13175],[-121.36311,46.13175],[-121.36311,46.13175],[-121.36311,46.13175]]],[[[-121.3523,46.27197],[-121.35232,46.27203],[-121.35224,46.27195],[-121.3523,46.27197]]]]},"bbox":[-121.51564,46.0781,-121.26789,46.28135]},{"type":"Feature","id":27928,"properties":{"y":1902,"n":"Hamilton","ag":"USFS","ac":15711.2,"c":14,"cl":"Unknown","ad":"2014-05-06","cd":"","st":"WA","se":1},"geometry":{"type":"Polygon","coordinates":[[[-121.5266,46.41253],[-121.50973,46.38532],[-121.51123,46.37959],[-121.53407,46.36815],[-121.51985,46.36234],[-121.51216,46.3533],[-121.50697,46.3448],[-121.50861,46.32906],[-121.51753,46.32266],[-121.54794,46.31712],[-121.58339,46.32921],[-121.58898,46.33685],[-121.58631,46.3446],[-121.57826,46.35213],[-121.56911,46.35026],[-121.55607,46.34215],[-121.55042,46.3468],[-121.56049,46.35237],[-121.59046,46.35997],[-121.59611,46.38389],[-121.60492,46.38834],[-121.62525,46.39034],[-121.62797,46.39859],[-121.6118,46.41138],[-121.60482,46.41348],[-121.5266,46.41253]]]},"bbox":[-121.62797,46.31712,-121.50685,46.4148]},{"type":"Feature","id":27929,"properties":{"y":2015,"n":"Baldy","ag":"USFS","ac":514.5,"c":14,"cl":"Unknown","ad":"2016-02-24","cd":"","st":"WA","se":4},"geometry":{"type":"Polygon","coordinates":[[[-117.49122,48.82422],[-117.47825,48.81443],[-117.4792,48.81203],[-117.50664,48.81232],[-117.5097,48.81558],[-117.50434,48.81844],[-117.51105,48.82234],[-117.49122,48.82422]]]},"bbox":[-117.51105,48.81191,-117.47809,48.82422]},{"type":"Feature","id":27930,"properties":{"y":2015,"n":"Stickpin","ag":"USFS","ac":54354.0,"c":14,"cl":"Unknown","ad":"2016-02-24","cd":"","st":"WA","se":4},"geometry":{"type":"Polygon","coordinates":[[[-118.38646,48.95229],[-118.38036,48.93676],[-118.36723,48.93278],[-118.36147,48.93596],[-118.34852,48.93213],[-118.34099,48.9349],[-118.33921,48.92769],[-118.34567,48.92269],[-118.34416,48.91724],[-118.34916,48.91622],[-118.33448,48.91242],[-118.3321,48.9078],[-118.32674,48.90691],[-118.32936,48.89947],[-118.32041,48.89929],[-118.31838,48.90596],[-118.30955,48.9018],[-118.31116,48.89416],[-118.32425,48.88706],[-118.31674,48.88327],[-118.3245,48.88327],[-118.3213,48.87912],[-118.32264,48.87535],[-118.33244,48.87441],[-118.3365,48.87615],[-118.33565,48.87937],[-118.34475,48.88161],[-118.34718,48.87566],[-118.35568,48.88165],[-118.3572,48.87592],[-118.3631,48.87217],[-118.3585,48.86933],[-118.36349,48.86567],[-118.35233,48.86612],[-118.36485,48.86026],[-118.34871,48.85598],[-118.34899,48.85946],[-118.34115,48.8602],[-118.33785,48.85677],[-118.3353,48.85741],[-118.33368,48.8652],[-118.3185,48.86612],[-118.31843,48.86349],[-118.32484,48.86133],[-118.32227,48.85854],[-118.32916,48.85718],[-118.32745,48.85258],[-118.3333,48.85195],[-118.33391,48.84866],[-118.35636,48.85069],[-118.35146,48.84508],[-118.35551,48.83971],[-118.34755,48.83231],[-118.33941,48.83111],[-118.33243,48.83903],[-118.32665,48.83864],[-118.32511,48.83116],[-118.31875,48.82702],[-118.31831,48.82228],[-118.3144,48.823],[-118.31383,48.82893],[-118.30808,48.82991],[-118.30291,48.82759],[-118.30107,48.82185],[-118.31161,48.81177],[-118.32478,48.81327],[-118.32669,48.81006],[-118.32219,48.80799],[-118.32619,48.80692],[-118.3249,48.80381],[-118.3276,48.80282],[-118.32441,48.80136],[-118.32862,48.79498],[-118.3439,48.79578],[-118.35754,48.79176],[-118.3514,48.78674],[-118.3587,48.77985],[-118.35469,48.77681],[-118.36524,48.77414],[-118.36295,48.76851],[-118.36731,48.76312],[-118.36638,48.75941],[-118.4098,48.76161],[-118.42376,48.75916],[-118.43311,48.75243],[-118.44192,48.73532],[-118.45043,48.73849],[-118.45814,48.73615],[-118.45916,48.73044],[-118.46298,48.73114],[-118.46215,48.72773],[-118.465,48.72657],[-118.46974,48.72979],[-118.46752,48.73537],[-118.47936,48.74389],[-118.50234,48.74131],[-118.50349,48.74407],[-118.49559,48.74953],[-118.50772,48.75729],[-118.48672,48.75921],[-118.48132,48.76166],[-118.48224,48.76576],[-118.47747,48.76667],[-118.48107,48.77374],[-118.48821,48.77849],[-118.49075,48.77394],[-118.50858,48.78051],[-118.50782,48.78416],[-118.51615,48.78734],[-118.51677,48.79205],[-118.51134,48.79477],[-118.50609,48.80375],[-118.5008,48.80118],[-118.48833,48.81423],[-118.4815,48.81634],[-118.48017,48.82048],[-118.48637,48.82246],[-118.49295,48.83401],[-118.49594,48.83366],[-118.49089,48.83772],[-118.49465,48.84645],[-118.48677,48.84682],[-118.473,48.87226],[-118.46426,48.87471],[-118.46636,48.8789],[-118.46148,48.87837],[-118.46405,48.87948],[-118.46082,48.88396],[-118.45254,48.88498],[-118.44989,48.89133],[-118.45304,48.89862],[-118.44538,48.90838],[-118.44992,48.926],[-118.44138,48.93794],[-118.44523,48.93847],[-118.44608,48.94188],[-118.43391,48.94439],[-118.43597,48.95055],[-118.43329,48.95432],[-118.43611,48.95483],[-118.42529,48.95843],[-118.41465,48.95628],[-118.40843,48.94994],[-118.38646,48.95229]]]},"bbox":[-118.5171,48.72657,-118.30107,48.95843]},{"type":"Feature","id":27931,"properties":{"y":2015,"n":"Renner","ag":"USFS","ac":13105.9,"c":14,"cl":"Unknown","ad":"2016-02-24","cd":"","st":"WA","se":4},"geometry":{"type":"Polygon","coordinates":[[[-118.22336,48.80104],[-118.21843,48.80646],[-118.21219,48.80259],[-118.21058,48.81116],[-118.20635,48.81313],[-118.19817,48.81235],[-118.18845,48.8093],[-118.18194,48.79965],[-118.16308,48.78952],[-118.15709,48.77775],[-118.16035,48.77402],[-118.15893,48.77],[-118.16878,48.76874],[-118.16985,48.76499],[-118.16589,48.76183],[-118.16841,48.75825],[-118.15656,48.74866],[-118.15778,48.73793],[-118.1619,48.7356],[-118.15155,48.73293],[-118.15615,48.73075],[-118.14975,48.72924],[-118.15125,48.72445],[-118.14398,48.71983],[-118.14232,48.71572],[-118.14524,48.71411],[-118.14066,48.70831],[-118.14425,48.70652],[-118.1443,48.7023],[-118.16496,48.69954],[-118.16626,48.70326],[-118.17356,48.7042],[-118.17339,48.70805],[-118.18881,48.71488],[-118.18987,48.71847],[-118.18668,48.72136],[-118.19922,48.72582],[-118.20652,48.72297],[-118.21324,48.74112],[-118.21717,48.74092],[-118.22029,48.74495],[-118.21642,48.74659],[-118.21838,48.74914],[-118.23389,48.74723],[-118.24142,48.75337],[-118.24002,48.76151],[-118.24484,48.76678],[-118.2465,48.77682],[-118.24204,48.77935],[-118.24028,48.7863],[-118.2332,48.7944],[-118.2226,48.79765],[-118.22336,48.80104]]]},"bbox":[-118.2465,48.69949,-118.14066,48.81339]},{"type":"Feature","id":27932,"properties":{"y":2015,"n":"Grease Creek","ag":"USFS","ac":633.2,"c":14,"cl":"Unknown","ad":"2016-02-24","cd":"","st":"WA","se":4},"geometry":{"type":"MultiPolygon","coordinates":[[[[-117.20966,48.79619],[-117.20244,48.79696],[-117.20204,48.79353],[-117.19739,48.79464],[-117.19534,48.78922],[-117.18808,48.78604],[-117.19716,48.78323],[-117.20449,48.78727],[-117.20478,48.79205],[-117.20966,48.79619]]],[[[-117.20361,48.81042],[-117.20951,48.79863],[-117.21852,48.80144],[-117.21634,48.80515],[-117.21966,48.80763],[-117.21404,48.80819],[-117.21814,48.81059],[-117.21162,48.81403],[-117.21316,48.8177],[-117.20581,48.81578],[-117.20361,48.81042]]]]},"bbox":[-117.21966,48.78323,-117.18799,48.81799]},{"type":"Feature","id":27933,"properties":{"y":1968,"n":"Fourth Of July","ag":"USFS","ac":33160.8,"c":14,"cl":"Unknown","ad":"2016-08-18","cd":"","st":"WA","se":2},"geometry":{"type":"Polygon","coordinates":[[[-120.03993,47.85743],[-120.06824,47.865],[-120.07028,47.87879],[-120.0888,47.89258],[-120.10671,47.88965],[-120.12263,47.90071],[-120.13274,47.89429],[-120.15155,47.90496],[-120.15682,47.92827],[-120.17276,47.9368],[-120.16594,47.97666],[-120.16131,47.97627],[-120.15115,47.96657],[-120.13754,47.96328],[-120.12135,47.97127],[-120.09326,47.96566],[-120.05275,47.96899],[-120.02815,47.97619],[-120.01975,47.98182],[-119.97314,47.99251],[-119.95057,47.97365],[-119.95637,47.96277],[-119.94191,47.95071],[-119.97086,47.9307],[-119.96826,47.91515],[-119.97173,47.90796],[-119.97948,47.90602],[-120.02465,47.91574],[-120.04835,47.91398],[-120.07523,47.90328],[-120.04141,47.90194],[-120.02984,47.89611],[-120.02955,47.89144],[-120.04284,47.88192],[-120.03012,47.87279],[-120.01769,47.85782],[-120.03993,47.85743]]]},"bbox":[-120.17335,47.85705,-119.94191,47.99251]},{"type":"Feature","id":27934,"properties":{"y":2015,"n":"North Boulder 2","ag":"USFS","ac":232.2,"c":14,"cl":"Unknown","ad":"2016-02-24","cd":"","st":"WA","se":4},"geometry":{"type":"Polygon","coordinates":[[[-118.27464,48.8493],[-118.26227,48.84486],[-118.26389,48.83965],[-118.27936,48.8421],[-118.27464,48.8493]]]},"bbox":[-118.27949,48.83919,-118.26224,48.8493]},{"type":"Feature","id":27935,"properties":{"y":2008,"n":"Unnamed","ag":"USFS","ac":7683.6,"c":14,"cl":"Unknown","ad":"2008-07-01","cd":"","st":"WA","se":2},"geometry":{"type":"Polygon","coordinates":[[[-121.68688,45.78147],[-121.70266,45.77379],[-121.71506,45.77236],[-121.77683,45.78478],[-121.79532,45.79288],[-121.79071,45.80165],[-121.77813,45.81209],[-121.73105,45.81498],[-121.7183,45.81983],[-121.70528,45.8163],[-121.69025,45.80472],[-121.68688,45.78147]]]},"bbox":[-121.79532,45.77236,-121.68673,45.81983]},{"type":"Feature","id":27936,"properties":{"y":2008,"n":"Two Lakes","ag":"USFS","ac":6430.8,"c":14,"cl":"Unknown","ad":"2008-07-01","cd":"","st":"WA","se":2},"geometry":{"type":"Polygon","coordinates":[[[-121.47094,46.41192],[-121.43088,46.41965],[-121.42824,46.4163],[-121.43047,46.41242],[-121.42642,46.40909],[-121.41965,46.40821],[-121.4093,46.413],[-121.40043,46.41182],[-121.39012,46.39957],[-121.386,46.38371],[-121.39416,46.3751],[-121.41044,46.37522],[-121.43095,46.38606],[-121.47546,46.38936],[-121.48881,46.39273],[-121.4969,46.39921],[-121.49614,46.40549],[-121.48409,46.41609],[-121.47576,46.41796],[-121.47094,46.41192]]]},"bbox":[-121.49793,46.3751,-121.386,46.41989]},{"type":"Feature","id":27937,"properties":{"y":2008,"n":"Spud Hill","ag":"USFS","ac":959.4,"c":14,"cl":"Unknown","ad":"2008-07-01","cd":"","st":"WA","se":2},"geometry":{"type":"MultiPolygon","coordinates":[[[[-121.70605,46.32487],[-121.71507,46.32602],[-121.71052,46.32909],[-121.7134,46.33226],[-121.70375,46.33069],[-121.70769,46.32784],[-121.70605,46.32487]]],[[[-121.71822,46.34762],[-121.71294,46.34748],[-121.7094,46.34325],[-121.71621,46.34293],[-121.71731,46.33841],[-121.72371,46.33489],[-121.73374,46.3386],[-121.73567,46.34071],[-121.72582,46.343],[-121.74177,46.34769],[-121.7413,46.35241],[-121.73718,46.35933],[-121.72091,46.35465],[-121.71822,46.34762]]]]},"bbox":[-121.74177,46.32481,-121.70375,46.35933]},{"type":"Feature","id":27938,"properties":{"y":1974,"n":"Unnamed","ag":"USFS","ac":3588.6,"c":14,"cl":"Unknown","ad":"2008-07-01","cd":"","st":"WA","se":2},"geometry":{"type":"Polygon","coordinates":[[[-122.0327,46.41992],[-122.0205,46.41811],[-122.01108,46.4122],[-122.00484,46.40162],[-122.00589,46.39583],[-122.01559,46.3867],[-122.0125,46.38213],[-122.01519,46.37573],[-122.01189,46.36539],[-122.02325,46.35595],[-122.0382,46.35338],[-122.03965,46.35855],[-122.03541,46.36845],[-122.039,46.37503],[-122.04192,46.39751],[-122.03632,46.40454],[-122.03926,46.41633],[-122.0327,46.41992]]]},"bbox":[-122.04192,46.35338,-122.00484,46.41992]},{"type":"Feature","id":27939,"properties":{"y":1980,"n":"Volcanic Blast And Fires","ag":"USFS","ac":105637.8,"c":14,"cl":"Unknown","ad":"2008-07-01","cd":"","st":"WA","se":2},"geometry":{"type":"Polygon","coordinates":[[[-122.35766,46.27018],[-122.35922,46.26615],[-122.36245,46.29777],[-122.35961,46.30715],[-122.34953,46.31723],[-122.32665,46.32422],[-122.31017,46.33521],[-122.23911,46.35615],[-122.15941,46.3607],[-122.09991,46.35947],[-122.08435,46.36337],[-122.08156,46.3565],[-122.06541,46.34247],[-122.06294,46.32976],[-122.01548,46.30694],[-121.99995,46.29472],[-121.99923,46.2897],[-122.00497,46.28438],[-122.00167,46.27492],[-122.00234,46.26373],[-122.00845,46.25393],[-122.00536,46.23808],[-122.0079,46.23355],[-122.03938,46.23074],[-122.06248,46.21725],[-122.12022,46.19911],[-122.13297,46.18983],[-122.16168,46.18159],[-122.20505,46.18152],[-122.25665,46.19867],[-122.3503,46.21448],[-122.36051,46.21947],[-122.36277,46.22852],[-122.36155,46.24413],[-122.36481,46.24709],[-122.35995,46.25065],[-122.35766,46.27018]]]},"bbox":[-122.36481,46.18063,-121.99923,46.36381]},{"type":"Feature","id":27940,"properties":{"y":1978,"n":"Unnamed","ag":"USFS","ac":141.7,"c":14,"cl":"Unknown","ad":"2008-07-01","cd":"","st":"WA","se":2},"geometry":{"type":"Polygon","coordinates":[[[-122.13408,45.88654],[-122.14195,45.88776],[-122.13865,45.89464],[-122.13278,45.89196],[-122.13408,45.88654]]]},"bbox":[-122.14249,45.88643,-122.1324,45.89522]},{"type":"Feature","id":27941,"properties":{"y":1994,"n":"Tyee","ag":"USFS","ac":140173.0,"c":14,"cl":"Unknown","ad":"2006-11-02","cd":"","st":"WA","se":3},"geometry":{"type":"Polygon","coordinates":[[[-120.12454,47.85217],[-120.10759,47.83607],[-120.09024,47.83136],[-120.08096,47.83257],[-120.07273,47.82403],[-120.06459,47.82852],[-120.02715,47.81679],[-120.02708,47.81103],[-120.03839,47.80424],[-120.03507,47.78895],[-120.04052,47.78451],[-120.05304,47.78462],[-120.06248,47.77958],[-120.07704,47.78698],[-120.08005,47.7849],[-120.0846,47.78698],[-120.08891,47.78237],[-120.10355,47.78232],[-120.10128,47.78719],[-120.10437,47.78988],[-120.10917,47.78598],[-120.11299,47.78735],[-120.11372,47.78121],[-120.11754,47.78001],[-120.1262,47.78258],[-120.14113,47.78138],[-120.13388,47.79212],[-120.15047,47.79261],[-120.14885,47.78429],[-120.16374,47.77919],[-120.17683,47.76697],[-120.20683,47.75678],[-120.22008,47.7485],[-120.21942,47.74516],[-120.22901,47.74302],[-120.22698,47.73655],[-120.23331,47.72904],[-120.23224,47.71962],[-120.23663,47.71912],[-120.26261,47.73123],[-120.2865,47.71864],[-120.31923,47.71107],[-120.32687,47.71173],[-120.33044,47.71705],[-120.34035,47.71715],[-120.34783,47.73283],[-120.3627,47.7326],[-120.36125,47.74268],[-120.35768,47.74444],[-120.36401,47.74482],[-120.36264,47.75019],[-120.36606,47.75293],[-120.36817,47.75074],[-120.36319,47.73682],[-120.3688,47.7389],[-120.3785,47.73687],[-120.39377,47.74844],[-120.43165,47.72905],[-120.45716,47.74176],[-120.45586,47.73327],[-120.45902,47.73239],[-120.48105,47.74142],[-120.51414,47.74827],[-120.53779,47.74066],[-120.55405,47.74121],[-120.56006,47.74905],[-120.55868,47.75442],[-120.56396,47.75513],[-120.55843,47.75913],[-120.57356,47.76959],[-120.57047,47.7731],[-120.57405,47.78291],[-120.57836,47.78215],[-120.58161,47.79064],[-120.58568,47.79201],[-120.58511,47.79606],[-120.59154,47.80023],[-120.59195,47.80648],[-120.60197,47.81628],[-120.61013,47.83244],[-120.6046,47.84034],[-120.60704,47.84472],[-120.59711,47.84423],[-120.57667,47.86725],[-120.57532,47.88265],[-120.58079,47.89137],[-120.55928,47.89948],[-120.52955,47.88956],[-120.52809,47.8832],[-120.52279,47.88117],[-120.50845,47.88429],[-120.50422,47.87968],[-120.48925,47.87492],[-120.48769,47.8701],[-120.4766,47.86468],[-120.46788,47.86862],[-120.46829,47.87438],[-120.45594,47.878],[-120.4548,47.88156],[-120.4153,47.87504],[-120.39266,47.88347],[-120.37565,47.87738],[-120.35733,47.8849],[-120.34136,47.87701],[-120.33428,47.88003],[-120.33428,47.88589],[-120.32996,47.88731],[-120.3386,47.89192],[-120.32972,47.90222],[-120.32231,47.90474],[-120.32206,47.90885],[-120.30968,47.90819],[-120.29761,47.91291],[-120.29215,47.9117],[-120.28955,47.91499],[-120.28026,47.91389],[-120.27177,47.91893],[-120.26811,47.91449],[-120.26672,47.91734],[-120.26151,47.91531],[-120.25767,47.92249],[-120.24614,47.92923],[-120.23953,47.9226],[-120.23259,47.90572],[-120.23185,47.89805],[-120.23885,47.8923],[-120.23379,47.88819],[-120.23256,47.87799],[-120.24942,47.8759],[-120.2548,47.87245],[-120.23776,47.87312],[-120.2169,47.86874],[-120.2182,47.86008],[-120.21021,47.85739],[-120.20988,47.8483],[-120.20475,47.84079],[-120.21296,47.82572],[-120.20107,47.80775],[-120.19831,47.8101],[-120.20278,47.81454],[-120.19758,47.82271],[-120.19905,47.8352],[-120.18121,47.83674],[-120.14602,47.85706],[-120.1378,47.84818],[-120.12454,47.85217]]]},"bbox":[-120.61013,47.71107,-120.02626,47.92923]},{"type":"Feature","id":27942,"properties":{"y":1994,"n":"Thunder Mountain","ag":"USFS","ac":10471.2,"c":14,"cl":"Unknown","ad":"2006-11-02","cd":"","st":"WA","se":3},"geometry":{"type":"Polygon","coordinates":[[[-120.00228,48.83285],[-119.979,48.83628],[-119.9743,48.83203],[-119.967,48.83212],[-119.96138,48.83848],[-119.9538,48.83911],[-119.94797,48.83425],[-119.94875,48.82621],[-119.93775,48.82261],[-119.94365,48.81282],[-119.95493,48.8034],[-119.95288,48.80017],[-119.95745,48.79231],[-119.94168,48.78049],[-119.95692,48.76329],[-119.96294,48.76151],[-119.96864,48.75054],[-119.9815,48.74464],[-119.99868,48.75184],[-120.00579,48.75887],[-120.00483,48.76607],[-120.01194,48.77086],[-120.0129,48.78719],[-120.01916,48.79855],[-120.01515,48.80615],[-120.01894,48.82191],[-120.00511,48.8283],[-120.00228,48.83285]]]},"bbox":[-120.01936,48.74452,-119.93775,48.83926]},{"type":"Feature","id":27943,"properties":{"y":2001,"n":"Thirtymile","ag":"USFS","ac":10330.7,"c":14,"cl":"Unknown","ad":"2001-12-31","cd":"","st":"WA","se":3},"geometry":{"type":"Polygon","coordinates":[[[-120.06453,48.78495],[-120.078,48.79697],[-120.07302,48.80318],[-120.07249,48.81494],[-120.06736,48.81833],[-120.06489,48.81524],[-120.06042,48.81614],[-120.0587,48.82242],[-120.05421,48.82461],[-120.06125,48.8268],[-120.05933,48.83501],[-120.06447,48.84129],[-120.04603,48.84283],[-120.05236,48.84478],[-120.053,48.84917],[-120.03836,48.85042],[-120.03915,48.85977],[-120.02383,48.86944],[-120.00984,48.86529],[-120.01344,48.86511],[-120.01315,48.86181],[-120.00065,48.85137],[-119.99854,48.84064],[-119.99364,48.83992],[-119.99166,48.83374],[-119.99385,48.82874],[-120.00641,48.82572],[-120.0158,48.81281],[-119.99658,48.81281],[-119.9967,48.80557],[-120.00312,48.79727],[-119.9941,48.79541],[-119.9987,48.78481],[-120.00898,48.78194],[-120.01847,48.77467],[-120.03202,48.77865],[-120.04066,48.77518],[-120.04917,48.77818],[-120.05276,48.78483],[-120.06453,48.78495]]]},"bbox":[-120.078,48.77447,-119.99166,48.86999]},{"type":"Feature","id":27944,"properties":{"y":2000,"n":"Rocky Hull","ag":"USFS","ac":9468.6,"c":14,"cl":"Unknown","ad":"2006-11-02","cd":"","st":"WA","se":3},"geometry":{"type":"MultiPolygon","coordinates":[[[[-119.32487,48.84999],[-119.32691,48.84377],[-119.31671,48.84248],[-119.31449,48.83878],[-119.31723,48.83155],[-119.32415,48.83011],[-119.31735,48.82961],[-119.31529,48.82576],[-119.32112,48.8208],[-119.31278,48.8213],[-119.30338,48.81529],[-119.30989,48.80849],[-119.32184,48.80316],[-119.31628,48.79345],[-119.32166,48.78672],[-119.33384,48.789],[-119.33609,48.7941],[-119.34872,48.80079],[-119.35422,48.81694],[-119.36374,48.81381],[-119.3689,48.82855],[-119.38317,48.83644],[-119.3837,48.84245],[-119.39042,48.84442],[-119.38817,48.84654],[-119.39499,48.8518],[-119.39743,48.86276],[-119.40643,48.86752],[-119.41587,48.88028],[-119.41258,48.89841],[-119.40663,48.89971],[-119.41021,48.8944],[-119.40768,48.89428],[-119.39767,48.90456],[-119.39613,48.90199],[-119.39944,48.89817],[-119.39599,48.89693],[-119.39663,48.89308],[-119.38419,48.88996],[-119.38214,48.87409],[-119.37225,48.87288],[-119.35373,48.86414],[-119.35671,48.8613],[-119.34997,48.85599],[-119.33707,48.85781],[-119.33454,48.8518],[-119.32487,48.84999]]],[[[-119.3135,48.82851],[-119.31189,48.82808],[-119.31327,48.82785],[-119.3135,48.82851]]]]},"bbox":[-119.41617,48.78672,-119.30338,48.90477]},{"type":"Feature","id":27945,"properties":{"y":1994,"n":"Hatchery Creek","ag":"USFS","ac":42173.5,"c":14,"cl":"Unknown","ad":"2006-11-02","cd":"","st":"WA","se":3},"geometry":{"type":"Polygon","coordinates":[[[-120.77637,47.55647],[-120.76179,47.55138],[-120.74674,47.56975],[-120.74323,47.56976],[-120.73972,47.5803],[-120.72917,47.59221],[-120.73621,47.59595],[-120.74677,47.59288],[-120.74879,47.59867],[-120.73924,47.60241],[-120.77142,47.60681],[-120.77394,47.61123],[-120.77045,47.6296],[-120.7936,47.63638],[-120.7921,47.63945],[-120.78104,47.64184],[-120.77752,47.64728],[-120.79765,47.64863],[-120.80169,47.6527],[-120.78459,47.6602],[-120.78359,47.66361],[-120.77906,47.66259],[-120.76145,47.6694],[-120.75742,47.666],[-120.73879,47.66772],[-120.73123,47.66024],[-120.72016,47.66092],[-120.71412,47.65208],[-120.696,47.65548],[-120.67638,47.63575],[-120.6799,47.62827],[-120.69248,47.62623],[-120.69047,47.62351],[-120.68342,47.62453],[-120.68996,47.60685],[-120.6789,47.60276],[-120.67589,47.5895],[-120.67589,47.58303],[-120.69046,47.5514],[-120.68846,47.54664],[-120.67741,47.54766],[-120.66736,47.5531],[-120.6553,47.55276],[-120.64625,47.56534],[-120.63771,47.56261],[-120.62414,47.56499],[-120.6116,47.55444],[-120.62417,47.54696],[-120.62016,47.5388],[-120.55243,47.50949],[-120.56147,47.5078],[-120.57204,47.49658],[-120.57558,47.48128],[-120.58512,47.47789],[-120.59213,47.483],[-120.60468,47.48164],[-120.61972,47.48914],[-120.6197,47.50206],[-120.62672,47.51091],[-120.63976,47.51364],[-120.6478,47.51092],[-120.65834,47.51637],[-120.67942,47.51501],[-120.70552,47.5031],[-120.71556,47.50752],[-120.71606,47.51399],[-120.72058,47.51602],[-120.72359,47.51262],[-120.74166,47.5116],[-120.74668,47.50819],[-120.74568,47.51295],[-120.75371,47.51125],[-120.74669,47.52282],[-120.75372,47.51805],[-120.76779,47.5279],[-120.77683,47.53028],[-120.78285,47.52483],[-120.7919,47.53197],[-120.79792,47.5306],[-120.79237,47.51836],[-120.80241,47.51801],[-120.80895,47.52379],[-120.82101,47.52547],[-120.83101,47.51049],[-120.84757,47.50877],[-120.85411,47.5142],[-120.86667,47.51793],[-120.85864,47.51964],[-120.86368,47.52542],[-120.8627,47.53324],[-120.85267,47.537],[-120.8542,47.54278],[-120.84969,47.54755],[-120.83163,47.55403],[-120.8045,47.55577],[-120.79146,47.56394],[-120.78542,47.56258],[-120.7824,47.55476],[-120.77637,47.55647]]]},"bbox":[-120.86667,47.47788,-120.55243,47.6694]},{"type":"Feature","id":27946,"properties":{"y":2002,"n":"Middle Quartz Mtn","ag":"USFS","ac":7391.8,"c":14,"cl":"Unknown","ad":"2002-12-31","cd":"","st":"WA","se":3},"geometry":{"type":"Polygon","coordinates":[[[-120.47524,48.90307],[-120.47332,48.90099],[-120.48115,48.89991],[-120.48253,48.89261],[-120.48606,48.89648],[-120.4851,48.89152],[-120.47758,48.88875],[-120.47089,48.8811],[-120.45614,48.87847],[-120.45701,48.87465],[-120.44849,48.86731],[-120.44921,48.8641],[-120.47512,48.87325],[-120.47602,48.86879],[-120.47206,48.8626],[-120.47607,48.86094],[-120.47395,48.85693],[-120.47683,48.85599],[-120.49141,48.86516],[-120.51784,48.84293],[-120.52175,48.8453],[-120.51495,48.85328],[-120.52133,48.85908],[-120.50836,48.86166],[-120.50936,48.87237],[-120.4939,48.88262],[-120.5139,48.88525],[-120.4989,48.8882],[-120.50071,48.89581],[-120.51309,48.89305],[-120.52146,48.8953],[-120.5055,48.90194],[-120.50108,48.90966],[-120.50491,48.91347],[-120.50292,48.92087],[-120.49405,48.91734],[-120.5028,48.92594],[-120.49965,48.9303],[-120.50806,48.93418],[-120.5083,48.93751],[-120.49473,48.9416],[-120.48117,48.94053],[-120.48013,48.93609],[-120.47188,48.93209],[-120.4795,48.93034],[-120.47739,48.92657],[-120.46971,48.92825],[-120.4658,48.92353],[-120.44976,48.91871],[-120.44466,48.91918],[-120.44366,48.92503],[-120.43526,48.92576],[-120.44323,48.92267],[-120.44212,48.91881],[-120.43613,48.92015],[-120.41272,48.90323],[-120.41051,48.89746],[-120.41668,48.89448],[-120.42713,48.90478],[-120.43266,48.90305],[-120.4345,48.89521],[-120.44079,48.90048],[-120.4497,48.89869],[-120.45386,48.90099],[-120.45211,48.90856],[-120.45569,48.91002],[-120.46319,48.90739],[-120.45846,48.90193],[-120.47187,48.90706],[-120.47439,48.90673],[-120.46841,48.90209],[-120.47524,48.90307]]]},"bbox":[-120.52175,48.84293,-120.41051,48.94164]},{"type":"Feature","id":27947,"properties":{"y":2017,"n":"Barnaby","ag":"USFS","ac":43.2,"c":14,"cl":"Unknown","ad":"2017-07-16","cd":"","st":"WA","se":2},"geometry":{"type":"Polygon","coordinates":[[[-118.35415,48.51936],[-118.35645,48.52117],[-118.34953,48.52418],[-118.34865,48.52193],[-118.35415,48.51936]]]},"bbox":[-118.35684,48.51893,-118.3486,48.52419]},{"type":"Feature","id":27948,"properties":{"y":2018,"n":"Tommy","ag":"USFS","ac":11.8,"c":14,"cl":"Unknown","ad":"2018-09-28","cd":"","st":"WA","se":3},"geometry":{"type":"Polygon","coordinates":[[[-120.58304,47.92576],[-120.58014,47.92597],[-120.58661,47.92446],[-120.58304,47.92576]]]},"bbox":[-120.58661,47.92401,-120.58014,47.92687]},{"type":"Feature","id":27949,"properties":{"y":2018,"n":"White Pine","ag":"USFS","ac":70.0,"c":14,"cl":"Unknown","ad":"2018-11-06","cd":"","st":"WA","se":3},"geometry":{"type":"MultiPolygon","coordinates":[[[[-121.00339,47.73299],[-121.00319,47.73095],[-121.00559,47.73404],[-121.00339,47.73299]]],[[[-121.01242,47.73156],[-121.00722,47.73456],[-121.00356,47.72903],[-121.01242,47.73156]]]]},"bbox":[-121.01275,47.72885,-121.00159,47.73513]},{"type":"Feature","id":27950,"properties":{"y":2018,"n":"Estes Ridge","ag":"USFS","ac":26.6,"c":14,"cl":"Unknown","ad":"2018-11-06","cd":"","st":"WA","se":3},"geometry":{"type":"Polygon","coordinates":[[[-120.81616,48.03204],[-120.8092,48.03286],[-120.81733,48.03033],[-120.81616,48.03204]]]},"bbox":[-120.81749,48.02989,-120.8092,48.03364]},{"type":"Feature","id":27951,"properties":{"y":2018,"n":"Mcleod","ag":"USFS","ac":24429.0,"c":14,"cl":"Unknown","ad":"2019-02-08","cd":"","st":"WA","se":4},"geometry":{"type":"MultiPolygon","coordinates":[[[[-120.30248,48.76025],[-120.29658,48.75646],[-120.292,48.73728],[-120.26443,48.69941],[-120.26866,48.69819],[-120.26442,48.68314],[-120.24748,48.66982],[-120.25542,48.67021],[-120.26301,48.66435],[-120.25023,48.66177],[-120.24388,48.6479],[-120.25964,48.65585],[-120.26321,48.65404],[-120.27393,48.65561],[-120.27933,48.6595],[-120.27831,48.66234],[-120.2951,48.66581],[-120.29667,48.66915],[-120.3013,48.66633],[-120.30584,48.66889],[-120.31804,48.66607],[-120.32514,48.66051],[-120.33155,48.66143],[-120.33401,48.65263],[-120.34039,48.65757],[-120.35967,48.65251],[-120.35772,48.65522],[-120.36825,48.66304],[-120.36016,48.66701],[-120.36028,48.67108],[-120.38082,48.67808],[-120.39046,48.68483],[-120.39273,48.68307],[-120.39391,48.68638],[-120.40516,48.67781],[-120.39863,48.67676],[-120.39844,48.67374],[-120.40533,48.67432],[-120.41179,48.68356],[-120.4185,48.68095],[-120.41407,48.6732],[-120.42368,48.68101],[-120.43014,48.67829],[-120.43142,48.68486],[-120.44203,48.68603],[-120.44886,48.70383],[-120.45994,48.70694],[-120.46408,48.71071],[-120.46259,48.71272],[-120.47021,48.71234],[-120.47219,48.71573],[-120.46554,48.72149],[-120.45039,48.72184],[-120.44251,48.72925],[-120.4463,48.73142],[-120.44446,48.73495],[-120.43881,48.73143],[-120.42948,48.73684],[-120.42776,48.749],[-120.41977,48.75035],[-120.41706,48.74785],[-120.41371,48.74998],[-120.4159,48.75234],[-120.41074,48.75272],[-120.41002,48.74894],[-120.38932,48.75683],[-120.38088,48.75667],[-120.38082,48.75208],[-120.38816,48.74448],[-120.38493,48.74194],[-120.38412,48.73462],[-120.39006,48.73392],[-120.38826,48.7298],[-120.39374,48.72991],[-120.39552,48.72573],[-120.38819,48.72564],[-120.38842,48.72185],[-120.37914,48.726],[-120.37929,48.72264],[-120.38918,48.71986],[-120.38873,48.71655],[-120.38533,48.7131],[-120.38872,48.71078],[-120.3823,48.70966],[-120.39694,48.70809],[-120.39321,48.70391],[-120.39699,48.70241],[-120.39455,48.69865],[-120.40154,48.70017],[-120.4068,48.69726],[-120.40887,48.69933],[-120.40465,48.70215],[-120.41298,48.70479],[-120.41141,48.69979],[-120.41738,48.70105],[-120.41557,48.69563],[-120.41921,48.6943],[-120.41488,48.69475],[-120.41537,48.69276],[-120.41246,48.69042],[-120.41398,48.69357],[-120.41136,48.69245],[-120.40778,48.68265],[-120.39975,48.68398],[-120.39729,48.68967],[-120.39283,48.69016],[-120.39568,48.69386],[-120.39211,48.6923],[-120.39069,48.69447],[-120.38733,48.68814],[-120.38328,48.68766],[-120.38504,48.68777],[-120.38591,48.68692],[-120.38552,48.6866],[-120.37654,48.68523],[-120.3814,48.69324],[-120.37388,48.6955],[-120.3771,48.69314],[-120.37496,48.69108],[-120.37053,48.69434],[-120.37335,48.69495],[-120.37097,48.69771],[-120.36718,48.69717],[-120.36525,48.6975],[-120.36285,48.69902],[-120.37236,48.69999],[-120.37635,48.70259],[-120.37164,48.70175],[-120.37511,48.70311],[-120.37404,48.70515],[-120.36428,48.70951],[-120.37077,48.71061],[-120.36333,48.71289],[-120.37137,48.71423],[-120.36846,48.71681],[-120.37033,48.72037],[-120.3533,48.71694],[-120.34872,48.71913],[-120.35723,48.71941],[-120.36042,48.72122],[-120.35834,48.72473],[-120.36698,48.72588],[-120.36668,48.73402],[-120.35551,48.74119],[-120.34259,48.74024],[-120.33504,48.73677],[-120.33465,48.73181],[-120.32855,48.72823],[-120.33171,48.72586],[-120.32449,48.72681],[-120.32551,48.72391],[-120.30981,48.71691],[-120.30607,48.71907],[-120.30941,48.7195],[-120.30991,48.72078],[-120.30389,48.72183],[-120.305,48.72602],[-120.31505,48.73813],[-120.33193,48.74682],[-120.32986,48.75275],[-120.33209,48.75609],[-120.32429,48.758],[-120.31093,48.75496],[-120.30248,48.76025]],[[-120.26385,48.65632],[-120.264,48.65611],[-120.26344,48.65603],[-120.26385,48.65632]],[[-120.26404,48.65582],[-120.26438,48.65522],[-120.26386,48.65531],[-120.26404,48.65582]],[[-120.26468,48.656],[-120.26445,48.65628],[-120.26477,48.65598],[-120.26468,48.656]],[[-120.26568,48.65638],[-120.26575,48.65606],[-120.26546,48.65625],[-120.26568,48.65638]],[[-120.2658,48.6552],[-120.26549,48.65538],[-120.26603,48.65568],[-120.2658,48.6552]],[[-120.2664,48.65572],[-120.26695,48.65611],[-120.26727,48.65586],[-120.2664,48.65572]]],[[[-120.28046,48.66154],[-120.28113,48.66124],[-120.28118,48.66162],[-120.28046,48.66154]]],[[[-120.28156,48.66193],[-120.28184,48.6616],[-120.28181,48.66204],[-120.28156,48.66193]]],[[[-120.30823,48.72922],[-120.30861,48.72898],[-120.30821,48.72938],[-120.30823,48.72922]]],[[[-120.32921,48.72996],[-120.32921,48.72949],[-120.3295,48.72984],[-120.32921,48.72996]]],[[[-120.33006,48.65993],[-120.33045,48.65942],[-120.33032,48.66019],[-120.33006,48.65993]]],[[[-120.36481,48.69816],[-120.36512,48.69837],[-120.36484,48.69836],[-120.36481,48.69816]]],[[[-120.36561,48.69817],[-120.36617,48.69815],[-120.36546,48.69858],[-120.36561,48.69817]]],[[[-120.37151,48.70959],[-120.3722,48.70841],[-120.37221,48.70923],[-120.37151,48.70959]]],[[[-120.38781,48.71706],[-120.38226,48.71787],[-120.38467,48.7162],[-120.38059,48.7135],[-120.38781,48.71706]]],[[[-120.38159,48.68741],[-120.38223,48.68711],[-120.3823,48.6874],[-120.38159,48.68741]]],[[[-120.38493,48.68726],[-120.38524,48.68686],[-120.38543,48.6872],[-120.38493,48.68726]]],[[[-120.39242,48.69484],[-120.39143,48.69433],[-120.39188,48.69397],[-120.39242,48.69484]]],[[[-120.39235,48.69388],[-120.39274,48.69371],[-120.39274,48.69406],[-120.39235,48.69388]]],[[[-120.3951,48.68284],[-120.39569,48.68256],[-120.39571,48.68271],[-120.3951,48.68284]]],[[[-120.39665,48.69094],[-120.39603,48.69014],[-120.39719,48.68997],[-120.39665,48.69094]]],[[[-120.41509,48.67825],[-120.41263,48.6781],[-120.41242,48.67758],[-120.41509,48.67825]]],[[[-120.41503,48.69727],[-120.41369,48.69522],[-120.41491,48.69492],[-120.41503,48.69727]]],[[[-120.41518,48.67854],[-120.4157,48.67816],[-120.41578,48.67853],[-120.41518,48.67854]]],[[[-120.41619,48.68136],[-120.4166,48.68056],[-120.41693,48.68092],[-120.41619,48.68136]]],[[[-120.43594,48.68316],[-120.43457,48.68217],[-120.43675,48.68254],[-120.43594,48.68316]]],[[[-120.43709,48.68176],[-120.43678,48.68107],[-120.43723,48.68146],[-120.43709,48.68176]]]]},"bbox":[-120.47221,48.64777,-120.24305,48.76026]},{"type":"Feature","id":27952,"properties":{"y":2017,"n":"Noisy Creek","ag":"USFS","ac":5705.2,"c":14,"cl":"Unknown","ad":"2017-08-15","cd":"","st":"WA","se":2},"geometry":{"type":"Polygon","coordinates":[[[-117.22342,48.80555],[-117.22042,48.81155],[-117.21083,48.81304],[-117.21483,48.81651],[-117.2127,48.81868],[-117.20303,48.8153],[-117.20384,48.80598],[-117.19291,48.80872],[-117.19652,48.80083],[-117.20032,48.80048],[-117.19715,48.79728],[-117.20052,48.79404],[-117.18876,48.78829],[-117.18826,48.7853],[-117.19716,48.78469],[-117.20748,48.78967],[-117.21825,48.78907],[-117.22712,48.78338],[-117.25965,48.79394],[-117.27746,48.79243],[-117.28625,48.79965],[-117.28742,48.81235],[-117.27819,48.8307],[-117.26901,48.83203],[-117.26675,48.8392],[-117.24435,48.83179],[-117.24743,48.82567],[-117.24559,48.82183],[-117.23428,48.81777],[-117.23712,48.80738],[-117.22876,48.80821],[-117.23489,48.8052],[-117.22956,48.8022],[-117.22342,48.80555]]]},"bbox":[-117.28742,48.78338,-117.18799,48.8392]},{"type":"Feature","id":27953,"properties":{"y":2017,"n":"North Mill","ag":"USFS","ac":45.9,"c":14,"cl":"Unknown","ad":"2017-11-03","cd":"","st":"WA","se":3},"geometry":{"type":"MultiPolygon","coordinates":[[[[-117.69815,48.68263],[-117.70344,48.68114],[-117.70571,48.68282],[-117.69963,48.68447],[-117.69815,48.68263]]],[[[-117.71227,48.68104],[-117.70795,48.67969],[-117.713,48.67954],[-117.71227,48.68104]]]]},"bbox":[-117.713,48.67923,-117.69803,48.68447]},{"type":"Feature","id":27954,"properties":{"y":2017,"n":"Diamond Creek","ag":"USFS","ac":126836.3,"c":14,"cl":"Unknown","ad":"2017-10-03","cd":"","st":"WA","se":3},"geometry":{"type":"Polygon","coordinates":[[[-120.31897,48.82245],[-120.33013,48.82209],[-120.33474,48.82362],[-120.33526,48.82317],[-120.32705,48.81874],[-120.32407,48.8134],[-120.32002,48.81507],[-120.32233,48.81943],[-120.31156,48.81467],[-120.31125,48.81635],[-120.30565,48.81972],[-120.29594,48.81132],[-120.2985,48.80631],[-120.2959,48.80455],[-120.30089,48.80651],[-120.30137,48.80288],[-120.31138,48.7969],[-120.30545,48.79201],[-120.28933,48.78976],[-120.28743,48.78062],[-120.29314,48.78281],[-120.29731,48.7804],[-120.29102,48.76745],[-120.28665,48.76712],[-120.2875,48.76206],[-120.29171,48.76178],[-120.28858,48.75764],[-120.2899,48.75326],[-120.28658,48.75211],[-120.28867,48.74668],[-120.28476,48.74691],[-120.28462,48.74386],[-120.29514,48.74728],[-120.29368,48.74955],[-120.29994,48.76012],[-120.30793,48.75824],[-120.31859,48.76115],[-120.31386,48.76374],[-120.31764,48.76761],[-120.31511,48.77086],[-120.33095,48.77708],[-120.32964,48.78047],[-120.33798,48.77947],[-120.33696,48.77423],[-120.3404,48.76939],[-120.34525,48.77134],[-120.34278,48.7782],[-120.35194,48.78055],[-120.34682,48.78208],[-120.35171,48.78285],[-120.34882,48.78707],[-120.35138,48.78989],[-120.3669,48.78256],[-120.36033,48.7773],[-120.35951,48.7799],[-120.35525,48.78231],[-120.35836,48.77802],[-120.35332,48.77691],[-120.35795,48.77317],[-120.36717,48.77463],[-120.36224,48.76853],[-120.36761,48.76799],[-120.37368,48.77059],[-120.37542,48.77391],[-120.37343,48.77277],[-120.37442,48.77586],[-120.37072,48.7798],[-120.37378,48.78346],[-120.3678,48.78303],[-120.36863,48.78598],[-120.38955,48.78692],[-120.39828,48.79374],[-120.40442,48.79217],[-120.40825,48.79934],[-120.41179,48.79907],[-120.41135,48.79545],[-120.42238,48.80208],[-120.43552,48.79596],[-120.43536,48.79974],[-120.45133,48.79653],[-120.45278,48.79966],[-120.44775,48.79932],[-120.45007,48.80099],[-120.44728,48.80273],[-120.45082,48.80755],[-120.44887,48.80878],[-120.44191,48.80438],[-120.43307,48.8048],[-120.44078,48.81174],[-120.43393,48.81597],[-120.44318,48.81853],[-120.44514,48.82287],[-120.42731,48.82773],[-120.43802,48.83289],[-120.43665,48.83945],[-120.44125,48.84547],[-120.44072,48.84358],[-120.44399,48.84166],[-120.44409,48.84522],[-120.44972,48.8411],[-120.4446,48.83514],[-120.44712,48.83133],[-120.4494,48.83863],[-120.45414,48.83515],[-120.4555,48.83952],[-120.44812,48.84321],[-120.45431,48.84686],[-120.44738,48.84881],[-120.45138,48.85169],[-120.46001,48.84301],[-120.46951,48.84023],[-120.47101,48.83101],[-120.47874,48.82718],[-120.47154,48.8185],[-120.4734,48.81465],[-120.46782,48.81126],[-120.46836,48.80493],[-120.46187,48.80483],[-120.45704,48.79629],[-120.45136,48.79413],[-120.45789,48.79388],[-120.45339,48.78908],[-120.45782,48.7879],[-120.4538,48.78687],[-120.46394,48.7864],[-120.46304,48.78279],[-120.46658,48.78458],[-120.46552,48.78184],[-120.46809,48.78097],[-120.46046,48.77969],[-120.45036,48.78634],[-120.45087,48.78325],[-120.44888,48.78386],[-120.45293,48.78117],[-120.44695,48.78119],[-120.44302,48.7795],[-120.44391,48.77696],[-120.44008,48.77698],[-120.44299,48.77511],[-120.43941,48.77579],[-120.44318,48.77431],[-120.45014,48.77425],[-120.44166,48.772],[-120.44967,48.76892],[-120.4644,48.76998],[-120.46103,48.75966],[-120.46503,48.7569],[-120.46299,48.76112],[-120.47157,48.76269],[-120.47179,48.76773],[-120.46902,48.7683],[-120.47213,48.76902],[-120.47903,48.76552],[-120.48144,48.77015],[-120.48545,48.76904],[-120.48777,48.77006],[-120.48522,48.76993],[-120.48704,48.77236],[-120.48247,48.77807],[-120.48964,48.78226],[-120.48245,48.7886],[-120.49072,48.7846],[-120.49075,48.78747],[-120.49801,48.78916],[-120.49679,48.78373],[-120.50287,48.78461],[-120.50563,48.79114],[-120.50884,48.79075],[-120.50238,48.79225],[-120.5035,48.7944],[-120.50888,48.79403],[-120.51051,48.79754],[-120.51691,48.7953],[-120.51416,48.79712],[-120.51479,48.79882],[-120.51932,48.79907],[-120.52092,48.80372],[-120.52565,48.80297],[-120.51969,48.80595],[-120.52028,48.81102],[-120.51054,48.80718],[-120.50308,48.80829],[-120.50379,48.81147],[-120.51592,48.81251],[-120.51614,48.81613],[-120.51181,48.81804],[-120.51814,48.82198],[-120.51801,48.83301],[-120.52801,48.84301],[-120.52501,48.85201],[-120.52825,48.85788],[-120.50901,48.86301],[-120.50669,48.86842],[-120.50801,48.87501],[-120.51401,48.87601],[-120.51775,48.87071],[-120.52091,48.8736],[-120.52671,48.87193],[-120.53068,48.87875],[-120.4961,48.88384],[-120.49106,48.88822],[-120.49561,48.89057],[-120.50326,48.88735],[-120.51831,48.89254],[-120.5095,48.90033],[-120.51677,48.90571],[-120.5127,48.91785],[-120.51708,48.91984],[-120.51964,48.92673],[-120.52503,48.92747],[-120.51938,48.9348],[-120.51574,48.93255],[-120.51582,48.93682],[-120.52338,48.94197],[-120.53734,48.94022],[-120.53497,48.94682],[-120.54898,48.9532],[-120.55432,48.95312],[-120.55793,48.94189],[-120.56124,48.94979],[-120.56698,48.94991],[-120.5629,48.95119],[-120.56416,48.95555],[-120.5587,48.95422],[-120.55954,48.95668],[-120.55474,48.95396],[-120.55158,48.95461],[-120.55441,48.95478],[-120.55346,48.95768],[-120.55925,48.95812],[-120.55671,48.9607],[-120.54631,48.9531],[-120.53839,48.95317],[-120.52383,48.94512],[-120.525,48.94948],[-120.52124,48.95158],[-120.51897,48.94981],[-120.52148,48.94728],[-120.51841,48.94646],[-120.50981,48.94764],[-120.51179,48.95027],[-120.50284,48.9531],[-120.50886,48.94772],[-120.49558,48.9483],[-120.48998,48.95314],[-120.49197,48.95989],[-120.48993,48.95701],[-120.48356,48.96257],[-120.48521,48.96624],[-120.47752,48.97111],[-120.48097,48.97341],[-120.47574,48.97196],[-120.47732,48.96987],[-120.47258,48.96726],[-120.46991,48.97282],[-120.4666,48.97326],[-120.48538,48.9755],[-120.49148,48.98831],[-120.4959,48.9931],[-120.50341,48.99498],[-120.5158,49.01088],[-120.5124,49.01052],[-120.50834,49.01896],[-120.51085,49.02509],[-120.4771,49.03344],[-120.46914,49.03971],[-120.4648,49.03821],[-120.46867,49.0419],[-120.47966,49.03936],[-120.48099,49.04423],[-120.46914,49.04371],[-120.46632,49.04899],[-120.48682,49.04945],[-120.48699,49.05357],[-120.48139,49.05683],[-120.48378,49.06335],[-120.44433,49.07345],[-120.43143,49.07172],[-120.42501,49.07948],[-120.41903,49.08053],[-120.4171,49.09223],[-120.42799,49.10779],[-120.42977,49.12337],[-120.42319,49.12683],[-120.41161,49.14129],[-120.37311,49.13847],[-120.35873,49.12194],[-120.34796,49.10257],[-120.35311,49.09373],[-120.36318,49.09173],[-120.37146,49.08543],[-120.36849,49.08206],[-120.34666,49.07942],[-120.34497,49.07481],[-120.3622,49.06838],[-120.38326,49.06896],[-120.39207,49.05834],[-120.38793,49.05321],[-120.39102,49.04177],[-120.38632,49.03661],[-120.39724,49.03517],[-120.38608,49.03409],[-120.38607,49.03142],[-120.39768,49.0275],[-120.39068,49.02371],[-120.39368,49.01463],[-120.39803,49.01256],[-120.39632,49.00781],[-120.36576,49.00356],[-120.35276,49.01408],[-120.3548,49.02266],[-120.32382,49.02559],[-120.30876,49.03147],[-120.31706,49.0433],[-120.30947,49.0404],[-120.31123,49.04435],[-120.30911,49.04516],[-120.30081,49.03814],[-120.29506,49.03756],[-120.28428,49.04094],[-120.2818,49.044],[-120.29175,49.0464],[-120.29442,49.05003],[-120.29095,49.05291],[-120.23862,49.05438],[-120.24999,49.04603],[-120.28055,49.04311],[-120.28297,49.0405],[-120.27265,49.03216],[-120.25905,49.03301],[-120.25176,49.03026],[-120.26113,49.02271],[-120.26318,49.02435],[-120.27035,49.02047],[-120.26804,49.01233],[-120.26122,49.00814],[-120.26381,49.00542],[-120.24277,48.9977],[-120.24328,48.99496],[-120.2324,48.99657],[-120.21784,48.99199],[-120.21722,48.98755],[-120.21171,48.98497],[-120.20457,48.98536],[-120.21428,48.99228],[-120.20593,48.99069],[-120.20737,48.98788],[-120.19917,48.985],[-120.20394,48.98506],[-120.2024,48.98086],[-120.20755,48.98009],[-120.20086,48.97926],[-120.2082,48.97871],[-120.20862,48.97567],[-120.20461,48.97499],[-120.20797,48.97461],[-120.20093,48.96688],[-120.19294,48.96191],[-120.17725,48.9646],[-120.17372,48.96179],[-120.17593,48.9596],[-120.15436,48.9569],[-120.16541,48.9571],[-120.16468,48.95301],[-120.15618,48.95122],[-120.15696,48.9483],[-120.14915,48.94164],[-120.12569,48.93596],[-120.13117,48.93054],[-120.14266,48.9319],[-120.1385,48.92511],[-120.15258,48.93979],[-120.15422,48.93515],[-120.15591,48.9388],[-120.1666,48.93993],[-120.15756,48.94303],[-120.15921,48.94504],[-120.17636,48.94843],[-120.1848,48.94644],[-120.18148,48.94465],[-120.18248,48.94352],[-120.19474,48.9415],[-120.19975,48.94366],[-120.19786,48.94094],[-120.20238,48.93572],[-120.2103,48.93804],[-120.21511,48.93112],[-120.22265,48.9361],[-120.22398,48.94043],[-120.22842,48.93842],[-120.23252,48.94068],[-120.23543,48.93663],[-120.23796,48.94086],[-120.23018,48.94268],[-120.23223,48.9466],[-120.24068,48.94541],[-120.24153,48.93873],[-120.24659,48.93516],[-120.25881,48.93829],[-120.24245,48.92254],[-120.23189,48.91948],[-120.23569,48.91697],[-120.23492,48.90944],[-120.23119,48.90778],[-120.22808,48.91074],[-120.22486,48.90064],[-120.23896,48.9072],[-120.2421,48.90515],[-120.24098,48.90942],[-120.24836,48.90857],[-120.24447,48.91468],[-120.25403,48.91251],[-120.24999,48.92009],[-120.26281,48.92662],[-120.25686,48.92476],[-120.26071,48.9305],[-120.26933,48.92933],[-120.27026,48.93372],[-120.27788,48.93426],[-120.2717,48.93791],[-120.28355,48.94099],[-120.28719,48.93667],[-120.28601,48.93156],[-120.28916,48.93647],[-120.29012,48.93302],[-120.29655,48.9344],[-120.29086,48.92783],[-120.27805,48.92416],[-120.27048,48.91823],[-120.26736,48.90963],[-120.26937,48.90849],[-120.26003,48.90404],[-120.26233,48.90402],[-120.26207,48.89964],[-120.25572,48.89537],[-120.26186,48.89575],[-120.26255,48.89878],[-120.26904,48.89491],[-120.26951,48.89896],[-120.27376,48.89822],[-120.2732,48.90188],[-120.2767,48.90378],[-120.29248,48.90135],[-120.29542,48.90568],[-120.31099,48.89844],[-120.3127,48.90047],[-120.3102,48.90137],[-120.32836,48.90834],[-120.3568,48.91254],[-120.35314,48.92395],[-120.33404,48.92265],[-120.33152,48.92535],[-120.33993,48.92987],[-120.34049,48.93329],[-120.35393,48.92863],[-120.36026,48.93195],[-120.37634,48.93237],[-120.37892,48.93514],[-120.37352,48.94827],[-120.3834,48.95709],[-120.41007,48.95462],[-120.4118,48.95648],[-120.41155,48.95893],[-120.41212,48.95916],[-120.41392,48.95667],[-120.42451,48.95974],[-120.4251,48.96937],[-120.43873,48.96617],[-120.44049,48.96375],[-120.43659,48.96367],[-120.43575,48.96003],[-120.44001,48.95651],[-120.43122,48.95384],[-120.44238,48.94616],[-120.44091,48.93784],[-120.42334,48.92934],[-120.42543,48.92642],[-120.41749,48.92791],[-120.42272,48.92539],[-120.41566,48.92364],[-120.4188,48.92185],[-120.40993,48.9225],[-120.4104,48.91947],[-120.4017,48.91716],[-120.38721,48.91889],[-120.36608,48.91643],[-120.36354,48.9097],[-120.34915,48.90765],[-120.34284,48.90212],[-120.32934,48.89862],[-120.32739,48.892],[-120.29972,48.87236],[-120.30464,48.87177],[-120.30402,48.86961],[-120.29539,48.86815],[-120.29967,48.86181],[-120.29907,48.85724],[-120.32661,48.86484],[-120.32189,48.85738],[-120.32902,48.84827],[-120.33988,48.84849],[-120.34223,48.84488],[-120.35548,48.84366],[-120.35585,48.8403],[-120.36022,48.84256],[-120.35695,48.83787],[-120.35193,48.84083],[-120.35017,48.83677],[-120.34574,48.84118],[-120.34112,48.84282],[-120.34079,48.83902],[-120.33335,48.84391],[-120.34164,48.83775],[-120.34103,48.83466],[-120.33656,48.83428],[-120.33895,48.83152],[-120.33229,48.83323],[-120.32959,48.83119],[-120.33401,48.83001],[-120.3304,48.82746],[-120.32745,48.82905],[-120.3279,48.83475],[-120.32331,48.83198],[-120.32545,48.83032],[-120.3253,48.82883],[-120.32029,48.8283],[-120.31723,48.83204],[-120.31839,48.82924],[-120.31044,48.82943],[-120.31882,48.82581],[-120.31897,48.82245]],[[-120.3087,48.81612],[-120.30832,48.81725],[-120.30911,48.81698],[-120.3087,48.81612]],[[-120.33142,48.80256],[-120.33266,48.80016],[-120.33268,48.79864],[-120.32768,48.79889],[-120.33142,48.80256]],[[-120.35504,48.82447],[-120.35802,48.82248],[-120.35266,48.81949],[-120.35996,48.81439],[-120.35043,48.81554],[-120.34359,48.81178],[-120.34773,48.80959],[-120.34252,48.81043],[-120.33851,48.80725],[-120.33772,48.80227],[-120.32894,48.80401],[-120.33561,48.81431],[-120.35134,48.81842],[-120.34754,48.81819],[-120.34738,48.81916],[-120.34357,48.81975],[-120.34327,48.82043],[-120.34734,48.81997],[-120.35004,48.82346],[-120.35265,48.82005],[-120.35504,48.82447]],[[-120.34028,48.80654],[-120.33902,48.80587],[-120.3389,48.80585],[-120.33983,48.80659],[-120.34028,48.80654]],[[-120.35517,48.82615],[-120.35574,48.82497],[-120.3539,48.82517],[-120.35517,48.82615]],[[-120.36944,48.84288],[-120.38453,48.83988],[-120.38004,48.82782],[-120.37736,48.83416],[-120.36364,48.8403],[-120.36944,48.84288]],[[-120.48798,48.78876],[-120.49007,48.78739],[-120.48786,48.78769],[-120.48798,48.78876]]]},"bbox":[-120.56698,48.74344,-120.12569,49.14258]},{"type":"Feature","id":27955,"properties":{"y":2017,"n":"Chumyon","ag":"USFS","ac":748.2,"c":14,"cl":"Unknown","ad":"2017-10-09","cd":"","st":"WA","se":3},"geometry":{"type":"Polygon","coordinates":[[[-120.52854,47.65725],[-120.53415,47.66159],[-120.52807,47.66825],[-120.5123,47.66436],[-120.50374,47.66797],[-120.49306,47.66395],[-120.49357,47.65932],[-120.50296,47.65664],[-120.52085,47.6551],[-120.52854,47.65725]],[[-120.5284,47.65789],[-120.52495,47.65775],[-120.52369,47.65835],[-120.52725,47.66121],[-120.5284,47.65789]]]},"bbox":[-120.53415,47.65509,-120.49306,47.66826]},{"type":"Feature","id":27956,"properties":{"y":2017,"n":"Jack Creek","ag":"USFS","ac":4566.8,"c":14,"cl":"Unknown","ad":"2017-10-09","cd":"","st":"WA","se":3},"geometry":{"type":"MultiPolygon","coordinates":[[[[-120.85945,47.51934],[-120.86016,47.51026],[-120.86498,47.50856],[-120.86407,47.51804],[-120.85945,47.51934]]],[[[-120.923,47.50906],[-120.9129,47.51356],[-120.91519,47.51799],[-120.89394,47.52085],[-120.8902,47.52953],[-120.86211,47.52577],[-120.86076,47.52257],[-120.87504,47.52184],[-120.86585,47.51851],[-120.86886,47.51166],[-120.87555,47.5127],[-120.88649,47.50738],[-120.89756,47.51053],[-120.90165,47.50322],[-120.90733,47.5013],[-120.91289,47.50694],[-120.90911,47.5105],[-120.91846,47.50638],[-120.923,47.50906]],[[-120.90854,47.50724],[-120.90639,47.50628],[-120.90488,47.50478],[-120.90619,47.50723],[-120.90854,47.50724]]],[[[-120.89556,47.50351],[-120.87232,47.50501],[-120.87087,47.49994],[-120.90259,47.49314],[-120.90653,47.49609],[-120.89556,47.50351]]],[[[-120.92084,47.51166],[-120.92051,47.51154],[-120.9229,47.51113],[-120.92084,47.51166]]],[[[-120.94948,47.52457],[-120.92807,47.52339],[-120.93364,47.51989],[-120.92873,47.51676],[-120.93764,47.51875],[-120.93564,47.5146],[-120.94497,47.51373],[-120.93274,47.51385],[-120.93247,47.51091],[-120.92425,47.51431],[-120.922,47.51202],[-120.93286,47.50864],[-120.9354,47.50428],[-120.93101,47.49765],[-120.92056,47.49531],[-120.92132,47.4864],[-120.93343,47.49015],[-120.93673,47.49515],[-120.94131,47.48715],[-120.95078,47.488],[-120.94875,47.49465],[-120.9555,47.49312],[-120.95797,47.50197],[-120.96442,47.50347],[-120.96983,47.49797],[-120.97641,47.5016],[-120.97649,47.50508],[-120.96847,47.50875],[-120.97029,47.5118],[-120.96507,47.51764],[-120.95659,47.52061],[-120.94867,47.51698],[-120.94948,47.52457]]],[[[-120.92548,47.50981],[-120.92766,47.50922],[-120.92556,47.5103],[-120.92548,47.50981]]],[[[-120.92993,47.51409],[-120.93038,47.51342],[-120.93068,47.51346],[-120.92993,47.51409]]]]},"bbox":[-120.97677,47.48603,-120.85853,47.52968]},{"type":"Feature","id":27957,"properties":{"y":2018,"n":"Little Camas","ag":"USFS","ac":316.9,"c":14,"cl":"Unknown","ad":"2018-11-05","cd":"","st":"WA","se":3},"geometry":{"type":"Polygon","coordinates":[[[-120.57879,47.42898],[-120.55822,47.43103],[-120.55641,47.42712],[-120.56266,47.42628],[-120.56119,47.42199],[-120.56475,47.42012],[-120.5799,47.42196],[-120.57879,47.42898]]]},"bbox":[-120.57995,47.41961,-120.55639,47.43104]},{"type":"Feature","id":27958,"properties":{"y":2018,"n":"Kettle River","ag":"USFS","ac":48.9,"c":14,"cl":"Unknown","ad":"2018-10-30","cd":"","st":"WA","se":3},"geometry":{"type":"Polygon","coordinates":[[[-118.78695,48.96629],[-118.79201,48.9689],[-118.78042,48.96984],[-118.78695,48.96629]]]},"bbox":[-118.79202,48.96605,-118.78041,48.97103]},{"type":"Feature","id":27959,"properties":{"y":2018,"n":"Sheep Creek","ag":"USFS","ac":458.7,"c":14,"cl":"Unknown","ad":"2018-11-28","cd":"","st":"WA","se":3},"geometry":{"type":"Polygon","coordinates":[[[-117.8589,48.9584],[-117.84699,48.95884],[-117.82011,48.9582],[-117.83043,48.95217],[-117.84014,48.95149],[-117.84211,48.95488],[-117.86074,48.95209],[-117.8589,48.9584]]]},"bbox":[-117.86074,48.95097,-117.82011,48.96062]},{"type":"Feature","id":27960,"properties":{"y":2018,"n":"Maple","ag":"USFS","ac":3273.1,"c":14,"cl":"Unknown","ad":"2018-09-09","cd":"","st":"WA","se":3},"geometry":{"type":"MultiPolygon","coordinates":[[[[-123.17874,47.58919],[-123.16056,47.59628],[-123.13414,47.59594],[-123.12409,47.59348],[-123.11403,47.58469],[-123.10672,47.5825],[-123.1061,47.57834],[-123.11488,47.57611],[-123.12336,47.57982],[-123.13911,47.57058],[-123.15973,47.57179],[-123.16976,47.5702],[-123.17567,47.56428],[-123.18673,47.56443],[-123.1855,47.57033],[-123.18821,47.57247],[-123.17763,47.57532],[-123.16838,47.57267],[-123.17133,47.5752],[-123.16788,47.57724],[-123.17285,47.58126],[-123.17656,47.57748],[-123.18236,47.58136],[-123.18251,47.5769],[-123.19001,47.58384],[-123.18912,47.58756],[-123.18131,47.59118],[-123.18407,47.59039],[-123.18474,47.59145],[-123.17981,47.59249],[-123.18006,47.59027],[-123.17958,47.5892],[-123.17874,47.58919]],[[-123.16283,47.58186],[-123.15282,47.58173],[-123.15565,47.58444],[-123.16283,47.58186]]],[[[-123.14717,47.57059],[-123.14719,47.57039],[-123.14737,47.57051],[-123.14717,47.57059]]],[[[-123.16861,47.56914],[-123.16869,47.56896],[-123.16874,47.56913],[-123.16861,47.56914]]],[[[-123.17804,47.59173],[-123.17818,47.5915],[-123.17831,47.59167],[-123.17804,47.59173]]],[[[-123.19128,47.57219],[-123.19302,47.56817],[-123.1876,47.56735],[-123.19099,47.56346],[-123.19649,47.57012],[-123.19128,47.57219]]]]},"bbox":[-123.19649,47.56333,-123.10609,47.59719]},{"type":"Feature","id":27961,"properties":{"y":2018,"n":"Glenn Creek","ag":"USFS","ac":55.5,"c":14,"cl":"Unknown","ad":"2018-10-08","cd":"","st":"WA","se":3},"geometry":{"type":"Polygon","coordinates":[[[-117.46842,48.29557],[-117.47431,48.29263],[-117.47865,48.29832],[-117.47319,48.29744],[-117.46842,48.29557]]]},"bbox":[-117.47884,48.29263,-117.46833,48.29837]},{"type":"Feature","id":27962,"properties":{"y":2018,"n":"Boyds","ag":"USFS","ac":4543.5,"c":14,"cl":"Unknown","ad":"2018-12-03","cd":"","st":"WA","se":4},"geometry":{"type":"MultiPolygon","coordinates":[[[[-118.17696,48.66255],[-118.16416,48.66132],[-118.16633,48.65963],[-118.15989,48.65807],[-118.15638,48.66151],[-118.15064,48.66116],[-118.14053,48.65278],[-118.12594,48.65359],[-118.12583,48.6563],[-118.12126,48.65434],[-118.12474,48.65028],[-118.11546,48.64582],[-118.11648,48.64096],[-118.1236,48.64301],[-118.12683,48.64041],[-118.12093,48.63341],[-118.12679,48.62405],[-118.13886,48.61652],[-118.12884,48.61573],[-118.13354,48.61306],[-118.13052,48.61119],[-118.13253,48.60794],[-118.13906,48.60934],[-118.13892,48.60253],[-118.14837,48.60746],[-118.1497,48.61393],[-118.15486,48.61084],[-118.15454,48.61531],[-118.15921,48.61396],[-118.16525,48.62258],[-118.16032,48.6249],[-118.16335,48.62895],[-118.15521,48.63314],[-118.15644,48.63521],[-118.15939,48.6369],[-118.17484,48.6325],[-118.1832,48.63456],[-118.18112,48.64066],[-118.18469,48.64371],[-118.18304,48.65816],[-118.1866,48.65941],[-118.17696,48.66255]],[[-118.17675,48.6603],[-118.16832,48.65796],[-118.17595,48.65584],[-118.16604,48.64948],[-118.15901,48.6538],[-118.16429,48.65813],[-118.17675,48.6603]]],[[[-118.129,48.66799],[-118.12037,48.66562],[-118.12285,48.66298],[-118.13056,48.66469],[-118.129,48.66799]]],[[[-118.18332,48.63105],[-118.18201,48.63159],[-118.18271,48.63058],[-118.18332,48.63105]]]]},"bbox":[-118.1866,48.60252,-118.11532,48.66865]},{"type":"Feature","id":27963,"properties":{"y":2018,"n":"Kelly Mountain","ag":"USFS","ac":44.6,"c":14,"cl":"Unknown","ad":"2018-10-15","cd":"","st":"WA","se":3},"geometry":{"type":"MultiPolygon","coordinates":[[[[-118.79085,48.80761],[-118.79092,48.80716],[-118.79118,48.80718],[-118.79085,48.80761]]],[[[-118.79172,48.80771],[-118.79174,48.80762],[-118.79182,48.80768],[-118.79172,48.80771]]],[[[-118.79443,48.80933],[-118.79364,48.8084],[-118.7949,48.80894],[-118.79443,48.80933]]],[[[-118.79855,48.81458],[-118.79628,48.80896],[-118.8015,48.81025],[-118.79855,48.81458]]]]},"bbox":[-118.8015,48.80716,-118.79048,48.81458]},{"type":"Feature","id":27964,"properties":{"y":2018,"n":"Horns Mountain","ag":"USFS","ac":5439.0,"c":14,"cl":"Unknown","ad":"2018-12-03","cd":"","st":"WA","se":4},"geometry":{"type":"Polygon","coordinates":[[[-118.07009,49.0108],[-118.03681,49.01071],[-118.02347,48.99701],[-118.0236,48.98654],[-118.02107,48.98403],[-118.02309,48.98281],[-118.00625,48.97504],[-118.01075,48.96926],[-118.00747,48.96787],[-118.01308,48.9642],[-118.0155,48.95718],[-118.04789,48.94981],[-118.05096,48.95245],[-118.04539,48.95632],[-118.04883,48.95934],[-118.04648,48.96273],[-118.05511,48.96885],[-118.06849,48.96346],[-118.07339,48.96512],[-118.08268,48.97613],[-118.0936,48.97561],[-118.09683,48.9793],[-118.09548,48.9822],[-118.08181,48.98294],[-118.08103,48.98563],[-118.07685,48.98937],[-118.07437,48.99013],[-118.07717,48.99211],[-118.07429,48.9956],[-118.07732,49.0021],[-118.07145,49.00602],[-118.07009,49.0108]],[[-118.01098,48.97687],[-118.02188,48.97641],[-118.02309,48.97485],[-118.01798,48.97303],[-118.01098,48.97687]],[[-118.01381,48.96319],[-118.02285,48.96283],[-118.02284,48.96187],[-118.01381,48.96319]],[[-118.01435,48.97368],[-118.01832,48.97154],[-118.01912,48.96968],[-118.01385,48.96939],[-118.01435,48.97368]],[[-118.051,49.00508],[-118.05196,49.00167],[-118.04769,49.0012],[-118.04184,48.98976],[-118.0295,48.98844],[-118.03688,48.98783],[-118.03427,48.98535],[-118.02656,48.98629],[-118.02573,48.99398],[-118.03213,48.99958],[-118.04488,48.99974],[-118.051,49.00508]],[[-118.02999,48.9725],[-118.02593,48.97323],[-118.0259,48.97373],[-118.02903,48.97489],[-118.02999,48.9725]],[[-118.04978,48.97206],[-118.05186,48.97135],[-118.04924,48.97084],[-118.04978,48.97206]],[[-118.05861,48.97153],[-118.05248,48.97182],[-118.05884,48.9729],[-118.05861,48.97153]],[[-118.08053,48.98414],[-118.07043,48.99071],[-118.05936,48.98697],[-118.06257,48.99337],[-118.0731,49.00009],[-118.07388,48.9938],[-118.07584,48.99241],[-118.07325,48.99036],[-118.08053,48.98414]],[[-118.07286,48.96865],[-118.07146,48.9664],[-118.07012,48.96741],[-118.07017,48.96808],[-118.07286,48.96865]],[[-118.07514,48.96863],[-118.07516,48.97075],[-118.07666,48.97042],[-118.07514,48.96863]]]},"bbox":[-118.0969,48.94981,-118.00617,49.01324]},{"type":"Feature","id":27965,"properties":{"y":2018,"n":"Clear Fork","ag":"USFS","ac":132.9,"c":14,"cl":"Unknown","ad":"2018-10-03","cd":"","st":"WA","se":3},"geometry":{"type":"Polygon","coordinates":[[[-121.43907,46.57714],[-121.43558,46.57553],[-121.43645,46.57166],[-121.44551,46.57481],[-121.44296,46.58024],[-121.43787,46.58095],[-121.43665,46.57744],[-121.43907,46.57714]]]},"bbox":[-121.44551,46.57155,-121.43558,46.5812]},{"type":"Feature","id":27966,"properties":{"y":2018,"n":"East Wishram","ag":"USFS","ac":51.9,"c":14,"cl":"Unknown","ad":"2018-07-23","cd":"","st":"WA","se":2},"geometry":{"type":"Polygon","coordinates":[[[-120.94117,45.66629],[-120.9501,45.66162],[-120.95618,45.6607],[-120.95686,45.66067],[-120.95704,45.66093],[-120.94117,45.66629]]]},"bbox":[-120.95704,45.66067,-120.94095,45.66672]},{"type":"Feature","id":27967,"properties":{"y":2023,"n":"Carlton Ridge","ag":"USFS","ac":14.9,"c":14,"cl":"Unknown","ad":"2023-10-24","cd":"","st":"WA","se":3},"geometry":{"type":"Polygon","coordinates":[[[-121.48865,46.71616],[-121.49206,46.71683],[-121.48999,46.71927],[-121.48865,46.71616]]]},"bbox":[-121.49206,46.71521,-121.48865,46.71927]},{"type":"Feature","id":27968,"properties":{"y":2023,"n":"Bear Creek","ag":"USFS","ac":32.1,"c":14,"cl":"Unknown","ad":"2023-10-20","cd":"","st":"WA","se":3},"geometry":{"type":"Polygon","coordinates":[[[-121.82336,46.31274],[-121.81875,46.30777],[-121.82218,46.30708],[-121.82336,46.31274]]]},"bbox":[-121.82347,46.30697,-121.81872,46.31292]},{"type":"Feature","id":27969,"properties":{"y":2023,"n":"Mission","ag":"USFS","ac":22.0,"c":14,"cl":"Unknown","ad":"2023-10-24","cd":"","st":"WA","se":3},"geometry":{"type":"Polygon","coordinates":[[[-121.59051,46.48554],[-121.58933,46.48982],[-121.58654,46.48825],[-121.59051,46.48554]]]},"bbox":[-121.59182,46.48554,-121.58654,46.48982]},{"type":"Feature","id":27970,"properties":{"y":2023,"n":"Iron Creek","ag":"USFS","ac":17.9,"c":14,"cl":"Unknown","ad":"2023-10-06","cd":"","st":"WA","se":3},"geometry":{"type":"Polygon","coordinates":[[[-121.98029,46.42943],[-121.9838,46.42737],[-121.98321,46.42945],[-121.98029,46.42943]]]},"bbox":[-121.98383,46.42598,-121.97982,46.42963]},{"type":"Feature","id":27971,"properties":{"y":2023,"n":"South Fork","ag":"USFS","ac":10.9,"c":14,"cl":"Unknown","ad":"2023-10-24","cd":"","st":"WA","se":3},"geometry":{"type":"Polygon","coordinates":[[[-121.77522,46.57836],[-121.7786,46.57743],[-121.77849,46.57818],[-121.77522,46.57836]]]},"bbox":[-121.7786,46.5762,-121.77521,46.57869]},{"type":"Feature","id":27972,"properties":{"y":2023,"n":"Border","ag":"USFS","ac":66.0,"c":14,"cl":"Unknown","ad":"2023-11-13","cd":"","st":"WA","se":3},"geometry":{"type":"Polygon","coordinates":[[[-117.21493,48.99946],[-117.20588,48.9993],[-117.20807,48.99532],[-117.21278,48.99475],[-117.21493,48.99946]]]},"bbox":[-117.21538,48.99475,-117.20588,48.99946]},{"type":"Feature","id":27973,"properties":{"y":2023,"n":"Jackpot Creek","ag":"USFS","ac":31.7,"c":14,"cl":"Unknown","ad":"2023-10-24","cd":"","st":"WA","se":3},"geometry":{"type":"Polygon","coordinates":[[[-121.70956,46.4402],[-121.70861,46.44395],[-121.70556,46.44221],[-121.70956,46.4402]]]},"bbox":[-121.71162,46.4402,-121.70556,46.44395]},{"type":"Feature","id":27974,"properties":{"y":2023,"n":"Salmo Basin","ag":"USFS","ac":86.1,"c":14,"cl":"Unknown","ad":"2023-12-11","cd":"","st":"WA","se":4},"geometry":{"type":"Polygon","coordinates":[[[-117.09098,48.97394],[-117.09286,48.97003],[-117.10287,48.96792],[-117.10143,48.97179],[-117.09098,48.97394]]]},"bbox":[-117.10293,48.96792,-117.09055,48.97463]},{"type":"Feature","id":27975,"properties":{"y":2023,"n":"Airplane Lake","ag":"USFS","ac":6955.9,"c":14,"cl":"Unknown","ad":"2024-01-10","cd":"","st":"WA","se":4},"geometry":{"type":"MultiPolygon","coordinates":[[[[-121.10759,48.02562],[-121.10769,48.02646],[-121.10647,48.02663],[-121.10591,48.02886],[-121.10453,48.02939],[-121.08947,48.03027],[-121.0894,48.03127],[-121.0937,48.03402],[-121.09135,48.04059],[-121.09356,48.04472],[-121.09106,48.04255],[-121.09126,48.04524],[-121.08339,48.04513],[-121.08471,48.04825],[-121.07865,48.04346],[-121.08071,48.03944],[-121.07718,48.03279],[-121.07506,48.03446],[-121.07699,48.03824],[-121.07363,48.03372],[-121.06793,48.03548],[-121.07242,48.04171],[-121.06009,48.04062],[-121.06777,48.04334],[-121.05886,48.04581],[-121.0561,48.04069],[-121.0565,48.04548],[-121.05136,48.04875],[-121.04863,48.03983],[-121.05083,48.03638],[-121.0454,48.03922],[-121.04746,48.03458],[-121.04305,48.03819],[-121.03528,48.03629],[-121.03407,48.03802],[-121.03671,48.03969],[-121.03706,48.04048],[-121.03494,48.04138],[-121.02945,48.0395],[-121.03624,48.04025],[-121.03023,48.03785],[-121.03025,48.03282],[-121.02701,48.03241],[-121.02264,48.03832],[-121.01871,48.036],[-121.00413,48.0376],[-121.00492,48.04143],[-120.9996,48.04585],[-120.9979,48.04274],[-120.98769,48.04815],[-120.99399,48.04149],[-120.98411,48.04127],[-120.99428,48.03856],[-120.97844,48.03783],[-120.9907,48.02944],[-120.98491,48.0288],[-120.98361,48.02747],[-120.99973,48.02833],[-121.00402,48.03204],[-121.00754,48.02924],[-120.97117,48.01664],[-120.96464,48.01119],[-120.96341,48.00432],[-120.96588,48.00299],[-120.96231,48.00224],[-120.96675,47.99508],[-120.97144,47.99899],[-120.98022,47.99982],[-120.97831,48.00172],[-120.98141,48.00439],[-120.9876,48.0028],[-120.99721,48.00627],[-121.00041,48.01273],[-121.00526,48.01123],[-121.00628,48.0139],[-121.01156,48.00854],[-121.01418,48.01202],[-121.02111,48.01232],[-121.02182,48.00752],[-121.02924,48.0133],[-121.02973,48.0173],[-121.04346,48.01133],[-121.04236,48.00785],[-121.04829,48.00502],[-121.04989,48.00819],[-121.044,48.01128],[-121.05099,48.01103],[-121.04986,48.01622],[-121.0552,48.01466],[-121.05866,48.01715],[-121.06461,48.01489],[-121.0631,48.01802],[-121.06625,48.01747],[-121.06711,48.02024],[-121.08205,48.0146],[-121.08046,48.01796],[-121.08371,48.01753],[-121.08613,48.02278],[-121.09045,48.019],[-121.08964,48.02259],[-121.09691,48.02214],[-121.09732,48.02027],[-121.10668,48.02507],[-121.1083,48.02139],[-121.11212,48.02344],[-121.10759,48.02562]],[[-121.10752,48.02567],[-121.10755,48.02571],[-121.10744,48.02559],[-121.10752,48.02567]]],[[[-120.9716,47.99773],[-120.97175,47.99759],[-120.9718,47.99769],[-120.9716,47.99773]]],[[[-120.98138,48.03435],[-120.98115,48.03415],[-120.98141,48.03411],[-120.98138,48.03435]]],[[[-120.98202,48.04716],[-120.98283,48.04672],[-120.98313,48.04693],[-120.98202,48.04716]]],[[[-120.98231,48.03169],[-120.98256,48.03144],[-120.98254,48.0317],[-120.98231,48.03169]]],[[[-120.98346,48.03033],[-120.98323,48.03055],[-120.98325,48.03032],[-120.98346,48.03033]]],[[[-120.98455,48.03065],[-120.98434,48.03095],[-120.98431,48.03069],[-120.98455,48.03065]]],[[[-120.98574,48.04631],[-120.98728,48.04505],[-120.98616,48.04644],[-120.98574,48.04631]]],[[[-120.99626,48.04561],[-120.99554,48.04425],[-120.9964,48.04433],[-120.99626,48.04561]]],[[[-120.99753,48.04466],[-120.99751,48.0444],[-120.9977,48.04453],[-120.99753,48.04466]]],[[[-121.00387,48.02946],[-121.00426,48.02873],[-121.00477,48.02888],[-121.00387,48.02946]]],[[[-121.00602,48.03957],[-121.0057,48.04077],[-121.00542,48.0404],[-121.00602,48.03957]]],[[[-121.00634,48.03787],[-121.0067,48.03775],[-121.00671,48.03797],[-121.00634,48.03787]]],[[[-121.00785,48.03819],[-121.00748,48.03808],[-121.00784,48.03809],[-121.00785,48.03819]]],[[[-121.01007,48.03984],[-121.00926,48.03942],[-121.00951,48.03901],[-121.01007,48.03984]]],[[[-121.02475,48.03851],[-121.02583,48.03755],[-121.02583,48.03811],[-121.02475,48.03851]]],[[[-121.02886,48.03645],[-121.02917,48.03619],[-121.02916,48.03641],[-121.02886,48.03645]]],[[[-121.0295,48.03742],[-121.02967,48.03721],[-121.02971,48.03741],[-121.0295,48.03742]]],[[[-121.03564,48.03761],[-121.03715,48.03813],[-121.03669,48.03888],[-121.03564,48.03761]]],[[[-121.03704,48.01382],[-121.03724,48.01366],[-121.03729,48.01373],[-121.03704,48.01382]]],[[[-121.04025,48.01128],[-121.04056,48.01116],[-121.04049,48.01133],[-121.04025,48.01128]]],[[[-121.04513,48.04635],[-121.04285,48.04498],[-121.04497,48.04582],[-121.04513,48.04635]]],[[[-121.04512,48.05155],[-121.04494,48.04872],[-121.04646,48.05031],[-121.04512,48.05155]]],[[[-121.04503,48.04487],[-121.04543,48.04425],[-121.04582,48.04449],[-121.04503,48.04487]]],[[[-121.04503,48.04827],[-121.04541,48.04822],[-121.04535,48.04842],[-121.04503,48.04827]]],[[[-121.04561,48.04234],[-121.04636,48.04228],[-121.04629,48.04334],[-121.04561,48.04234]]],[[[-121.04594,48.0491],[-121.04567,48.04929],[-121.04573,48.04909],[-121.04594,48.0491]]],[[[-121.04727,48.0106],[-121.04727,48.01025],[-121.04759,48.0104],[-121.04727,48.0106]]],[[[-121.04948,48.01069],[-121.04806,48.01068],[-121.04811,48.01022],[-121.04948,48.01069]]],[[[-121.04842,48.01007],[-121.0489,48.00992],[-121.04888,48.01007],[-121.04842,48.01007]]],[[[-121.04974,48.00957],[-121.04965,48.01028],[-121.04916,48.00979],[-121.04974,48.00957]]],[[[-121.05085,48.0052],[-121.04993,48.00506],[-121.05053,48.00452],[-121.05085,48.0052]]],[[[-121.05332,48.01106],[-121.05083,48.00881],[-121.05525,48.00985],[-121.05332,48.01106]]],[[[-121.05114,48.01443],[-121.05133,48.01423],[-121.05143,48.01436],[-121.05114,48.01443]]],[[[-121.05152,48.01098],[-121.05135,48.01038],[-121.05175,48.01095],[-121.05152,48.01098]]],[[[-121.05636,48.00618],[-121.0517,48.00491],[-121.05656,48.00355],[-121.05636,48.00618]]],[[[-121.05463,48.01268],[-121.05256,48.01156],[-121.05557,48.0115],[-121.05463,48.01268]]],[[[-121.05563,48.01306],[-121.05809,48.01345],[-121.05754,48.01419],[-121.05563,48.01306]]],[[[-121.05572,48.01372],[-121.05589,48.0136],[-121.05598,48.01364],[-121.05572,48.01372]]],[[[-121.0568,48.00962],[-121.05776,48.00915],[-121.05738,48.01009],[-121.0568,48.00962]]],[[[-121.06195,48.04683],[-121.05812,48.04781],[-121.0568,48.04618],[-121.06195,48.04683]]],[[[-121.06813,48.01059],[-121.06118,48.01028],[-121.06262,48.00856],[-121.05891,48.01006],[-121.05714,48.0073],[-121.06302,48.00756],[-121.06813,48.01059]]],[[[-121.05868,48.01604],[-121.05876,48.0158],[-121.05886,48.01584],[-121.05868,48.01604]]],[[[-121.0588,48.01106],[-121.05903,48.01052],[-121.06016,48.01223],[-121.0588,48.01106]]],[[[-121.05966,48.01516],[-121.05996,48.0148],[-121.05985,48.0153],[-121.05966,48.01516]]],[[[-121.06045,48.01401],[-121.06048,48.01467],[-121.06016,48.01459],[-121.06045,48.01401]]],[[[-121.06019,48.01048],[-121.06035,48.01034],[-121.06041,48.01042],[-121.06019,48.01048]]],[[[-121.06064,48.0107],[-121.06043,48.0108],[-121.06041,48.01064],[-121.06064,48.0107]]],[[[-121.06131,48.01469],[-121.0611,48.01492],[-121.06109,48.01465],[-121.06131,48.01469]]],[[[-121.06134,48.04557],[-121.06188,48.04549],[-121.06176,48.04578],[-121.06134,48.04557]]],[[[-121.06201,48.04652],[-121.06384,48.0453],[-121.06244,48.04715],[-121.06201,48.04652]]],[[[-121.06287,48.01506],[-121.063,48.01533],[-121.06278,48.01527],[-121.06287,48.01506]]],[[[-121.06594,48.01158],[-121.06565,48.01119],[-121.06628,48.01133],[-121.06594,48.01158]]],[[[-121.0721,48.03605],[-121.07238,48.03573],[-121.07221,48.0366],[-121.0721,48.03605]]],[[[-121.07312,48.03737],[-121.0731,48.03754],[-121.07299,48.03737],[-121.07312,48.03737]]],[[[-121.07722,48.04122],[-121.07744,48.04106],[-121.07755,48.0412],[-121.07722,48.04122]]],[[[-121.08541,48.01811],[-121.08519,48.01836],[-121.08506,48.01823],[-121.08541,48.01811]]],[[[-121.08632,48.0195],[-121.08535,48.01984],[-121.08569,48.01897],[-121.08632,48.0195]]],[[[-121.08541,48.04744],[-121.08601,48.04684],[-121.08611,48.04778],[-121.08541,48.04744]]],[[[-121.08633,48.04868],[-121.08658,48.0483],[-121.08654,48.04866],[-121.08633,48.04868]]],[[[-121.08743,48.04807],[-121.08791,48.04769],[-121.08798,48.04792],[-121.08743,48.04807]]],[[[-121.0877,48.04618],[-121.08808,48.04586],[-121.08809,48.04619],[-121.0877,48.04618]]],[[[-121.08962,48.04595],[-121.09054,48.04569],[-121.09055,48.04607],[-121.08962,48.04595]]],[[[-121.09353,48.03134],[-121.09145,48.03206],[-121.09082,48.03145],[-121.09353,48.03134]]],[[[-121.09178,48.02089],[-121.09212,48.02047],[-121.0921,48.02093],[-121.09178,48.02089]]],[[[-121.09203,48.04627],[-121.0925,48.04612],[-121.0923,48.04661],[-121.09203,48.04627]]],[[[-121.09255,48.04201],[-121.09295,48.04185],[-121.0927,48.04219],[-121.09255,48.04201]]],[[[-121.09302,48.04272],[-121.09336,48.04266],[-121.09315,48.04283],[-121.09302,48.04272]]],[[[-121.09359,48.0362],[-121.09486,48.03543],[-121.09453,48.03685],[-121.09359,48.0362]]],[[[-121.09402,48.04384],[-121.09366,48.04375],[-121.09385,48.04361],[-121.09402,48.04384]]],[[[-121.09406,48.03782],[-121.09476,48.03733],[-121.09452,48.0382],[-121.09406,48.03782]]],[[[-121.09438,48.03991],[-121.09443,48.03909],[-121.09456,48.0399],[-121.09438,48.03991]]],[[[-121.09495,48.02089],[-121.09535,48.02087],[-121.09512,48.02101],[-121.09495,48.02089]]],[[[-121.09573,48.03715],[-121.09641,48.03643],[-121.09665,48.03699],[-121.09573,48.03715]]],[[[-121.09698,48.03924],[-121.09726,48.03887],[-121.09705,48.03933],[-121.09698,48.03924]]],[[[-121.09764,48.01965],[-121.09791,48.01866],[-121.09806,48.01972],[-121.09764,48.01965]]],[[[-121.09861,48.02016],[-121.09875,48.01935],[-121.09941,48.01934],[-121.09861,48.02016]]],[[[-121.10194,48.0193],[-121.10032,48.02077],[-121.09983,48.02029],[-121.10194,48.0193]]],[[[-121.10311,48.02296],[-121.10335,48.02312],[-121.10314,48.02309],[-121.10311,48.02296]]],[[[-121.10327,48.02156],[-121.10409,48.02184],[-121.10323,48.02177],[-121.10327,48.02156]]],[[[-121.10363,48.02248],[-121.10368,48.02208],[-121.10398,48.02238],[-121.10363,48.02248]]],[[[-121.10503,48.02254],[-121.10474,48.02348],[-121.10404,48.02231],[-121.10503,48.02254]]],[[[-121.1062,48.0198],[-121.10473,48.01791],[-121.10669,48.01865],[-121.1062,48.0198]]],[[[-121.107,48.02107],[-121.10539,48.02031],[-121.10699,48.02059],[-121.107,48.02107]]],[[[-121.1086,48.02895],[-121.10915,48.02945],[-121.10799,48.02926],[-121.1086,48.02895]]],[[[-121.10834,48.0262],[-121.10814,48.02599],[-121.1086,48.02614],[-121.10834,48.0262]]],[[[-121.12134,48.02622],[-121.12136,48.02471],[-121.12271,48.02474],[-121.12134,48.02622]]],[[[-121.12812,48.02444],[-121.12838,48.02386],[-121.12871,48.02422],[-121.12812,48.02444]]]]},"bbox":[-121.12871,47.99496,-120.96231,48.05169]},{"type":"Feature","id":27976,"properties":{"y":2023,"n":"Blue Lake","ag":"USFS","ac":1074.2,"c":14,"cl":"Unknown","ad":"2024-01-11","cd":"","st":"WA","se":4},"geometry":{"type":"MultiPolygon","coordinates":[[[[-120.70193,48.51834],[-120.69618,48.51453],[-120.70106,48.50644],[-120.69754,48.50432],[-120.70078,48.50211],[-120.69978,48.50132],[-120.69019,48.51199],[-120.684,48.51329],[-120.6798,48.50404],[-120.68513,48.50298],[-120.67773,48.50178],[-120.68189,48.49487],[-120.70156,48.49158],[-120.7028,48.49858],[-120.70577,48.49764],[-120.70668,48.50139],[-120.71612,48.50488],[-120.71374,48.50735],[-120.71561,48.50943],[-120.70719,48.51192],[-120.70193,48.51834]]],[[[-120.69777,48.50864],[-120.6982,48.50828],[-120.69835,48.50852],[-120.69777,48.50864]]],[[[-120.71206,48.51249],[-120.71213,48.51234],[-120.71222,48.51236],[-120.71206,48.51249]]],[[[-120.71533,48.50841],[-120.71557,48.50831],[-120.71557,48.5084],[-120.71533,48.50841]]]]},"bbox":[-120.71612,48.49148,-120.67773,48.51844]},{"type":"Feature","id":27977,"properties":{"y":2023,"n":"Chocolate Creek","ag":"USFS","ac":35.2,"c":14,"cl":"Unknown","ad":"2024-01-18","cd":"","st":"WA","se":4},"geometry":{"type":"Polygon","coordinates":[[[-121.0278,48.1195],[-121.03799,48.12113],[-121.02693,48.12012],[-121.0278,48.1195]]]},"bbox":[-121.038,48.11905,-121.02693,48.12151]},{"type":"Feature","id":27978,"properties":{"y":2023,"n":"Huckleberry Flats","ag":"USFS","ac":145.3,"c":14,"cl":"Unknown","ad":"2024-02-09","cd":"","st":"WA","se":4},"geometry":{"type":"Polygon","coordinates":[[[-121.40839,48.27594],[-121.40438,48.28248],[-121.39052,48.27433],[-121.39705,48.27237],[-121.39966,48.27583],[-121.40839,48.27594]]]},"bbox":[-121.40913,48.27237,-121.39052,48.28248]},{"type":"Feature","id":27979,"properties":{"y":2023,"n":"Snagtooth","ag":"USFS","ac":320.8,"c":14,"cl":"Unknown","ad":"2023-12-01","cd":"","st":"WA","se":4},"geometry":{"type":"Polygon","coordinates":[[[-121.83336,46.25438],[-121.81924,46.25691],[-121.81941,46.25151],[-121.82308,46.25085],[-121.8187,46.24251],[-121.82249,46.24047],[-121.82959,46.24456],[-121.82786,46.24631],[-121.83336,46.25438]]]},"bbox":[-121.83402,46.24047,-121.8187,46.2578]},{"type":"Feature","id":27980,"properties":{"y":2023,"n":"Kindy Creek","ag":"USFS","ac":193.5,"c":14,"cl":"Unknown","ad":"2024-01-18","cd":"","st":"WA","se":4},"geometry":{"type":"Polygon","coordinates":[[[-121.1807,48.37421],[-121.16837,48.38607],[-121.16353,48.38596],[-121.1702,48.37997],[-121.17032,48.37576],[-121.17822,48.37199],[-121.1807,48.37421]]]},"bbox":[-121.1807,48.37199,-121.16345,48.38716]},{"type":"Feature","id":27981,"properties":{"y":2023,"n":"Dome Peak","ag":"USFS","ac":1477.2,"c":14,"cl":"Unknown","ad":"2024-02-09","cd":"","st":"WA","se":4},"geometry":{"type":"MultiPolygon","coordinates":[[[[-120.95216,48.30482],[-120.94797,48.2994],[-120.94912,48.29322],[-120.95336,48.29068],[-120.96107,48.29579],[-120.95763,48.29588],[-120.95735,48.30204],[-120.95171,48.3015],[-120.95216,48.30482]]],[[[-120.96212,48.29273],[-120.95858,48.29213],[-120.96013,48.29081],[-120.96212,48.29273]]],[[[-120.96123,48.29502],[-120.96112,48.29487],[-120.96138,48.29504],[-120.96123,48.29502]]],[[[-120.96274,48.29168],[-120.96234,48.29148],[-120.96279,48.29147],[-120.96274,48.29168]]],[[[-120.97412,48.30097],[-120.97228,48.29616],[-120.96289,48.2954],[-120.96605,48.29393],[-120.96248,48.29],[-120.96972,48.28757],[-120.97323,48.29019],[-120.97227,48.29414],[-120.97656,48.29438],[-120.97536,48.29802],[-120.97824,48.29885],[-120.97412,48.30097]]],[[[-120.96306,48.29273],[-120.96284,48.29236],[-120.96324,48.29267],[-120.96306,48.29273]]],[[[-120.96287,48.29202],[-120.96296,48.29193],[-120.96299,48.29203],[-120.96287,48.29202]]],[[[-120.97919,48.29461],[-120.97122,48.28747],[-120.98156,48.28352],[-120.97916,48.28102],[-120.98365,48.28293],[-120.99015,48.27959],[-120.99622,48.2829],[-120.9961,48.28787],[-120.99141,48.28707],[-120.98899,48.29171],[-120.98634,48.29024],[-120.98216,48.2926],[-120.9837,48.29466],[-120.97919,48.29461]]],[[[-120.97635,48.29745],[-120.9767,48.29753],[-120.97643,48.2976],[-120.97635,48.29745]]],[[[-120.97822,48.29726],[-120.97801,48.29677],[-120.97873,48.29684],[-120.97822,48.29726]]],[[[-120.97894,48.29774],[-120.97878,48.29797],[-120.97862,48.29775],[-120.97894,48.29774]]],[[[-120.98174,48.29553],[-120.98244,48.29492],[-120.9829,48.29514],[-120.98174,48.29553]]],[[[-120.98542,48.29311],[-120.98598,48.29316],[-120.98579,48.29341],[-120.98542,48.29311]]],[[[-120.98805,48.29244],[-120.9877,48.29274],[-120.98762,48.29255],[-120.98805,48.29244]]],[[[-120.99193,48.28895],[-120.99249,48.28909],[-120.99157,48.28931],[-120.99193,48.28895]]],[[[-120.99396,48.28949],[-120.99381,48.28816],[-120.99434,48.28938],[-120.99396,48.28949]]],[[[-120.99735,48.28238],[-120.99765,48.28257],[-120.99733,48.28258],[-120.99735,48.28238]]],[[[-120.9978,48.28637],[-121.00542,48.28201],[-121.00705,48.28281],[-120.9978,48.28637]]],[[[-121.04278,48.28892],[-121.04692,48.28758],[-121.043,48.28271],[-121.03316,48.28655],[-121.02686,48.29292],[-121.02737,48.28361],[-121.01001,48.28345],[-121.01617,48.27792],[-121.02627,48.27848],[-121.03729,48.27455],[-121.04796,48.27859],[-121.05211,48.28748],[-121.05597,48.28636],[-121.05198,48.28896],[-121.04872,48.28833],[-121.04573,48.29489],[-121.0435,48.29544],[-121.04749,48.29058],[-121.04278,48.28892]]],[[[-121.01827,48.28738],[-121.01926,48.28844],[-121.01758,48.28817],[-121.01827,48.28738]]]]},"bbox":[-121.05597,48.27455,-120.94797,48.30482]},{"type":"Feature","id":27982,"properties":{"y":2023,"n":"Spencer Quartz","ag":"USFS","ac":209.9,"c":14,"cl":"Unknown","ad":"2023-12-18","cd":"","st":"WA","se":4},"geometry":{"type":"Polygon","coordinates":[[[-121.79934,46.23537],[-121.80644,46.23489],[-121.80118,46.24036],[-121.81164,46.24192],[-121.8135,46.24458],[-121.81124,46.24805],[-121.79627,46.24031],[-121.79934,46.23537]]]},"bbox":[-121.8135,46.23373,-121.79614,46.2485]},{"type":"Feature","id":27983,"properties":{"y":2024,"n":"Pincer Two","ag":"USFS","ac":211.0,"c":14,"cl":"Unknown","ad":"2024-12-18","cd":"","st":"WA","se":4},"geometry":{"type":"Polygon","coordinates":[[[-121.14436,48.46754],[-121.15766,48.47367],[-121.15195,48.47606],[-121.13371,48.47315],[-121.14436,48.46754]]]},"bbox":[-121.15768,48.46754,-121.13371,48.47606]},{"type":"Feature","id":27984,"properties":{"y":2024,"n":"Stave Creek","ag":"USFS","ac":12.1,"c":14,"cl":"Unknown","ad":"2024-11-14","cd":"","st":"WA","se":3},"geometry":{"type":"Polygon","coordinates":[[[-121.18882,47.40668],[-121.18562,47.4048],[-121.18921,47.40457],[-121.18882,47.40668]]]},"bbox":[-121.18938,47.40407,-121.18562,47.40695]},{"type":"Feature","id":27985,"properties":{"y":2024,"n":"Shoofly","ag":"USFS","ac":103.7,"c":14,"cl":"Unknown","ad":"2024-12-02","cd":"","st":"WA","se":4},"geometry":{"type":"Polygon","coordinates":[[[-121.09746,47.88088],[-121.09373,47.88009],[-121.09649,47.87947],[-121.09482,47.87747],[-121.10152,47.87764],[-121.10118,47.87495],[-121.10798,47.87362],[-121.11162,47.87552],[-121.09746,47.88088]]]},"bbox":[-121.11165,47.87362,-121.09367,47.88088]},{"type":"Feature","id":27986,"properties":{"y":2024,"n":"Blewett","ag":"USFS","ac":11.8,"c":14,"cl":"Unknown","ad":"2024-10-28","cd":"","st":"WA","se":3},"geometry":{"type":"MultiPolygon","coordinates":[[[[-120.59552,47.33817],[-120.59553,47.3382],[-120.59528,47.33825],[-120.59501,47.33791],[-120.59484,47.3384],[-120.59367,47.33847],[-120.5926,47.338],[-120.59218,47.33874],[-120.59149,47.33892],[-120.59152,47.33903],[-120.59146,47.33913],[-120.59148,47.33915],[-120.59134,47.33905],[-120.59117,47.33909],[-120.59115,47.33903],[-120.5911,47.33903],[-120.59105,47.33903],[-120.59105,47.33904],[-120.59093,47.33763],[-120.59126,47.33679],[-120.59471,47.33593],[-120.59462,47.33619],[-120.59507,47.33633],[-120.59494,47.33636],[-120.5949,47.33646],[-120.59526,47.33686],[-120.59509,47.33726],[-120.59577,47.33766],[-120.59556,47.33781],[-120.59575,47.33801],[-120.59554,47.33805],[-120.59552,47.33817]],[[-120.59212,47.33677],[-120.59209,47.33678],[-120.59215,47.33676],[-120.59212,47.33677]],[[-120.59209,47.33678],[-120.59204,47.33678],[-120.59208,47.33679],[-120.59209,47.33678]],[[-120.59455,47.33819],[-120.59459,47.33817],[-120.59453,47.3382],[-120.59455,47.33819]],[[-120.59491,47.33633],[-120.59491,47.3363],[-120.59491,47.33633],[-120.59491,47.33633]],[[-120.59491,47.33633],[-120.59488,47.33634],[-120.59488,47.33634],[-120.59488,47.33636],[-120.59487,47.33634],[-120.59487,47.33639],[-120.5949,47.33641],[-120.59491,47.33639],[-120.59491,47.33633]],[[-120.59488,47.33634],[-120.59488,47.33631],[-120.59488,47.33634],[-120.59488,47.33634]],[[-120.59492,47.33634],[-120.59496,47.33635],[-120.59492,47.33633],[-120.59492,47.33634]]],[[[-120.59471,47.33593],[-120.59475,47.33591],[-120.59472,47.33593],[-120.59471,47.33593]]],[[[-120.59105,47.33904],[-120.59104,47.33906],[-120.59099,47.33904],[-120.59105,47.33904]]],[[[-120.59104,47.33906],[-120.59109,47.33913],[-120.59105,47.33913],[-120.59104,47.33906]]],[[[-120.59105,47.33904],[-120.59105,47.33904],[-120.59105,47.33904],[-120.59105,47.33904]]],[[[-120.59112,47.3392],[-120.5911,47.33923],[-120.59109,47.33917],[-120.59112,47.3392]]],[[[-120.59118,47.3392],[-120.59118,47.33921],[-120.59118,47.3392],[-120.59118,47.3392]]],[[[-120.59118,47.3392],[-120.59118,47.3392],[-120.59121,47.33923],[-120.59118,47.3392]]],[[[-120.59118,47.3392],[-120.59117,47.33919],[-120.59117,47.33919],[-120.59118,47.3392]]],[[[-120.59117,47.33919],[-120.59116,47.33918],[-120.59117,47.33917],[-120.59117,47.33919]]],[[[-120.59116,47.33918],[-120.59116,47.33918],[-120.59116,47.33918],[-120.59116,47.33918]]],[[[-120.59116,47.33918],[-120.59115,47.33918],[-120.59115,47.33918],[-120.59116,47.33918]]],[[[-120.59115,47.33918],[-120.59116,47.33922],[-120.59112,47.33921],[-120.59115,47.33918]]],[[[-120.59116,47.33922],[-120.59118,47.33921],[-120.59115,47.33923],[-120.59116,47.33922]]],[[[-120.59117,47.33917],[-120.59117,47.33917],[-120.59119,47.33916],[-120.59117,47.33917]]],[[[-120.59117,47.33917],[-120.59115,47.33918],[-120.59112,47.33917],[-120.59117,47.33917]]],[[[-120.59115,47.33918],[-120.59113,47.3392],[-120.59113,47.33919],[-120.59115,47.33918]]],[[[-120.59113,47.33919],[-120.59112,47.33919],[-120.59111,47.33917],[-120.59113,47.33919]]],[[[-120.59118,47.3392],[-120.59118,47.33918],[-120.59119,47.3392],[-120.59118,47.3392]]],[[[-120.59118,47.33918],[-120.59118,47.33918],[-120.59118,47.33918],[-120.59118,47.33918]]],[[[-120.59152,47.33923],[-120.59152,47.33925],[-120.59146,47.33923],[-120.59152,47.33923]]],[[[-120.59148,47.33915],[-120.59152,47.33917],[-120.59147,47.33915],[-120.59148,47.33915]]],[[[-120.59156,47.33918],[-120.59148,47.33912],[-120.5916,47.33917],[-120.59156,47.33918]]],[[[-120.59152,47.33919],[-120.59152,47.33921],[-120.5915,47.3392],[-120.59152,47.33919]]],[[[-120.59152,47.33919],[-120.59152,47.33917],[-120.59153,47.33918],[-120.59152,47.33919]]],[[[-120.59152,47.33917],[-120.59152,47.33917],[-120.59152,47.33917],[-120.59152,47.33917]]],[[[-120.59183,47.33892],[-120.59187,47.33893],[-120.59183,47.33896],[-120.59183,47.33892]]],[[[-120.59184,47.33889],[-120.59184,47.3389],[-120.59183,47.3389],[-120.59184,47.33889]]],[[[-120.59488,47.33636],[-120.59489,47.33636],[-120.59488,47.33636],[-120.59488,47.33636]]],[[[-120.59489,47.33636],[-120.59489,47.33636],[-120.59489,47.33636],[-120.59489,47.33636]]],[[[-120.59491,47.33638],[-120.5949,47.33639],[-120.59489,47.33637],[-120.59489,47.33637],[-120.59491,47.33638]]],[[[-120.5949,47.33639],[-120.5949,47.3364],[-120.59488,47.33639],[-120.5949,47.33639]]],[[[-120.59491,47.33636],[-120.59491,47.33636],[-120.59488,47.33635],[-120.59491,47.33636]]],[[[-120.59493,47.33641],[-120.59492,47.33641],[-120.59492,47.33641],[-120.59493,47.33641]]],[[[-120.59492,47.33641],[-120.59492,47.33642],[-120.59492,47.33641],[-120.59492,47.33641]]],[[[-120.59496,47.33638],[-120.59501,47.33641],[-120.59495,47.33638],[-120.59496,47.33638]]],[[[-120.59559,47.33812],[-120.59558,47.33814],[-120.59555,47.33815],[-120.59559,47.33812]]],[[[-120.59558,47.33814],[-120.59559,47.33813],[-120.59558,47.33814],[-120.59558,47.33814]]]]},"bbox":[-120.59577,47.33591,-120.59093,47.33925]},{"type":"Feature","id":27987,"properties":{"y":2024,"n":"2620 Road","ag":"USFS","ac":398.3,"c":14,"cl":"Unknown","ad":"2024-10-10","cd":"","st":"WA","se":3},"geometry":{"type":"Polygon","coordinates":[[[-122.98423,47.68354],[-122.97076,47.68786],[-122.97088,47.69218],[-122.96655,47.69576],[-122.96121,47.69287],[-122.96539,47.67991],[-122.9792,47.67851],[-122.98423,47.68354]]]},"bbox":[-122.98423,47.67813,-122.9612,47.69576]},{"type":"Feature","id":27988,"properties":{"y":2024,"n":"South Fork","ag":"USFS","ac":27.2,"c":14,"cl":"Unknown","ad":"2024-11-19","cd":"","st":"WA","se":3},"geometry":{"type":"MultiPolygon","coordinates":[[[[-121.19341,46.60254],[-121.18837,46.60179],[-121.18672,46.60046],[-121.19244,46.59985],[-121.19341,46.60254]]],[[[-121.1934,46.60272],[-121.19339,46.60261],[-121.19342,46.60266],[-121.1934,46.60272]]]]},"bbox":[-121.19419,46.59963,-121.18672,46.60272]},{"type":"Feature","id":27989,"properties":{"y":2024,"n":"Gee Lake","ag":"USFS","ac":40.0,"c":14,"cl":"Unknown","ad":"2024-12-19","cd":"","st":"WA","se":4},"geometry":{"type":"Polygon","coordinates":[[[-121.80846,48.41049],[-121.81045,48.40607],[-121.80862,48.40626],[-121.80794,48.40878],[-121.80492,48.41032],[-121.80438,48.41044],[-121.80194,48.41033],[-121.80059,48.40997],[-121.80307,48.40902],[-121.80383,48.41029],[-121.80566,48.40991],[-121.80747,48.40781],[-121.80521,48.40571],[-121.81035,48.40422],[-121.81104,48.40989],[-121.80846,48.41049]]]},"bbox":[-121.81147,48.40407,-121.80059,48.41093]},{"type":"Feature","id":27990,"properties":{"y":2024,"n":"Lodgepole","ag":"USFS","ac":39.0,"c":14,"cl":"Unknown","ad":"2024-11-19","cd":"","st":"WA","se":3},"geometry":{"type":"Polygon","coordinates":[[[-121.39428,46.91695],[-121.39207,46.92222],[-121.39083,46.91737],[-121.39428,46.91695]]]},"bbox":[-121.39513,46.9165,-121.39033,46.92222]},{"type":"Feature","id":27991,"properties":{"y":2024,"n":"Flat Creek","ag":"USFS","ac":42.7,"c":14,"cl":"Unknown","ad":"2024-11-19","cd":"","st":"WA","se":3},"geometry":{"type":"MultiPolygon","coordinates":[[[[-120.95921,48.40735],[-120.95869,48.40682],[-120.95907,48.40686],[-120.95921,48.40735]]],[[[-120.96295,48.40793],[-120.96032,48.4044],[-120.96758,48.40631],[-120.96295,48.40793]]],[[[-120.96143,48.41271],[-120.96334,48.41045],[-120.96423,48.41157],[-120.96143,48.41271]]],[[[-120.96239,48.40884],[-120.96266,48.40878],[-120.9626,48.40899],[-120.96239,48.40884]]]]},"bbox":[-120.96758,48.4044,-120.95869,48.41271]},{"type":"Feature","id":27992,"properties":{"y":2024,"n":"Upper Ruby","ag":"USFS","ac":279.9,"c":14,"cl":"Unknown","ad":"2024-11-15","cd":"","st":"WA","se":3},"geometry":{"type":"MultiPolygon","coordinates":[[[[-117.47833,48.56047],[-117.46491,48.56172],[-117.46002,48.5586],[-117.46234,48.55788],[-117.46447,48.55165],[-117.47111,48.54914],[-117.47511,48.55203],[-117.47427,48.55816],[-117.47833,48.56047]]],[[[-117.46261,48.55467],[-117.46249,48.55452],[-117.46259,48.55454],[-117.46261,48.55467]]]]},"bbox":[-117.47833,48.54914,-117.46002,48.56224]},{"type":"Feature","id":27993,"properties":{"y":2024,"n":"Cougar Creek","ag":"USFS","ac":24091.0,"c":14,"cl":"Unknown","ad":"2024-11-19","cd":"","st":"WA","se":3},"geometry":{"type":"MultiPolygon","coordinates":[[[[-117.45303,46.06298],[-117.46396,46.07142],[-117.46222,46.08431],[-117.46496,46.08692],[-117.44777,46.09997],[-117.46429,46.1239],[-117.45441,46.13679],[-117.42081,46.13579],[-117.35366,46.11128],[-117.34633,46.11409],[-117.34187,46.10417],[-117.35279,46.07416],[-117.34996,46.06091],[-117.3395,46.06375],[-117.31984,46.05448],[-117.3093,46.0405],[-117.31531,46.03908],[-117.31661,46.03309],[-117.32703,46.03337],[-117.32827,46.02753],[-117.33356,46.02685],[-117.33704,46.02731],[-117.33973,46.03251],[-117.34157,46.03009],[-117.34433,46.03163],[-117.337,46.04137],[-117.34103,46.04312],[-117.34805,46.03977],[-117.34927,46.03379],[-117.36389,46.02827],[-117.36596,46.02393],[-117.36198,46.02136],[-117.3678,46.02045],[-117.3562,46.00839],[-117.36524,46.01031],[-117.37952,46.02913],[-117.38791,46.02982],[-117.38838,46.03219],[-117.39246,46.03357],[-117.39212,46.02611],[-117.39873,46.02377],[-117.39684,46.02008],[-117.40053,46.01639],[-117.39761,46.01542],[-117.40214,46.0125],[-117.40471,46.01809],[-117.40302,46.02313],[-117.41025,46.03242],[-117.40573,46.03418],[-117.40559,46.03741],[-117.40865,46.03549],[-117.41094,46.03858],[-117.42741,46.03898],[-117.43043,46.04358],[-117.43499,46.04125],[-117.44884,46.04392],[-117.45586,46.04918],[-117.45357,46.05137],[-117.45748,46.05544],[-117.45485,46.05977],[-117.45723,46.06309],[-117.45303,46.06298]],[[-117.34406,46.10858],[-117.34406,46.10858],[-117.34404,46.10862],[-117.34406,46.10858]]],[[[-117.33854,46.09903],[-117.33801,46.09914],[-117.33813,46.09902],[-117.33854,46.09903]]],[[[-117.33864,46.10086],[-117.33877,46.10094],[-117.3387,46.10092],[-117.33864,46.10086]]],[[[-117.39025,46.03203],[-117.39036,46.03224],[-117.3902,46.03217],[-117.39025,46.03203]]],[[[-117.46639,46.08713],[-117.46521,46.08673],[-117.46547,46.08593],[-117.46639,46.08713]]]]},"bbox":[-117.46639,46.00839,-117.3093,46.1371]},{"type":"Feature","id":27994,"properties":{"y":2024,"n":"Easy","ag":"USFS","ac":2130.4,"c":14,"cl":"Unknown","ad":"2025-01-13","cd":"","st":"WA","se":4},"geometry":{"type":"MultiPolygon","coordinates":[[[[-120.74017,48.57819],[-120.73631,48.57523],[-120.73885,48.57382],[-120.74017,48.57819]]],[[[-120.73774,48.57328],[-120.73865,48.57275],[-120.73885,48.57295],[-120.73774,48.57328]]],[[[-120.81033,48.60933],[-120.7858,48.60958],[-120.78434,48.60284],[-120.78979,48.59973],[-120.78157,48.60215],[-120.78013,48.60199],[-120.77984,48.59737],[-120.76403,48.5859],[-120.77416,48.5803],[-120.76522,48.58043],[-120.77375,48.57815],[-120.76941,48.57403],[-120.75442,48.56936],[-120.75292,48.57243],[-120.74746,48.57221],[-120.74721,48.57855],[-120.74109,48.57731],[-120.74027,48.57563],[-120.74266,48.57602],[-120.74399,48.5739],[-120.74033,48.57324],[-120.74872,48.5694],[-120.74788,48.56705],[-120.75401,48.56898],[-120.75363,48.56632],[-120.75905,48.56529],[-120.77728,48.56838],[-120.77759,48.57795],[-120.79012,48.58077],[-120.79508,48.58821],[-120.80311,48.59086],[-120.80455,48.59646],[-120.81166,48.60288],[-120.81033,48.60933]],[[-120.75225,48.56943],[-120.75229,48.56927],[-120.75205,48.56939],[-120.75225,48.56943]],[[-120.77397,48.58735],[-120.78437,48.58707],[-120.77162,48.58545],[-120.77397,48.58735]],[[-120.7857,48.59137],[-120.79091,48.59082],[-120.79344,48.59055],[-120.7857,48.59137]]],[[[-120.74261,48.57523],[-120.74281,48.57463],[-120.74322,48.57483],[-120.74261,48.57523]]]]},"bbox":[-120.81166,48.56526,-120.73611,48.61166]},{"type":"Feature","id":27995,"properties":{"y":2024,"n":"Gold Creek","ag":"USFS","ac":278.3,"c":14,"cl":"Unknown","ad":"2024-12-19","cd":"","st":"WA","se":4},"geometry":{"type":"Polygon","coordinates":[[[-120.13302,48.20332],[-120.12387,48.20178],[-120.12872,48.1954],[-120.12558,48.1949],[-120.12353,48.18828],[-120.12746,48.18692],[-120.136,48.19402],[-120.13262,48.19741],[-120.1349,48.19958],[-120.13302,48.20332]]]},"bbox":[-120.136,48.18692,-120.12353,48.20466]},{"type":"Feature","id":27996,"properties":{"y":2024,"n":"Sulphur Thirty-Four","ag":"USFS","ac":310.0,"c":14,"cl":"Unknown","ad":"2024-12-20","cd":"","st":"WA","se":4},"geometry":{"type":"Polygon","coordinates":[[[-121.11627,48.22335],[-121.11157,48.2253],[-121.1156,48.22699],[-121.11297,48.22927],[-121.1048,48.22753],[-121.09991,48.225],[-121.09912,48.21877],[-121.104,48.21502],[-121.10859,48.21934],[-121.11514,48.21934],[-121.11627,48.22335]]]},"bbox":[-121.11627,48.2148,-121.09867,48.22927]},{"type":"Feature","id":27997,"properties":{"y":2024,"n":"Miners","ag":"USFS","ac":13.8,"c":14,"cl":"Unknown","ad":"2024-12-19","cd":"","st":"WA","se":4},"geometry":{"type":"Polygon","coordinates":[[[-121.03169,48.20537],[-121.02957,48.20682],[-121.02709,48.2064],[-121.0286,48.20466],[-121.03169,48.20537]]]},"bbox":[-121.03188,48.20457,-121.02709,48.20682]},{"type":"Feature","id":27998,"properties":{"y":2024,"n":"Horsethief","ag":"USFS","ac":262.5,"c":14,"cl":"Unknown","ad":"2024-10-25","cd":"","st":"WA","se":3},"geometry":{"type":"MultiPolygon","coordinates":[[[[-121.12164,45.64031],[-121.13365,45.64995],[-121.12597,45.64922],[-121.124,45.64855],[-121.12344,45.64817],[-121.11679,45.64632],[-121.11493,45.64708],[-121.11473,45.6471],[-121.11421,45.6471],[-121.11343,45.64695],[-121.11067,45.64705],[-121.10622,45.64372],[-121.11162,45.64534],[-121.10796,45.64308],[-121.12164,45.64031]],[[-121.11476,45.64708],[-121.11472,45.64707],[-121.11473,45.64709],[-121.11476,45.64708]],[[-121.12385,45.64838],[-121.1238,45.64837],[-121.12381,45.64838],[-121.12385,45.64838]]],[[[-121.11925,45.6472],[-121.11923,45.64719],[-121.11924,45.6472],[-121.11925,45.6472]]],[[[-121.12343,45.64817],[-121.12341,45.64819],[-121.1234,45.64817],[-121.12343,45.64817]]],[[[-121.1234,45.64817],[-121.12339,45.64817],[-121.1234,45.64817],[-121.1234,45.64817]]],[[[-121.12372,45.64839],[-121.12373,45.64839],[-121.12369,45.64839],[-121.12372,45.64839]]],[[[-121.1308,45.6462],[-121.1308,45.6462],[-121.13078,45.64622],[-121.1308,45.6462]]],[[[-121.13091,45.64614],[-121.13093,45.64614],[-121.13083,45.64618],[-121.13091,45.64614]]],[[[-121.13092,45.64611],[-121.13094,45.64611],[-121.13093,45.64612],[-121.13092,45.64611]]],[[[-121.1312,45.64595],[-121.13118,45.64596],[-121.13097,45.64608],[-121.13112,45.64597],[-121.1312,45.64595]]],[[[-121.13127,45.64594],[-121.13123,45.64596],[-121.1313,45.64591],[-121.13127,45.64594]]]]},"bbox":[-121.13373,45.64006,-121.10622,45.6501]},{"type":"Feature","id":27999,"properties":{"y":2024,"n":"Little Wenatchee","ag":"USFS","ac":156.4,"c":14,"cl":"Unknown","ad":"2024-11-18","cd":"","st":"WA","se":3},"geometry":{"type":"Polygon","coordinates":[[[-121.06736,47.92337],[-121.08156,47.92008],[-121.08354,47.92563],[-121.06736,47.92337]]]},"bbox":[-121.08442,47.91937,-121.06736,47.92574]},{"type":"Feature","id":28000,"properties":{"y":2024,"n":"Dolly Creek","ag":"USFS","ac":34.1,"c":14,"cl":"Unknown","ad":"2024-12-19","cd":"","st":"WA","se":4},"geometry":{"type":"Polygon","coordinates":[[[-121.08262,48.19407],[-121.07678,48.19427],[-121.07548,48.19171],[-121.07955,48.19141],[-121.08262,48.19407]]]},"bbox":[-121.08289,48.19111,-121.07548,48.19452]},{"type":"Feature","id":28001,"properties":{"y":2024,"n":"Upper Sulphur Thirty-Two","ag":"USFS","ac":711.3,"c":14,"cl":"Unknown","ad":"2024-12-20","cd":"","st":"WA","se":4},"geometry":{"type":"Polygon","coordinates":[[[-121.13521,48.23218],[-121.1197,48.23047],[-121.12427,48.22371],[-121.13119,48.22171],[-121.14306,48.22534],[-121.1534,48.23509],[-121.15162,48.2471],[-121.13521,48.23218]]]},"bbox":[-121.15412,48.22166,-121.11963,48.24748]},{"type":"Feature","id":28002,"properties":{"y":2017,"n":"Jolly Mountain","ag":"USFS","ac":36817.4,"c":14,"cl":"Unknown","ad":"2017-08-11","cd":"","st":"WA","se":2},"geometry":{"type":"MultiPolygon","coordinates":[[[[-121.08625,47.39628],[-121.07917,47.39113],[-121.05848,47.38851],[-121.05156,47.39077],[-121.04235,47.38687],[-121.02725,47.39327],[-121.02095,47.3929],[-121.0197,47.38709],[-121.02597,47.3845],[-121.02361,47.38427],[-121.02492,47.38231],[-121.01407,47.381],[-121.01081,47.37613],[-121.0057,47.37511],[-121.00724,47.37203],[-121.00054,47.37173],[-120.9997,47.37089],[-121.00278,47.36967],[-121.00187,47.36772],[-121.001,47.36873],[-120.9994,47.36858],[-121.00311,47.36358],[-120.99861,47.36572],[-121.00138,47.36168],[-121.00666,47.36181],[-121.00768,47.35944],[-121.00353,47.35673],[-121.00798,47.3561],[-121.00537,47.3522],[-121.00794,47.34889],[-121.00547,47.34916],[-121.00929,47.34725],[-121.01106,47.34061],[-121.01609,47.33915],[-121.01397,47.334],[-121.00738,47.33989],[-121.0049,47.33693],[-120.99996,47.33833],[-120.9987,47.3403],[-121.00428,47.34101],[-121.00238,47.34389],[-120.99223,47.34103],[-120.99415,47.33931],[-120.98429,47.34],[-120.97773,47.34392],[-120.98231,47.34451],[-120.98113,47.34774],[-120.98716,47.34782],[-120.98097,47.35133],[-120.98134,47.35372],[-120.98776,47.35181],[-120.98452,47.35706],[-120.97385,47.35527],[-120.96703,47.3438],[-120.96322,47.34323],[-120.96646,47.34616],[-120.96467,47.35024],[-120.9609,47.34283],[-120.95201,47.34786],[-120.94437,47.34363],[-120.93968,47.3451],[-120.93972,47.34245],[-120.93615,47.34757],[-120.9373,47.34796],[-120.94045,47.34616],[-120.94644,47.35065],[-120.94118,47.3506],[-120.94168,47.35181],[-120.94928,47.35142],[-120.94935,47.3565],[-120.95837,47.36238],[-120.95017,47.36983],[-120.93864,47.3676],[-120.93464,47.37176],[-120.92766,47.36979],[-120.91129,47.37216],[-120.91534,47.3706],[-120.91213,47.36928],[-120.92062,47.36822],[-120.91288,47.36645],[-120.91519,47.36301],[-120.91291,47.36138],[-120.91095,47.36754],[-120.90412,47.36508],[-120.90576,47.37342],[-120.89121,47.38094],[-120.8869,47.3808],[-120.87823,47.37414],[-120.882,47.37278],[-120.85478,47.35833],[-120.84918,47.34641],[-120.85963,47.33528],[-120.85642,47.33298],[-120.8571,47.31798],[-120.8653,47.31843],[-120.87406,47.31241],[-120.87429,47.30869],[-120.88647,47.3083],[-120.89183,47.3032],[-120.90672,47.30199],[-120.90595,47.29844],[-120.90912,47.29839],[-120.90697,47.29354],[-120.92018,47.29452],[-120.93553,47.2895],[-120.93715,47.28649],[-120.95237,47.28853],[-120.95898,47.29314],[-120.95949,47.29881],[-120.96359,47.29734],[-120.9663,47.29357],[-120.98317,47.28823],[-121.00238,47.2932],[-121.00718,47.29219],[-121.0055,47.28906],[-121.00957,47.28774],[-121.01819,47.293],[-121.0261,47.2936],[-121.02651,47.29619],[-121.0417,47.29582],[-121.05504,47.29941],[-121.06078,47.29656],[-121.0733,47.3024],[-121.08366,47.29335],[-121.09095,47.30656],[-121.09633,47.30581],[-121.09274,47.31976],[-121.09513,47.32233],[-121.09079,47.3236],[-121.09055,47.32792],[-121.09722,47.33287],[-121.10556,47.33057],[-121.10641,47.33254],[-121.10243,47.34094],[-121.10449,47.35704],[-121.09982,47.37057],[-121.09099,47.37519],[-121.09131,47.38436],[-121.08255,47.38992],[-121.0852,47.39503],[-121.09428,47.39125],[-121.08625,47.39628]],[[-120.87469,47.33741],[-120.85944,47.33961],[-120.86113,47.34408],[-120.86385,47.3435],[-120.86203,47.34469],[-120.86276,47.3467],[-120.86809,47.34251],[-120.87257,47.34622],[-120.87975,47.34683],[-120.87905,47.34329],[-120.87382,47.34485],[-120.87178,47.34189],[-120.88316,47.34301],[-120.89007,47.341],[-120.87742,47.34015],[-120.87469,47.33741]],[[-120.86242,47.33646],[-120.86363,47.33801],[-120.86356,47.33604],[-120.86242,47.33646]],[[-120.86459,47.33285],[-120.86438,47.33389],[-120.86536,47.33357],[-120.86459,47.33285]],[[-120.86623,47.36182],[-120.86496,47.36098],[-120.86446,47.36151],[-120.86623,47.36182]],[[-120.86679,47.3347],[-120.86907,47.3338],[-120.86581,47.33353],[-120.86679,47.3347]],[[-120.86983,47.33379],[-120.8711,47.33613],[-120.8709,47.33402],[-120.86983,47.33379]],[[-120.88224,47.33573],[-120.87871,47.33223],[-120.87565,47.33586],[-120.87194,47.33476],[-120.87186,47.33542],[-120.87696,47.33774],[-120.88224,47.33573]],[[-120.87292,47.33394],[-120.87187,47.33433],[-120.87324,47.33427],[-120.87292,47.33394]],[[-120.87915,47.33063],[-120.88283,47.33261],[-120.88376,47.332],[-120.87915,47.33063]],[[-120.88006,47.34593],[-120.88012,47.34589],[-120.88011,47.34589],[-120.88006,47.34593]],[[-120.89468,47.34451],[-120.89007,47.34292],[-120.88789,47.3459],[-120.88014,47.34588],[-120.88712,47.34941],[-120.89468,47.34451]],[[-120.88572,47.33051],[-120.88438,47.33148],[-120.88606,47.33082],[-120.88572,47.33051]],[[-120.88718,47.33865],[-120.88638,47.33847],[-120.88642,47.3391],[-120.88718,47.33865]],[[-120.88832,47.33304],[-120.88854,47.33427],[-120.88901,47.33393],[-120.88832,47.33304]],[[-120.89076,47.33843],[-120.88977,47.3379],[-120.88969,47.33815],[-120.89076,47.33843]],[[-120.89418,47.37632],[-120.89184,47.37646],[-120.89088,47.37791],[-120.89296,47.37817],[-120.89418,47.37632]],[[-120.90882,47.33855],[-120.89603,47.34212],[-120.89565,47.34583],[-120.89977,47.34278],[-120.90139,47.34409],[-120.90658,47.34117],[-120.92196,47.34197],[-120.91107,47.34138],[-120.90882,47.33855]],[[-120.90326,47.36902],[-120.90168,47.36889],[-120.90152,47.36918],[-120.90326,47.36902]],[[-120.90501,47.34389],[-120.90539,47.34443],[-120.90568,47.34377],[-120.90501,47.34389]],[[-120.91597,47.36391],[-120.91592,47.36548],[-120.91705,47.36496],[-120.91597,47.36391]],[[-120.92334,47.36733],[-120.92296,47.36703],[-120.92166,47.36809],[-120.92334,47.36733]],[[-120.92839,47.36967],[-120.92764,47.36896],[-120.92748,47.36925],[-120.92839,47.36967]],[[-120.92959,47.36715],[-120.92923,47.36794],[-120.92985,47.36755],[-120.92959,47.36715]],[[-120.94071,47.34247],[-120.93992,47.34233],[-120.94037,47.34273],[-120.94071,47.34247]],[[-120.94798,47.34444],[-120.94664,47.34403],[-120.9473,47.34514],[-120.94798,47.34444]],[[-120.95249,47.34422],[-120.95106,47.34439],[-120.95084,47.34489],[-120.95249,47.34422]],[[-120.95362,47.34397],[-120.9534,47.34439],[-120.95426,47.34415],[-120.95362,47.34397]],[[-120.96871,47.34449],[-120.96771,47.34448],[-120.96929,47.34535],[-120.96871,47.34449]],[[-120.9992,47.33401],[-120.99715,47.33127],[-121.00033,47.33113],[-120.99767,47.32944],[-120.99956,47.32937],[-120.99934,47.32742],[-120.99513,47.33016],[-120.99114,47.32626],[-120.98826,47.32779],[-120.98849,47.33135],[-120.98626,47.32918],[-120.98223,47.3287],[-120.97945,47.32951],[-120.98259,47.32973],[-120.98012,47.33126],[-120.98316,47.33492],[-120.99067,47.33198],[-120.99469,47.33315],[-120.99167,47.3344],[-120.9922,47.33511],[-120.9992,47.33401]],[[-120.99768,47.33883],[-120.99597,47.33874],[-120.99821,47.34038],[-120.99768,47.33883]],[[-121.00228,47.37116],[-121.00196,47.37142],[-121.00262,47.3712],[-121.00228,47.37116]],[[-121.00499,47.36445],[-121.00531,47.36474],[-121.00569,47.36481],[-121.00499,47.36445]],[[-121.00562,47.36263],[-121.0078,47.3628],[-121.00842,47.36193],[-121.00562,47.36263]],[[-121.008,47.37456],[-121.01262,47.37344],[-121.00821,47.37368],[-121.008,47.37456]],[[-121.00825,47.37336],[-121.00947,47.37305],[-121.00805,47.37289],[-121.00825,47.37336]],[[-121.00814,47.35795],[-121.00987,47.3588],[-121.01154,47.35768],[-121.00814,47.35795]],[[-121.0206,47.29872],[-121.02121,47.29825],[-121.01982,47.2984],[-121.0206,47.29872]],[[-121.04932,47.34632],[-121.04799,47.34535],[-121.04824,47.34675],[-121.04932,47.34632]],[[-121.05026,47.34469],[-121.05119,47.34509],[-121.05127,47.34387],[-121.05026,47.34469]],[[-121.05355,47.38891],[-121.05139,47.38853],[-121.0512,47.3893],[-121.05355,47.38891]],[[-121.05197,47.34415],[-121.05639,47.34619],[-121.0529,47.3439],[-121.05197,47.34415]],[[-121.05623,47.38131],[-121.05936,47.3798],[-121.05996,47.37742],[-121.05668,47.3762],[-121.05557,47.37411],[-121.05419,47.37377],[-121.0526,47.37781],[-121.05859,47.37912],[-121.05623,47.38131]],[[-121.05334,47.34697],[-121.05317,47.34686],[-121.05319,47.34704],[-121.05334,47.34697]],[[-121.06073,47.371],[-121.06224,47.36869],[-121.05656,47.36599],[-121.05513,47.36927],[-121.06073,47.371]],[[-121.05588,47.36571],[-121.0574,47.36557],[-121.05628,47.36366],[-121.05588,47.36571]],[[-121.05922,47.35244],[-121.06361,47.35106],[-121.05886,47.35057],[-121.05922,47.35244]],[[-121.06256,47.34766],[-121.05936,47.34598],[-121.05919,47.34704],[-121.06256,47.34766]],[[-121.06892,47.36299],[-121.07337,47.35809],[-121.06627,47.35819],[-121.0633,47.35425],[-121.05969,47.35648],[-121.06338,47.35685],[-121.06203,47.36124],[-121.06892,47.36299]],[[-121.06015,47.34991],[-121.06155,47.35025],[-121.06103,47.34898],[-121.06015,47.34991]],[[-121.06161,47.32052],[-121.06371,47.31972],[-121.06855,47.31668],[-121.06911,47.31373],[-121.06067,47.31831],[-121.06161,47.32052]],[[-121.0623,47.3792],[-121.06094,47.38],[-121.06332,47.37972],[-121.0623,47.3792]],[[-121.06356,47.34382],[-121.0656,47.34368],[-121.06281,47.34278],[-121.06356,47.34382]],[[-121.06399,47.34198],[-121.06484,47.34263],[-121.06542,47.34091],[-121.06399,47.34198]],[[-121.06653,47.34545],[-121.06467,47.34576],[-121.0661,47.34623],[-121.06653,47.34545]],[[-121.06898,47.34305],[-121.06508,47.34261],[-121.06743,47.34435],[-121.06898,47.34305]],[[-121.06738,47.3133],[-121.06872,47.31228],[-121.06877,47.31193],[-121.06738,47.3133]],[[-121.06747,47.34997],[-121.0695,47.35151],[-121.07283,47.35083],[-121.0697,47.34751],[-121.06747,47.34997]],[[-121.06828,47.34465],[-121.06862,47.34549],[-121.06938,47.34507],[-121.06828,47.34465]],[[-121.06949,47.30812],[-121.07236,47.31288],[-121.07077,47.31014],[-121.0736,47.30769],[-121.07137,47.30673],[-121.06949,47.30812]],[[-121.07377,47.33678],[-121.07083,47.33743],[-121.07206,47.34031],[-121.07377,47.33678]],[[-121.07685,47.31463],[-121.07274,47.31667],[-121.07409,47.31745],[-121.07685,47.31463]],[[-121.07594,47.34982],[-121.07522,47.35122],[-121.0767,47.3518],[-121.07594,47.34982]]],[[[-120.87122,47.3427],[-120.87146,47.34252],[-120.87154,47.34268],[-120.87122,47.3427]]],[[[-120.88278,47.33211],[-120.883,47.33195],[-120.88308,47.33212],[-120.88278,47.33211]]],[[[-120.88279,47.34167],[-120.88293,47.34133],[-120.88308,47.34162],[-120.88279,47.34167]]],[[[-120.90548,47.34146],[-120.90593,47.34056],[-120.90587,47.34153],[-120.90548,47.34146]]],[[[-120.90758,47.36778],[-120.90648,47.3674],[-120.90868,47.36683],[-120.90758,47.36778]]],[[[-120.90877,47.3709],[-120.90777,47.36863],[-120.91048,47.36958],[-120.90877,47.3709]]],[[[-120.91149,47.3689],[-120.91105,47.36901],[-120.91104,47.36891],[-120.91149,47.3689]]],[[[-120.9368,47.34749],[-120.93715,47.34745],[-120.9371,47.34764],[-120.9368,47.34749]]],[[[-120.93966,47.37164],[-120.93864,47.37003],[-120.94029,47.37093],[-120.93966,47.37164]]],[[[-120.94216,47.36958],[-120.9424,47.36935],[-120.94248,47.36955],[-120.94216,47.36958]]],[[[-120.94312,47.34466],[-120.9439,47.34521],[-120.94297,47.34502],[-120.94312,47.34466]]],[[[-120.94478,47.34674],[-120.94502,47.34643],[-120.94538,47.34643],[-120.94478,47.34674]]],[[[-120.94649,47.37085],[-120.94672,47.37038],[-120.94694,47.37076],[-120.94649,47.37085]]],[[[-120.94662,47.37171],[-120.94702,47.37127],[-120.9472,47.37153],[-120.94662,47.37171]]],[[[-120.96235,47.296],[-120.96394,47.29573],[-120.96238,47.29611],[-120.96235,47.296]]],[[[-120.99688,47.38869],[-120.98943,47.3897],[-120.98097,47.38964],[-120.99302,47.38627],[-120.99688,47.38869]]],[[[-120.98862,47.36819],[-120.98468,47.36631],[-120.99078,47.3635],[-120.98862,47.36819]]],[[[-120.98643,47.34109],[-120.98669,47.34125],[-120.98641,47.34139],[-120.98643,47.34109]]],[[[-120.98807,47.34842],[-120.98733,47.34843],[-120.98779,47.34771],[-120.98807,47.34842]]],[[[-120.99095,47.32934],[-120.9894,47.32832],[-120.99035,47.32813],[-120.99095,47.32934]]],[[[-120.98981,47.36621],[-120.98979,47.36602],[-120.98988,47.36613],[-120.98981,47.36621]]],[[[-120.99039,47.38189],[-120.99114,47.38159],[-120.99134,47.38178],[-120.99039,47.38189]]],[[[-120.99102,47.37926],[-120.99595,47.37746],[-120.99628,47.3778],[-120.99304,47.37987],[-120.99102,47.37926]]],[[[-120.99187,47.32823],[-120.99117,47.32751],[-120.99205,47.32775],[-120.99187,47.32823]]],[[[-120.99438,47.36595],[-120.99159,47.36277],[-120.99732,47.35969],[-120.99693,47.36497],[-120.99438,47.36595]],[[-120.99391,47.36359],[-120.99343,47.36327],[-120.99305,47.36373],[-120.99391,47.36359]]],[[[-120.99707,47.36482],[-120.99749,47.36455],[-120.99736,47.36498],[-120.99707,47.36482]]],[[[-120.99739,47.33269],[-120.99762,47.33219],[-120.99765,47.33257],[-120.99739,47.33269]]],[[[-120.99749,47.34314],[-120.99773,47.34276],[-120.99799,47.34291],[-120.99749,47.34314]]],[[[-121.00662,47.38862],[-121.00272,47.3868],[-121.00407,47.3842],[-121.00049,47.38571],[-121.00508,47.38277],[-120.99772,47.3814],[-120.99825,47.37661],[-121.01251,47.37881],[-121.00817,47.38356],[-121.01572,47.38532],[-121.01665,47.38675],[-121.01079,47.38547],[-121.00662,47.38862]]],[[[-120.99857,47.36666],[-120.99776,47.36582],[-120.99892,47.3659],[-120.99857,47.36666]]],[[[-120.9989,47.35216],[-120.9985,47.35188],[-120.99932,47.35206],[-120.9989,47.35216]]],[[[-120.99869,47.36674],[-121.00003,47.36639],[-120.9991,47.36722],[-120.99869,47.36674]]],[[[-120.9987,47.36751],[-120.99886,47.36738],[-120.99874,47.36753],[-120.9987,47.36751]]],[[[-120.99871,47.36793],[-120.99906,47.36798],[-120.99886,47.36812],[-120.99871,47.36793]]],[[[-121.00172,47.34519],[-121.00032,47.3464],[-120.99949,47.34555],[-121.00172,47.34519]]],[[[-121.00012,47.36926],[-121.00015,47.36915],[-121.00022,47.36918],[-121.00012,47.36926]]],[[[-121.00066,47.33926],[-121.00088,47.33896],[-121.00107,47.33905],[-121.00066,47.33926]]],[[[-121.00069,47.34432],[-121.00092,47.34422],[-121.00095,47.34437],[-121.00069,47.34432]]],[[[-121.0008,47.33873],[-121.001,47.33862],[-121.00105,47.33866],[-121.0008,47.33873]]],[[[-121.00099,47.36914],[-121.00093,47.36904],[-121.00109,47.36908],[-121.00099,47.36914]]],[[[-121.00289,47.34777],[-121.00352,47.34738],[-121.00366,47.34744],[-121.00289,47.34777]]],[[[-121.00374,47.35748],[-121.00346,47.35716],[-121.00383,47.35722],[-121.00374,47.35748]]],[[[-121.00403,47.37398],[-121.00407,47.37377],[-121.00426,47.37377],[-121.00403,47.37398]]],[[[-121.00496,47.3614],[-121.00578,47.3607],[-121.00598,47.36151],[-121.00496,47.3614]]],[[[-121.00593,47.39268],[-121.00662,47.39246],[-121.00557,47.39319],[-121.00593,47.39268]]],[[[-121.00576,47.37293],[-121.00612,47.37258],[-121.0062,47.37286],[-121.00576,47.37293]]],[[[-121.00582,47.34049],[-121.00607,47.34003],[-121.00608,47.34014],[-121.00582,47.34049]]],[[[-121.00649,47.34243],[-121.00614,47.34215],[-121.00668,47.34236],[-121.00649,47.34243]]],[[[-121.00671,47.34525],[-121.00717,47.34514],[-121.0069,47.34544],[-121.00671,47.34525]]],[[[-121.00713,47.34221],[-121.00743,47.34148],[-121.00751,47.34213],[-121.00713,47.34221]]],[[[-121.01139,47.38748],[-121.01094,47.38723],[-121.01183,47.38731],[-121.01139,47.38748]]],[[[-121.01125,47.38911],[-121.01292,47.38684],[-121.01845,47.38867],[-121.01445,47.38807],[-121.01125,47.38911]]],[[[-121.0117,47.38714],[-121.01211,47.38685],[-121.0122,47.38692],[-121.0117,47.38714]]],[[[-121.01351,47.39027],[-121.01348,47.39044],[-121.01181,47.39041],[-121.01351,47.39027]]],[[[-121.01184,47.38663],[-121.01207,47.38646],[-121.0121,47.38652],[-121.01184,47.38663]]],[[[-121.01218,47.38684],[-121.01228,47.38669],[-121.01232,47.38674],[-121.01218,47.38684]]],[[[-121.01339,47.33619],[-121.01366,47.33589],[-121.01381,47.33622],[-121.01339,47.33619]]],[[[-121.01863,47.39199],[-121.01931,47.39132],[-121.01928,47.39195],[-121.01863,47.39199]]],[[[-121.06222,47.32005],[-121.06251,47.3199],[-121.06258,47.31996],[-121.06222,47.32005]]],[[[-121.06299,47.31978],[-121.06291,47.3194],[-121.06334,47.31957],[-121.06299,47.31978]]],[[[-121.0634,47.31903],[-121.0637,47.31875],[-121.06385,47.31905],[-121.0634,47.31903]]],[[[-121.06397,47.31829],[-121.06478,47.31814],[-121.06394,47.3184],[-121.06397,47.31829]]],[[[-121.06534,47.31669],[-121.06612,47.31665],[-121.06557,47.31707],[-121.06534,47.31669]]],[[[-121.07151,47.30761],[-121.0718,47.30752],[-121.07198,47.30776],[-121.07151,47.30761]]]]},"bbox":[-121.10641,47.28649,-120.8491,47.39635]},{"type":"Feature","id":28003,"properties":{"y":2017,"n":"American","ag":"USFS","ac":3855.5,"c":14,"cl":"Unknown","ad":"2017-08-10","cd":"","st":"WA","se":2},"geometry":{"type":"MultiPolygon","coordinates":[[[[-121.31017,46.9448],[-121.3049,46.94196],[-121.30803,46.94029],[-121.30498,46.93745],[-121.30755,46.9351],[-121.30123,46.93037],[-121.31012,46.92802],[-121.30127,46.92256],[-121.28862,46.92573],[-121.28533,46.92402],[-121.28876,46.92263],[-121.28605,46.92172],[-121.28765,46.91899],[-121.28127,46.91502],[-121.2824,46.91146],[-121.27819,46.9109],[-121.28048,46.90854],[-121.30021,46.90846],[-121.29733,46.9061],[-121.30176,46.90571],[-121.30172,46.90258],[-121.30792,46.90286],[-121.30417,46.90069],[-121.30824,46.90043],[-121.3085,46.89744],[-121.31659,46.89958],[-121.31337,46.89626],[-121.3154,46.89539],[-121.3313,46.90064],[-121.31784,46.90675],[-121.32191,46.91523],[-121.32609,46.91128],[-121.32981,46.91836],[-121.33725,46.91704],[-121.34951,46.90667],[-121.35282,46.9079],[-121.34951,46.91292],[-121.35541,46.91744],[-121.35342,46.92242],[-121.34582,46.92724],[-121.34778,46.93074],[-121.3354,46.94034],[-121.31017,46.9448]],[[-121.29808,46.9206],[-121.29648,46.92021],[-121.29631,46.92066],[-121.29808,46.9206]],[[-121.29665,46.91914],[-121.29668,46.91914],[-121.29665,46.91914],[-121.29665,46.91914]],[[-121.30055,46.92069],[-121.29794,46.91986],[-121.30016,46.92111],[-121.30055,46.92069]],[[-121.30672,46.90857],[-121.30827,46.90976],[-121.30745,46.90871],[-121.30672,46.90857]],[[-121.33224,46.92126],[-121.33203,46.92126],[-121.33218,46.92131],[-121.33224,46.92126]]],[[[-121.27898,46.91828],[-121.27881,46.91763],[-121.27972,46.91787],[-121.27898,46.91828]]],[[[-121.29406,46.90316],[-121.29521,46.9023],[-121.29525,46.90276],[-121.29406,46.90316]]],[[[-121.31716,46.94483],[-121.31853,46.94457],[-121.31872,46.94474],[-121.31716,46.94483]]],[[[-121.33296,46.91033],[-121.33531,46.91037],[-121.333,46.91069],[-121.33296,46.91033]]],[[[-121.33547,46.90588],[-121.33647,46.9048],[-121.33649,46.90543],[-121.33547,46.90588]]]]},"bbox":[-121.35541,46.89539,-121.27819,46.94496]},{"type":"Feature","id":28004,"properties":{"y":2017,"n":"Uno Peak","ag":"USFS","ac":8746.3,"c":14,"cl":"Unknown","ad":"2017-08-30","cd":"","st":"WA","se":2},"geometry":{"type":"MultiPolygon","coordinates":[[[[-120.33402,48.12109],[-120.33425,48.11885],[-120.33553,48.11997],[-120.33402,48.12109]]],[[[-120.36912,48.1545],[-120.36915,48.15228],[-120.36584,48.15291],[-120.36643,48.14979],[-120.3607,48.15263],[-120.35953,48.14743],[-120.35277,48.15187],[-120.35087,48.14546],[-120.34209,48.14236],[-120.34181,48.13793],[-120.33769,48.13828],[-120.34241,48.13413],[-120.33862,48.13218],[-120.34449,48.12982],[-120.33832,48.12123],[-120.34384,48.11873],[-120.33471,48.11787],[-120.34028,48.11504],[-120.33587,48.1139],[-120.3407,48.10522],[-120.33736,48.09828],[-120.34404,48.105],[-120.35573,48.10663],[-120.35934,48.10239],[-120.36374,48.10403],[-120.35862,48.10133],[-120.36225,48.09235],[-120.36152,48.08037],[-120.36961,48.07117],[-120.37462,48.07068],[-120.37643,48.07515],[-120.37962,48.07493],[-120.3807,48.07918],[-120.37781,48.08199],[-120.38653,48.08302],[-120.37801,48.08344],[-120.38378,48.08799],[-120.40022,48.09056],[-120.39764,48.08623],[-120.39269,48.08647],[-120.39134,48.08386],[-120.39481,48.08077],[-120.3898,48.07619],[-120.3999,48.07543],[-120.40166,48.07821],[-120.40214,48.08441],[-120.39835,48.08511],[-120.40225,48.08906],[-120.40136,48.09837],[-120.39336,48.09682],[-120.40287,48.10031],[-120.40716,48.09869],[-120.41282,48.10572],[-120.40728,48.10535],[-120.40627,48.10912],[-120.39645,48.10514],[-120.4,48.11421],[-120.39152,48.11255],[-120.38992,48.11473],[-120.39301,48.11681],[-120.40769,48.11686],[-120.4121,48.11288],[-120.40761,48.1112],[-120.41102,48.10718],[-120.41799,48.11365],[-120.42139,48.11091],[-120.42302,48.11332],[-120.42771,48.10787],[-120.4324,48.10828],[-120.43324,48.10319],[-120.44028,48.10282],[-120.44589,48.10625],[-120.44453,48.10927],[-120.43792,48.10675],[-120.44245,48.11665],[-120.45246,48.11806],[-120.4309,48.12798],[-120.41872,48.12397],[-120.41106,48.1257],[-120.41427,48.12167],[-120.41232,48.12102],[-120.40978,48.12416],[-120.40114,48.1235],[-120.40234,48.12954],[-120.39122,48.12732],[-120.391,48.13019],[-120.39453,48.13041],[-120.39372,48.13404],[-120.40938,48.13079],[-120.42209,48.13202],[-120.41534,48.13821],[-120.38911,48.13605],[-120.39609,48.1401],[-120.3934,48.14073],[-120.3932,48.14117],[-120.39912,48.14247],[-120.38895,48.14531],[-120.38805,48.14873],[-120.38028,48.14502],[-120.37818,48.14566],[-120.37954,48.14858],[-120.37618,48.14778],[-120.37804,48.15078],[-120.37498,48.15063],[-120.37676,48.15254],[-120.36912,48.1545]],[[-120.36852,48.11284],[-120.3677,48.11068],[-120.36329,48.11159],[-120.36453,48.11253],[-120.36852,48.11284]],[[-120.37622,48.11594],[-120.37455,48.11454],[-120.36891,48.11279],[-120.37253,48.11486],[-120.37107,48.11668],[-120.37622,48.11594]],[[-120.38497,48.12302],[-120.39147,48.12131],[-120.3892,48.11618],[-120.37652,48.11932],[-120.37682,48.12243],[-120.38027,48.12177],[-120.37885,48.12008],[-120.38497,48.12302]],[[-120.38048,48.12335],[-120.37791,48.12341],[-120.37843,48.12449],[-120.38048,48.12335]],[[-120.38671,48.12538],[-120.3895,48.12406],[-120.38663,48.12329],[-120.38671,48.12538]],[[-120.38959,48.09847],[-120.38968,48.09827],[-120.38952,48.0983],[-120.38959,48.09847]],[[-120.41494,48.12025],[-120.41488,48.12052],[-120.41529,48.12049],[-120.41494,48.12025]]],[[[-120.33557,48.12111],[-120.33473,48.12113],[-120.33507,48.1208],[-120.33557,48.12111]]],[[[-120.3349,48.11532],[-120.33545,48.11499],[-120.33591,48.11522],[-120.3349,48.11532]]],[[[-120.33541,48.11941],[-120.33543,48.11852],[-120.33613,48.11925],[-120.33541,48.11941]]],[[[-120.33587,48.11963],[-120.33596,48.11943],[-120.33597,48.11959],[-120.33587,48.11963]]],[[[-120.33684,48.11596],[-120.33735,48.11572],[-120.33701,48.1161],[-120.33684,48.11596]]],[[[-120.33767,48.11894],[-120.33725,48.11918],[-120.337,48.11913],[-120.33767,48.11894]]],[[[-120.3402,48.11902],[-120.34041,48.11887],[-120.34056,48.11907],[-120.3402,48.11902]]],[[[-120.35758,48.10126],[-120.35805,48.10112],[-120.35805,48.10121],[-120.35758,48.10126]]],[[[-120.35824,48.14933],[-120.35838,48.14916],[-120.35838,48.14931],[-120.35824,48.14933]]],[[[-120.36208,48.15451],[-120.36251,48.15451],[-120.36208,48.15457],[-120.36208,48.15451]]],[[[-120.36332,48.15327],[-120.36225,48.15256],[-120.36449,48.15259],[-120.36332,48.15327]]],[[[-120.36311,48.15167],[-120.36334,48.15168],[-120.36307,48.15182],[-120.36311,48.15167]]],[[[-120.3637,48.15523],[-120.36324,48.15447],[-120.36395,48.15478],[-120.3637,48.15523]]],[[[-120.36387,48.15202],[-120.36384,48.15169],[-120.36401,48.15188],[-120.36387,48.15202]]],[[[-120.36455,48.15519],[-120.36481,48.15519],[-120.36455,48.15527],[-120.36455,48.15519]]],[[[-120.36868,48.15669],[-120.36919,48.15644],[-120.3693,48.15654],[-120.36868,48.15669]]],[[[-120.37051,48.15759],[-120.3723,48.15685],[-120.37187,48.15846],[-120.37051,48.15759]]],[[[-120.37314,48.15449],[-120.37351,48.15455],[-120.37314,48.15464],[-120.37314,48.15449]]],[[[-120.37613,48.15404],[-120.37627,48.15359],[-120.377,48.15385],[-120.37613,48.15404]]],[[[-120.37731,48.12213],[-120.37734,48.12191],[-120.37751,48.12211],[-120.37731,48.12213]]],[[[-120.38008,48.14781],[-120.38022,48.14774],[-120.38028,48.14787],[-120.38008,48.14781]]],[[[-120.38059,48.14754],[-120.38062,48.14691],[-120.38083,48.14742],[-120.38059,48.14754]]],[[[-120.38087,48.14633],[-120.38073,48.14589],[-120.38103,48.14609],[-120.38087,48.14633]]],[[[-120.38187,48.08508],[-120.3823,48.0844],[-120.38268,48.08455],[-120.38187,48.08508]]],[[[-120.38213,48.14668],[-120.38261,48.14685],[-120.38216,48.14679],[-120.38213,48.14668]]],[[[-120.3845,48.15938],[-120.38335,48.15841],[-120.38537,48.15904],[-120.3845,48.15938]]],[[[-120.38574,48.1592],[-120.38594,48.1591],[-120.386,48.1592],[-120.38574,48.1592]]],[[[-120.38916,48.11885],[-120.38737,48.11882],[-120.38712,48.11855],[-120.38916,48.11885]]],[[[-120.39005,48.12141],[-120.39034,48.12108],[-120.39039,48.12119],[-120.39005,48.12141]]],[[[-120.39039,48.14634],[-120.39119,48.14565],[-120.39145,48.14582],[-120.39039,48.14634]]],[[[-120.39145,48.15363],[-120.39242,48.15006],[-120.39521,48.1521],[-120.39424,48.1532],[-120.39145,48.15363]]],[[[-120.39176,48.12858],[-120.39217,48.12815],[-120.39236,48.12817],[-120.39233,48.12862],[-120.39176,48.12858]]],[[[-120.39289,48.1148],[-120.39294,48.11432],[-120.3935,48.11468],[-120.39289,48.1148]]],[[[-120.39746,48.14093],[-120.39798,48.14098],[-120.39713,48.14105],[-120.39746,48.14093]]],[[[-120.39907,48.11618],[-120.39721,48.11572],[-120.39915,48.11596],[-120.39907,48.11618]]],[[[-120.39786,48.11527],[-120.39817,48.11498],[-120.3983,48.11532],[-120.39786,48.11527]]],[[[-120.39919,48.11673],[-120.39936,48.11643],[-120.39942,48.11668],[-120.39919,48.11673]]],[[[-120.40089,48.1156],[-120.39979,48.11439],[-120.40209,48.11462],[-120.40089,48.1156]]],[[[-120.40131,48.11128],[-120.40008,48.11095],[-120.40183,48.11093],[-120.40131,48.11128]]],[[[-120.40791,48.14438],[-120.40923,48.14384],[-120.40949,48.144],[-120.40791,48.14438]]],[[[-120.40794,48.1101],[-120.40794,48.10972],[-120.40819,48.10978],[-120.40794,48.1101]]],[[[-120.41043,48.13986],[-120.40922,48.13856],[-120.41129,48.13916],[-120.41043,48.13986]]],[[[-120.40961,48.09994],[-120.40993,48.09939],[-120.41051,48.09969],[-120.40961,48.09994]]],[[[-120.41188,48.14031],[-120.4124,48.13968],[-120.41252,48.14007],[-120.41188,48.14031]]],[[[-120.41292,48.13044],[-120.41413,48.13072],[-120.4125,48.1308],[-120.41292,48.13044]]],[[[-120.41269,48.10312],[-120.41285,48.10259],[-120.41296,48.10296],[-120.41269,48.10312]]],[[[-120.41984,48.10868],[-120.41417,48.10746],[-120.41279,48.10721],[-120.41576,48.10375],[-120.42278,48.10552],[-120.41984,48.10868]]],[[[-120.41335,48.10358],[-120.41342,48.10314],[-120.41391,48.10355],[-120.41335,48.10358]]],[[[-120.42008,48.13084],[-120.42025,48.13065],[-120.42042,48.13079],[-120.42008,48.13084]]]]},"bbox":[-120.45253,48.07059,-120.33325,48.15943]},{"type":"Feature","id":28005,"properties":{"y":2017,"n":"Norse Peak","ag":"USFS","ac":52068.2,"c":14,"cl":"Unknown","ad":"2017-08-11","cd":"","st":"WA","se":2},"geometry":{"type":"MultiPolygon","coordinates":[[[[-121.42509,47.08492],[-121.41841,47.08396],[-121.42311,47.07708],[-121.41912,47.07567],[-121.42039,47.07407],[-121.39873,47.07796],[-121.39474,47.0661],[-121.38854,47.06502],[-121.38786,47.06121],[-121.39132,47.06051],[-121.38871,47.05475],[-121.3848,47.05397],[-121.38725,47.05365],[-121.38772,47.04721],[-121.37155,47.04721],[-121.36852,47.04622],[-121.36809,47.04139],[-121.36063,47.04311],[-121.36192,47.04047],[-121.34727,47.03813],[-121.34929,47.03533],[-121.34669,47.0338],[-121.35604,47.0308],[-121.34691,47.01822],[-121.34251,47.01873],[-121.33626,47.01406],[-121.3355,47.0118],[-121.33975,47.01232],[-121.34302,47.00696],[-121.3135,47.00864],[-121.307,47.01193],[-121.30783,47.00832],[-121.30271,47.0073],[-121.30386,47.01018],[-121.30093,47.01149],[-121.30571,47.0132],[-121.29929,47.01326],[-121.29718,47.00937],[-121.30029,47.00892],[-121.29961,47.00624],[-121.29876,47.00822],[-121.29726,47.00857],[-121.29255,47.00374],[-121.28468,47.00504],[-121.29171,47.00282],[-121.29206,46.99967],[-121.27847,46.99281],[-121.28676,46.98796],[-121.2712,46.98043],[-121.26519,46.98258],[-121.26844,46.98464],[-121.26064,46.98467],[-121.25542,46.98037],[-121.25299,46.97022],[-121.26367,46.97083],[-121.26416,46.96656],[-121.28384,46.96334],[-121.29214,46.95718],[-121.33455,46.94266],[-121.33524,46.94002],[-121.33892,46.94145],[-121.35423,46.93404],[-121.35914,46.93556],[-121.36339,46.92696],[-121.3718,46.92322],[-121.36918,46.92012],[-121.39353,46.91302],[-121.40712,46.91441],[-121.41102,46.91143],[-121.41639,46.91691],[-121.415,46.91986],[-121.43006,46.92437],[-121.43135,46.92719],[-121.42357,46.93185],[-121.41962,46.93066],[-121.41771,46.9336],[-121.41818,46.9347],[-121.43134,46.93001],[-121.44437,46.9312],[-121.44791,46.93636],[-121.46128,46.94101],[-121.46212,46.95097],[-121.46916,46.96555],[-121.51049,46.99867],[-121.50678,46.99904],[-121.51789,47.00144],[-121.52412,47.00926],[-121.52553,47.01347],[-121.51553,47.02022],[-121.5273,47.02471],[-121.52226,47.0288],[-121.5261,47.03052],[-121.52483,47.03841],[-121.53036,47.03796],[-121.52663,47.04219],[-121.52922,47.04532],[-121.53451,47.04124],[-121.53343,47.04418],[-121.53895,47.04696],[-121.53606,47.04821],[-121.54532,47.04794],[-121.544,47.05269],[-121.54676,47.05628],[-121.54328,47.05538],[-121.54268,47.05817],[-121.53816,47.05538],[-121.54321,47.0666],[-121.564,47.07276],[-121.53237,47.07467],[-121.52462,47.06318],[-121.51575,47.06086],[-121.51836,47.05753],[-121.51639,47.05435],[-121.51999,47.05151],[-121.51116,47.04925],[-121.51382,47.05454],[-121.50762,47.05173],[-121.50882,47.04726],[-121.49629,47.03817],[-121.48842,47.03951],[-121.4921,47.0298],[-121.48574,47.02172],[-121.49043,47.01364],[-121.4882,47.00939],[-121.50083,47.00531],[-121.49813,47.00257],[-121.48741,47.00778],[-121.48349,47.00526],[-121.47724,47.00675],[-121.4755,47.0119],[-121.48291,47.01338],[-121.48046,47.01624],[-121.48424,47.01729],[-121.47822,47.02368],[-121.48247,47.02665],[-121.47597,47.02757],[-121.47138,47.03257],[-121.4819,47.03142],[-121.48598,47.0351],[-121.47827,47.03382],[-121.47618,47.03788],[-121.46843,47.04047],[-121.46731,47.04454],[-121.45887,47.04744],[-121.46885,47.04633],[-121.46816,47.05317],[-121.47236,47.05632],[-121.47914,47.05096],[-121.48718,47.05097],[-121.49091,47.05448],[-121.4885,47.05898],[-121.48235,47.0589],[-121.48691,47.06245],[-121.49054,47.06039],[-121.48475,47.0792],[-121.47926,47.08358],[-121.47826,47.07942],[-121.4695,47.07907],[-121.4628,47.08438],[-121.4461,47.07833],[-121.45348,47.07254],[-121.45488,47.06383],[-121.44779,47.06742],[-121.433,47.06757],[-121.42254,47.06208],[-121.42988,47.06806],[-121.42578,47.06881],[-121.42936,47.07017],[-121.43125,47.07897],[-121.43565,47.08115],[-121.42509,47.08492]],[[-121.28273,46.98535],[-121.28902,46.98286],[-121.28569,46.97803],[-121.2787,46.97612],[-121.27647,46.98048],[-121.28112,46.97989],[-121.2799,46.98363],[-121.28273,46.98535]],[[-121.33086,47.00332],[-121.33476,47.00352],[-121.33154,47.00229],[-121.33086,47.00332]],[[-121.37163,46.99955],[-121.37141,46.99603],[-121.36562,46.9981],[-121.37163,46.99955]],[[-121.37142,46.9951],[-121.37336,46.99455],[-121.37115,46.99465],[-121.37142,46.9951]],[[-121.39151,47.05667],[-121.39648,47.05849],[-121.39833,47.05622],[-121.39151,47.05667]],[[-121.40922,47.01081],[-121.415,47.00992],[-121.41074,47.00669],[-121.41376,47.00606],[-121.41696,47.00899],[-121.42972,47.00985],[-121.42811,47.00478],[-121.41878,47.0034],[-121.41995,46.99633],[-121.41065,46.99427],[-121.40429,47.00244],[-121.40949,47.00391],[-121.40165,47.00436],[-121.39458,47.00859],[-121.40922,47.01081]],[[-121.40815,46.98271],[-121.4058,46.98224],[-121.40506,46.98339],[-121.40815,46.98271]],[[-121.40682,47.01171],[-121.40674,47.01137],[-121.40646,47.01141],[-121.40682,47.01171]],[[-121.40806,46.9801],[-121.4076,46.98034],[-121.40759,46.98052],[-121.40806,46.9801]],[[-121.41077,46.98202],[-121.4103,46.9831],[-121.41158,46.9823],[-121.41077,46.98202]],[[-121.42039,47.06471],[-121.42164,47.06156],[-121.41705,47.05984],[-121.41737,47.06271],[-121.42039,47.06471]],[[-121.42069,47.01136],[-121.42074,47.01141],[-121.42088,47.01136],[-121.42069,47.01136]],[[-121.43248,47.01406],[-121.43255,47.01379],[-121.4324,47.01396],[-121.43248,47.01406]],[[-121.46029,47.04068],[-121.46153,47.03718],[-121.47132,47.03496],[-121.46876,47.0323],[-121.4744,47.02592],[-121.46592,47.02276],[-121.46609,47.03212],[-121.45875,47.0342],[-121.45891,47.03776],[-121.45571,47.03567],[-121.45843,47.02994],[-121.45317,47.03224],[-121.45462,47.03546],[-121.45233,47.03595],[-121.46029,47.04068]],[[-121.479,47.05167],[-121.47901,47.05167],[-121.479,47.05167],[-121.479,47.05167]],[[-121.48994,47.0113],[-121.49007,47.01136],[-121.4899,47.01127],[-121.48994,47.0113]],[[-121.51289,47.02365],[-121.51289,47.02371],[-121.51297,47.02369],[-121.51289,47.02365]],[[-121.52712,47.04028],[-121.52622,47.04124],[-121.52724,47.04053],[-121.52712,47.04028]],[[-121.53379,47.06483],[-121.53569,47.0686],[-121.5341,47.0727],[-121.53767,47.07356],[-121.53665,47.06865],[-121.54033,47.06736],[-121.53379,47.06483]],[[-121.53926,47.06918],[-121.53895,47.06947],[-121.53931,47.06931],[-121.53926,47.06918]]],[[[-121.26809,46.98939],[-121.27041,46.98393],[-121.27152,46.98451],[-121.27117,46.98656],[-121.26809,46.98939]]],[[[-121.28141,46.98653],[-121.28092,46.98647],[-121.28142,46.98635],[-121.28141,46.98653]]],[[[-121.28325,46.98429],[-121.28286,46.98447],[-121.28246,46.98416],[-121.28325,46.98429]]],[[[-121.28373,46.98471],[-121.28322,46.98445],[-121.28387,46.98428],[-121.28373,46.98471]]],[[[-121.29188,47.00122],[-121.29055,47.00104],[-121.29129,47.00076],[-121.29188,47.00122]]],[[[-121.30653,47.00995],[-121.30693,47.00963],[-121.30691,47.00989],[-121.30653,47.00995]]],[[[-121.31716,46.94483],[-121.31853,46.94457],[-121.31872,46.94474],[-121.31716,46.94483]]],[[[-121.36571,46.92228],[-121.36645,46.92193],[-121.36693,46.9221],[-121.36571,46.92228]]],[[[-121.40252,47.00541],[-121.40338,47.00549],[-121.40212,47.00572],[-121.40252,47.00541]]],[[[-121.40986,47.00989],[-121.40853,47.00918],[-121.41039,47.00971],[-121.40986,47.00989]]],[[[-121.41576,46.9987],[-121.41581,46.99675],[-121.41684,46.99808],[-121.41576,46.9987]]],[[[-121.41897,46.99956],[-121.41662,46.99933],[-121.41867,46.99852],[-121.41897,46.99956]]],[[[-121.43229,47.07395],[-121.43241,47.07313],[-121.43289,47.07379],[-121.43229,47.07395]]],[[[-121.43409,47.07199],[-121.43445,47.07133],[-121.43493,47.07182],[-121.43409,47.07199]]],[[[-121.43603,47.08691],[-121.43444,47.08687],[-121.4361,47.08651],[-121.43603,47.08691]]],[[[-121.43601,47.07714],[-121.43673,47.07559],[-121.43817,47.07657],[-121.43601,47.07714]]],[[[-121.43685,47.08197],[-121.43757,47.08156],[-121.43757,47.08205],[-121.43685,47.08197]]],[[[-121.43769,47.07959],[-121.43841,47.07902],[-121.43841,47.07984],[-121.43769,47.07959]]],[[[-121.43913,47.09125],[-121.43793,47.08815],[-121.43869,47.08643],[-121.44178,47.08876],[-121.43913,47.09125]]],[[[-121.44238,47.08622],[-121.4419,47.08687],[-121.44117,47.08638],[-121.44238,47.08622]]],[[[-121.44406,47.08998],[-121.44634,47.08679],[-121.44754,47.09031],[-121.44406,47.08998]]],[[[-121.45211,47.08884],[-121.45439,47.08704],[-121.45499,47.08777],[-121.45211,47.08884]]],[[[-121.46259,46.93904],[-121.45885,46.9367],[-121.45912,46.93417],[-121.46383,46.93679],[-121.46259,46.93904]]],[[[-121.46333,47.03592],[-121.46417,47.03524],[-121.46432,47.03534],[-121.46333,47.03592]]],[[[-121.46895,47.04554],[-121.46959,47.0451],[-121.46962,47.04543],[-121.46895,47.04554]]],[[[-121.47036,47.08221],[-121.47085,47.08156],[-121.47241,47.08098],[-121.47036,47.08221]]],[[[-121.47068,47.08594],[-121.47064,47.08542],[-121.47118,47.08584],[-121.47068,47.08594]]],[[[-121.47337,47.04344],[-121.47373,47.04124],[-121.47601,47.04107],[-121.47617,47.0428],[-121.47337,47.04344]]],[[[-121.47456,47.08823],[-121.47517,47.08762],[-121.47558,47.08791],[-121.47456,47.08823]]],[[[-121.47709,47.04074],[-121.47685,47.03952],[-121.47745,47.04042],[-121.47709,47.04074]]],[[[-121.47958,47.08866],[-121.48224,47.08227],[-121.49055,47.07907],[-121.48646,47.07559],[-121.49278,47.07824],[-121.49561,47.07337],[-121.49238,47.06944],[-121.49807,47.06445],[-121.51177,47.06404],[-121.51547,47.07382],[-121.51925,47.07403],[-121.51134,47.08339],[-121.50037,47.08206],[-121.49236,47.08567],[-121.48456,47.08247],[-121.47958,47.08866]]],[[[-121.48019,47.04736],[-121.48104,47.0467],[-121.48108,47.04765],[-121.48019,47.04736]]],[[[-121.48418,47.0122],[-121.4849,47.01155],[-121.48574,47.01261],[-121.48418,47.0122]]],[[[-121.48826,47.07403],[-121.48982,47.07321],[-121.48982,47.07395],[-121.48826,47.07403]]],[[[-121.49106,47.06819],[-121.49063,47.06745],[-121.49226,47.06754],[-121.49106,47.06819]]],[[[-121.49094,47.06075],[-121.49103,47.06012],[-121.49157,47.06064],[-121.49094,47.06075]]],[[[-121.49096,47.06626],[-121.4915,47.06579],[-121.49177,47.06618],[-121.49096,47.06626]]],[[[-121.49207,47.06528],[-121.4925,47.06507],[-121.4928,47.06531],[-121.49207,47.06528]]],[[[-121.49259,47.06643],[-121.49307,47.06585],[-121.49319,47.06618],[-121.49259,47.06643]]],[[[-121.4927,47.04413],[-121.49368,47.04332],[-121.49404,47.04432],[-121.4927,47.04413]]],[[[-121.50334,47.08688],[-121.50214,47.08652],[-121.50374,47.08674],[-121.50334,47.08688]]],[[[-121.50394,47.04791],[-121.50519,47.04765],[-121.50532,47.04812],[-121.50394,47.04791]]],[[[-121.51805,47.08049],[-121.51853,47.07959],[-121.51913,47.07984],[-121.51805,47.08049]]]]},"bbox":[-121.564,46.91143,-121.25166,47.09125]},{"type":"Feature","id":28006,"properties":{"y":2017,"n":"Quarry","ag":"USFS","ac":353.9,"c":14,"cl":"Unknown","ad":"2017-10-23","cd":"","st":"WA","se":3},"geometry":{"type":"Polygon","coordinates":[[[-121.60252,47.65334],[-121.60713,47.65711],[-121.59737,47.66108],[-121.58666,47.66101],[-121.58041,47.65674],[-121.58713,47.65517],[-121.58643,47.65213],[-121.60252,47.65334]]]},"bbox":[-121.60715,47.65213,-121.58041,47.6614]},{"type":"Feature","id":28007,"properties":{"y":2017,"n":"Bear Creek","ag":"USFS","ac":36.1,"c":14,"cl":"Unknown","ad":"2017-09-08","cd":"","st":"WA","se":3},"geometry":{"type":"Polygon","coordinates":[[[-121.78818,45.77567],[-121.78493,45.77632],[-121.78283,45.77203],[-121.78631,45.77181],[-121.78818,45.77567]]]},"bbox":[-121.78818,45.77127,-121.78277,45.77697]},{"type":"Feature","id":28008,"properties":{"y":2017,"n":"East Crater","ag":"USFS","ac":483.2,"c":14,"cl":"Unknown","ad":"2017-09-15","cd":"","st":"WA","se":3},"geometry":{"type":"MultiPolygon","coordinates":[[[[-121.76899,45.98323],[-121.7687,45.98363],[-121.76842,45.98339],[-121.76899,45.98323]]],[[[-121.79189,45.99016],[-121.79391,45.9954],[-121.80125,45.99878],[-121.78503,46.00179],[-121.77692,45.99621],[-121.77884,45.99433],[-121.77394,45.99035],[-121.77653,45.9886],[-121.76867,45.98422],[-121.79189,45.99016]]],[[[-121.77601,45.99394],[-121.77575,45.99417],[-121.77562,45.99402],[-121.77601,45.99394]]]]},"bbox":[-121.80125,45.98323,-121.76842,46.00185]},{"type":"Feature","id":28009,"properties":{"y":2017,"n":"Haystack","ag":"USFS","ac":34.7,"c":14,"cl":"Unknown","ad":"2017-07-22","cd":"","st":"WA","se":2},"geometry":{"type":"MultiPolygon","coordinates":[[[[-120.94884,45.66537],[-120.94884,45.66537],[-120.94884,45.66537],[-120.94884,45.66537]]],[[[-120.94884,45.66537],[-120.95282,45.66382],[-120.95421,45.66565],[-120.94856,45.66797],[-120.94884,45.66537]],[[-120.94869,45.66788],[-120.94869,45.66788],[-120.94869,45.66788],[-120.94869,45.66788]],[[-120.94869,45.66788],[-120.94856,45.66796],[-120.94858,45.66796],[-120.94869,45.66788]]]]},"bbox":[-120.95421,45.66382,-120.94825,45.66797]},{"type":"Feature","id":28010,"properties":{"y":2019,"n":"Devore Creek","ag":"USFS","ac":656.8,"c":14,"cl":"Unknown","ad":"2019-07-26","cd":"","st":"WA","se":2},"geometry":{"type":"MultiPolygon","coordinates":[[[[-120.7273,48.27996],[-120.72239,48.27538],[-120.71703,48.27792],[-120.71398,48.27434],[-120.71903,48.27229],[-120.7179,48.2712],[-120.72131,48.27205],[-120.71906,48.27049],[-120.72566,48.27033],[-120.72074,48.26688],[-120.72509,48.26449],[-120.71866,48.26282],[-120.72358,48.25926],[-120.72122,48.25661],[-120.72804,48.25801],[-120.73137,48.25378],[-120.73886,48.25815],[-120.73902,48.26369],[-120.73369,48.25883],[-120.72984,48.26001],[-120.73696,48.26281],[-120.7386,48.26873],[-120.73379,48.26844],[-120.73681,48.27013],[-120.73209,48.27521],[-120.72827,48.27415],[-120.7273,48.27996]],[[-120.71972,48.27258],[-120.72003,48.27192],[-120.71958,48.27233],[-120.71972,48.27258]],[[-120.73147,48.27212],[-120.73396,48.27197],[-120.73475,48.27123],[-120.73147,48.27212]]],[[[-120.71623,48.27911],[-120.71666,48.27884],[-120.71678,48.27905],[-120.71623,48.27911]]],[[[-120.71654,48.27286],[-120.7164,48.27275],[-120.71655,48.27277],[-120.71654,48.27286]]],[[[-120.71721,48.27837],[-120.71787,48.27791],[-120.71812,48.27858],[-120.71721,48.27837]]],[[[-120.71789,48.25725],[-120.71821,48.25575],[-120.71901,48.25669],[-120.71789,48.25725]]],[[[-120.71789,48.25793],[-120.71857,48.25728],[-120.71915,48.25752],[-120.71789,48.25793]]],[[[-120.71853,48.27049],[-120.71874,48.27036],[-120.7188,48.27053],[-120.71853,48.27049]]],[[[-120.71875,48.25597],[-120.71886,48.25579],[-120.71887,48.2559],[-120.71875,48.25597]]],[[[-120.71891,48.27033],[-120.71913,48.27013],[-120.71914,48.27025],[-120.71891,48.27033]]],[[[-120.72073,48.2795],[-120.72017,48.27932],[-120.72076,48.27943],[-120.72073,48.2795]]],[[[-120.7204,48.26009],[-120.72061,48.25986],[-120.72067,48.26013],[-120.7204,48.26009]]],[[[-120.72168,48.27931],[-120.72109,48.27864],[-120.7218,48.27897],[-120.72168,48.27931]]],[[[-120.7233,48.25676],[-120.7235,48.25658],[-120.72355,48.25685],[-120.7233,48.25676]]]]},"bbox":[-120.73929,48.25375,-120.71398,48.28015]},{"type":"Feature","id":28011,"properties":{"y":2019,"n":"Phantom","ag":"USFS","ac":10.0,"c":14,"cl":"Unknown","ad":"2019-08-05","cd":"","st":"WA","se":2},"geometry":{"type":"Polygon","coordinates":[[[-121.28074,46.52988],[-121.27789,46.53044],[-121.27855,46.52928],[-121.28074,46.52988]]]},"bbox":[-121.28079,46.52914,-121.27783,46.53118]},{"type":"Feature","id":28012,"properties":{"y":2019,"n":"Addy Slope","ag":"USFS","ac":13.7,"c":14,"cl":"Unknown","ad":"2019-07-23","cd":"","st":"WA","se":2},"geometry":{"type":"Polygon","coordinates":[[[-117.82069,48.37578],[-117.82075,48.3735],[-117.82233,48.37381],[-117.82298,48.3722],[-117.82447,48.37168],[-117.82509,48.37198],[-117.82069,48.37578]]]},"bbox":[-117.82509,48.37168,-117.81997,48.37578]},{"type":"Feature","id":28013,"properties":{"y":2018,"n":"Crescent Mountain","ag":"USFS","ac":52710.8,"c":14,"cl":"Unknown","ad":"2019-02-08","cd":"","st":"WA","se":4},"geometry":{"type":"MultiPolygon","coordinates":[[[[-120.54069,48.4859],[-120.52977,48.48297],[-120.53427,48.47905],[-120.53147,48.47808],[-120.53613,48.47653],[-120.5321,48.47088],[-120.52729,48.47059],[-120.52893,48.46879],[-120.53732,48.47341],[-120.5354,48.46686],[-120.53104,48.46702],[-120.52647,48.46232],[-120.52472,48.46506],[-120.52309,48.46208],[-120.51955,48.46292],[-120.51821,48.45896],[-120.51256,48.45867],[-120.51629,48.45847],[-120.51584,48.45633],[-120.51271,48.4558],[-120.50863,48.4605],[-120.5159,48.46373],[-120.51331,48.46435],[-120.51577,48.46671],[-120.51114,48.46886],[-120.50626,48.46581],[-120.50313,48.46732],[-120.5062,48.46944],[-120.50498,48.47079],[-120.49942,48.46817],[-120.50198,48.46675],[-120.4976,48.4629],[-120.50676,48.45614],[-120.50343,48.45491],[-120.49345,48.45649],[-120.49225,48.45348],[-120.50679,48.44693],[-120.48406,48.44927],[-120.4839,48.44577],[-120.4827,48.44877],[-120.48044,48.44536],[-120.486,48.44158],[-120.46918,48.43914],[-120.46934,48.43556],[-120.47375,48.43297],[-120.47968,48.43707],[-120.48256,48.42781],[-120.49227,48.42657],[-120.49419,48.42992],[-120.50347,48.42345],[-120.48732,48.40807],[-120.40671,48.36685],[-120.38507,48.35278],[-120.37032,48.3507],[-120.36916,48.34826],[-120.33207,48.36056],[-120.32358,48.35178],[-120.30563,48.34323],[-120.30074,48.33252],[-120.31622,48.32125],[-120.30985,48.31592],[-120.31599,48.31198],[-120.31164,48.31028],[-120.31423,48.3073],[-120.30946,48.30175],[-120.31185,48.30083],[-120.30472,48.2959],[-120.31433,48.29505],[-120.30259,48.29262],[-120.29546,48.29789],[-120.28518,48.29658],[-120.28143,48.29459],[-120.28389,48.28751],[-120.29705,48.2842],[-120.30057,48.2808],[-120.29799,48.27882],[-120.31018,48.27504],[-120.31977,48.2773],[-120.33067,48.27461],[-120.33436,48.2776],[-120.33268,48.28382],[-120.34336,48.28815],[-120.38995,48.28336],[-120.39947,48.28931],[-120.39146,48.30034],[-120.39756,48.30396],[-120.41058,48.30573],[-120.4101,48.29931],[-120.41433,48.29943],[-120.41411,48.29718],[-120.41575,48.29791],[-120.41804,48.29662],[-120.42138,48.30106],[-120.42664,48.29566],[-120.44749,48.28791],[-120.45279,48.28207],[-120.45827,48.28195],[-120.45788,48.28743],[-120.45046,48.29085],[-120.45337,48.29276],[-120.44821,48.29886],[-120.45006,48.30871],[-120.44165,48.3092],[-120.44252,48.31256],[-120.43348,48.312],[-120.44105,48.31561],[-120.43662,48.32277],[-120.44304,48.31818],[-120.44786,48.32143],[-120.4582,48.31871],[-120.46429,48.32144],[-120.46671,48.31668],[-120.47215,48.31631],[-120.46973,48.31529],[-120.47143,48.31162],[-120.47434,48.31392],[-120.47076,48.31072],[-120.48242,48.30792],[-120.48373,48.31482],[-120.48957,48.31647],[-120.48503,48.31689],[-120.47484,48.32935],[-120.49374,48.33607],[-120.48913,48.33816],[-120.4922,48.33989],[-120.50789,48.33529],[-120.50965,48.32934],[-120.50673,48.32543],[-120.50981,48.32244],[-120.5131,48.32368],[-120.51116,48.31456],[-120.5155,48.31375],[-120.51521,48.31092],[-120.53224,48.30782],[-120.52352,48.30459],[-120.52735,48.3032],[-120.55244,48.30647],[-120.55953,48.31287],[-120.55676,48.3192],[-120.57093,48.31521],[-120.57368,48.32222],[-120.5657,48.32547],[-120.56563,48.33022],[-120.55974,48.33426],[-120.56603,48.33799],[-120.55297,48.34389],[-120.56143,48.35406],[-120.55741,48.35727],[-120.55316,48.353],[-120.55362,48.35541],[-120.5485,48.3553],[-120.54994,48.35914],[-120.54409,48.35768],[-120.52807,48.36239],[-120.51364,48.35389],[-120.51139,48.35447],[-120.51419,48.3566],[-120.51376,48.35838],[-120.50243,48.35817],[-120.5043,48.36156],[-120.4866,48.35924],[-120.47668,48.36391],[-120.48114,48.36847],[-120.49346,48.36618],[-120.49969,48.36792],[-120.49942,48.3718],[-120.5062,48.3706],[-120.5088,48.37456],[-120.51846,48.37339],[-120.5124,48.37852],[-120.49578,48.37911],[-120.50875,48.3865],[-120.51715,48.38578],[-120.52166,48.38118],[-120.51883,48.37842],[-120.52586,48.38351],[-120.52954,48.38284],[-120.52646,48.37447],[-120.53143,48.37545],[-120.53013,48.37033],[-120.53433,48.37202],[-120.5379,48.3676],[-120.54125,48.36922],[-120.54347,48.36422],[-120.55152,48.36385],[-120.54712,48.36924],[-120.55419,48.36604],[-120.55679,48.36801],[-120.55474,48.37157],[-120.55131,48.37106],[-120.55272,48.37516],[-120.54446,48.37411],[-120.54821,48.37849],[-120.54639,48.38031],[-120.55129,48.37817],[-120.55414,48.38336],[-120.566,48.38362],[-120.57281,48.37983],[-120.57924,48.3808],[-120.58013,48.38776],[-120.56429,48.39322],[-120.57134,48.39771],[-120.56443,48.40298],[-120.56186,48.39821],[-120.56477,48.3971],[-120.56539,48.39661],[-120.56514,48.39608],[-120.54936,48.39695],[-120.54423,48.39858],[-120.54432,48.39976],[-120.54263,48.39818],[-120.53834,48.39989],[-120.54916,48.40272],[-120.5398,48.40257],[-120.54555,48.4035],[-120.5446,48.40534],[-120.52269,48.40162],[-120.52767,48.40406],[-120.52466,48.40334],[-120.52242,48.40704],[-120.52514,48.40879],[-120.52611,48.40547],[-120.5325,48.40481],[-120.53597,48.40939],[-120.5382,48.40612],[-120.53838,48.40961],[-120.53534,48.41064],[-120.53449,48.41176],[-120.53976,48.40956],[-120.54724,48.41321],[-120.5498,48.409],[-120.55668,48.40962],[-120.56734,48.40521],[-120.56522,48.40693],[-120.56987,48.40795],[-120.56992,48.41128],[-120.57975,48.4096],[-120.57941,48.41652],[-120.59196,48.41489],[-120.59479,48.42152],[-120.60653,48.42292],[-120.60909,48.42693],[-120.60828,48.44073],[-120.58334,48.43767],[-120.57926,48.43911],[-120.57887,48.44313],[-120.57293,48.44243],[-120.56818,48.44448],[-120.57362,48.44604],[-120.5762,48.44374],[-120.57931,48.45159],[-120.58421,48.45111],[-120.58899,48.4456],[-120.59963,48.44828],[-120.59208,48.45017],[-120.59777,48.4501],[-120.60062,48.45184],[-120.59649,48.45106],[-120.59675,48.45434],[-120.59073,48.45704],[-120.60055,48.4596],[-120.59419,48.463],[-120.60271,48.46356],[-120.59733,48.47029],[-120.60448,48.47052],[-120.60254,48.47506],[-120.59702,48.47661],[-120.59362,48.47385],[-120.59908,48.47106],[-120.59092,48.47152],[-120.5874,48.46813],[-120.58277,48.47114],[-120.57607,48.47013],[-120.57201,48.47715],[-120.56497,48.47825],[-120.56553,48.481],[-120.56406,48.47887],[-120.55724,48.47867],[-120.54069,48.4859]],[[-120.51719,48.31203],[-120.52145,48.31294],[-120.52235,48.31115],[-120.51719,48.31203]],[[-120.59069,48.46613],[-120.59332,48.46888],[-120.5987,48.46634],[-120.59069,48.46613]],[[-120.59197,48.46376],[-120.59195,48.46376],[-120.59197,48.46381],[-120.59197,48.46376]]],[[[-120.30022,48.33837],[-120.30098,48.33735],[-120.30175,48.33862],[-120.30022,48.33837]]],[[[-120.30917,48.30596],[-120.30761,48.30678],[-120.30791,48.30509],[-120.30917,48.30596]]],[[[-120.31182,48.30665],[-120.31178,48.30613],[-120.31201,48.30624],[-120.31182,48.30665]]],[[[-120.35242,48.28625],[-120.35272,48.28591],[-120.35272,48.28625],[-120.35242,48.28625]]],[[[-120.39621,48.30293],[-120.39644,48.30276],[-120.39646,48.30288],[-120.39621,48.30293]]],[[[-120.40982,48.30061],[-120.40585,48.29975],[-120.40583,48.29925],[-120.40982,48.30061]]],[[[-120.41492,48.29706],[-120.41524,48.29689],[-120.41537,48.29708],[-120.41492,48.29706]]],[[[-120.46384,48.31823],[-120.46442,48.31763],[-120.46488,48.31804],[-120.46384,48.31823]]],[[[-120.4693,48.31394],[-120.46986,48.31345],[-120.46983,48.31387],[-120.4693,48.31394]]],[[[-120.4696,48.3116],[-120.47001,48.3113],[-120.47008,48.31159],[-120.4696,48.3116]]],[[[-120.47973,48.44672],[-120.4803,48.44638],[-120.48041,48.44676],[-120.47973,48.44672]]],[[[-120.49025,48.44972],[-120.49079,48.44941],[-120.49072,48.45002],[-120.49025,48.44972]]],[[[-120.49363,48.45099],[-120.49309,48.45047],[-120.4938,48.4507],[-120.49363,48.45099]]],[[[-120.49587,48.4575],[-120.497,48.45621],[-120.4979,48.45687],[-120.49587,48.4575]]],[[[-120.49659,48.36637],[-120.49598,48.36607],[-120.49673,48.36611],[-120.49659,48.36637]]],[[[-120.4988,48.45744],[-120.49851,48.45709],[-120.49883,48.45725],[-120.4988,48.45744]]],[[[-120.50095,48.45812],[-120.5007,48.45841],[-120.50052,48.45827],[-120.50095,48.45812]]],[[[-120.50115,48.45675],[-120.50131,48.45628],[-120.50147,48.45673],[-120.50115,48.45675]]],[[[-120.50956,48.38423],[-120.50919,48.38377],[-120.50965,48.38392],[-120.50956,48.38423]]],[[[-120.52234,48.35971],[-120.51503,48.35988],[-120.5152,48.35706],[-120.52234,48.35971]]],[[[-120.51547,48.38393],[-120.51525,48.38333],[-120.51599,48.38365],[-120.51547,48.38393]]],[[[-120.5295,48.40399],[-120.5299,48.40358],[-120.53013,48.4038],[-120.5295,48.40399]]],[[[-120.53219,48.48551],[-120.5329,48.48505],[-120.53269,48.48562],[-120.53219,48.48551]]],[[[-120.53329,48.4846],[-120.53325,48.48412],[-120.53343,48.48434],[-120.53329,48.4846]]],[[[-120.54493,48.49662],[-120.53827,48.4951],[-120.53981,48.49293],[-120.53553,48.48976],[-120.54205,48.48618],[-120.55144,48.48636],[-120.55326,48.4934],[-120.54644,48.49088],[-120.54493,48.49662]]],[[[-120.53635,48.48683],[-120.53582,48.48673],[-120.53592,48.48659],[-120.53635,48.48683]]],[[[-120.54065,48.3996],[-120.54111,48.39917],[-120.54133,48.39966],[-120.54065,48.3996]]],[[[-120.54469,48.36012],[-120.54482,48.35956],[-120.54518,48.3599],[-120.54469,48.36012]]],[[[-120.54509,48.36342],[-120.54559,48.36324],[-120.54478,48.36382],[-120.54509,48.36342]]],[[[-120.54691,48.4005],[-120.54532,48.39915],[-120.54764,48.40053],[-120.54691,48.4005]]],[[[-120.55139,48.3991],[-120.55195,48.39846],[-120.5521,48.39874],[-120.55139,48.3991]]],[[[-120.55273,48.37965],[-120.55295,48.37958],[-120.55295,48.37974],[-120.55273,48.37965]]],[[[-120.55446,48.39778],[-120.55478,48.39756],[-120.55481,48.39768],[-120.55446,48.39778]]],[[[-120.55722,48.48047],[-120.55787,48.47977],[-120.5579,48.48061],[-120.55722,48.48047]]],[[[-120.5623,48.48025],[-120.56161,48.47947],[-120.56283,48.47948],[-120.5623,48.48025]]],[[[-120.5621,48.48235],[-120.56308,48.48292],[-120.56218,48.48299],[-120.5621,48.48235]]],[[[-120.56671,48.38206],[-120.56699,48.38175],[-120.56724,48.38203],[-120.56671,48.38206]]],[[[-120.57051,48.47883],[-120.57086,48.47812],[-120.57094,48.47847],[-120.57051,48.47883]]],[[[-120.57257,48.39562],[-120.57239,48.39544],[-120.57263,48.39546],[-120.57257,48.39562]]],[[[-120.57573,48.32102],[-120.57629,48.32069],[-120.57633,48.32092],[-120.57573,48.32102]]],[[[-120.57715,48.32045],[-120.57692,48.32025],[-120.57723,48.32027],[-120.57715,48.32045]]],[[[-120.5783,48.47367],[-120.57897,48.47257],[-120.57916,48.47369],[-120.5783,48.47367]]],[[[-120.57973,48.32112],[-120.57992,48.32067],[-120.58019,48.32077],[-120.57973,48.32112]]],[[[-120.58868,48.47083],[-120.58753,48.47022],[-120.58842,48.47019],[-120.58868,48.47083]]],[[[-120.60542,48.47314],[-120.60593,48.4726],[-120.60608,48.47322],[-120.60542,48.47314]]]]},"bbox":[-120.60954,48.27458,-120.28143,48.49678]},{"type":"Feature","id":28014,"properties":{"y":2020,"n":"Hay Canyon","ag":"USFS","ac":18.0,"c":14,"cl":"Unknown","ad":"2020-12-08","cd":"","st":"WA","se":4},"geometry":{"type":"MultiPolygon","coordinates":[[[[-120.48456,47.54816],[-120.48548,47.54924],[-120.48602,47.54938],[-120.48529,47.54988],[-120.48542,47.55014],[-120.48527,47.55032],[-120.4853,47.55034],[-120.48343,47.55021],[-120.48314,47.55],[-120.48292,47.54994],[-120.48289,47.54996],[-120.48253,47.54961],[-120.48222,47.54959],[-120.48218,47.54933],[-120.48175,47.5492],[-120.48296,47.54669],[-120.48389,47.54694],[-120.48392,47.54724],[-120.48471,47.54778],[-120.48454,47.54789],[-120.48455,47.54792],[-120.4845,47.54804],[-120.48461,47.54804],[-120.48456,47.54816]],[[-120.48227,47.54958],[-120.48224,47.54956],[-120.48226,47.54958],[-120.48227,47.54958]],[[-120.48282,47.54986],[-120.48285,47.54986],[-120.48281,47.54984],[-120.48282,47.54986]]],[[[-120.48455,47.54792],[-120.48457,47.54793],[-120.48455,47.54793],[-120.48455,47.54792]]],[[[-120.48245,47.54965],[-120.48247,47.54963],[-120.48246,47.54965],[-120.48245,47.54965]]],[[[-120.48293,47.54995],[-120.48293,47.54996],[-120.48292,47.54995],[-120.48293,47.54995]]],[[[-120.48295,47.54995],[-120.48297,47.54997],[-120.48294,47.54996],[-120.48295,47.54995]]],[[[-120.48394,47.54699],[-120.48391,47.54698],[-120.48392,47.54697],[-120.48394,47.54699]]],[[[-120.48393,47.54723],[-120.48392,47.54722],[-120.48393,47.5472],[-120.48393,47.54723]]],[[[-120.48461,47.54792],[-120.4846,47.54793],[-120.48458,47.54793],[-120.48461,47.54792]]],[[[-120.4853,47.55032],[-120.48531,47.55032],[-120.48529,47.55033],[-120.4853,47.55032]]],[[[-120.48567,47.54917],[-120.48564,47.54915],[-120.48565,47.54915],[-120.48567,47.54917]]]]},"bbox":[-120.48602,47.54669,-120.48175,47.55034]},{"type":"Feature","id":28015,"properties":{"y":2019,"n":"South Fork Creek","ag":"USFS","ac":199.3,"c":14,"cl":"Unknown","ad":"2019-07-23","cd":"","st":"WA","se":2},"geometry":{"type":"MultiPolygon","coordinates":[[[[-120.86993,47.66687],[-120.87088,47.66639],[-120.87126,47.66667],[-120.86993,47.66687]]],[[[-120.87596,47.66936],[-120.87159,47.66746],[-120.87309,47.66567],[-120.87055,47.6655],[-120.87775,47.66454],[-120.87912,47.66689],[-120.87596,47.66936]]],[[[-120.87151,47.66904],[-120.87188,47.66885],[-120.87197,47.66909],[-120.87151,47.66904]]],[[[-120.88158,47.66698],[-120.87856,47.66418],[-120.88438,47.65913],[-120.89268,47.65813],[-120.90068,47.66069],[-120.89269,47.65927],[-120.89573,47.66236],[-120.88618,47.66596],[-120.88269,47.66388],[-120.88158,47.66698]]]]},"bbox":[-120.90069,47.65813,-120.86964,47.6695]},{"type":"Feature","id":28016,"properties":{"y":2019,"n":"Left Hand","ag":"USFS","ac":3463.2,"c":14,"cl":"Unknown","ad":"2019-07-23","cd":"","st":"WA","se":2},"geometry":{"type":"Polygon","coordinates":[[[-120.96419,46.93757],[-120.94757,46.9309],[-120.9561,46.92361],[-120.95101,46.91928],[-120.95268,46.91511],[-120.95756,46.91407],[-120.95337,46.91006],[-120.9589,46.90291],[-120.96601,46.90138],[-120.96422,46.8995],[-120.97022,46.89436],[-120.9824,46.89321],[-120.99788,46.90456],[-120.9941,46.91173],[-121.00152,46.93565],[-120.99278,46.93603],[-120.99343,46.93349],[-120.98788,46.93229],[-120.98278,46.93588],[-120.96419,46.93757]]]},"bbox":[-121.00201,46.89276,-120.94757,46.93886]},{"type":"Feature","id":28017,"properties":{"y":2019,"n":"North Mill Creek","ag":"USFS","ac":428.1,"c":14,"cl":"Unknown","ad":"2019-08-08","cd":"","st":"WA","se":2},"geometry":{"type":"Polygon","coordinates":[[[-117.72211,48.68287],[-117.70396,48.68624],[-117.70486,48.68429],[-117.69732,48.68486],[-117.69357,48.68153],[-117.70364,48.67602],[-117.72204,48.67347],[-117.72211,48.68287]],[[-117.70759,48.68414],[-117.70758,48.68412],[-117.70757,48.68414],[-117.70759,48.68414]]]},"bbox":[-117.72351,48.67347,-117.69357,48.68625]},{"type":"Feature","id":28018,"properties":{"y":2017,"n":"Union Creek","ag":"USFS","ac":354.9,"c":14,"cl":"Unknown","ad":"2017-08-28","cd":"","st":"WA","se":2},"geometry":{"type":"MultiPolygon","coordinates":[[[[-121.40035,46.94925],[-121.40037,46.94868],[-121.40112,46.9489],[-121.40035,46.94925]]],[[[-121.40494,46.94993],[-121.40221,46.94669],[-121.41253,46.93723],[-121.42291,46.93715],[-121.42747,46.94382],[-121.42541,46.944],[-121.42539,46.94821],[-121.42001,46.94284],[-121.4147,46.94444],[-121.41582,46.94749],[-121.40494,46.94993]]],[[[-121.40406,46.94441],[-121.40437,46.94422],[-121.40442,46.94432],[-121.40406,46.94441]]],[[[-121.409,46.93979],[-121.40926,46.93993],[-121.40897,46.93994],[-121.409,46.93979]]],[[[-121.41676,46.94659],[-121.4168,46.94632],[-121.41699,46.94646],[-121.41676,46.94659]]],[[[-121.42585,46.94494],[-121.42588,46.94473],[-121.42602,46.94481],[-121.42585,46.94494]]]]},"bbox":[-121.42747,46.9369,-121.40016,46.95099]},{"type":"Feature","id":28019,"properties":{"y":2018,"n":"Doe","ag":"USFS","ac":6.0,"c":14,"cl":"Unknown","ad":"2018-09-02","cd":"","st":"WA","se":3},"geometry":{"type":"Polygon","coordinates":[[[-120.17452,48.68286],[-120.17291,48.68397],[-120.1723,48.68271],[-120.17452,48.68286]]]},"bbox":[-120.17465,48.68249,-120.17226,48.68419]},{"type":"Feature","id":28020,"properties":{"y":2017,"n":"Ferry Point","ag":"USFS","ac":167.1,"c":14,"cl":"Unknown","ad":"2017-09-01","cd":"","st":"WA","se":3},"geometry":{"type":"MultiPolygon","coordinates":[[[[-120.39945,48.13262],[-120.39957,48.13213],[-120.39999,48.13245],[-120.39945,48.13262]]],[[[-120.40053,48.1331],[-120.4009,48.13286],[-120.40108,48.1331],[-120.40053,48.1331]]],[[[-120.40192,48.1335],[-120.40253,48.13326],[-120.40247,48.13375],[-120.40192,48.1335]]],[[[-120.42201,48.13188],[-120.40825,48.1382],[-120.41035,48.13378],[-120.40338,48.13374],[-120.40938,48.13079],[-120.42201,48.13188]]],[[[-120.41043,48.13986],[-120.40922,48.13856],[-120.41129,48.13916],[-120.41043,48.13986]]],[[[-120.41188,48.14031],[-120.4124,48.13968],[-120.41252,48.14007],[-120.41188,48.14031]]],[[[-120.41292,48.13044],[-120.41413,48.13072],[-120.4125,48.1308],[-120.41292,48.13044]]],[[[-120.42008,48.13084],[-120.42025,48.13065],[-120.42042,48.13079],[-120.42008,48.13084]]]]},"bbox":[-120.42209,48.13032,-120.39932,48.14036]},{"type":"Feature","id":28021,"properties":{"y":2018,"n":"Lost","ag":"USFS","ac":79.4,"c":14,"cl":"Unknown","ad":"2018-11-06","cd":"","st":"WA","se":3},"geometry":{"type":"Polygon","coordinates":[[[-120.63778,47.89814],[-120.63783,47.89355],[-120.64061,47.89392],[-120.6402,47.90192],[-120.63095,47.90259],[-120.63778,47.89814]]]},"bbox":[-120.64127,47.89355,-120.63056,47.90383]},{"type":"Feature","id":28022,"properties":{"y":2018,"n":"Miriam","ag":"USFS","ac":4577.8,"c":14,"cl":"Unknown","ad":"2018-12-20","cd":"","st":"WA","se":4},"geometry":{"type":"MultiPolygon","coordinates":[[[[-121.35408,46.62307],[-121.32929,46.61877],[-121.32673,46.62418],[-121.31771,46.61841],[-121.32189,46.61545],[-121.33129,46.61324],[-121.32931,46.61196],[-121.34042,46.60278],[-121.33931,46.59994],[-121.3469,46.59787],[-121.34998,46.58784],[-121.35529,46.58548],[-121.35588,46.57854],[-121.36509,46.56889],[-121.3691,46.56021],[-121.36706,46.55918],[-121.38282,46.55365],[-121.38792,46.55517],[-121.38773,46.56074],[-121.3957,46.56223],[-121.39864,46.56736],[-121.39006,46.57515],[-121.38605,46.57335],[-121.37978,46.5786],[-121.38225,46.57974],[-121.37737,46.58159],[-121.37918,46.58246],[-121.388,46.58032],[-121.39282,46.58237],[-121.37478,46.58725],[-121.37869,46.59363],[-121.37408,46.59024],[-121.37533,46.59406],[-121.37219,46.59698],[-121.37474,46.60196],[-121.3803,46.60047],[-121.38285,46.60389],[-121.38035,46.60716],[-121.38789,46.60809],[-121.39072,46.61225],[-121.38312,46.61335],[-121.37852,46.61808],[-121.35329,46.61277],[-121.35008,46.61548],[-121.35368,46.61789],[-121.35408,46.62307]],[[-121.32416,46.61586],[-121.32531,46.617],[-121.32576,46.61652],[-121.32416,46.61586]],[[-121.3272,46.61957],[-121.32785,46.61814],[-121.32639,46.61835],[-121.3272,46.61957]],[[-121.36848,46.5979],[-121.37032,46.59943],[-121.37174,46.59743],[-121.36848,46.5979]]],[[[-121.35498,46.56085],[-121.35384,46.55872],[-121.35595,46.55943],[-121.35498,46.56085]]],[[[-121.3877,46.60762],[-121.38491,46.60734],[-121.38454,46.60687],[-121.38638,46.60545],[-121.3877,46.60762]]]]},"bbox":[-121.39892,46.55358,-121.31771,46.62418]},{"type":"Feature","id":28023,"properties":{"y":2018,"n":"Bannock Lakes","ag":"USFS","ac":498.0,"c":14,"cl":"Unknown","ad":"2018-10-23","cd":"","st":"WA","se":3},"geometry":{"type":"MultiPolygon","coordinates":[[[[-120.94853,48.27113],[-120.9298,48.26763],[-120.92809,48.26318],[-120.93078,48.26132],[-120.92753,48.25792],[-120.93114,48.25127],[-120.94623,48.25159],[-120.93904,48.25606],[-120.94092,48.25919],[-120.93814,48.2624],[-120.94087,48.26193],[-120.94061,48.26652],[-120.94853,48.27113]]],[[[-120.94162,48.26403],[-120.94184,48.26394],[-120.94184,48.26399],[-120.94162,48.26403]]]]},"bbox":[-120.94853,48.24986,-120.92753,48.27221]},{"type":"Feature","id":28024,"properties":{"y":2018,"n":"Holman","ag":"USFS","ac":298.8,"c":14,"cl":"Unknown","ad":"2019-02-08","cd":"","st":"WA","se":4},"geometry":{"type":"MultiPolygon","coordinates":[[[[-120.7274,48.82959],[-120.72874,48.82816],[-120.72915,48.82916],[-120.7274,48.82959]]],[[[-120.73269,48.829],[-120.73672,48.82599],[-120.73138,48.82696],[-120.73087,48.82434],[-120.74151,48.82728],[-120.74448,48.82553],[-120.74049,48.82377],[-120.74802,48.81949],[-120.74497,48.8253],[-120.75423,48.829],[-120.74584,48.83723],[-120.74098,48.82781],[-120.73452,48.8322],[-120.73269,48.829]]],[[[-120.73126,48.82836],[-120.73152,48.8281],[-120.73159,48.82824],[-120.73126,48.82836]]],[[[-120.73204,48.82395],[-120.73146,48.8237],[-120.73242,48.82325],[-120.73204,48.82395]]],[[[-120.74384,48.83646],[-120.74359,48.83653],[-120.74363,48.83645],[-120.74384,48.83646]]]]},"bbox":[-120.75423,48.81949,-120.72736,48.83723]},{"type":"Feature","id":28025,"properties":{"y":2018,"n":"Cougar Creek","ag":"USFS","ac":41404.4,"c":14,"cl":"Unknown","ad":"2018-12-21","cd":"","st":"WA","se":4},"geometry":{"type":"MultiPolygon","coordinates":[[[[-120.40166,47.82252],[-120.38851,47.8187],[-120.38785,47.8123],[-120.37219,47.81727],[-120.36631,47.81059],[-120.35578,47.80778],[-120.35736,47.80191],[-120.3524,47.80343],[-120.34,47.79829],[-120.35673,47.78489],[-120.35011,47.77905],[-120.35266,47.77469],[-120.3675,47.7689],[-120.38026,47.77456],[-120.38102,47.77739],[-120.37676,47.77985],[-120.38181,47.78871],[-120.39345,47.79021],[-120.39697,47.79501],[-120.39377,47.79804],[-120.4006,47.79756],[-120.40752,47.80927],[-120.40653,47.81514],[-120.41172,47.8158],[-120.40166,47.82252]]],[[[-120.58467,47.8605],[-120.58135,47.87068],[-120.57463,47.87267],[-120.57165,47.88059],[-120.56133,47.88286],[-120.5541,47.87792],[-120.5555,47.88182],[-120.54659,47.88645],[-120.54519,47.87959],[-120.53446,47.88718],[-120.52334,47.88505],[-120.52666,47.8814],[-120.51739,47.88515],[-120.5001,47.87823],[-120.48977,47.87987],[-120.48668,47.87038],[-120.48077,47.86605],[-120.47267,47.86552],[-120.46685,47.85944],[-120.47075,47.85522],[-120.46957,47.84728],[-120.47472,47.84685],[-120.47198,47.83695],[-120.46394,47.83115],[-120.43305,47.83529],[-120.42249,47.83255],[-120.42633,47.82073],[-120.42087,47.81201],[-120.41229,47.81088],[-120.4122,47.80674],[-120.40585,47.80359],[-120.39764,47.7886],[-120.38512,47.78288],[-120.38732,47.77993],[-120.38314,47.77731],[-120.38317,47.77312],[-120.36648,47.76384],[-120.38441,47.76216],[-120.39373,47.74957],[-120.41855,47.74477],[-120.42939,47.74806],[-120.44132,47.74589],[-120.46814,47.7501],[-120.49076,47.75893],[-120.50123,47.76656],[-120.51073,47.76843],[-120.52453,47.76213],[-120.53177,47.76147],[-120.52417,47.76417],[-120.51928,47.76966],[-120.52246,47.77081],[-120.52771,47.7665],[-120.53527,47.76802],[-120.53641,47.76411],[-120.53211,47.7633],[-120.5366,47.76355],[-120.53628,47.76772],[-120.53441,47.76882],[-120.54528,47.77827],[-120.54286,47.78223],[-120.52666,47.78951],[-120.52676,47.79285],[-120.5337,47.79531],[-120.5361,47.79223],[-120.5506,47.79132],[-120.55387,47.78776],[-120.56856,47.79859],[-120.57009,47.79544],[-120.58759,47.7961],[-120.591,47.80572],[-120.60218,47.81695],[-120.60589,47.82719],[-120.61572,47.83783],[-120.60147,47.84224],[-120.60039,47.84839],[-120.60434,47.85801],[-120.59788,47.85912],[-120.59189,47.86462],[-120.59076,47.86155],[-120.58467,47.8605]],[[-120.42497,47.80287],[-120.4227,47.79181],[-120.41686,47.79228],[-120.42319,47.79686],[-120.421,47.79854],[-120.42497,47.80287]],[[-120.46339,47.81488],[-120.45966,47.81583],[-120.45418,47.80995],[-120.45604,47.80476],[-120.44969,47.80601],[-120.44787,47.80227],[-120.44285,47.80134],[-120.43952,47.80271],[-120.4484,47.80628],[-120.43451,47.80392],[-120.42947,47.79463],[-120.42921,47.80045],[-120.43239,47.80361],[-120.44209,47.80625],[-120.44131,47.81124],[-120.45302,47.81436],[-120.45568,47.81229],[-120.45501,47.8166],[-120.46345,47.82431],[-120.46339,47.81488]],[[-120.46007,47.83093],[-120.46059,47.82566],[-120.45409,47.82691],[-120.44745,47.83259],[-120.46007,47.83093]],[[-120.46716,47.76705],[-120.4623,47.76239],[-120.46413,47.75742],[-120.45847,47.75886],[-120.46012,47.76226],[-120.45518,47.76161],[-120.45648,47.76516],[-120.46716,47.76705]],[[-120.50096,47.86961],[-120.50114,47.86679],[-120.49536,47.86598],[-120.48744,47.85912],[-120.47833,47.86347],[-120.48619,47.86331],[-120.49015,47.86808],[-120.50096,47.86961]],[[-120.49486,47.77677],[-120.50335,47.77537],[-120.50175,47.77332],[-120.50631,47.77314],[-120.50632,47.76925],[-120.48978,47.77074],[-120.49486,47.77677]],[[-120.52613,47.78832],[-120.52902,47.78181],[-120.51692,47.78476],[-120.52416,47.78653],[-120.52613,47.78832]],[[-120.54114,47.78187],[-120.54361,47.77785],[-120.53563,47.77053],[-120.52459,47.77112],[-120.52916,47.77149],[-120.52991,47.77556],[-120.53642,47.77591],[-120.53404,47.77976],[-120.54114,47.78187]],[[-120.54928,47.87629],[-120.54831,47.87556],[-120.54711,47.87642],[-120.54928,47.87629]],[[-120.56825,47.87469],[-120.56981,47.8748],[-120.56979,47.87425],[-120.56825,47.87469]],[[-120.59007,47.84394],[-120.59125,47.84444],[-120.59103,47.84271],[-120.59007,47.84394]],[[-120.59266,47.84322],[-120.59183,47.84447],[-120.59281,47.84441],[-120.59266,47.84322]],[[-120.59879,47.84884],[-120.60042,47.84889],[-120.59888,47.84839],[-120.59879,47.84884]]],[[[-120.50803,47.88269],[-120.50964,47.88326],[-120.50821,47.88362],[-120.50803,47.88269]]],[[[-120.53863,47.78565],[-120.53808,47.78485],[-120.5405,47.78373],[-120.53863,47.78565]]]]},"bbox":[-120.61572,47.74477,-120.3399,47.88718]},{"type":"Feature","id":28026,"properties":{"y":2018,"n":"Iron West","ag":"USFS","ac":13.1,"c":14,"cl":"Unknown","ad":"2018-12-18","cd":"","st":"WA","se":4},"geometry":{"type":"Polygon","coordinates":[[[-120.71824,47.34109],[-120.71717,47.33853],[-120.72069,47.339],[-120.71824,47.34109]]]},"bbox":[-120.72069,47.33853,-120.71683,47.34109]},{"type":"Feature","id":28027,"properties":{"y":2018,"n":"Iron East","ag":"USFS","ac":76.8,"c":14,"cl":"Unknown","ad":"2018-12-18","cd":"","st":"WA","se":4},"geometry":{"type":"Polygon","coordinates":[[[-120.69314,47.34113],[-120.69003,47.34645],[-120.68626,47.34879],[-120.6811,47.34828],[-120.69314,47.34113]]]},"bbox":[-120.69314,47.34092,-120.68107,47.34905]},{"type":"Feature","id":28028,"properties":{"y":2018,"n":"Fieldspoint","ag":"USFS","ac":165.4,"c":14,"cl":"Unknown","ad":"2018-09-28","cd":"","st":"WA","se":3},"geometry":{"type":"Polygon","coordinates":[[[-120.22857,47.96465],[-120.21343,47.96754],[-120.21465,47.96038],[-120.22857,47.96465]]]},"bbox":[-120.22857,47.96038,-120.21343,47.96922]},{"type":"Feature","id":28029,"properties":{"y":2018,"n":"Cutthroat Lake","ag":"USFS","ac":28.8,"c":14,"cl":"Unknown","ad":"2018-09-05","cd":"","st":"WA","se":3},"geometry":{"type":"Polygon","coordinates":[[[-120.66062,48.57476],[-120.65672,48.57945],[-120.65569,48.57945],[-120.6541,48.57516],[-120.66062,48.57476]]]},"bbox":[-120.66062,48.57476,-120.6541,48.57945]},{"type":"Feature","id":28030,"properties":{"y":2021,"n":"Delancy","ag":"USFS","ac":222.8,"c":14,"cl":"Unknown","ad":"2022-01-12","cd":"","st":"WA","se":4},"geometry":{"type":"Polygon","coordinates":[[[-120.6119,48.61071],[-120.60682,48.6117],[-120.61455,48.6041],[-120.61088,48.60003],[-120.62019,48.599],[-120.62721,48.60424],[-120.62549,48.60764],[-120.6141,48.60553],[-120.6119,48.61071]]]},"bbox":[-120.62722,48.59888,-120.60682,48.61284]},{"type":"Feature","id":28031,"properties":{"y":2021,"n":"Cub Creek 2","ag":"USFS","ac":70166.4,"c":14,"cl":"Unknown","ad":"2021-09-10","cd":"","st":"WA","se":3},"geometry":{"type":"MultiPolygon","coordinates":[[[[-120.07958,48.65787],[-120.0715,48.65399],[-120.07407,48.64954],[-120.08737,48.6483],[-120.09482,48.64347],[-120.09141,48.63526],[-120.08503,48.63316],[-120.08271,48.62393],[-120.06998,48.61659],[-120.07397,48.61451],[-120.07446,48.60712],[-120.08706,48.59701],[-120.09323,48.59675],[-120.09962,48.59016],[-120.10961,48.58722],[-120.08656,48.58554],[-120.08024,48.58968],[-120.07909,48.58373],[-120.06905,48.58504],[-120.06988,48.58308],[-120.06383,48.58634],[-120.05328,48.58673],[-120.05347,48.58418],[-120.05145,48.58647],[-120.05188,48.57929],[-120.04516,48.58058],[-120.0417,48.57796],[-120.04677,48.57538],[-120.03775,48.57686],[-120.04075,48.5686],[-120.02628,48.56729],[-120.0198,48.57214],[-120.01373,48.57206],[-120.00478,48.55914],[-120.03656,48.55807],[-120.03894,48.56131],[-120.04881,48.56347],[-120.04705,48.56599],[-120.0529,48.56668],[-120.05167,48.5697],[-120.05777,48.57134],[-120.05771,48.56869],[-120.06149,48.57246],[-120.06723,48.56906],[-120.07031,48.57166],[-120.07027,48.56933],[-120.07527,48.57316],[-120.0773,48.57264],[-120.07511,48.56968],[-120.07865,48.57205],[-120.08286,48.56513],[-120.09631,48.56321],[-120.10143,48.55921],[-120.11222,48.56457],[-120.10982,48.56628],[-120.11089,48.57356],[-120.11671,48.57214],[-120.12158,48.57545],[-120.12485,48.57111],[-120.13201,48.5772],[-120.13583,48.57029],[-120.14112,48.57118],[-120.14171,48.56717],[-120.15068,48.56404],[-120.14995,48.56175],[-120.16406,48.56031],[-120.16461,48.56459],[-120.17472,48.56173],[-120.17923,48.56527],[-120.18121,48.56071],[-120.19245,48.55757],[-120.19339,48.55181],[-120.19705,48.55372],[-120.2035,48.57192],[-120.19922,48.57991],[-120.19959,48.59129],[-120.20315,48.58981],[-120.20841,48.59733],[-120.20998,48.59481],[-120.21744,48.5966],[-120.21518,48.5974],[-120.21861,48.6043],[-120.22172,48.60247],[-120.23842,48.60822],[-120.24336,48.61379],[-120.26046,48.61716],[-120.26231,48.62269],[-120.27047,48.62436],[-120.27262,48.62925],[-120.27031,48.63135],[-120.27324,48.63354],[-120.28928,48.63552],[-120.29294,48.64749],[-120.30669,48.65486],[-120.30712,48.6606],[-120.31225,48.66558],[-120.30163,48.66808],[-120.30734,48.66533],[-120.30225,48.66562],[-120.2982,48.65682],[-120.29603,48.65996],[-120.30048,48.66544],[-120.29808,48.66779],[-120.28273,48.6624],[-120.27865,48.66407],[-120.27828,48.65823],[-120.27147,48.65502],[-120.27252,48.65834],[-120.26895,48.65498],[-120.25792,48.65551],[-120.24531,48.64784],[-120.24427,48.65531],[-120.24913,48.66379],[-120.24116,48.6591],[-120.24296,48.65408],[-120.23877,48.66358],[-120.24471,48.66975],[-120.23889,48.66849],[-120.25853,48.6847],[-120.26014,48.68193],[-120.26477,48.68522],[-120.26309,48.6916],[-120.26869,48.69557],[-120.26578,48.69788],[-120.28668,48.72341],[-120.28646,48.73043],[-120.28959,48.73117],[-120.28669,48.73437],[-120.28875,48.7372],[-120.29252,48.7363],[-120.29159,48.74645],[-120.29413,48.74766],[-120.28964,48.74649],[-120.29236,48.75051],[-120.29131,48.7516],[-120.29049,48.74912],[-120.2867,48.7499],[-120.28752,48.74731],[-120.28458,48.74966],[-120.28573,48.7463],[-120.27928,48.7471],[-120.28386,48.73823],[-120.27615,48.74081],[-120.27514,48.74504],[-120.26793,48.7424],[-120.26591,48.74482],[-120.25578,48.73902],[-120.25527,48.7436],[-120.24717,48.73867],[-120.24392,48.73989],[-120.22518,48.72178],[-120.22816,48.72102],[-120.22943,48.71596],[-120.22611,48.71529],[-120.22904,48.71308],[-120.2222,48.70999],[-120.22065,48.71176],[-120.22364,48.71338],[-120.2186,48.71617],[-120.21638,48.71274],[-120.20501,48.72072],[-120.20402,48.7241],[-120.20842,48.7264],[-120.21052,48.73246],[-120.21689,48.73382],[-120.21537,48.73534],[-120.21879,48.73792],[-120.20456,48.74089],[-120.2144,48.74234],[-120.20944,48.74566],[-120.20722,48.74397],[-120.20842,48.74618],[-120.20195,48.75095],[-120.20891,48.7532],[-120.20762,48.75538],[-120.21179,48.75885],[-120.22036,48.76117],[-120.20935,48.76731],[-120.20699,48.76368],[-120.19991,48.76307],[-120.20181,48.76709],[-120.19844,48.77099],[-120.19563,48.76522],[-120.19232,48.76505],[-120.19399,48.76841],[-120.19176,48.76937],[-120.19605,48.77299],[-120.19267,48.77146],[-120.189,48.77535],[-120.16889,48.76848],[-120.17349,48.77147],[-120.17161,48.77346],[-120.1577,48.7751],[-120.16527,48.78302],[-120.17091,48.78317],[-120.16778,48.78018],[-120.17707,48.77705],[-120.1703,48.78135],[-120.1876,48.78321],[-120.18926,48.78106],[-120.19273,48.78384],[-120.18305,48.79156],[-120.16717,48.78822],[-120.16982,48.79175],[-120.16795,48.79306],[-120.1633,48.79127],[-120.16763,48.78448],[-120.15215,48.77819],[-120.1484,48.7703],[-120.14436,48.7691],[-120.14345,48.76369],[-120.13445,48.75707],[-120.13838,48.75404],[-120.13918,48.73929],[-120.13699,48.72992],[-120.12674,48.71707],[-120.1231,48.70672],[-120.13118,48.69513],[-120.13183,48.68737],[-120.12879,48.68733],[-120.12984,48.6885],[-120.12587,48.6961],[-120.12664,48.69407],[-120.12037,48.6947],[-120.12481,48.69676],[-120.11664,48.70132],[-120.12276,48.70143],[-120.11838,48.70685],[-120.12017,48.71519],[-120.1265,48.72293],[-120.12553,48.7254],[-120.13318,48.73202],[-120.12862,48.7324],[-120.13018,48.74148],[-120.11847,48.74796],[-120.11331,48.74072],[-120.10809,48.74311],[-120.10725,48.74689],[-120.10325,48.74814],[-120.10232,48.74631],[-120.09956,48.747],[-120.08633,48.7531],[-120.07183,48.75132],[-120.08133,48.74543],[-120.08184,48.74018],[-120.10894,48.72874],[-120.11225,48.72268],[-120.09758,48.72886],[-120.09447,48.72764],[-120.09335,48.73278],[-120.09011,48.72978],[-120.0921,48.72554],[-120.08783,48.72386],[-120.091,48.72258],[-120.08693,48.72169],[-120.08845,48.71797],[-120.08244,48.72178],[-120.08644,48.72333],[-120.08177,48.72541],[-120.07959,48.72195],[-120.05831,48.71616],[-120.06011,48.71305],[-120.06772,48.71213],[-120.06953,48.70808],[-120.06385,48.70082],[-120.05887,48.7034],[-120.05819,48.7076],[-120.05664,48.70326],[-120.05315,48.70569],[-120.05658,48.7111],[-120.04923,48.71176],[-120.04909,48.71634],[-120.0461,48.71783],[-120.04306,48.71409],[-120.04068,48.73051],[-120.03577,48.72872],[-120.03112,48.71873],[-120.02724,48.71727],[-120.03539,48.71352],[-120.03107,48.71088],[-120.03378,48.70222],[-120.02986,48.69976],[-120.03619,48.6987],[-120.03114,48.69736],[-120.03294,48.69581],[-120.02819,48.69022],[-120.0381,48.69296],[-120.04045,48.68761],[-120.04565,48.68701],[-120.0481,48.6833],[-120.05728,48.68791],[-120.06848,48.68339],[-120.06989,48.67828],[-120.08913,48.66087],[-120.08985,48.65148],[-120.08263,48.65174],[-120.07958,48.65787]],[[-120.16907,48.60404],[-120.16632,48.59217],[-120.17577,48.58159],[-120.17495,48.57556],[-120.16531,48.57844],[-120.16842,48.58132],[-120.1631,48.5882],[-120.16245,48.60341],[-120.16907,48.60404]]],[[[-120.00867,48.56864],[-120.00667,48.56718],[-120.00942,48.56838],[-120.00867,48.56864]]],[[[-120.06785,48.75026],[-120.06932,48.74968],[-120.0684,48.75031],[-120.06785,48.75026]]],[[[-120.07157,48.75359],[-120.07108,48.75282],[-120.07214,48.75322],[-120.07157,48.75359]]],[[[-120.07174,48.75076],[-120.07146,48.75036],[-120.07269,48.75038],[-120.07174,48.75076]]],[[[-120.07665,48.75254],[-120.07604,48.75199],[-120.07727,48.75224],[-120.07665,48.75254]]],[[[-120.08212,48.56358],[-120.0828,48.55973],[-120.08638,48.56186],[-120.08582,48.56329],[-120.08212,48.56358]]],[[[-120.10175,48.7469],[-120.1023,48.74743],[-120.10067,48.74741],[-120.10175,48.7469]]],[[[-120.27077,48.6642],[-120.27322,48.66392],[-120.27378,48.66683],[-120.27325,48.66675],[-120.27077,48.6642]]]]},"bbox":[-120.31225,48.55181,-120.00425,48.79307]},{"type":"Feature","id":28032,"properties":{"y":2020,"n":"Fruit Valley","ag":"USFS","ac":166.5,"c":14,"cl":"Unknown","ad":"2020-12-08","cd":"","st":"WA","se":4},"geometry":{"type":"Polygon","coordinates":[[[-122.7209,45.6515],[-122.71341,45.65488],[-122.70337,45.65146],[-122.69521,45.653],[-122.70015,45.65042],[-122.70482,45.65161],[-122.70724,45.64719],[-122.7209,45.6515]]]},"bbox":[-122.72094,45.64719,-122.69521,45.65488]},{"type":"Feature","id":28033,"properties":{"y":2016,"n":"Meadow Creek","ag":"USFS","ac":69.2,"c":14,"cl":"Unknown","ad":"2016-09-05","cd":"","st":"WA","se":3},"geometry":{"type":"Polygon","coordinates":[[[-120.706,47.87979],[-120.69722,47.87239],[-120.70961,47.87765],[-120.706,47.87979]]]},"bbox":[-120.70961,47.87239,-120.69722,47.87979]},{"type":"Feature","id":28034,"properties":{"y":2007,"n":"Symrna Bench","ag":"BLM","ac":1425.0,"c":14,"cl":"Unknown","ad":"2007-07-15","cd":"","st":"WA","se":2},"geometry":{"type":"Polygon","coordinates":[[[-119.69238,46.83921],[-119.59503,46.83963],[-119.57065,46.83683],[-119.57177,46.83162],[-119.57866,46.83193],[-119.58323,46.83654],[-119.58717,46.83268],[-119.59842,46.83337],[-119.60299,46.83782],[-119.62438,46.83498],[-119.62877,46.83111],[-119.6921,46.83356],[-119.69238,46.83921]]]},"bbox":[-119.69238,46.83104,-119.57065,46.8398]},{"type":"Feature","id":28035,"properties":{"y":2007,"n":"Simm'S Corner","ag":"BLM","ac":3630.7,"c":14,"cl":"Unknown","ad":"2007-09-10","cd":"","st":"WA","se":3},"geometry":{"type":"Polygon","coordinates":[[[-119.20079,47.82518],[-119.20073,47.81539],[-119.21321,47.81313],[-119.22963,47.80362],[-119.28016,47.80096],[-119.28528,47.81279],[-119.28562,47.81648],[-119.27897,47.82234],[-119.24645,47.82823],[-119.21212,47.82925],[-119.20079,47.82518]]]},"bbox":[-119.28562,47.80096,-119.20073,47.82926]},{"type":"Feature","id":28036,"properties":{"y":2003,"n":"Black Canyon","ag":"BLM","ac":2274.3,"c":14,"cl":"Unknown","ad":"2013-11-21","cd":"","st":"WA","se":3},"geometry":{"type":"Polygon","coordinates":[[[-117.65442,48.89868],[-117.65255,48.89474],[-117.65482,48.8928],[-117.65077,48.89081],[-117.65345,48.88819],[-117.64691,48.88422],[-117.66093,48.88401],[-117.65706,48.8805],[-117.66417,48.87622],[-117.66547,48.87209],[-117.67324,48.87023],[-117.67569,48.87239],[-117.68225,48.86879],[-117.69156,48.87105],[-117.69565,48.8682],[-117.69454,48.86379],[-117.70328,48.86118],[-117.70686,48.86479],[-117.70808,48.86933],[-117.70465,48.87701],[-117.69974,48.87869],[-117.69876,48.88783],[-117.68838,48.88811],[-117.68163,48.88473],[-117.68542,48.89138],[-117.68069,48.89463],[-117.67388,48.8977],[-117.66848,48.89565],[-117.6641,48.89966],[-117.65442,48.89868]]]},"bbox":[-117.70823,48.86114,-117.64638,48.90017]},{"type":"Feature","id":28037,"properties":{"y":1994,"n":"Tunk","ag":"BLM","ac":4902.6,"c":14,"cl":"Unknown","ad":"2013-11-21","cd":"","st":"WA","se":3},"geometry":{"type":"Polygon","coordinates":[[[-119.40105,48.58094],[-119.41656,48.56712],[-119.44026,48.56644],[-119.45461,48.57202],[-119.45196,48.58212],[-119.457,48.59447],[-119.45675,48.61091],[-119.43876,48.61112],[-119.42753,48.61638],[-119.41607,48.61696],[-119.39978,48.60917],[-119.39771,48.59295],[-119.40105,48.58094]]]},"bbox":[-119.457,48.56547,-119.39771,48.61696]},{"type":"Feature","id":28038,"properties":{"y":1992,"n":"Longview","ag":"BLM","ac":132.8,"c":14,"cl":"Unknown","ad":"2013-11-21","cd":"","st":"WA","se":3},"geometry":{"type":"Polygon","coordinates":[[[-120.25382,47.55128],[-120.24351,47.55103],[-120.24065,47.54768],[-120.25187,47.54709],[-120.25382,47.55128]]]},"bbox":[-120.25443,47.54588,-120.24065,47.55216]},{"type":"Feature","id":28039,"properties":{"y":1991,"n":"Salt Lake","ag":"BLM","ac":294.9,"c":14,"cl":"Unknown","ad":"2013-11-21","cd":"","st":"WA","se":3},"geometry":{"type":"Polygon","coordinates":[[[-119.68228,48.9744],[-119.68241,48.96397],[-119.68677,48.96341],[-119.69672,48.97433],[-119.68728,48.97665],[-119.68228,48.9744]]]},"bbox":[-119.69672,48.96341,-119.68166,48.97735]},{"type":"Feature","id":28040,"properties":{"y":2007,"n":"Lewis And Clark","ag":"BLM","ac":753.0,"c":14,"cl":"Unknown","ad":"2007-12-31","cd":"","st":"WA","se":4},"geometry":{"type":"Polygon","coordinates":[[[-119.43515,46.36212],[-119.43012,46.36907],[-119.42113,46.3724],[-119.41183,46.37125],[-119.40791,46.36584],[-119.41585,46.35569],[-119.42404,46.35379],[-119.42983,46.35554],[-119.43515,46.36212]]]},"bbox":[-119.43515,46.35379,-119.40791,46.3724]},{"type":"Feature","id":28041,"properties":{"y":2007,"n":"Overlook","ag":"BLM","ac":19569.1,"c":14,"cl":"Unknown","ad":"2017-01-27","cd":"","st":"WA","se":4},"geometry":{"type":"Polygon","coordinates":[[[-119.47321,46.72439],[-119.45767,46.73856],[-119.39,46.73486],[-119.38158,46.71118],[-119.38415,46.69056],[-119.37211,46.67086],[-119.3632,46.66856],[-119.36767,46.66664],[-119.3612,46.66443],[-119.36448,46.66228],[-119.36388,46.65893],[-119.37475,46.65775],[-119.37409,46.65393],[-119.35742,46.6473],[-119.35482,46.63855],[-119.32864,46.62696],[-119.32639,46.61502],[-119.31718,46.60801],[-119.32734,46.60312],[-119.32855,46.59388],[-119.37553,46.59104],[-119.40065,46.61225],[-119.40738,46.62795],[-119.40472,46.65544],[-119.4296,46.67022],[-119.43373,46.66994],[-119.42953,46.66658],[-119.43284,46.66386],[-119.45499,46.67098],[-119.42991,46.68235],[-119.42577,46.68948],[-119.4314,46.69599],[-119.47164,46.71926],[-119.47321,46.72439]]]},"bbox":[-119.47347,46.59051,-119.31718,46.73859]},{"type":"Feature","id":28042,"properties":{"y":2007,"n":"Sixprong","ag":"BLM","ac":19488.6,"c":14,"cl":"Unknown","ad":"2007-07-13","cd":"","st":"WA","se":2},"geometry":{"type":"Polygon","coordinates":[[[-120.16201,45.94704],[-120.13744,45.95149],[-120.13786,45.94778],[-120.12349,45.94094],[-120.10211,45.94415],[-120.09498,45.95652],[-120.10908,45.96682],[-120.1045,45.98255],[-120.09275,45.9902],[-120.07809,45.973],[-120.07823,45.96447],[-120.07281,45.96224],[-120.06795,45.95082],[-120.04964,45.94043],[-120.04115,45.93059],[-120.02925,45.92397],[-120.01736,45.9251],[-120.0031,45.91593],[-120.00094,45.90982],[-119.98952,45.91026],[-119.9924,45.91546],[-119.98942,45.91806],[-119.98362,45.91376],[-119.96015,45.90928],[-119.95896,45.90671],[-119.96598,45.8992],[-119.98097,45.89926],[-119.99314,45.90403],[-120.01624,45.90231],[-120.05157,45.90691],[-120.05375,45.89731],[-120.04737,45.89444],[-120.0538,45.88907],[-120.05409,45.87655],[-120.0498,45.87187],[-120.048,45.87606],[-120.04462,45.8753],[-120.04321,45.86628],[-120.03844,45.86291],[-120.07235,45.86021],[-120.07726,45.8539],[-120.11849,45.85838],[-120.13859,45.87263],[-120.13432,45.87428],[-120.14382,45.87511],[-120.13821,45.87914],[-120.13096,45.87845],[-120.14505,45.89367],[-120.14052,45.90273],[-120.13014,45.90908],[-120.11819,45.89941],[-120.10764,45.89687],[-120.08244,45.89569],[-120.07725,45.89798],[-120.07675,45.90167],[-120.08557,45.90899],[-120.11364,45.91269],[-120.1155,45.91427],[-120.11253,45.91874],[-120.12131,45.9247],[-120.15622,45.93842],[-120.16323,45.93853],[-120.16201,45.94704]]]},"bbox":[-120.16344,45.8539,-119.95885,45.9902]},{"type":"Feature","id":28043,"properties":{"y":2007,"n":"Woodgulch","ag":"BLM","ac":7665.5,"c":14,"cl":"Unknown","ad":"2007-07-13","cd":"","st":"WA","se":2},"geometry":{"type":"Polygon","coordinates":[[[-120.26614,45.80958],[-120.28641,45.82998],[-120.29614,45.83128],[-120.30342,45.83983],[-120.27651,45.83895],[-120.26621,45.84505],[-120.27369,45.85291],[-120.26522,45.85633],[-120.25532,45.85425],[-120.25065,45.85788],[-120.23759,45.83892],[-120.22804,45.83994],[-120.21797,45.82646],[-120.2134,45.81045],[-120.19679,45.80315],[-120.19159,45.79577],[-120.20683,45.75833],[-120.21924,45.75586],[-120.22811,45.76378],[-120.2269,45.77235],[-120.21808,45.78456],[-120.2257,45.80204],[-120.2386,45.81059],[-120.26614,45.80958]]]},"bbox":[-120.30342,45.75548,-120.19152,45.85788]},{"type":"Feature","id":28044,"properties":{"y":2007,"n":"Windy Ridge","ag":"BLM","ac":217.3,"c":14,"cl":"Unknown","ad":"2007-12-31","cd":"","st":"WA","se":4},"geometry":{"type":"Polygon","coordinates":[[[-117.52691,48.92182],[-117.52942,48.92468],[-117.52707,48.92922],[-117.52073,48.93395],[-117.51334,48.93294],[-117.51376,48.92955],[-117.52691,48.92182]]]},"bbox":[-117.52942,48.92141,-117.51301,48.93395]},{"type":"Feature","id":28045,"properties":{"y":2007,"n":"Little Chopaka","ag":"BLM","ac":4040.3,"c":14,"cl":"Unknown","ad":"2013-11-21","cd":"","st":"WA","se":3},"geometry":{"type":"Polygon","coordinates":[[[-119.70913,48.97285],[-119.69975,48.98698],[-119.68846,48.98541],[-119.67866,48.99072],[-119.67042,48.99103],[-119.64478,48.98251],[-119.64198,48.97694],[-119.64706,48.96052],[-119.65764,48.94926],[-119.66014,48.94163],[-119.66497,48.93973],[-119.6692,48.94906],[-119.68403,48.94645],[-119.69317,48.95648],[-119.70612,48.96369],[-119.70913,48.97285]]]},"bbox":[-119.70923,48.93971,-119.64198,48.99103]},{"type":"Feature","id":28046,"properties":{"y":2007,"n":"Easy Street","ag":"BLM","ac":5208.1,"c":14,"cl":"Unknown","ad":"2007-12-31","cd":"","st":"WA","se":4},"geometry":{"type":"Polygon","coordinates":[[[-120.4055,47.50838],[-120.38925,47.52343],[-120.36991,47.52712],[-120.36435,47.53551],[-120.3533,47.53196],[-120.3462,47.52559],[-120.34509,47.51906],[-120.33911,47.51508],[-120.31736,47.50716],[-120.32515,47.50483],[-120.31658,47.49911],[-120.3195,47.49698],[-120.32995,47.50249],[-120.33581,47.49202],[-120.34164,47.49094],[-120.34349,47.48656],[-120.38368,47.48755],[-120.39364,47.48993],[-120.39547,47.49814],[-120.39958,47.49897],[-120.4055,47.50838]]]},"bbox":[-120.40575,47.48656,-120.31658,47.53551]},{"type":"Feature","id":28047,"properties":{"y":2007,"n":"Crow Creek","ag":"BLM","ac":114.0,"c":14,"cl":"Unknown","ad":"2007-12-31","cd":"","st":"WA","se":4},"geometry":{"type":"Polygon","coordinates":[[[-121.1894,47.04202],[-121.18189,47.04427],[-121.1758,47.03406],[-121.17979,47.03496],[-121.1894,47.04202]]]},"bbox":[-121.1894,47.03406,-121.1758,47.04454]},{"type":"Feature","id":28048,"properties":{"y":2007,"n":"Douglas Creek","ag":"BLM","ac":3155.8,"c":14,"cl":"Unknown","ad":"2007-12-31","cd":"","st":"WA","se":4},"geometry":{"type":"Polygon","coordinates":[[[-119.85021,47.47777],[-119.82498,47.47621],[-119.81629,47.47088],[-119.81456,47.46619],[-119.82037,47.45898],[-119.81995,47.45126],[-119.83631,47.44515],[-119.86979,47.45487],[-119.86682,47.45865],[-119.8724,47.46073],[-119.87447,47.4674],[-119.86484,47.47945],[-119.85621,47.48271],[-119.85021,47.47777]]]},"bbox":[-119.87447,47.44515,-119.81456,47.48274]},{"type":"Feature","id":28049,"properties":{"y":2007,"n":"Les Blair","ag":"BLM","ac":7037.8,"c":14,"cl":"Unknown","ad":"2007-12-31","cd":"","st":"WA","se":4},"geometry":{"type":"Polygon","coordinates":[[[-118.95382,46.07551],[-118.95118,46.06343],[-118.95756,46.03318],[-118.99598,46.00498],[-119.0052,46.00808],[-119.01533,46.02191],[-119.01428,46.05844],[-119.00457,46.07122],[-118.99134,46.07599],[-118.97967,46.07167],[-118.96767,46.0757],[-118.95382,46.07551]]]},"bbox":[-119.01533,46.00498,-118.95118,46.07599]},{"type":"Feature","id":28050,"properties":{"y":2007,"n":"Beasley Hills","ag":"BLM","ac":85.7,"c":14,"cl":"Unknown","ad":"2007-12-31","cd":"","st":"WA","se":4},"geometry":{"type":"Polygon","coordinates":[[[-119.56554,47.3244],[-119.57517,47.32096],[-119.57823,47.32346],[-119.57676,47.32588],[-119.56771,47.32547],[-119.56554,47.3244]]]},"bbox":[-119.57823,47.3209,-119.56554,47.32588]},{"type":"Feature","id":28051,"properties":{"y":2007,"n":"Pend D'Oreille","ag":"BLM","ac":9482.0,"c":14,"cl":"Unknown","ad":"2013-11-21","cd":"","st":"WA","se":3},"geometry":{"type":"Polygon","coordinates":[[[-117.44116,49.00063],[-117.46807,49.00076],[-117.4698,49.00419],[-117.4662,49.01678],[-117.45885,49.01964],[-117.45792,49.02295],[-117.46653,49.03567],[-117.47066,49.0647],[-117.46008,49.07219],[-117.45558,49.0886],[-117.45031,49.09488],[-117.45605,49.09945],[-117.47258,49.09893],[-117.47208,49.10257],[-117.46526,49.10657],[-117.44092,49.1084],[-117.44311,49.10274],[-117.4483,49.10045],[-117.44623,49.09782],[-117.4269,49.10659],[-117.41694,49.08322],[-117.42434,49.04077],[-117.41827,49.03856],[-117.40512,49.04039],[-117.39181,49.03094],[-117.41568,49.0228],[-117.43039,49.00554],[-117.44116,49.00063]]]},"bbox":[-117.47258,49.00063,-117.39181,49.10901]},{"type":"Feature","id":28052,"properties":{"y":2007,"n":"Tolo Fire","ag":"BLM","ac":292.9,"c":14,"cl":"Unknown","ad":"2007-12-31","cd":"","st":"WA","se":4},"geometry":{"type":"Polygon","coordinates":[[[-120.88939,48.41624],[-120.90413,48.4249],[-120.89314,48.42755],[-120.88194,48.42607],[-120.88414,48.42134],[-120.89354,48.42091],[-120.88939,48.41624]]]},"bbox":[-120.90424,48.41568,-120.88193,48.42778]},{"type":"Feature","id":28053,"properties":{"y":2007,"n":"Wautoma","ag":"BLM","ac":67299.9,"c":14,"cl":"Unknown","ad":"2007-12-31","cd":"","st":"WA","se":4},"geometry":{"type":"Polygon","coordinates":[[[-119.60704,46.57732],[-119.60741,46.56865],[-119.66425,46.56895],[-119.66075,46.54466],[-119.63922,46.54444],[-119.63897,46.53826],[-119.63267,46.53766],[-119.63099,46.5335],[-119.61645,46.52745],[-119.61635,46.44136],[-119.59617,46.43475],[-119.54449,46.40068],[-119.51216,46.38493],[-119.51217,46.38068],[-119.53244,46.37458],[-119.54202,46.36849],[-119.57455,46.37909],[-119.6159,46.40935],[-119.62336,46.41012],[-119.64627,46.42222],[-119.71822,46.41973],[-119.76816,46.42634],[-119.78745,46.43879],[-119.81722,46.45037],[-119.81946,46.45415],[-119.82021,46.49835],[-119.84396,46.51256],[-119.87327,46.51517],[-119.87415,46.52595],[-119.83192,46.52401],[-119.81221,46.53577],[-119.79998,46.53801],[-119.8016,46.55217],[-119.79786,46.54805],[-119.79049,46.54831],[-119.77102,46.55569],[-119.76191,46.56221],[-119.76129,46.57303],[-119.72883,46.5774],[-119.60704,46.57732]]]},"bbox":[-119.87427,46.36849,-119.51216,46.5774]},{"type":"Feature","id":28054,"properties":{"y":2007,"n":"Black Rock","ag":"BLM","ac":31468.5,"c":14,"cl":"Unknown","ad":"2007-12-31","cd":"","st":"WA","se":4},"geometry":{"type":"Polygon","coordinates":[[[-118.8377,47.36681],[-118.87682,47.37548],[-118.88382,47.40515],[-118.94041,47.40296],[-118.94486,47.4122],[-118.93452,47.42944],[-118.92556,47.43455],[-118.89063,47.44227],[-118.87127,47.45096],[-118.82259,47.45857],[-118.78926,47.46034],[-118.76953,47.45847],[-118.72819,47.4256],[-118.70046,47.41639],[-118.69339,47.40967],[-118.70468,47.3912],[-118.72486,47.37942],[-118.81184,47.37187],[-118.8377,47.36681]]]},"bbox":[-118.94486,47.36681,-118.69339,47.46045]},{"type":"Feature","id":28055,"properties":{"y":2007,"n":"Milepost 17","ag":"BLM","ac":6453.2,"c":14,"cl":"Unknown","ad":"2007-12-31","cd":"","st":"WA","se":4},"geometry":{"type":"Polygon","coordinates":[[[-119.46869,46.42486],[-119.50883,46.42111],[-119.5663,46.43862],[-119.60938,46.45964],[-119.61084,46.48297],[-119.59102,46.47833],[-119.52224,46.44238],[-119.49499,46.44633],[-119.46869,46.42486]]]},"bbox":[-119.61084,46.42111,-119.46869,46.48297]},{"type":"Feature","id":28056,"properties":{"y":2007,"n":"Easton Ridge","ag":"BLM","ac":396.0,"c":14,"cl":"Unknown","ad":"2007-12-31","cd":"","st":"WA","se":4},"geometry":{"type":"Polygon","coordinates":[[[-121.23262,47.17895],[-121.24157,47.17784],[-121.24886,47.17979],[-121.23938,47.19069],[-121.23481,47.18848],[-121.22928,47.1903],[-121.22145,47.18587],[-121.23262,47.17895]]]},"bbox":[-121.24886,47.17784,-121.22145,47.19069]},{"type":"Feature","id":28057,"properties":{"y":2007,"n":"South Omak Lake","ag":"BLM","ac":10501.8,"c":14,"cl":"Unknown","ad":"2007-12-31","cd":"","st":"WA","se":4},"geometry":{"type":"Polygon","coordinates":[[[-119.32627,48.24445],[-119.29161,48.2202],[-119.28738,48.21154],[-119.28954,48.20625],[-119.3122,48.19734],[-119.33788,48.19639],[-119.34126,48.19335],[-119.33843,48.18832],[-119.35611,48.18582],[-119.36309,48.18986],[-119.36312,48.1934],[-119.38085,48.2009],[-119.38342,48.21077],[-119.39396,48.21725],[-119.39448,48.22656],[-119.40443,48.23729],[-119.39902,48.24244],[-119.41463,48.2482],[-119.4187,48.26488],[-119.41048,48.27134],[-119.39988,48.258],[-119.3935,48.26071],[-119.37676,48.24947],[-119.36347,48.25041],[-119.34526,48.24294],[-119.32627,48.24445]]]},"bbox":[-119.41899,48.18563,-119.28738,48.27134]},{"type":"Feature","id":28058,"properties":{"y":2007,"n":"Manilla Creek","ag":"BLM","ac":25790.3,"c":14,"cl":"Unknown","ad":"2017-01-27","cd":"","st":"WA","se":4},"geometry":{"type":"Polygon","coordinates":[[[-118.83124,48.02578],[-118.81948,48.03033],[-118.81475,48.04104],[-118.80307,48.04488],[-118.79721,48.05395],[-118.80006,48.05828],[-118.79435,48.06105],[-118.77126,48.05361],[-118.76414,48.04628],[-118.75224,48.05145],[-118.74851,48.04317],[-118.72144,48.02513],[-118.71662,48.0175],[-118.71808,48.01269],[-118.68689,48.00109],[-118.69489,47.9967],[-118.6944,47.98424],[-118.70245,47.9841],[-118.70106,47.98059],[-118.70864,47.98022],[-118.71089,47.97134],[-118.71878,47.96986],[-118.71717,47.96671],[-118.7201,47.96178],[-118.71687,47.95628],[-118.73391,47.9354],[-118.73471,47.92328],[-118.77518,47.92032],[-118.77951,47.92193],[-118.78564,47.93154],[-118.77454,47.9422],[-118.77635,47.94736],[-118.78473,47.95025],[-118.78107,47.96832],[-118.79011,47.96868],[-118.79527,47.97359],[-118.84364,47.96478],[-118.85458,47.96513],[-118.86029,47.9703],[-118.86374,47.98464],[-118.84003,47.98652],[-118.83479,47.99402],[-118.84811,47.99581],[-118.85153,48.00439],[-118.85561,48.00654],[-118.85269,48.01409],[-118.84479,48.01962],[-118.84631,48.02116],[-118.84196,48.02172],[-118.84421,48.0265],[-118.8479,48.0271],[-118.8402,48.03034],[-118.83124,48.02578]]]},"bbox":[-118.86378,47.92025,-118.68687,48.06105]},{"type":"Feature","id":28059,"properties":{"y":2007,"n":"Domke Lake","ag":"BLM","ac":11784.1,"c":14,"cl":"Unknown","ad":"2007-12-31","cd":"","st":"WA","se":4},"geometry":{"type":"Polygon","coordinates":[[[-120.54649,48.17538],[-120.53954,48.15867],[-120.51708,48.14667],[-120.51325,48.14083],[-120.52781,48.14464],[-120.5354,48.14044],[-120.56334,48.13832],[-120.58271,48.12239],[-120.59079,48.11946],[-120.59147,48.13405],[-120.59623,48.1362],[-120.60481,48.13158],[-120.59784,48.14057],[-120.61274,48.15067],[-120.63213,48.15655],[-120.63992,48.15246],[-120.6494,48.16164],[-120.65959,48.15903],[-120.66358,48.16446],[-120.68239,48.16687],[-120.66894,48.17036],[-120.67379,48.18512],[-120.64072,48.1908],[-120.62294,48.19082],[-120.60857,48.18559],[-120.59999,48.18684],[-120.5954,48.17741],[-120.57639,48.16879],[-120.58473,48.18013],[-120.59457,48.18381],[-120.59185,48.19615],[-120.58706,48.19925],[-120.56794,48.19339],[-120.55001,48.18158],[-120.54787,48.17905],[-120.55002,48.17708],[-120.54649,48.17538]]]},"bbox":[-120.68239,48.11946,-120.51313,48.19925]},{"type":"Feature","id":28060,"properties":{"y":2007,"n":"Panther Creek Wfu","ag":"BLM","ac":203.9,"c":14,"cl":"Unknown","ad":"2007-12-31","cd":"","st":"WA","se":4},"geometry":{"type":"Polygon","coordinates":[[[-121.00309,47.92385],[-121.01254,47.92757],[-121.00907,47.93271],[-120.99306,47.92976],[-121.00309,47.92385]]]},"bbox":[-121.01254,47.9234,-120.99301,47.93273]},{"type":"Feature","id":28061,"properties":{"y":2006,"n":"Rocky Ford","ag":"BLM","ac":3183.5,"c":14,"cl":"Unknown","ad":"2006-12-31","cd":"","st":"WA","se":4},"geometry":{"type":"Polygon","coordinates":[[[-119.44012,47.32167],[-119.44933,47.30609],[-119.44664,47.2905],[-119.44806,47.27307],[-119.45188,47.26939],[-119.46676,47.27378],[-119.48051,47.32593],[-119.44182,47.32578],[-119.44012,47.32167]]]},"bbox":[-119.48065,47.26939,-119.43984,47.32663]},{"type":"Feature","id":28062,"properties":{"y":2006,"n":"Gateway Lane","ag":"BLM","ac":107.3,"c":14,"cl":"Unknown","ad":"2006-12-31","cd":"","st":"WA","se":4},"geometry":{"type":"Polygon","coordinates":[[[-117.45829,47.44713],[-117.44493,47.45702],[-117.44189,47.45638],[-117.4494,47.45259],[-117.45066,47.45084],[-117.45011,47.44993],[-117.44541,47.45267],[-117.44866,47.44919],[-117.45829,47.44713]]]},"bbox":[-117.45841,47.44696,-117.44189,47.45706]},{"type":"Feature","id":28063,"properties":{"y":2006,"n":"Pollalie","ag":"BLM","ac":980.0,"c":14,"cl":"Unknown","ad":"2006-12-31","cd":"","st":"WA","se":4},"geometry":{"type":"Polygon","coordinates":[[[-121.08579,47.4281],[-121.11101,47.42569],[-121.12922,47.42845],[-121.13106,47.43279],[-121.13035,47.43543],[-121.12547,47.4331],[-121.12435,47.43936],[-121.12053,47.43556],[-121.10816,47.4326],[-121.09916,47.4354],[-121.09339,47.44315],[-121.0871,47.44387],[-121.07873,47.43743],[-121.08579,47.4281]]]},"bbox":[-121.13115,47.42549,-121.07873,47.44387]},{"type":"Feature","id":28064,"properties":{"y":2006,"n":"Bisbee Mountain","ag":"BLM","ac":484.6,"c":14,"cl":"Unknown","ad":"2013-11-21","cd":"","st":"WA","se":3},"geometry":{"type":"Polygon","coordinates":[[[-118.15915,48.62672],[-118.14917,48.62193],[-118.15055,48.60333],[-118.15392,48.60292],[-118.16222,48.61073],[-118.15941,48.61603],[-118.16546,48.62341],[-118.15915,48.62672]]]},"bbox":[-118.16546,48.60266,-118.14823,48.62697]},{"type":"Feature","id":28065,"properties":{"y":2006,"n":"Badger Hollow","ag":"BLM","ac":7385.6,"c":14,"cl":"Unknown","ad":"2006-12-31","cd":"","st":"WA","se":4},"geometry":{"type":"Polygon","coordinates":[[[-118.19749,46.53547],[-118.18991,46.52207],[-118.19092,46.51397],[-118.19724,46.50866],[-118.19825,46.50335],[-118.19496,46.49071],[-118.20887,46.48135],[-118.22278,46.49096],[-118.24629,46.49273],[-118.25287,46.4902],[-118.25464,46.48211],[-118.26222,46.48515],[-118.27563,46.50538],[-118.2779,46.51372],[-118.27613,46.52181],[-118.28043,46.53294],[-118.23492,46.52813],[-118.20862,46.53623],[-118.19749,46.53547]]]},"bbox":[-118.28043,46.48135,-118.18991,46.53623]},{"type":"Feature","id":28066,"properties":{"y":2006,"n":"Welch Road","ag":"BLM","ac":2571.4,"c":14,"cl":"Unknown","ad":"2006-12-31","cd":"","st":"WA","se":4},"geometry":{"type":"Polygon","coordinates":[[[-118.3667,46.47805],[-118.37394,46.46237],[-118.42699,46.40811],[-118.42699,46.42138],[-118.40529,46.45876],[-118.3667,46.47805]]]},"bbox":[-118.42699,46.40811,-118.3667,46.47805]},{"type":"Feature","id":28067,"properties":{"y":2006,"n":"Valley Mill","ag":"BLM","ac":459.1,"c":14,"cl":"Unknown","ad":"2006-12-31","cd":"","st":"WA","se":4},"geometry":{"type":"Polygon","coordinates":[[[-117.70302,48.15467],[-117.69918,48.15134],[-117.7021,48.15285],[-117.70412,48.15103],[-117.69948,48.15019],[-117.70913,48.14834],[-117.70785,48.14613],[-117.71323,48.1431],[-117.72892,48.14272],[-117.7179,48.15492],[-117.70302,48.15467]]]},"bbox":[-117.72892,48.14213,-117.69918,48.15547]},{"type":"Feature","id":28068,"properties":{"y":2006,"n":"Jungle Butte","ag":"BLM","ac":312.9,"c":14,"cl":"Unknown","ad":"2006-12-31","cd":"","st":"WA","se":4},"geometry":{"type":"Polygon","coordinates":[[[-121.24917,46.1833],[-121.24165,46.16962],[-121.24831,46.17257],[-121.25889,46.16781],[-121.2602,46.17131],[-121.2547,46.17491],[-121.25606,46.18029],[-121.24917,46.1833]]]},"bbox":[-121.26023,46.16747,-121.24156,46.1833]},{"type":"Feature","id":28069,"properties":{"y":2006,"n":"Cameron Lake Road","ag":"BLM","ac":1566.8,"c":14,"cl":"Unknown","ad":"2006-08-22","cd":"","st":"WA","se":2},"geometry":{"type":"Polygon","coordinates":[[[-119.54245,48.35224],[-119.54021,48.35842],[-119.52624,48.36657],[-119.51997,48.36255],[-119.50338,48.3617],[-119.50286,48.35634],[-119.49674,48.35381],[-119.50135,48.34851],[-119.5009,48.34098],[-119.5087,48.33489],[-119.50907,48.33866],[-119.51529,48.33825],[-119.51488,48.34571],[-119.53784,48.3474],[-119.54245,48.35224]]]},"bbox":[-119.54245,48.33489,-119.49674,48.36657]},{"type":"Feature","id":28070,"properties":{"y":2006,"n":"Swawilla Basin","ag":"BLM","ac":81.5,"c":14,"cl":"Unknown","ad":"2006-12-31","cd":"","st":"WA","se":4},"geometry":{"type":"Polygon","coordinates":[[[-118.71796,47.94918],[-118.71391,47.95313],[-118.70755,47.94661],[-118.70833,47.9454],[-118.70963,47.94503],[-118.71796,47.94918]]]},"bbox":[-118.71796,47.94497,-118.70755,47.95313]},{"type":"Feature","id":28071,"properties":{"y":2006,"n":"Palouse River","ag":"BLM","ac":654.5,"c":14,"cl":"Unknown","ad":"2006-12-31","cd":"","st":"WA","se":4},"geometry":{"type":"Polygon","coordinates":[[[-117.30967,46.87234],[-117.29394,46.87279],[-117.29262,46.86625],[-117.2844,46.86418],[-117.28996,46.84971],[-117.29779,46.84596],[-117.32933,46.84615],[-117.32658,46.84933],[-117.31434,46.85106],[-117.30313,46.84871],[-117.29327,46.85263],[-117.29333,46.85773],[-117.28949,46.86168],[-117.29633,46.86354],[-117.29458,46.86869],[-117.30948,46.86847],[-117.30967,46.87234]]]},"bbox":[-117.32977,46.84545,-117.28357,46.87341]},{"type":"Feature","id":28072,"properties":{"y":2006,"n":"Quinn'S Meadow","ag":"BLM","ac":319.9,"c":14,"cl":"Unknown","ad":"2006-12-31","cd":"","st":"WA","se":4},"geometry":{"type":"Polygon","coordinates":[[[-117.76661,48.8143],[-117.75388,48.82838],[-117.74676,48.82669],[-117.74639,48.82318],[-117.75786,48.81468],[-117.76634,48.81005],[-117.76661,48.8143]]]},"bbox":[-117.76781,48.81005,-117.74606,48.82869]},{"type":"Feature","id":28073,"properties":{"y":2005,"n":"Dirty Face","ag":"BLM","ac":1120.9,"c":14,"cl":"Unknown","ad":"2005-12-31","cd":"","st":"WA","se":4},"geometry":{"type":"Polygon","coordinates":[[[-120.80852,47.84315],[-120.79886,47.85589],[-120.78058,47.86222],[-120.77688,47.86119],[-120.78267,47.85624],[-120.78213,47.85263],[-120.76379,47.84529],[-120.77447,47.83964],[-120.77705,47.84212],[-120.78085,47.83955],[-120.7999,47.83948],[-120.80852,47.84315]]]},"bbox":[-120.80852,47.8393,-120.76379,47.86222]},{"type":"Feature","id":28074,"properties":{"y":2005,"n":"Spud Fire","ag":"BLM","ac":123.4,"c":14,"cl":"Unknown","ad":"2005-12-31","cd":"","st":"WA","se":4},"geometry":{"type":"Polygon","coordinates":[[[-118.20748,47.94804],[-118.22299,47.95032],[-118.21847,47.95282],[-118.21537,47.95083],[-118.2132,47.95411],[-118.20954,47.9535],[-118.20748,47.94804]]]},"bbox":[-118.22299,47.94678,-118.20748,47.95411]},{"type":"Feature","id":28075,"properties":{"y":2005,"n":"Hot Falls","ag":"BLM","ac":174.3,"c":14,"cl":"Unknown","ad":"2013-11-21","cd":"","st":"WA","se":3},"geometry":{"type":"Polygon","coordinates":[[[-117.91032,47.83747],[-117.90964,47.84485],[-117.89397,47.84679],[-117.90013,47.84011],[-117.91032,47.83747]]]},"bbox":[-117.91032,47.83747,-117.89397,47.84724]},{"type":"Feature","id":28076,"properties":{"y":2005,"n":"Second Hud","ag":"BLM","ac":4172.2,"c":14,"cl":"Unknown","ad":"2005-12-31","cd":"","st":"WA","se":4},"geometry":{"type":"Polygon","coordinates":[[[-119.44475,48.49862],[-119.44094,48.4953],[-119.44277,48.48975],[-119.43702,48.48527],[-119.43882,48.48349],[-119.43173,48.48404],[-119.43373,48.4807],[-119.42014,48.48876],[-119.41738,48.4868],[-119.4251,48.46716],[-119.43393,48.45851],[-119.43109,48.45791],[-119.43407,48.45498],[-119.42794,48.452],[-119.42887,48.44957],[-119.42552,48.45067],[-119.42462,48.44425],[-119.41991,48.44566],[-119.42217,48.44201],[-119.41911,48.43843],[-119.42648,48.42914],[-119.43462,48.43102],[-119.44134,48.42751],[-119.45005,48.43027],[-119.45167,48.43937],[-119.44701,48.44051],[-119.44682,48.44355],[-119.45107,48.44478],[-119.45287,48.44785],[-119.44871,48.44782],[-119.4545,48.4504],[-119.46496,48.4632],[-119.46392,48.46849],[-119.46949,48.47511],[-119.45334,48.49449],[-119.44475,48.49862]]]},"bbox":[-119.46957,48.42751,-119.41729,48.49866]},{"type":"Feature","id":28077,"properties":{"y":2005,"n":"West Omak Lake","ag":"BLM","ac":11257.4,"c":14,"cl":"Unknown","ad":"2005-12-31","cd":"","st":"WA","se":4},"geometry":{"type":"Polygon","coordinates":[[[-119.35808,48.16494],[-119.35644,48.15067],[-119.35074,48.14978],[-119.34369,48.14298],[-119.34477,48.13732],[-119.34146,48.1358],[-119.33445,48.11909],[-119.33502,48.11678],[-119.34045,48.11733],[-119.33924,48.11006],[-119.34346,48.10459],[-119.34715,48.1053],[-119.36138,48.12616],[-119.37409,48.13643],[-119.38103,48.14993],[-119.37847,48.16121],[-119.38127,48.16392],[-119.39055,48.16172],[-119.39992,48.17877],[-119.40087,48.19469],[-119.40951,48.21092],[-119.40316,48.2151],[-119.40515,48.22173],[-119.41303,48.22834],[-119.41759,48.23727],[-119.41492,48.2371],[-119.41348,48.2415],[-119.42315,48.246],[-119.42729,48.25282],[-119.42253,48.26278],[-119.43353,48.26675],[-119.42268,48.28342],[-119.42419,48.28859],[-119.42078,48.29003],[-119.40079,48.27117],[-119.39305,48.25973],[-119.39649,48.25428],[-119.36733,48.22774],[-119.36689,48.2004],[-119.36284,48.19151],[-119.36289,48.1715],[-119.35808,48.16494]]]},"bbox":[-119.43353,48.10459,-119.33438,48.29003]},{"type":"Feature","id":28078,"properties":{"y":2005,"n":"Shady Fire","ag":"BLM","ac":153.0,"c":14,"cl":"Unknown","ad":"2005-12-31","cd":"","st":"WA","se":4},"geometry":{"type":"Polygon","coordinates":[[[-120.84914,48.40977],[-120.86342,48.41274],[-120.85819,48.41593],[-120.84859,48.41469],[-120.84914,48.40977]]]},"bbox":[-120.86342,48.40894,-120.84812,48.41593]},{"type":"Feature","id":28079,"properties":{"y":2005,"n":"Harker Canyon","ag":"BLM","ac":1556.8,"c":14,"cl":"Unknown","ad":"2013-11-21","cd":"","st":"WA","se":3},"geometry":{"type":"Polygon","coordinates":[[[-118.08113,47.75833],[-118.07711,47.76294],[-118.07965,47.76846],[-118.07535,47.77033],[-118.06918,47.78522],[-118.07446,47.78777],[-118.06905,47.79445],[-118.06316,47.78511],[-118.0619,47.78963],[-118.05512,47.78994],[-118.03941,47.78086],[-118.04421,47.77812],[-118.06087,47.77881],[-118.05391,47.76325],[-118.05841,47.76061],[-118.05782,47.75615],[-118.08113,47.75833]]]},"bbox":[-118.08113,47.75591,-118.03921,47.79447]},{"type":"Feature","id":28080,"properties":{"y":2005,"n":"Martin Road","ag":"BLM","ac":876.9,"c":14,"cl":"Unknown","ad":"2005-12-31","cd":"","st":"WA","se":4},"geometry":{"type":"Polygon","coordinates":[[[-118.13451,48.29012],[-118.12497,48.28928],[-118.1179,48.29125],[-118.12088,48.29394],[-118.11588,48.29281],[-118.11659,48.29885],[-118.12547,48.29857],[-118.12214,48.30058],[-118.10502,48.30031],[-118.09592,48.29593],[-118.10491,48.29058],[-118.10987,48.2821],[-118.12658,48.27883],[-118.13111,48.2793],[-118.13451,48.29012]]]},"bbox":[-118.13451,48.27883,-118.09592,48.30086]},{"type":"Feature","id":28081,"properties":{"y":2005,"n":"Wood Gulch","ag":"BLM","ac":5751.1,"c":14,"cl":"Unknown","ad":"2005-12-31","cd":"","st":"WA","se":4},"geometry":{"type":"Polygon","coordinates":[[[-120.27898,45.84058],[-120.27436,45.84618],[-120.25225,45.84313],[-120.25438,45.85041],[-120.24677,45.8591],[-120.22319,45.83917],[-120.22802,45.83544],[-120.21797,45.82683],[-120.21217,45.80865],[-120.19811,45.80377],[-120.18887,45.79088],[-120.19283,45.78166],[-120.20016,45.78322],[-120.20466,45.76382],[-120.22347,45.76495],[-120.22637,45.77334],[-120.2197,45.78615],[-120.23865,45.81271],[-120.24475,45.81392],[-120.25787,45.8092],[-120.24763,45.82018],[-120.24761,45.82499],[-120.24118,45.82559],[-120.25931,45.8356],[-120.27898,45.84058]]]},"bbox":[-120.27898,45.76382,-120.18887,45.8591]},{"type":"Feature","id":28082,"properties":{"y":2005,"n":"Lick Creek","ag":"BLM","ac":734.7,"c":14,"cl":"Unknown","ad":"2005-12-31","cd":"","st":"WA","se":4},"geometry":{"type":"Polygon","coordinates":[[[-120.89669,47.29519],[-120.89646,47.29311],[-120.90265,47.2919],[-120.90796,47.29307],[-120.91042,47.29951],[-120.90713,47.30346],[-120.89744,47.30511],[-120.89278,47.31105],[-120.88674,47.30818],[-120.87498,47.3096],[-120.87558,47.30541],[-120.89003,47.29497],[-120.89669,47.29519]]]},"bbox":[-120.91042,47.2919,-120.87485,47.31105]},{"type":"Feature","id":28083,"properties":{"y":2004,"n":"Beebe","ag":"BLM","ac":4204.3,"c":14,"cl":"Unknown","ad":"2004-12-31","cd":"","st":"WA","se":4},"geometry":{"type":"Polygon","coordinates":[[[-119.91328,47.83069],[-119.90877,47.82421],[-119.91978,47.82405],[-119.91742,47.82035],[-119.92156,47.82118],[-119.92697,47.81717],[-119.93609,47.82132],[-119.93571,47.8136],[-119.93305,47.81236],[-119.94396,47.81045],[-119.94635,47.80596],[-119.94999,47.80586],[-119.94915,47.80272],[-119.93546,47.80278],[-119.93782,47.79851],[-119.94667,47.79836],[-119.94177,47.79465],[-119.9639,47.79315],[-119.96311,47.78413],[-119.97691,47.79375],[-119.96973,47.81447],[-119.95847,47.82194],[-119.95348,47.82155],[-119.95748,47.82691],[-119.95079,47.82764],[-119.95065,47.83308],[-119.93869,47.84183],[-119.9392,47.84982],[-119.9185,47.85581],[-119.9064,47.8489],[-119.89893,47.8517],[-119.9018,47.83741],[-119.91325,47.83452],[-119.92855,47.83595],[-119.93689,47.82618],[-119.91894,47.83218],[-119.91328,47.83069]]]},"bbox":[-119.97721,47.78413,-119.8978,47.85581]},{"type":"Feature","id":28084,"properties":{"y":2004,"n":"Bottle Two","ag":"BLM","ac":27.6,"c":14,"cl":"Unknown","ad":"2004-12-31","cd":"","st":"WA","se":4},"geometry":{"type":"Polygon","coordinates":[[[-119.91625,48.74678],[-119.91964,48.74435],[-119.92177,48.74843],[-119.91625,48.74678]]]},"bbox":[-119.92188,48.74407,-119.91567,48.74942]},{"type":"Feature","id":28085,"properties":{"y":2004,"n":"Dirty Face Peak","ag":"BLM","ac":295.3,"c":14,"cl":"Unknown","ad":"2004-12-31","cd":"","st":"WA","se":4},"geometry":{"type":"Polygon","coordinates":[[[-120.84654,47.87597],[-120.83949,47.88505],[-120.83377,47.88572],[-120.83013,47.88179],[-120.83457,47.87318],[-120.84654,47.87597]]]},"bbox":[-120.84654,47.87279,-120.83013,47.88573]},{"type":"Feature","id":28086,"properties":{"y":2004,"n":"Elk Heights","ag":"BLM","ac":301.8,"c":14,"cl":"Unknown","ad":"2004-12-31","cd":"","st":"WA","se":4},"geometry":{"type":"Polygon","coordinates":[[[-120.82261,47.15595],[-120.80996,47.15435],[-120.81085,47.15068],[-120.8063,47.14522],[-120.79618,47.13883],[-120.8003,47.14072],[-120.79754,47.13378],[-120.80109,47.13269],[-120.80744,47.13748],[-120.80574,47.141],[-120.82261,47.15595]]]},"bbox":[-120.82261,47.13259,-120.79581,47.15642]},{"type":"Feature","id":28087,"properties":{"y":2004,"n":"Mill Canyon","ag":"BLM","ac":1089.8,"c":14,"cl":"Unknown","ad":"2013-11-21","cd":"","st":"WA","se":3},"geometry":{"type":"Polygon","coordinates":[[[-118.01752,47.75374],[-118.01978,47.74366],[-118.02523,47.73781],[-118.02176,47.73689],[-118.01809,47.74039],[-118.01747,47.73274],[-118.01341,47.73475],[-118.01141,47.73102],[-118.00355,47.7303],[-118.0057,47.72575],[-118.00129,47.726],[-118.00031,47.72237],[-118.00518,47.71826],[-118.03058,47.72404],[-118.03339,47.72709],[-118.02476,47.73034],[-118.03181,47.73391],[-118.02988,47.7375],[-118.03288,47.74112],[-118.02891,47.74489],[-118.03135,47.74797],[-118.02736,47.74907],[-118.02758,47.75205],[-118.01752,47.75374]]]},"bbox":[-118.03339,47.71784,-118.00031,47.75467]},{"type":"Feature","id":28088,"properties":{"y":2004,"n":"Lauderdale","ag":"BLM","ac":247.9,"c":14,"cl":"Unknown","ad":"2004-12-31","cd":"","st":"WA","se":4},"geometry":{"type":"Polygon","coordinates":[[[-120.70711,47.20011],[-120.69396,47.20404],[-120.67334,47.20172],[-120.67681,47.19854],[-120.70688,47.19762],[-120.70711,47.20011]]]},"bbox":[-120.70711,47.19762,-120.67334,47.20404]},{"type":"Feature","id":28089,"properties":{"y":2004,"n":"Icicle","ag":"BLM","ac":696.8,"c":14,"cl":"Unknown","ad":"2004-12-31","cd":"","st":"WA","se":4},"geometry":{"type":"Polygon","coordinates":[[[-120.86191,47.60007],[-120.84562,47.60318],[-120.8343,47.59822],[-120.83051,47.59974],[-120.82618,47.59444],[-120.84841,47.58687],[-120.86216,47.59707],[-120.86191,47.60007]]]},"bbox":[-120.86296,47.58679,-120.82618,47.60318]},{"type":"Feature","id":28090,"properties":{"y":2004,"n":"Hopkins Canyon","ag":"BLM","ac":5068.8,"c":14,"cl":"Unknown","ad":"2004-12-31","cd":"","st":"WA","se":4},"geometry":{"type":"Polygon","coordinates":[[[-119.10641,48.15534],[-119.13297,48.15418],[-119.16491,48.14146],[-119.18034,48.13898],[-119.18929,48.14353],[-119.20675,48.16021],[-119.206,48.16642],[-119.20077,48.16642],[-119.19568,48.17904],[-119.18405,48.17578],[-119.15788,48.1752],[-119.15145,48.17089],[-119.15143,48.17393],[-119.14055,48.17802],[-119.10483,48.1637],[-119.10307,48.16004],[-119.10641,48.15534]]]},"bbox":[-119.20675,48.13898,-119.10295,48.17929]},{"type":"Feature","id":28091,"properties":{"y":2004,"n":"Bluehoo","ag":"BLM","ac":10.2,"c":14,"cl":"Unknown","ad":"2004-12-31","cd":"","st":"WA","se":4},"geometry":{"type":"Polygon","coordinates":[[[-119.48975,48.89335],[-119.49263,48.89156],[-119.49283,48.89322],[-119.48975,48.89335]]]},"bbox":[-119.49293,48.89156,-119.48933,48.89365]},{"type":"Feature","id":28092,"properties":{"y":2004,"n":"Fischer","ag":"BLM","ac":16422.9,"c":14,"cl":"Unknown","ad":"2013-11-21","cd":"","st":"WA","se":3},"geometry":{"type":"Polygon","coordinates":[[[-120.56038,47.62559],[-120.56673,47.63065],[-120.57196,47.62655],[-120.57546,47.62816],[-120.57262,47.63264],[-120.57498,47.63359],[-120.55957,47.63693],[-120.55597,47.64168],[-120.55812,47.64359],[-120.5335,47.64523],[-120.52086,47.63883],[-120.51549,47.63995],[-120.51385,47.63771],[-120.51729,47.63685],[-120.51747,47.63355],[-120.50589,47.63611],[-120.4923,47.62915],[-120.49661,47.62623],[-120.49573,47.62268],[-120.49804,47.62654],[-120.50469,47.62566],[-120.50541,47.62011],[-120.50983,47.61641],[-120.49757,47.61504],[-120.50176,47.6103],[-120.49528,47.60753],[-120.49338,47.60075],[-120.48598,47.59723],[-120.48595,47.59075],[-120.46364,47.58552],[-120.4576,47.57254],[-120.47325,47.5615],[-120.48848,47.53317],[-120.50425,47.5349],[-120.51088,47.53937],[-120.52771,47.53934],[-120.52932,47.54188],[-120.52468,47.54392],[-120.53051,47.5505],[-120.53035,47.55485],[-120.54257,47.55788],[-120.5419,47.56098],[-120.54722,47.56114],[-120.54995,47.56529],[-120.54801,47.58375],[-120.55612,47.57294],[-120.55325,47.57139],[-120.55501,47.56571],[-120.55072,47.55835],[-120.5541,47.56233],[-120.56222,47.56221],[-120.56364,47.55921],[-120.56665,47.56323],[-120.56663,47.55905],[-120.5712,47.5577],[-120.57414,47.56517],[-120.58215,47.56913],[-120.58193,47.5779],[-120.57454,47.59037],[-120.57536,47.59878],[-120.56587,47.60282],[-120.55708,47.61332],[-120.56038,47.62559]]]},"bbox":[-120.58275,47.53317,-120.4576,47.64523]},{"type":"Feature","id":28093,"properties":{"y":2004,"n":"Elmer City","ag":"BLM","ac":1927.9,"c":14,"cl":"Unknown","ad":"2004-12-31","cd":"","st":"WA","se":4},"geometry":{"type":"MultiPolygon","coordinates":[[[[-118.92404,48.01074],[-118.92404,48.01073],[-118.92404,48.01073],[-118.92404,48.01074]]],[[[-118.92404,48.01073],[-118.9143,48.01294],[-118.90312,48.00884],[-118.89838,48.02103],[-118.89281,48.01855],[-118.89872,48.01375],[-118.89637,48.00949],[-118.88583,48.0192],[-118.86531,48.02906],[-118.85665,48.02693],[-118.88909,48.00505],[-118.8995,48.00744],[-118.91376,47.99884],[-118.93842,47.9938],[-118.94995,47.99816],[-118.93652,48.00923],[-118.93263,48.00886],[-118.92489,48.00988],[-118.9241,48.01054],[-118.92404,48.01073]]]]},"bbox":[-118.95,47.9938,-118.85665,48.02961]},{"type":"Feature","id":28094,"properties":{"y":2004,"n":"Mud Lake","ag":"BLM","ac":3864.9,"c":14,"cl":"Unknown","ad":"2004-12-31","cd":"","st":"WA","se":4},"geometry":{"type":"Polygon","coordinates":[[[-120.87838,46.82705],[-120.87232,46.82806],[-120.84471,46.81728],[-120.84978,46.80458],[-120.84227,46.7958],[-120.83732,46.79556],[-120.82719,46.7853],[-120.81948,46.78634],[-120.81062,46.78319],[-120.81089,46.77907],[-120.83215,46.76814],[-120.85194,46.77395],[-120.87108,46.79064],[-120.86954,46.79553],[-120.8775,46.80882],[-120.87477,46.81324],[-120.8777,46.81456],[-120.87838,46.82705]]]},"bbox":[-120.87838,46.76814,-120.80982,46.82806]},{"type":"Feature","id":28095,"properties":{"y":2004,"n":"Rattlesnake Peak","ag":"BLM","ac":774.9,"c":14,"cl":"Unknown","ad":"2004-12-31","cd":"","st":"WA","se":4},"geometry":{"type":"Polygon","coordinates":[[[-121.25809,46.74114],[-121.2586,46.74577],[-121.26362,46.74605],[-121.26353,46.74938],[-121.25929,46.75712],[-121.25289,46.75817],[-121.25393,46.76244],[-121.25193,46.7639],[-121.24986,46.76368],[-121.25285,46.76152],[-121.25158,46.75845],[-121.24417,46.75831],[-121.22984,46.7709],[-121.21651,46.77411],[-121.21405,46.77165],[-121.22772,46.76108],[-121.24987,46.7562],[-121.25146,46.75232],[-121.24898,46.74888],[-121.25308,46.74805],[-121.25289,46.74416],[-121.25809,46.74114]]]},"bbox":[-121.26379,46.74114,-121.21402,46.77411]},{"type":"Feature","id":28096,"properties":{"y":2004,"n":"Williams Butte","ag":"BLM","ac":1256.8,"c":14,"cl":"Unknown","ad":"2004-12-31","cd":"","st":"WA","se":4},"geometry":{"type":"Polygon","coordinates":[[[-120.55767,48.3848],[-120.56507,48.39527],[-120.56185,48.39902],[-120.54172,48.40483],[-120.51472,48.40517],[-120.53711,48.38871],[-120.55767,48.3848]]]},"bbox":[-120.56507,48.38475,-120.51472,48.40624]},{"type":"Feature","id":28097,"properties":{"y":2004,"n":"Mm4","ag":"BLM","ac":126.2,"c":14,"cl":"Unknown","ad":"2004-12-31","cd":"","st":"WA","se":4},"geometry":{"type":"MultiPolygon","coordinates":[[[[-120.78229,46.10343],[-120.79301,46.1017],[-120.79658,46.10215],[-120.79219,46.10624],[-120.778,46.10714],[-120.77984,46.10658],[-120.78016,46.10604],[-120.78059,46.10593],[-120.78091,46.10555],[-120.78068,46.10438],[-120.78229,46.10343]],[[-120.78059,46.10593],[-120.78058,46.10594],[-120.78059,46.10594],[-120.78059,46.10593]],[[-120.78112,46.10415],[-120.78113,46.10415],[-120.78113,46.10414],[-120.78112,46.10415]],[[-120.78222,46.10351],[-120.78221,46.1035],[-120.78217,46.10354],[-120.78222,46.10351]]],[[[-120.78057,46.10592],[-120.78057,46.10592],[-120.78057,46.10592],[-120.78057,46.10592]]],[[[-120.78057,46.10592],[-120.78056,46.10592],[-120.78055,46.10591],[-120.78057,46.10592]]]]},"bbox":[-120.79658,46.1017,-120.77799,46.10785]},{"type":"Feature","id":28098,"properties":{"y":2004,"n":"Spring Creek","ag":"BLM","ac":707.5,"c":14,"cl":"Unknown","ad":"2004-12-31","cd":"","st":"WA","se":4},"geometry":{"type":"Polygon","coordinates":[[[-120.48762,46.1858],[-120.5028,46.1584],[-120.51926,46.16055],[-120.51554,46.16909],[-120.50463,46.17065],[-120.49559,46.18456],[-120.48762,46.1858]]]},"bbox":[-120.51935,46.15809,-120.48762,46.18673]},{"type":"Feature","id":28099,"properties":{"y":2007,"n":"Escure Ranch","ag":"BLM","ac":141.2,"c":14,"cl":"Unknown","ad":"2007-07-26","cd":"","st":"WA","se":2},"geometry":{"type":"Polygon","coordinates":[[[-117.95064,47.02713],[-117.94966,47.01846],[-117.96043,47.02005],[-117.96122,47.02599],[-117.95064,47.02713]]]},"bbox":[-117.96125,47.01846,-117.94859,47.02782]},{"type":"Feature","id":28100,"properties":{"y":2007,"n":"Glory Fire","ag":"BLM","ac":105.0,"c":14,"cl":"Unknown","ad":"2007-06-26","cd":"","st":"WA","se":2},"geometry":{"type":"Polygon","coordinates":[[[-120.20849,48.38156],[-120.20842,48.37772],[-120.21357,48.37808],[-120.21692,48.38867],[-120.20849,48.38156]]]},"bbox":[-120.21714,48.37772,-120.20797,48.38882]},{"type":"Feature","id":28101,"properties":{"y":2003,"n":"Hatten Rd","ag":"BLM","ac":7212.8,"c":14,"cl":"Unknown","ad":"2003-07-27","cd":"","st":"WA","se":2},"geometry":{"type":"Polygon","coordinates":[[[-118.56228,47.5864],[-118.5411,47.59842],[-118.52794,47.60053],[-118.51884,47.60687],[-118.49201,47.61066],[-118.48645,47.60369],[-118.49944,47.59523],[-118.51557,47.59655],[-118.52598,47.59312],[-118.51808,47.58417],[-118.49606,47.57528],[-118.51392,47.56507],[-118.51127,47.56435],[-118.52159,47.55262],[-118.53965,47.546],[-118.55037,47.53663],[-118.57151,47.53675],[-118.57178,47.54751],[-118.57905,47.55052],[-118.58827,47.54853],[-118.5854,47.55089],[-118.5929,47.55256],[-118.5931,47.55755],[-118.57717,47.56524],[-118.56621,47.56512],[-118.56178,47.57038],[-118.56392,47.57732],[-118.55761,47.58136],[-118.56282,47.58125],[-118.56228,47.5864]]]},"bbox":[-118.5931,47.53663,-118.48645,47.61073]},{"type":"Feature","id":28102,"properties":{"y":2007,"n":"Highline Rd","ag":"BLM","ac":1201.6,"c":14,"cl":"Unknown","ad":"2007-08-09","cd":"","st":"WA","se":2},"geometry":{"type":"Polygon","coordinates":[[[-118.50677,47.58044],[-118.53518,47.54744],[-118.53919,47.55905],[-118.5383,47.56446],[-118.53305,47.56497],[-118.53799,47.57149],[-118.53034,47.57487],[-118.52272,47.58891],[-118.51769,47.58388],[-118.50677,47.58044]]]},"bbox":[-118.53922,47.54725,-118.50677,47.58891]},{"type":"Feature","id":28103,"properties":{"y":2007,"n":"Stehr Rd","ag":"BLM","ac":1377.2,"c":14,"cl":"Unknown","ad":"2007-07-15","cd":"","st":"WA","se":2},"geometry":{"type":"Polygon","coordinates":[[[-118.6175,47.53103],[-118.61448,47.53381],[-118.60692,47.53025],[-118.60564,47.54461],[-118.60025,47.54589],[-118.59311,47.55402],[-118.58245,47.5546],[-118.58315,47.55733],[-118.57187,47.56415],[-118.56984,47.56946],[-118.56353,47.5702],[-118.57882,47.55562],[-118.58038,47.55126],[-118.5767,47.54688],[-118.60551,47.52779],[-118.60343,47.52296],[-118.6119,47.5221],[-118.63315,47.5285],[-118.62604,47.53048],[-118.62804,47.53349],[-118.6175,47.53103]]]},"bbox":[-118.63315,47.5221,-118.56333,47.57146]},{"type":"Feature","id":28104,"properties":{"y":2006,"n":"Elm Road","ag":"BLM","ac":2339.9,"c":14,"cl":"Unknown","ad":"2006-08-07","cd":"","st":"WA","se":2},"geometry":{"type":"Polygon","coordinates":[[[-118.87208,46.42903],[-118.87207,46.42903],[-118.87223,46.4289],[-118.87238,46.4288],[-118.87273,46.42845],[-118.87347,46.42789],[-118.87375,46.42734],[-118.87699,46.42553],[-118.88295,46.4235],[-118.88382,46.4212],[-118.88954,46.41985],[-118.89653,46.41406],[-118.9213,46.41142],[-118.9266,46.40527],[-118.93179,46.40784],[-118.93432,46.40323],[-118.94227,46.40548],[-118.95656,46.41903],[-118.95455,46.42614],[-118.95094,46.42815],[-118.94726,46.42314],[-118.95081,46.42113],[-118.95013,46.41644],[-118.94083,46.41861],[-118.92988,46.41478],[-118.93067,46.42079],[-118.93471,46.42294],[-118.9296,46.42475],[-118.92718,46.42966],[-118.92,46.43004],[-118.92043,46.43423],[-118.91371,46.4381],[-118.9106,46.43497],[-118.91846,46.43001],[-118.89767,46.43093],[-118.89374,46.42939],[-118.87406,46.42933],[-118.87219,46.42916],[-118.87203,46.42913],[-118.87208,46.42903]],[[-118.87208,46.42903],[-118.87208,46.42903],[-118.87209,46.42903],[-118.87208,46.42903]]]},"bbox":[-118.95656,46.4032,-118.87203,46.4381]},{"type":"Feature","id":28105,"properties":{"y":2007,"n":"Mccoy","ag":"BLM","ac":484.5,"c":14,"cl":"Unknown","ad":"2007-09-25","cd":"","st":"WA","se":3},"geometry":{"type":"Polygon","coordinates":[[[-119.93369,47.90111],[-119.91874,47.90236],[-119.91789,47.88029],[-119.92192,47.88123],[-119.93407,47.89735],[-119.93369,47.90111]]]},"bbox":[-119.93435,47.88029,-119.91709,47.90271]},{"type":"Feature","id":28106,"properties":{"y":2006,"n":"Spring Coulee Rd","ag":"BLM","ac":271.1,"c":14,"cl":"Unknown","ad":"2006-08-20","cd":"","st":"WA","se":2},"geometry":{"type":"Polygon","coordinates":[[[-119.63716,48.3828],[-119.62871,48.37109],[-119.63319,48.36314],[-119.63816,48.36942],[-119.63971,48.37964],[-119.63716,48.3828]]]},"bbox":[-119.63971,48.36314,-119.62869,48.38303]},{"type":"Feature","id":28107,"properties":{"y":2007,"n":"Whiskey Mtn Fire","ag":"BLM","ac":959.6,"c":14,"cl":"Unknown","ad":"2013-11-21","cd":"","st":"WA","se":3},"geometry":{"type":"Polygon","coordinates":[[[-119.44949,48.8681],[-119.43586,48.84792],[-119.43907,48.84243],[-119.44408,48.84168],[-119.44204,48.83934],[-119.44426,48.8318],[-119.44977,48.82973],[-119.45343,48.83408],[-119.44989,48.83796],[-119.45514,48.8458],[-119.45614,48.85804],[-119.45325,48.86314],[-119.45841,48.86446],[-119.44949,48.8681]]]},"bbox":[-119.45841,48.82973,-119.43573,48.86862]},{"type":"Feature","id":28108,"properties":{"y":2007,"n":"Tunk Grade","ag":"BLM","ac":15520.6,"c":14,"cl":"Unknown","ad":"2007-07-14","cd":"","st":"WA","se":2},"geometry":{"type":"Polygon","coordinates":[[[-119.48749,48.5859],[-119.47518,48.60828],[-119.46538,48.61459],[-119.46174,48.62369],[-119.4652,48.62581],[-119.46339,48.62996],[-119.45615,48.63314],[-119.45446,48.63778],[-119.45759,48.64039],[-119.45784,48.65343],[-119.44976,48.65683],[-119.44041,48.65429],[-119.43388,48.6632],[-119.42874,48.66225],[-119.41808,48.67132],[-119.40919,48.66087],[-119.40245,48.66401],[-119.40613,48.65774],[-119.40195,48.65811],[-119.39095,48.67564],[-119.39751,48.679],[-119.39674,48.68116],[-119.38424,48.6796],[-119.37615,48.67242],[-119.38861,48.66185],[-119.38706,48.65214],[-119.39656,48.64523],[-119.40023,48.63381],[-119.40936,48.62838],[-119.4106,48.62303],[-119.40836,48.61698],[-119.3987,48.6118],[-119.3932,48.62227],[-119.38962,48.61873],[-119.39113,48.61638],[-119.38707,48.61877],[-119.38398,48.61576],[-119.3902,48.60543],[-119.38389,48.60077],[-119.38888,48.59804],[-119.39253,48.57941],[-119.40789,48.57568],[-119.41597,48.56663],[-119.43389,48.5619],[-119.43652,48.55681],[-119.45257,48.55524],[-119.45894,48.56026],[-119.46253,48.55932],[-119.46028,48.55596],[-119.47856,48.56205],[-119.47898,48.57359],[-119.48749,48.5859]]]},"bbox":[-119.48749,48.55523,-119.3759,48.68138]},{"type":"Feature","id":28109,"properties":{"y":2002,"n":"Deer Pt","ag":"BLM","ac":39859.0,"c":14,"cl":"Unknown","ad":"2002-07-15","cd":"","st":"WA","se":2},"geometry":{"type":"Polygon","coordinates":[[[-120.07345,47.96699],[-120.08694,47.96024],[-120.09387,47.95245],[-120.08734,47.9504],[-120.10476,47.93536],[-120.12706,47.94216],[-120.13329,47.93807],[-120.13079,47.93166],[-120.1357,47.92332],[-120.14742,47.92483],[-120.15384,47.93372],[-120.15598,47.93377],[-120.15281,47.92076],[-120.16125,47.91939],[-120.16702,47.92633],[-120.16461,47.92691],[-120.16563,47.93397],[-120.18258,47.93988],[-120.18085,47.94609],[-120.18593,47.94817],[-120.18541,47.96131],[-120.21219,47.99586],[-120.25147,48.01082],[-120.3128,48.02593],[-120.32892,48.03652],[-120.29105,48.06028],[-120.29056,48.06574],[-120.28353,48.07049],[-120.28243,48.07713],[-120.27545,48.07042],[-120.26261,48.06571],[-120.25958,48.06722],[-120.26132,48.07279],[-120.25232,48.07707],[-120.24625,48.07659],[-120.2382,48.06758],[-120.23223,48.06964],[-120.22542,48.06711],[-120.22019,48.06917],[-120.21317,48.07915],[-120.19794,48.07695],[-120.18646,48.07912],[-120.18213,48.07456],[-120.15741,48.06912],[-120.165,48.06424],[-120.16165,48.05962],[-120.15311,48.06415],[-120.15823,48.06539],[-120.15731,48.06904],[-120.14894,48.06646],[-120.14579,48.04898],[-120.14947,48.04515],[-120.14599,48.04342],[-120.14546,48.03724],[-120.14714,48.04224],[-120.15212,48.04347],[-120.15109,48.0402],[-120.16041,48.03692],[-120.15757,48.03301],[-120.16672,48.02818],[-120.14545,48.03722],[-120.11984,48.03319],[-120.11984,48.02879],[-120.12741,48.02686],[-120.13174,48.0289],[-120.13344,48.02524],[-120.11985,48.02877],[-120.09158,48.01765],[-120.09709,48.01729],[-120.10435,48.0122],[-120.09771,48.01231],[-120.0963,48.01605],[-120.09064,48.01287],[-120.09382,48.0163],[-120.09157,48.01764],[-120.08759,48.01415],[-120.08421,48.00931],[-120.08934,48.0117],[-120.09695,48.0004],[-120.08603,48.00345],[-120.08726,48.00865],[-120.08421,48.0093],[-120.08006,48.00132],[-120.08031,47.99361],[-120.06397,47.98222],[-120.07345,47.96699]]]},"bbox":[-120.32892,47.91886,-120.06397,48.07915]},{"type":"Feature","id":28110,"properties":{"y":2001,"n":"Union Valley","ag":"BLM","ac":4521.9,"c":14,"cl":"Unknown","ad":"2001-07-28","cd":"","st":"WA","se":2},"geometry":{"type":"Polygon","coordinates":[[[-119.95659,47.92579],[-119.95291,47.92219],[-119.94541,47.92148],[-119.94135,47.92515],[-119.93277,47.9171],[-119.93536,47.91411],[-119.94123,47.91638],[-119.94288,47.91043],[-119.93971,47.90447],[-119.94545,47.89812],[-119.94224,47.89105],[-119.94778,47.89028],[-119.95131,47.88543],[-119.94874,47.86976],[-119.95705,47.86842],[-119.96669,47.87642],[-119.98435,47.87942],[-119.98886,47.88935],[-119.99746,47.89154],[-120.01488,47.88937],[-120.00185,47.89891],[-119.9845,47.90133],[-119.98556,47.90901],[-119.98265,47.91067],[-119.98596,47.92226],[-119.98163,47.92152],[-119.97862,47.9246],[-119.97334,47.92306],[-119.97847,47.92172],[-119.97796,47.91873],[-119.96356,47.91839],[-119.95659,47.92579]]]},"bbox":[-120.01553,47.86833,-119.93277,47.92587]},{"type":"Feature","id":28111,"properties":{"y":2002,"n":"Hwy 24","ag":"BLM","ac":4191.3,"c":14,"cl":"Unknown","ad":"2002-09-29","cd":"","st":"WA","se":4},"geometry":{"type":"Polygon","coordinates":[[[-119.90008,46.53188],[-119.8801,46.52939],[-119.87383,46.52332],[-119.87352,46.5155],[-119.87671,46.51731],[-119.88209,46.51414],[-119.88211,46.50763],[-119.8779,46.50657],[-119.90839,46.49977],[-119.90485,46.49661],[-119.92313,46.4927],[-119.93229,46.48603],[-119.94207,46.48967],[-119.94031,46.49222],[-119.94454,46.4896],[-119.94783,46.49119],[-119.94875,46.48777],[-119.95075,46.49054],[-119.95425,46.48958],[-119.9626,46.48453],[-119.97255,46.49026],[-119.98421,46.48757],[-119.9986,46.4966],[-119.9827,46.50205],[-119.96634,46.50173],[-119.95219,46.49563],[-119.93777,46.50321],[-119.92196,46.50479],[-119.92139,46.50962],[-119.9113,46.51202],[-119.9117,46.51557],[-119.90585,46.52081],[-119.90605,46.52476],[-119.9134,46.53001],[-119.90008,46.53188]]]},"bbox":[-119.9986,46.48453,-119.8728,46.53211]},{"type":"Feature","id":28112,"properties":{"y":2002,"n":"Deer Mountain","ag":"BLM","ac":2280.4,"c":14,"cl":"Unknown","ad":"2002-12-31","cd":"","st":"WA","se":4},"geometry":{"type":"Polygon","coordinates":[[[-119.96002,47.87744],[-119.96273,47.87347],[-119.95423,47.87029],[-119.95512,47.86692],[-119.95068,47.86191],[-119.97326,47.84514],[-119.996,47.83944],[-119.99851,47.84762],[-120.00645,47.85371],[-119.99318,47.85427],[-119.99017,47.86159],[-119.97778,47.86888],[-119.97849,47.87281],[-119.98569,47.87571],[-119.98497,47.87847],[-119.97851,47.88098],[-119.9766,47.87779],[-119.96002,47.87744]]]},"bbox":[-120.00645,47.83894,-119.95052,47.88098]},{"type":"Feature","id":28113,"properties":{"y":2006,"n":"Highland Rd","ag":"BLM","ac":5516.5,"c":14,"cl":"Unknown","ad":"2006-09-30","cd":"","st":"WA","se":3},"geometry":{"type":"Polygon","coordinates":[[[-119.55256,48.03747],[-119.54138,48.0443],[-119.54465,48.04562],[-119.52592,48.0538],[-119.52004,48.05343],[-119.5238,48.05566],[-119.51288,48.06392],[-119.5143,48.07254],[-119.50461,48.07909],[-119.49546,48.08009],[-119.48826,48.07839],[-119.48611,48.07417],[-119.49183,48.07654],[-119.50669,48.07258],[-119.5083,48.0709],[-119.5042,48.0707],[-119.50333,48.06573],[-119.4973,48.06603],[-119.49757,48.07029],[-119.48597,48.074],[-119.45943,48.06542],[-119.46032,48.06827],[-119.44952,48.07027],[-119.43205,48.05899],[-119.43267,48.06274],[-119.42861,48.06337],[-119.41329,48.05226],[-119.40127,48.04812],[-119.40165,48.04153],[-119.39885,48.03939],[-119.41234,48.04004],[-119.40891,48.03116],[-119.40135,48.02955],[-119.39243,48.03408],[-119.39639,48.02856],[-119.38956,48.02498],[-119.39886,48.02348],[-119.40134,48.02676],[-119.40837,48.02763],[-119.40983,48.02519],[-119.40215,48.02379],[-119.40836,48.02345],[-119.40064,48.02252],[-119.40249,48.02024],[-119.40778,48.02178],[-119.4084,48.01628],[-119.4195,48.01946],[-119.42107,48.02753],[-119.42727,48.02685],[-119.43086,48.02294],[-119.43118,48.03369],[-119.43493,48.03458],[-119.43068,48.04058],[-119.43621,48.043],[-119.43286,48.05071],[-119.45707,48.06209],[-119.46693,48.06284],[-119.45743,48.05844],[-119.46256,48.05589],[-119.4854,48.06028],[-119.4849,48.05223],[-119.48039,48.04648],[-119.4874,48.03876],[-119.51177,48.04854],[-119.52685,48.04712],[-119.52914,48.04431],[-119.53376,48.04649],[-119.55256,48.03747]]]},"bbox":[-119.5529,48.01625,-119.38955,48.08009]},{"type":"Feature","id":28114,"properties":{"y":2008,"n":"Seven Springs Rd","ag":"BLM","ac":4.0,"c":14,"cl":"Unknown","ad":"2008-12-31","cd":"","st":"WA","se":4},"geometry":{"type":"Polygon","coordinates":[[[-118.49254,47.58182],[-118.49258,47.58347],[-118.49159,47.58261],[-118.49254,47.58182]]]},"bbox":[-118.4942,47.58182,-118.49159,47.58347]},{"type":"Feature","id":28115,"properties":{"y":2011,"n":"Conconully Spot","ag":"BLM","ac":0.0,"c":14,"cl":"Unknown","ad":"2017-01-27","cd":"","st":"WA","se":4},"geometry":{"type":"Polygon","coordinates":[[[-119.71557,48.56525],[-119.71548,48.56523],[-119.71553,48.56521],[-119.71557,48.56525]]]},"bbox":[-119.71557,48.56521,-119.71548,48.56527]},{"type":"Feature","id":28116,"properties":{"y":2011,"n":"Horse Lake","ag":"BLM","ac":0.2,"c":14,"cl":"Unknown","ad":"2017-01-27","cd":"","st":"WA","se":4},"geometry":{"type":"Polygon","coordinates":[[[-120.37767,47.46273],[-120.37855,47.46248],[-120.37767,47.46292],[-120.37767,47.46273]]]},"bbox":[-120.37855,47.46248,-120.37767,47.46292]},{"type":"Feature","id":28117,"properties":{"y":2001,"n":"Indian Dan","ag":"BLM","ac":584.4,"c":14,"cl":"Unknown","ad":"2001-12-31","cd":"","st":"WA","se":4},"geometry":{"type":"Polygon","coordinates":[[[-119.82745,48.11142],[-119.84618,48.09998],[-119.85453,48.10301],[-119.85772,48.1079],[-119.84087,48.11825],[-119.82745,48.11142]]]},"bbox":[-119.85772,48.09998,-119.82745,48.11829]},{"type":"Feature","id":28118,"properties":{"y":2001,"n":"Windy Peak","ag":"BLM","ac":354.7,"c":14,"cl":"Unknown","ad":"2001-12-31","cd":"","st":"WA","se":4},"geometry":{"type":"Polygon","coordinates":[[[-119.9581,48.89402],[-119.94568,48.8938],[-119.94256,48.89068],[-119.95698,48.88318],[-119.95466,48.88024],[-119.95812,48.87906],[-119.96278,48.88471],[-119.95916,48.88861],[-119.96842,48.89429],[-119.96298,48.89484],[-119.95821,48.88949],[-119.95601,48.89119],[-119.9581,48.89402]]]},"bbox":[-119.96842,48.87903,-119.94256,48.89514]},{"type":"Feature","id":28119,"properties":{"y":2003,"n":"Isabel","ag":"BLM","ac":4083.8,"c":14,"cl":"Unknown","ad":"2003-12-31","cd":"","st":"WA","se":4},"geometry":{"type":"Polygon","coordinates":[[[-119.83514,48.64533],[-119.85051,48.64217],[-119.85193,48.6378],[-119.8612,48.63713],[-119.86397,48.63414],[-119.89621,48.64096],[-119.90116,48.6396],[-119.90634,48.6454],[-119.9257,48.65365],[-119.92258,48.67042],[-119.92915,48.6723],[-119.93212,48.69051],[-119.92436,48.68848],[-119.91874,48.67924],[-119.91174,48.67741],[-119.90757,48.67042],[-119.89707,48.66314],[-119.88918,48.66075],[-119.88282,48.66369],[-119.87441,48.65921],[-119.86137,48.66187],[-119.83514,48.64533]]]},"bbox":[-119.93212,48.63414,-119.83514,48.69093]},{"type":"Feature","id":28120,"properties":{"y":2005,"n":"Burnt Bread","ag":"BLM","ac":1349.2,"c":14,"cl":"Unknown","ad":"2013-11-21","cd":"","st":"WA","se":3},"geometry":{"type":"Polygon","coordinates":[[[-119.05728,48.64849],[-119.05513,48.64632],[-119.05971,48.6411],[-119.05784,48.63778],[-119.05416,48.64175],[-119.05052,48.64072],[-119.05327,48.63802],[-119.05121,48.6366],[-119.0402,48.63917],[-119.03836,48.63709],[-119.04632,48.6258],[-119.0528,48.62439],[-119.06534,48.6282],[-119.07418,48.62491],[-119.0867,48.63011],[-119.08595,48.63402],[-119.07221,48.64542],[-119.05728,48.64849]]]},"bbox":[-119.08686,48.62439,-119.03836,48.64874]},{"type":"Feature","id":28121,"properties":{"y":2001,"n":"Highland Flats","ag":"BLM","ac":128.7,"c":14,"cl":"Unknown","ad":"2001-12-31","cd":"","st":"WA","se":4},"geometry":{"type":"Polygon","coordinates":[[[-119.95926,47.95078],[-119.9607,47.94654],[-119.96884,47.93832],[-119.96801,47.94588],[-119.96152,47.9481],[-119.96421,47.94931],[-119.96201,47.95329],[-119.95926,47.95078]]]},"bbox":[-119.97021,47.93832,-119.95822,47.95329]},{"type":"Feature","id":28122,"properties":{"y":2005,"n":"Squaw Creek","ag":"BLM","ac":1085.5,"c":14,"cl":"Unknown","ad":"2005-12-31","cd":"","st":"WA","se":4},"geometry":{"type":"Polygon","coordinates":[[[-120.01254,48.11618],[-120.01083,48.11182],[-120.02253,48.09976],[-120.02354,48.08982],[-120.04385,48.09175],[-120.04657,48.09476],[-120.03852,48.10027],[-120.04623,48.10532],[-120.04681,48.1091],[-120.03352,48.10974],[-120.01782,48.11735],[-120.01254,48.11618]]]},"bbox":[-120.0482,48.08861,-120.01066,48.11735]},{"type":"Feature","id":28123,"properties":{"y":2004,"n":"Sisi Ridge","ag":"BLM","ac":342.9,"c":14,"cl":"Unknown","ad":"2004-12-31","cd":"","st":"WA","se":4},"geometry":{"type":"MultiPolygon","coordinates":[[[[-120.80065,48.32863],[-120.80072,48.32569],[-120.80542,48.32773],[-120.80503,48.33009],[-120.80065,48.32863]]],[[[-120.81632,48.33614],[-120.81181,48.32372],[-120.81541,48.32292],[-120.8272,48.33045],[-120.82724,48.33412],[-120.82361,48.33711],[-120.81632,48.33614]]]]},"bbox":[-120.82724,48.32271,-120.79898,48.33711]},{"type":"Feature","id":28124,"properties":{"y":2004,"n":"Deep Harbor","ag":"BLM","ac":29982.9,"c":14,"cl":"Unknown","ad":"2004-12-31","cd":"","st":"WA","se":4},"geometry":{"type":"Polygon","coordinates":[[[-120.57263,48.08256],[-120.57018,48.09978],[-120.55848,48.1158],[-120.54861,48.12314],[-120.54557,48.13784],[-120.54184,48.13753],[-120.53337,48.14713],[-120.51992,48.14812],[-120.51321,48.14171],[-120.5187,48.13435],[-120.51407,48.11022],[-120.50045,48.09053],[-120.48854,48.08158],[-120.48914,48.07626],[-120.46759,48.05788],[-120.43589,48.04233],[-120.38424,48.03287],[-120.28162,47.99857],[-120.29765,47.98738],[-120.30606,47.98622],[-120.31146,47.98955],[-120.3246,47.99041],[-120.32633,47.9865],[-120.33384,47.9859],[-120.33495,47.99118],[-120.33973,47.99367],[-120.35721,47.98966],[-120.35818,47.99489],[-120.36597,47.99821],[-120.37406,47.99209],[-120.38239,47.99295],[-120.38689,47.98679],[-120.40006,47.98573],[-120.41251,47.97677],[-120.43933,47.98101],[-120.45165,47.98645],[-120.45157,47.98903],[-120.47311,47.99685],[-120.48337,47.99637],[-120.49193,48.01543],[-120.49838,48.01932],[-120.52647,48.02052],[-120.51872,48.05421],[-120.53007,48.05539],[-120.53936,48.07232],[-120.56908,48.07922],[-120.57263,48.08256]]]},"bbox":[-120.57309,47.97579,-120.28161,48.14838]},{"type":"Feature","id":28125,"properties":{"y":2004,"n":"Pot Peak","ag":"BLM","ac":15388.7,"c":14,"cl":"Unknown","ad":"2004-12-31","cd":"","st":"WA","se":4},"geometry":{"type":"Polygon","coordinates":[[[-120.41927,47.94416],[-120.41422,47.9488],[-120.41697,47.95454],[-120.41128,47.9582],[-120.41426,47.97274],[-120.41225,47.97673],[-120.40746,47.9773],[-120.38883,47.96742],[-120.37549,47.9693],[-120.34762,47.96519],[-120.34383,47.96881],[-120.34125,47.96542],[-120.33163,47.96975],[-120.34019,47.96394],[-120.31535,47.95512],[-120.29959,47.96128],[-120.29251,47.95766],[-120.28525,47.96046],[-120.27597,47.95406],[-120.26406,47.96363],[-120.25577,47.96355],[-120.24239,47.95868],[-120.24,47.95237],[-120.24624,47.94606],[-120.25334,47.94402],[-120.2496,47.94025],[-120.25095,47.92612],[-120.26118,47.91489],[-120.28304,47.91122],[-120.29861,47.91513],[-120.30202,47.91031],[-120.31749,47.90932],[-120.32982,47.90015],[-120.34311,47.8936],[-120.33222,47.90024],[-120.33286,47.91601],[-120.34187,47.91606],[-120.34273,47.91884],[-120.34708,47.91834],[-120.34776,47.92294],[-120.35376,47.92376],[-120.35146,47.91808],[-120.35499,47.91757],[-120.36111,47.92287],[-120.36685,47.91699],[-120.37068,47.91987],[-120.36896,47.92754],[-120.3747,47.92946],[-120.37105,47.93002],[-120.37563,47.93333],[-120.3721,47.93663],[-120.38617,47.93511],[-120.38987,47.93114],[-120.41894,47.9398],[-120.41927,47.94416]]]},"bbox":[-120.41927,47.8936,-120.24,47.9773]},{"type":"Feature","id":28126,"properties":{"y":2004,"n":"Dirtyface","ag":"BLM","ac":237.9,"c":14,"cl":"Unknown","ad":"2004-12-31","cd":"","st":"WA","se":4},"geometry":{"type":"Polygon","coordinates":[[[-120.83449,47.87415],[-120.84773,47.87539],[-120.84677,47.87781],[-120.83786,47.88448],[-120.8313,47.87906],[-120.83449,47.87415]]]},"bbox":[-120.84773,47.87304,-120.8313,47.88462]},{"type":"Feature","id":28127,"properties":{"y":2009,"n":"Lake Entiat","ag":"BLM","ac":182.4,"c":14,"cl":"Unknown","ad":"2009-12-31","cd":"","st":"WA","se":4},"geometry":{"type":"Polygon","coordinates":[[[-120.25258,47.59786],[-120.24339,47.6052],[-120.24277,47.60162],[-120.24888,47.5884],[-120.25045,47.58754],[-120.25478,47.59092],[-120.24861,47.59577],[-120.25258,47.59786]]]},"bbox":[-120.25478,47.58754,-120.24275,47.60566]},{"type":"Feature","id":28128,"properties":{"y":2009,"n":"Sable","ag":"BLM","ac":542.0,"c":14,"cl":"Unknown","ad":"2009-12-31","cd":"","st":"WA","se":4},"geometry":{"type":"Polygon","coordinates":[[[-120.8255,48.26366],[-120.83516,48.26705],[-120.83518,48.27427],[-120.81501,48.28336],[-120.81593,48.28517],[-120.81206,48.28282],[-120.81041,48.27831],[-120.81538,48.27837],[-120.8182,48.2723],[-120.82341,48.26956],[-120.82032,48.26692],[-120.8255,48.26366]]]},"bbox":[-120.83616,48.26366,-120.80963,48.2852]},{"type":"Feature","id":28129,"properties":{"y":2009,"n":"Lemah","ag":"BLM","ac":649.3,"c":14,"cl":"Unknown","ad":"2009-12-31","cd":"","st":"WA","se":4},"geometry":{"type":"Polygon","coordinates":[[[-121.27875,47.47556],[-121.25581,47.47188],[-121.25393,47.46486],[-121.26299,47.46294],[-121.26923,47.45584],[-121.28225,47.47121],[-121.27875,47.47556]]]},"bbox":[-121.28235,47.45552,-121.25389,47.47569]},{"type":"Feature","id":28130,"properties":{"y":2008,"n":"Cold Springs","ag":"BLM","ac":7958.7,"c":14,"cl":"Unknown","ad":"2013-11-21","cd":"","st":"WA","se":3},"geometry":{"type":"Polygon","coordinates":[[[-121.47665,46.13583],[-121.47258,46.129],[-121.45798,46.13629],[-121.44203,46.12681],[-121.42714,46.12326],[-121.41348,46.12653],[-121.41031,46.12455],[-121.4079,46.12993],[-121.40364,46.13099],[-121.39842,46.12434],[-121.38699,46.12518],[-121.37151,46.11639],[-121.37904,46.10936],[-121.37623,46.10288],[-121.37823,46.1017],[-121.40081,46.1009],[-121.40941,46.10473],[-121.43622,46.09486],[-121.44968,46.09528],[-121.45573,46.10057],[-121.46518,46.10177],[-121.48012,46.09524],[-121.48293,46.10008],[-121.49033,46.10341],[-121.50195,46.10205],[-121.51366,46.11313],[-121.51256,46.12195],[-121.47665,46.13583]]]},"bbox":[-121.51378,46.09486,-121.37151,46.13629]},{"type":"Feature","id":28131,"properties":{"y":2009,"n":"Tripp Canyon","ag":"BLM","ac":522.6,"c":14,"cl":"Unknown","ad":"2009-12-31","cd":"","st":"WA","se":4},"geometry":{"type":"Polygon","coordinates":[[[-120.52711,47.48701],[-120.52892,47.49203],[-120.51588,47.49609],[-120.50732,47.49694],[-120.49866,47.49213],[-120.50389,47.48585],[-120.52711,47.48701]]]},"bbox":[-120.52927,47.48546,-120.49866,47.49705]},{"type":"Feature","id":28132,"properties":{"y":2001,"n":"Virginia Lake","ag":"BLM","ac":36360.1,"c":14,"cl":"Unknown","ad":"2001-12-31","cd":"","st":"WA","se":4},"geometry":{"type":"Polygon","coordinates":[[[-119.57589,48.32722],[-119.56387,48.32301],[-119.56334,48.31758],[-119.55729,48.31538],[-119.55484,48.3068],[-119.5327,48.29179],[-119.52317,48.28097],[-119.52381,48.2763],[-119.52942,48.27365],[-119.52593,48.2729],[-119.52385,48.24654],[-119.5349,48.24215],[-119.54256,48.22759],[-119.54015,48.22127],[-119.5425,48.21184],[-119.54799,48.21128],[-119.55854,48.19729],[-119.56971,48.19121],[-119.59111,48.19427],[-119.59281,48.18932],[-119.61346,48.18548],[-119.61502,48.18186],[-119.62688,48.17619],[-119.62989,48.1792],[-119.6377,48.17573],[-119.6409,48.18424],[-119.64734,48.19038],[-119.63819,48.21063],[-119.64665,48.21384],[-119.64592,48.22239],[-119.65751,48.22193],[-119.66434,48.22768],[-119.69144,48.20538],[-119.71027,48.21664],[-119.71439,48.23012],[-119.70706,48.23268],[-119.70672,48.24402],[-119.71539,48.25176],[-119.7224,48.25178],[-119.72216,48.25901],[-119.71044,48.2599],[-119.70098,48.2666],[-119.70077,48.27142],[-119.6911,48.27502],[-119.67327,48.28989],[-119.6606,48.28975],[-119.66157,48.29193],[-119.65574,48.2968],[-119.61489,48.30688],[-119.6059,48.3172],[-119.60644,48.3203],[-119.59466,48.31789],[-119.57589,48.32722]]]},"bbox":[-119.72272,48.17573,-119.52266,48.32722]},{"type":"Feature","id":28133,"properties":{"y":2003,"n":"Maple Creek","ag":"BLM","ac":2409.7,"c":14,"cl":"Unknown","ad":"2003-12-31","cd":"","st":"WA","se":4},"geometry":{"type":"Polygon","coordinates":[[[-120.86862,48.03485],[-120.87371,48.04131],[-120.85818,48.03922],[-120.86776,48.02536],[-120.836,48.02543],[-120.83161,48.01635],[-120.8247,48.01249],[-120.82638,48.00842],[-120.81986,47.99095],[-120.83645,47.98661],[-120.84405,47.98884],[-120.84306,48.00282],[-120.84906,48.00816],[-120.85651,48.00793],[-120.86485,48.01975],[-120.87682,48.02289],[-120.87714,48.02771],[-120.87,48.03055],[-120.87695,48.03438],[-120.86862,48.03485]]]},"bbox":[-120.87763,47.98661,-120.81986,48.04192]},{"type":"Feature","id":28134,"properties":{"y":2001,"n":"Bailey","ag":"BLM","ac":3223.4,"c":14,"cl":"Unknown","ad":"2001-12-31","cd":"","st":"WA","se":4},"geometry":{"type":"Polygon","coordinates":[[[-119.07603,48.52731],[-119.07423,48.53573],[-119.07004,48.5308],[-119.07036,48.5206],[-119.07145,48.51391],[-119.07612,48.51339],[-119.07684,48.51003],[-119.06847,48.50137],[-119.07604,48.49417],[-119.07656,48.48909],[-119.06963,48.48215],[-119.07989,48.4758],[-119.10101,48.48057],[-119.10511,48.47549],[-119.12238,48.48034],[-119.134,48.47923],[-119.1352,48.48292],[-119.12585,48.48984],[-119.12666,48.4956],[-119.11446,48.4926],[-119.10875,48.49786],[-119.10297,48.49786],[-119.10077,48.50375],[-119.09585,48.50455],[-119.08916,48.5127],[-119.08935,48.51791],[-119.08335,48.51913],[-119.07603,48.52731]]]},"bbox":[-119.1352,48.47549,-119.06847,48.53573]},{"type":"Feature","id":28135,"properties":{"y":2007,"n":"Panther Creek","ag":"BLM","ac":213.7,"c":14,"cl":"Unknown","ad":"2007-12-31","cd":"","st":"WA","se":4},"geometry":{"type":"Polygon","coordinates":[[[-121.01495,47.92822],[-121.01232,47.92991],[-120.99017,47.92777],[-120.99981,47.92159],[-121.01495,47.92822]]]},"bbox":[-121.01495,47.92159,-120.99017,47.92991]},{"type":"Feature","id":28136,"properties":{"y":2009,"n":"Discovery","ag":"BLM","ac":4121.0,"c":14,"cl":"Unknown","ad":"2009-12-31","cd":"","st":"WA","se":4},"geometry":{"type":"Polygon","coordinates":[[[-121.18191,46.48451],[-121.18897,46.47236],[-121.1889,46.48546],[-121.20068,46.47144],[-121.22008,46.4744],[-121.25078,46.4939],[-121.24289,46.50061],[-121.24828,46.5044],[-121.24748,46.51314],[-121.23911,46.51581],[-121.2126,46.50696],[-121.20017,46.50874],[-121.19119,46.50601],[-121.18596,46.50172],[-121.18191,46.48451]]]},"bbox":[-121.25078,46.47142,-121.18144,46.51594]},{"type":"Feature","id":28137,"properties":{"y":2001,"n":"Glory Mountain","ag":"BLM","ac":927.9,"c":14,"cl":"Unknown","ad":"2001-12-31","cd":"","st":"WA","se":4},"geometry":{"type":"Polygon","coordinates":[[[-120.97251,48.42949],[-120.94318,48.43328],[-120.93632,48.43048],[-120.94387,48.42025],[-120.95926,48.41447],[-120.96555,48.41709],[-120.96675,48.42186],[-120.97362,48.4264],[-120.97251,48.42949]]]},"bbox":[-120.97362,48.41447,-120.93632,48.43336]},{"type":"Feature","id":28138,"properties":{"y":2003,"n":"Sweetgrass","ag":"BLM","ac":181.1,"c":14,"cl":"Unknown","ad":"2003-12-31","cd":"","st":"WA","se":4},"geometry":{"type":"Polygon","coordinates":[[[-120.30765,48.6796],[-120.31157,48.68365],[-120.30749,48.68852],[-120.29767,48.68703],[-120.30055,48.68446],[-120.29722,48.68254],[-120.30765,48.6796]]]},"bbox":[-120.31157,48.67954,-120.29627,48.68965]},{"type":"Feature","id":28139,"properties":{"y":2005,"n":"Pearrygin Lake","ag":"BLM","ac":507.8,"c":14,"cl":"Unknown","ad":"2013-11-21","cd":"","st":"WA","se":3},"geometry":{"type":"Polygon","coordinates":[[[-120.14622,48.51206],[-120.14207,48.51486],[-120.13561,48.51192],[-120.11753,48.51241],[-120.1156,48.50976],[-120.11772,48.50598],[-120.13452,48.50064],[-120.14327,48.50382],[-120.14622,48.51206]]]},"bbox":[-120.14667,48.50064,-120.1156,48.51486]},{"type":"Feature","id":28140,"properties":{"y":2005,"n":"Shady","ag":"BLM","ac":153.0,"c":14,"cl":"Unknown","ad":"2005-12-31","cd":"","st":"WA","se":4},"geometry":{"type":"Polygon","coordinates":[[[-120.84914,48.40977],[-120.86342,48.41275],[-120.85819,48.41593],[-120.84858,48.41469],[-120.84914,48.40977]]]},"bbox":[-120.86342,48.40894,-120.84812,48.41593]},{"type":"Feature","id":28141,"properties":{"y":2007,"n":"Rattlesnake Creek","ag":"BLM","ac":1653.8,"c":14,"cl":"Unknown","ad":"2007-12-31","cd":"","st":"WA","se":4},"geometry":{"type":"Polygon","coordinates":[[[-121.19566,46.75242],[-121.23671,46.75427],[-121.22079,46.75735],[-121.20987,46.76311],[-121.20601,46.76811],[-121.21069,46.77073],[-121.20454,46.77978],[-121.19729,46.77907],[-121.19378,46.78175],[-121.18864,46.77619],[-121.17425,46.77817],[-121.17614,46.7688],[-121.18077,46.76332],[-121.19188,46.75952],[-121.19566,46.75242]]]},"bbox":[-121.23671,46.75217,-121.1742,46.78175]},{"type":"Feature","id":28142,"properties":{"y":2006,"n":"Amabilis","ag":"BLM","ac":117.0,"c":14,"cl":"Unknown","ad":"2006-12-31","cd":"","st":"WA","se":4},"geometry":{"type":"Polygon","coordinates":[[[-121.26226,47.27121],[-121.26709,47.27407],[-121.26206,47.27892],[-121.25384,47.27413],[-121.26226,47.27121]]]},"bbox":[-121.26709,47.27116,-121.25384,47.27898]},{"type":"Feature","id":28143,"properties":{"y":2001,"n":"Sleepy","ag":"BLM","ac":1400.5,"c":14,"cl":"Unknown","ad":"2001-12-31","cd":"","st":"WA","se":4},"geometry":{"type":"Polygon","coordinates":[[[-118.45063,48.49287],[-118.46273,48.48732],[-118.45988,48.4856],[-118.47687,48.47812],[-118.4866,48.4699],[-118.4969,48.47585],[-118.49894,48.48021],[-118.49663,48.48175],[-118.50009,48.48425],[-118.49696,48.4863],[-118.50102,48.49114],[-118.48948,48.49315],[-118.48345,48.49077],[-118.47523,48.49573],[-118.47229,48.49364],[-118.46655,48.49557],[-118.46275,48.49944],[-118.4576,48.49562],[-118.44978,48.49849],[-118.45376,48.4942],[-118.45063,48.49287]]]},"bbox":[-118.50102,48.4699,-118.44961,48.4995]},{"type":"Feature","id":28144,"properties":{"y":2001,"n":"Mt Leona","ag":"BLM","ac":4888.8,"c":14,"cl":"Unknown","ad":"2001-12-31","cd":"","st":"WA","se":4},"geometry":{"type":"Polygon","coordinates":[[[-118.46158,48.77047],[-118.48247,48.7651],[-118.51391,48.77081],[-118.51609,48.77999],[-118.51413,48.78494],[-118.51714,48.79071],[-118.51325,48.79516],[-118.51604,48.80126],[-118.51388,48.8052],[-118.48546,48.81185],[-118.48396,48.80701],[-118.46927,48.80747],[-118.46857,48.81021],[-118.47344,48.81114],[-118.47147,48.8135],[-118.47552,48.81686],[-118.444,48.8034],[-118.44479,48.79363],[-118.45712,48.79189],[-118.45096,48.78896],[-118.46219,48.78649],[-118.47758,48.79163],[-118.47768,48.7866],[-118.46643,48.78185],[-118.4611,48.77466],[-118.46158,48.77047]]]},"bbox":[-118.51714,48.7651,-118.44276,48.81686]},{"type":"Feature","id":28145,"properties":{"y":2008,"n":"Foam Creek Wfu","ag":"BLM","ac":602.2,"c":14,"cl":"Unknown","ad":"2008-12-31","cd":"","st":"WA","se":4},"geometry":{"type":"Polygon","coordinates":[[[-121.09275,48.04676],[-121.08637,48.04158],[-121.08674,48.0353],[-121.09238,48.03411],[-121.09476,48.03781],[-121.0955,48.03191],[-121.10398,48.03318],[-121.11568,48.02968],[-121.11828,48.03313],[-121.10677,48.03947],[-121.10529,48.04427],[-121.10073,48.04276],[-121.09275,48.04676]]]},"bbox":[-121.11828,48.02968,-121.08637,48.04676]},{"type":"Feature","id":28146,"properties":{"y":2009,"n":"Twin Peaks","ag":"BLM","ac":666.5,"c":14,"cl":"Unknown","ad":"2009-12-31","cd":"","st":"WA","se":4},"geometry":{"type":"Polygon","coordinates":[[[-121.35394,46.63622],[-121.34289,46.63797],[-121.34121,46.63469],[-121.32681,46.63393],[-121.32163,46.62281],[-121.32834,46.62692],[-121.3339,46.62181],[-121.35409,46.6273],[-121.35173,46.63164],[-121.35394,46.63622]]]},"bbox":[-121.35409,46.62181,-121.32163,46.63797]},{"type":"Feature","id":28147,"properties":{"y":2001,"n":"Boundary","ag":"BLM","ac":361.2,"c":14,"cl":"Unknown","ad":"2001-12-31","cd":"","st":"WA","se":4},"geometry":{"type":"Polygon","coordinates":[[[-120.53101,48.99357],[-120.52473,48.98538],[-120.52565,48.98005],[-120.54788,48.98751],[-120.54486,48.99207],[-120.53101,48.99357]]]},"bbox":[-120.54788,48.98005,-120.52358,48.99373]},{"type":"Feature","id":28148,"properties":{"y":2001,"n":"Goose Lake","ag":"BLM","ac":1282.0,"c":14,"cl":"Unknown","ad":"2001-12-31","cd":"","st":"WA","se":4},"geometry":{"type":"Polygon","coordinates":[[[-119.3784,48.15578],[-119.37113,48.15657],[-119.35306,48.1504],[-119.34765,48.12882],[-119.34838,48.12015],[-119.3517,48.12009],[-119.35586,48.1283],[-119.36665,48.13781],[-119.37717,48.13547],[-119.37955,48.14143],[-119.3784,48.15578]]]},"bbox":[-119.37955,48.11961,-119.34751,48.15664]},{"type":"Feature","id":28149,"properties":{"y":2001,"n":"Dog Creek","ag":"BLM","ac":568.7,"c":14,"cl":"Unknown","ad":"2001-12-31","cd":"","st":"WA","se":4},"geometry":{"type":"Polygon","coordinates":[[[-121.22048,46.81498],[-121.22798,46.82087],[-121.21308,46.82347],[-121.21006,46.8197],[-121.18413,46.8131],[-121.19203,46.8088],[-121.1992,46.81288],[-121.22048,46.81498]]]},"bbox":[-121.22813,46.8088,-121.18413,46.82347]},{"type":"Feature","id":28150,"properties":{"y":2003,"n":"Wilcox","ag":"BLM","ac":439.9,"c":14,"cl":"Unknown","ad":"2003-12-31","cd":"","st":"WA","se":4},"geometry":{"type":"Polygon","coordinates":[[[-119.27149,48.85859],[-119.27313,48.86215],[-119.26768,48.86837],[-119.25846,48.86933],[-119.24669,48.88046],[-119.23748,48.88432],[-119.2369,48.88122],[-119.2509,48.86756],[-119.27149,48.85859]]]},"bbox":[-119.27341,48.85859,-119.2369,48.88458]},{"type":"Feature","id":28151,"properties":{"y":2001,"n":"Gambles Mill","ag":"BLM","ac":5411.6,"c":14,"cl":"Unknown","ad":"2001-12-31","cd":"","st":"WA","se":4},"geometry":{"type":"Polygon","coordinates":[[[-119.88217,48.21052],[-119.88411,48.2153],[-119.87987,48.22084],[-119.86018,48.22387],[-119.84265,48.21373],[-119.82585,48.21094],[-119.8198,48.20595],[-119.80808,48.20656],[-119.80386,48.19536],[-119.80422,48.18255],[-119.81315,48.17959],[-119.81289,48.16552],[-119.81992,48.16542],[-119.82384,48.16947],[-119.83006,48.17002],[-119.83618,48.17819],[-119.83394,48.18197],[-119.84802,48.17796],[-119.87993,48.1971],[-119.88449,48.20139],[-119.88217,48.21052]]]},"bbox":[-119.88461,48.16502,-119.80386,48.22387]},{"type":"Feature","id":28152,"properties":{"y":2004,"n":"Reecer","ag":"BLM","ac":107.8,"c":14,"cl":"Unknown","ad":"2004-12-31","cd":"","st":"WA","se":4},"geometry":{"type":"Polygon","coordinates":[[[-120.58607,47.18617],[-120.58435,47.19259],[-120.57876,47.19255],[-120.57613,47.18888],[-120.58119,47.18775],[-120.58288,47.18402],[-120.58607,47.18617]]]},"bbox":[-120.58694,47.18402,-120.57613,47.19266]},{"type":"Feature","id":28153,"properties":{"y":2003,"n":"Crystal","ag":"BLM","ac":1284.6,"c":14,"cl":"Unknown","ad":"2003-12-31","cd":"","st":"WA","se":4},"geometry":{"type":"Polygon","coordinates":[[[-120.80857,47.44607],[-120.83524,47.44875],[-120.83814,47.45164],[-120.83554,47.45449],[-120.83771,47.4608],[-120.81629,47.45529],[-120.8069,47.46165],[-120.79276,47.4608],[-120.78475,47.46626],[-120.78254,47.46599],[-120.78293,47.45909],[-120.77865,47.46109],[-120.77892,47.45815],[-120.79128,47.45491],[-120.78658,47.44905],[-120.80857,47.44607]]]},"bbox":[-120.83814,47.44607,-120.77856,47.46638]},{"type":"Feature","id":28154,"properties":{"y":2003,"n":"Togo","ag":"BLM","ac":5210.1,"c":14,"cl":"Unknown","ad":"2003-12-31","cd":"","st":"WA","se":4},"geometry":{"type":"Polygon","coordinates":[[[-118.37494,48.95528],[-118.3611,48.95471],[-118.34839,48.94515],[-118.35228,48.94292],[-118.36153,48.94858],[-118.35585,48.93773],[-118.36415,48.93014],[-118.37381,48.92659],[-118.3871,48.94279],[-118.3916,48.94416],[-118.39256,48.94905],[-118.4112,48.95077],[-118.42568,48.96508],[-118.42064,48.97704],[-118.41451,48.98299],[-118.41733,48.98722],[-118.41261,48.98903],[-118.41223,48.99301],[-118.40727,48.98934],[-118.40237,48.99373],[-118.39277,48.99504],[-118.38222,48.99286],[-118.38262,48.98983],[-118.3744,48.98326],[-118.36464,48.98368],[-118.36239,48.97995],[-118.37557,48.97072],[-118.37796,48.96543],[-118.37384,48.96336],[-118.37494,48.95528]]]},"bbox":[-118.42568,48.92659,-118.34819,48.99504]},{"type":"Feature","id":28155,"properties":{"y":2007,"n":"Glory","ag":"BLM","ac":118.5,"c":14,"cl":"Unknown","ad":"2007-12-31","cd":"","st":"WA","se":4},"geometry":{"type":"Polygon","coordinates":[[[-120.22111,48.38673],[-120.20875,48.38279],[-120.20835,48.378],[-120.2169,48.38023],[-120.22111,48.38673]]]},"bbox":[-120.22111,48.37796,-120.20834,48.38749]},{"type":"Feature","id":28156,"properties":{"y":2008,"n":"Cayuse","ag":"BLM","ac":1776.2,"c":14,"cl":"Unknown","ad":"2008-12-31","cd":"","st":"WA","se":4},"geometry":{"type":"Polygon","coordinates":[[[-119.17936,48.70359],[-119.17063,48.69785],[-119.16147,48.69987],[-119.15711,48.69598],[-119.15473,48.67771],[-119.16065,48.67692],[-119.16173,48.68008],[-119.18386,48.68604],[-119.18607,48.68946],[-119.2051,48.69226],[-119.2115,48.68943],[-119.21618,48.69372],[-119.20695,48.70274],[-119.17936,48.70359]]]},"bbox":[-119.21618,48.67678,-119.1534,48.70376]},{"type":"Feature","id":28157,"properties":{"y":2001,"n":"Libby South","ag":"BLM","ac":3787.0,"c":14,"cl":"Unknown","ad":"2001-12-31","cd":"","st":"WA","se":4},"geometry":{"type":"Polygon","coordinates":[[[-120.17091,48.20983],[-120.16585,48.21072],[-120.16984,48.21245],[-120.16998,48.21591],[-120.17847,48.2158],[-120.18475,48.22157],[-120.19095,48.22114],[-120.19142,48.2261],[-120.19614,48.22726],[-120.18677,48.23359],[-120.18272,48.24534],[-120.16046,48.2468],[-120.16376,48.24017],[-120.14924,48.23687],[-120.13262,48.2244],[-120.14073,48.21916],[-120.13744,48.20851],[-120.14043,48.2064],[-120.1371,48.20383],[-120.14063,48.19773],[-120.13909,48.18829],[-120.15463,48.19028],[-120.15888,48.2027],[-120.16833,48.20524],[-120.17091,48.20983]]]},"bbox":[-120.19614,48.18773,-120.13248,48.2471]},{"type":"Feature","id":28158,"properties":{"y":2006,"n":"Polallie","ag":"BLM","ac":962.4,"c":14,"cl":"Unknown","ad":"2006-12-31","cd":"","st":"WA","se":4},"geometry":{"type":"Polygon","coordinates":[[[-121.10097,47.43566],[-121.09339,47.44315],[-121.08761,47.44387],[-121.07873,47.43743],[-121.08403,47.43372],[-121.08303,47.4295],[-121.09407,47.42894],[-121.09608,47.4255],[-121.12922,47.42845],[-121.13114,47.43156],[-121.13035,47.43542],[-121.12521,47.43337],[-121.12435,47.43936],[-121.11273,47.43273],[-121.10097,47.43566]]]},"bbox":[-121.13114,47.4255,-121.07873,47.44387]},{"type":"Feature","id":28159,"properties":{"y":2006,"n":"Trout","ag":"BLM","ac":140.0,"c":14,"cl":"Unknown","ad":"2006-12-31","cd":"","st":"WA","se":4},"geometry":{"type":"Polygon","coordinates":[[[-120.97791,46.66717],[-120.96713,46.6716],[-120.96229,46.66884],[-120.97128,46.66758],[-120.96753,46.66534],[-120.97214,46.66148],[-120.97791,46.66717]]]},"bbox":[-120.97791,46.66148,-120.96229,46.6716]},{"type":"Feature","id":28160,"properties":{"y":2006,"n":"Day Creek","ag":"BLM","ac":131.0,"c":14,"cl":"Unknown","ad":"2006-12-31","cd":"","st":"WA","se":4},"geometry":{"type":"Polygon","coordinates":[[[-118.53293,48.93835],[-118.54501,48.93719],[-118.54816,48.94022],[-118.53321,48.9429],[-118.53293,48.93835]]]},"bbox":[-118.54816,48.93676,-118.5327,48.94365]},{"type":"Feature","id":28161,"properties":{"y":2008,"n":"Jack Creek","ag":"BLM","ac":235.8,"c":14,"cl":"Unknown","ad":"2008-12-31","cd":"","st":"WA","se":4},"geometry":{"type":"Polygon","coordinates":[[[-120.94241,47.5078],[-120.94056,47.51212],[-120.9305,47.51463],[-120.92628,47.50802],[-120.93457,47.50306],[-120.94241,47.5078]]]},"bbox":[-120.94241,47.50306,-120.92628,47.51463]},{"type":"Feature","id":28162,"properties":{"y":2001,"n":"Tommy Creek","ag":"BLM","ac":659.2,"c":14,"cl":"Unknown","ad":"2001-12-31","cd":"","st":"WA","se":4},"geometry":{"type":"Polygon","coordinates":[[[-120.54432,47.94538],[-120.56209,47.93618],[-120.57627,47.93589],[-120.5868,47.94233],[-120.57356,47.95055],[-120.56818,47.94604],[-120.54432,47.94538]]]},"bbox":[-120.5868,47.93589,-120.54426,47.95055]},{"type":"Feature","id":28163,"properties":{"y":2003,"n":"Square Lake","ag":"BLM","ac":1097.8,"c":14,"cl":"Unknown","ad":"2003-12-31","cd":"","st":"WA","se":4},"geometry":{"type":"Polygon","coordinates":[[[-121.10497,47.64824],[-121.11395,47.65427],[-121.11297,47.65864],[-121.08416,47.65901],[-121.06933,47.66748],[-121.04966,47.66373],[-121.05612,47.66324],[-121.07129,47.65321],[-121.10497,47.64824]]]},"bbox":[-121.11395,47.64824,-121.04962,47.66748]},{"type":"Feature","id":28164,"properties":{"y":2001,"n":"Rex Creek","ag":"BLM","ac":54118.2,"c":14,"cl":"Unknown","ad":"2001-12-31","cd":"","st":"WA","se":4},"geometry":{"type":"Polygon","coordinates":[[[-120.47455,48.09519],[-120.4919,48.11031],[-120.49015,48.12626],[-120.49366,48.12902],[-120.49101,48.13116],[-120.49124,48.14023],[-120.49339,48.14479],[-120.49867,48.14675],[-120.49927,48.15393],[-120.52043,48.16353],[-120.53615,48.18869],[-120.55411,48.20366],[-120.59566,48.21718],[-120.60929,48.23158],[-120.61675,48.23499],[-120.61031,48.24231],[-120.61643,48.24892],[-120.62065,48.26046],[-120.61449,48.26645],[-120.59938,48.27119],[-120.57619,48.26944],[-120.57521,48.27285],[-120.56332,48.2782],[-120.56368,48.282],[-120.54518,48.28956],[-120.534,48.2857],[-120.53269,48.27339],[-120.50552,48.2757],[-120.50326,48.27203],[-120.49918,48.27249],[-120.49795,48.26433],[-120.50463,48.2605],[-120.49688,48.25853],[-120.49493,48.25415],[-120.48881,48.25762],[-120.49053,48.26127],[-120.48713,48.26427],[-120.48648,48.27203],[-120.47584,48.26818],[-120.47123,48.26302],[-120.46442,48.26395],[-120.45736,48.25892],[-120.44655,48.25868],[-120.44157,48.2555],[-120.44876,48.2468],[-120.45286,48.24599],[-120.47382,48.25441],[-120.48851,48.24714],[-120.51447,48.24734],[-120.52073,48.24097],[-120.51298,48.239],[-120.50941,48.22356],[-120.49958,48.21991],[-120.47899,48.22073],[-120.47243,48.21661],[-120.491,48.20744],[-120.49208,48.20186],[-120.47999,48.20033],[-120.47763,48.20444],[-120.48236,48.20725],[-120.45674,48.20596],[-120.43737,48.20951],[-120.43317,48.20707],[-120.42815,48.19394],[-120.4228,48.19274],[-120.42815,48.18852],[-120.42091,48.18204],[-120.42847,48.18221],[-120.4095,48.17799],[-120.40105,48.16334],[-120.41267,48.15782],[-120.41425,48.15334],[-120.42751,48.15273],[-120.43013,48.149],[-120.43773,48.14826],[-120.44044,48.14254],[-120.44677,48.14015],[-120.44563,48.13597],[-120.43026,48.14087],[-120.43174,48.13837],[-120.4291,48.13723],[-120.407,48.14179],[-120.4055,48.13941],[-120.41201,48.13341],[-120.40005,48.12971],[-120.39655,48.13487],[-120.40019,48.13766],[-120.39657,48.13975],[-120.39909,48.14342],[-120.38188,48.14736],[-120.37635,48.15519],[-120.37282,48.15565],[-120.3691,48.1543],[-120.36769,48.14505],[-120.35795,48.14537],[-120.35678,48.13667],[-120.35107,48.13744],[-120.34783,48.14261],[-120.33594,48.14287],[-120.32639,48.12928],[-120.33483,48.12261],[-120.33163,48.11151],[-120.34089,48.1045],[-120.33654,48.09482],[-120.34125,48.07668],[-120.33685,48.07315],[-120.34099,48.06602],[-120.3248,48.06112],[-120.33631,48.05235],[-120.35412,48.0571],[-120.40011,48.04891],[-120.42643,48.05599],[-120.44838,48.06709],[-120.45879,48.07414],[-120.46188,48.08298],[-120.46685,48.08498],[-120.47455,48.09519]]]},"bbox":[-120.62065,48.04868,-120.3248,48.28956]},{"type":"Feature","id":28165,"properties":{"y":2005,"n":"Dirtyface","ag":"BLM","ac":1150.2,"c":14,"cl":"Unknown","ad":"2005-12-31","cd":"","st":"WA","se":4},"geometry":{"type":"Polygon","coordinates":[[[-120.80972,47.843],[-120.80006,47.85574],[-120.78179,47.86206],[-120.77808,47.86104],[-120.78252,47.85182],[-120.77778,47.8524],[-120.7783,47.84864],[-120.765,47.84513],[-120.77567,47.83948],[-120.77826,47.84196],[-120.78205,47.83939],[-120.8011,47.83932],[-120.80972,47.843]]]},"bbox":[-120.80972,47.83915,-120.765,47.86206]},{"type":"Feature","id":28166,"properties":{"y":2007,"n":"Bulldog","ag":"BLM","ac":106.7,"c":14,"cl":"Unknown","ad":"2007-12-31","cd":"","st":"WA","se":4},"geometry":{"type":"Polygon","coordinates":[[[-118.30601,48.78156],[-118.31159,48.79159],[-118.30827,48.79157],[-118.30217,48.78298],[-118.30601,48.78156]]]},"bbox":[-118.31216,48.78149,-118.30217,48.79198]},{"type":"Feature","id":28167,"properties":{"y":2009,"n":"Preston-Fox","ag":"BLM","ac":1215.5,"c":14,"cl":"Unknown","ad":"2009-12-31","cd":"","st":"WA","se":4},"geometry":{"type":"Polygon","coordinates":[[[-120.41808,47.921],[-120.43408,47.92427],[-120.44384,47.93235],[-120.42692,47.93768],[-120.39446,47.92991],[-120.40429,47.91856],[-120.4116,47.91962],[-120.4145,47.92359],[-120.41808,47.921]]]},"bbox":[-120.44384,47.91841,-120.39446,47.93768]},{"type":"Feature","id":28168,"properties":{"y":2010,"n":"Highway 8","ag":"BLM","ac":1995.0,"c":14,"cl":"Unknown","ad":"2013-11-21","cd":"","st":"WA","se":3},"geometry":{"type":"Polygon","coordinates":[[[-121.27035,45.74471],[-121.25831,45.73905],[-121.25007,45.74484],[-121.24775,45.74134],[-121.25077,45.7385],[-121.2412,45.73522],[-121.2447,45.73309],[-121.24865,45.72193],[-121.25983,45.72093],[-121.26396,45.71317],[-121.28239,45.70514],[-121.28363,45.71128],[-121.29043,45.71764],[-121.27739,45.71864],[-121.281,45.72793],[-121.27559,45.73946],[-121.27035,45.74471]]]},"bbox":[-121.29044,45.70489,-121.24117,45.74484]},{"type":"Feature","id":28169,"properties":{"y":2010,"n":"Eightmile","ag":"BLM","ac":189.9,"c":14,"cl":"Unknown","ad":"2010-12-31","cd":"","st":"WA","se":4},"geometry":{"type":"Polygon","coordinates":[[[-120.8745,47.53087],[-120.86995,47.5359],[-120.86447,47.52545],[-120.87311,47.5233],[-120.8745,47.53087]]]},"bbox":[-120.87579,47.52326,-120.86447,47.5359]},{"type":"Feature","id":28170,"properties":{"y":2010,"n":"Swakane","ag":"BLM","ac":19434.5,"c":14,"cl":"Unknown","ad":"2010-12-31","cd":"","st":"WA","se":4},"geometry":{"type":"Polygon","coordinates":[[[-120.24011,47.61769],[-120.24294,47.60099],[-120.26134,47.56974],[-120.27246,47.55809],[-120.28297,47.55324],[-120.30383,47.52943],[-120.31522,47.48917],[-120.32074,47.49812],[-120.33501,47.5038],[-120.3349,47.51193],[-120.35109,47.52429],[-120.35304,47.53167],[-120.35948,47.53474],[-120.35245,47.53765],[-120.3509,47.54152],[-120.36384,47.54731],[-120.37414,47.56047],[-120.37964,47.5609],[-120.37927,47.56553],[-120.39367,47.58015],[-120.38821,47.58815],[-120.38042,47.59167],[-120.38131,47.59396],[-120.37443,47.59395],[-120.36135,47.60369],[-120.35166,47.60687],[-120.33266,47.60225],[-120.30769,47.61243],[-120.29512,47.61298],[-120.27427,47.60582],[-120.26918,47.6105],[-120.24011,47.61769]]]},"bbox":[-120.3939,47.4891,-120.24011,47.61821]},{"type":"Feature","id":28171,"properties":{"y":2011,"n":"Plath Road","ag":"BLM","ac":1070.1,"c":14,"cl":"Unknown","ad":"2017-01-27","cd":"","st":"WA","se":4},"geometry":{"type":"Polygon","coordinates":[[[-120.4178,46.50206],[-120.43627,46.5053],[-120.43308,46.50878],[-120.4378,46.51465],[-120.43438,46.51771],[-120.43189,46.51376],[-120.42443,46.51759],[-120.40304,46.51445],[-120.39936,46.50492],[-120.4026,46.50397],[-120.4035,46.49525],[-120.40883,46.49385],[-120.40824,46.49884],[-120.41232,46.49706],[-120.4178,46.50206]],[[-120.41774,46.50212],[-120.41774,46.50212],[-120.41769,46.50217],[-120.41774,46.50212]]]},"bbox":[-120.4382,46.49329,-120.39936,46.51771]},{"type":"Feature","id":28172,"properties":{"y":2011,"n":"Salmon","ag":"BLM","ac":1802.4,"c":14,"cl":"Unknown","ad":"2017-01-27","cd":"","st":"WA","se":4},"geometry":{"type":"Polygon","coordinates":[[[-119.653,48.45932],[-119.6313,48.45611],[-119.6303,48.43873],[-119.6366,48.43011],[-119.6435,48.42925],[-119.6527,48.43456],[-119.6604,48.4447],[-119.6704,48.44917],[-119.6691,48.4546],[-119.6732,48.45685],[-119.6707,48.4603],[-119.6637,48.45808],[-119.6593,48.46665],[-119.653,48.45932]]]},"bbox":[-119.6732,48.42916,-119.6295,48.46665]},{"type":"Feature","id":28173,"properties":{"y":2007,"n":"Duck Lake Road","ag":"BLM","ac":118.1,"c":14,"cl":"Unknown","ad":"2007-12-31","cd":"","st":"WA","se":4},"geometry":{"type":"Polygon","coordinates":[[[-118.5929,47.38489],[-118.59298,47.38128],[-118.60886,47.38137],[-118.60875,47.38493],[-118.5929,47.38489]]]},"bbox":[-118.60886,47.38128,-118.5929,47.38493]},{"type":"Feature","id":28174,"properties":{"y":2011,"n":"Lakeview Loop","ag":"BLM","ac":8.0,"c":14,"cl":"Unknown","ad":"2017-01-27","cd":"","st":"WA","se":4},"geometry":{"type":"Polygon","coordinates":[[[-117.85477,47.36389],[-117.85134,47.36622],[-117.85363,47.36445],[-117.84994,47.36383],[-117.85477,47.36389]]]},"bbox":[-117.85479,47.36373,-117.84994,47.36622]},{"type":"Feature","id":28175,"properties":{"y":2011,"n":"Road 29","ag":"BLM","ac":2951.4,"c":14,"cl":"Unknown","ad":"2017-01-27","cd":"","st":"WA","se":4},"geometry":{"type":"Polygon","coordinates":[[[-118.98576,47.48623],[-118.95213,47.4751],[-118.93314,47.47553],[-118.93549,47.46889],[-118.94069,47.46762],[-118.93536,47.4634],[-118.94815,47.45988],[-118.95917,47.46902],[-118.97232,47.46639],[-118.97839,47.47036],[-118.97756,47.47299],[-118.98208,47.47161],[-118.98908,47.47519],[-118.98928,47.48037],[-119.01631,47.48139],[-119.03089,47.49084],[-119.03364,47.49494],[-119.03056,47.49731],[-119.03393,47.50109],[-119.02566,47.50479],[-119.00512,47.50067],[-118.98357,47.48947],[-118.98576,47.48623]]]},"bbox":[-119.03393,47.45952,-118.9324,47.50479]},{"type":"Feature","id":28176,"properties":{"y":2011,"n":"Shooting Range","ag":"BLM","ac":113.4,"c":14,"cl":"Unknown","ad":"2017-01-27","cd":"","st":"WA","se":4},"geometry":{"type":"Polygon","coordinates":[[[-119.47148,46.35059],[-119.4739,46.35539],[-119.46924,46.36018],[-119.46956,46.35884],[-119.46698,46.35739],[-119.46834,46.36122],[-119.46274,46.35705],[-119.47148,46.35059]]]},"bbox":[-119.47398,46.35055,-119.46274,46.36122]},{"type":"Feature","id":28177,"properties":{"y":1994,"n":"Hotlakes","ag":"BLM","ac":386.4,"c":14,"cl":"Unknown","ad":"2013-11-21","cd":"","st":"WA","se":3},"geometry":{"type":"Polygon","coordinates":[[[-119.49152,48.97874],[-119.49171,48.99121],[-119.49904,48.9974],[-119.49656,48.99949],[-119.48419,48.99616],[-119.47448,48.98398],[-119.47962,48.98122],[-119.47838,48.98531],[-119.48286,48.98797],[-119.49152,48.97874]]]},"bbox":[-119.49904,48.97874,-119.47448,48.99949]},{"type":"Feature","id":28178,"properties":{"y":2001,"n":"Skookum","ag":"BLM","ac":13347.8,"c":14,"cl":"Unknown","ad":"2001-12-31","cd":"","st":"WA","se":4},"geometry":{"type":"Polygon","coordinates":[[[-120.65756,45.73798],[-120.65684,45.74465],[-120.64923,45.75393],[-120.63519,45.75702],[-120.63471,45.76701],[-120.6152,45.76939],[-120.59402,45.7782],[-120.58903,45.7751],[-120.58879,45.77843],[-120.58332,45.78058],[-120.57665,45.7782],[-120.56856,45.7801],[-120.56618,45.77724],[-120.56262,45.78129],[-120.55476,45.77344],[-120.55048,45.77463],[-120.54786,45.77724],[-120.55143,45.78343],[-120.53454,45.78557],[-120.52954,45.78819],[-120.53192,45.79128],[-120.52978,45.79366],[-120.52597,45.79176],[-120.52288,45.79937],[-120.51764,45.79985],[-120.51384,45.80413],[-120.50384,45.80389],[-120.48362,45.8008],[-120.4829,45.79104],[-120.50004,45.78486],[-120.50551,45.787],[-120.5067,45.78081],[-120.52383,45.77582],[-120.53216,45.76868],[-120.53359,45.77034],[-120.53644,45.76749],[-120.53525,45.76202],[-120.52169,45.76321],[-120.51907,45.76915],[-120.51407,45.76796],[-120.51312,45.76344],[-120.51788,45.76273],[-120.52074,45.75131],[-120.5412,45.74322],[-120.54096,45.74036],[-120.53002,45.73322],[-120.52859,45.73751],[-120.52193,45.74084],[-120.51836,45.73703],[-120.50884,45.73703],[-120.50099,45.74227],[-120.49528,45.74155],[-120.50099,45.73537],[-120.48124,45.73989],[-120.48124,45.73656],[-120.49028,45.73203],[-120.49123,45.72466],[-120.4879,45.72228],[-120.4741,45.72228],[-120.47005,45.72442],[-120.46982,45.73037],[-120.46315,45.72823],[-120.45744,45.73084],[-120.45911,45.72561],[-120.44983,45.72537],[-120.46196,45.7199],[-120.46672,45.71181],[-120.46339,45.69658],[-120.48219,45.69539],[-120.50456,45.70086],[-120.55857,45.73893],[-120.56761,45.74227],[-120.5638,45.74702],[-120.5688,45.75607],[-120.56476,45.7613],[-120.5638,45.76987],[-120.57308,45.77296],[-120.58046,45.76892],[-120.58427,45.77106],[-120.58546,45.76463],[-120.59379,45.75845],[-120.61235,45.75202],[-120.61592,45.74774],[-120.63638,45.74655],[-120.65756,45.73798]]]},"bbox":[-120.65756,45.69539,-120.44983,45.80413]},{"type":"Feature","id":28179,"properties":{"y":2004,"n":"Enloe Dam","ag":"BLM","ac":3.4,"c":14,"cl":"Unknown","ad":"2013-11-21","cd":"","st":"WA","se":3},"geometry":{"type":"Polygon","coordinates":[[[-119.50118,48.9656],[-119.49984,48.96687],[-119.49984,48.9656],[-119.50118,48.9656]]]},"bbox":[-119.50118,48.9656,-119.49984,48.96687]},{"type":"Feature","id":28180,"properties":{"y":2008,"n":"Badger Mt","ag":"BLM","ac":11924.5,"c":14,"cl":"Unknown","ad":"2013-11-21","cd":"","st":"WA","se":3},"geometry":{"type":"Polygon","coordinates":[[[-120.2273,47.59746],[-120.1909,47.58913],[-120.22897,47.51703],[-120.2135,47.47848],[-120.21588,47.47539],[-120.22421,47.47515],[-120.22421,47.47039],[-120.23159,47.4673],[-120.26133,47.49181],[-120.28084,47.49086],[-120.29536,47.49609],[-120.29559,47.51299],[-120.2875,47.51846],[-120.28013,47.5325],[-120.25514,47.54511],[-120.25134,47.5513],[-120.253,47.55653],[-120.23563,47.57842],[-120.2273,47.59746]]]},"bbox":[-120.29559,47.4673,-120.1909,47.59746]},{"type":"Feature","id":28181,"properties":{"y":2010,"n":"Turtle Rock","ag":"BLM","ac":105.8,"c":14,"cl":"Unknown","ad":"2013-11-21","cd":"","st":"WA","se":3},"geometry":{"type":"Polygon","coordinates":[[[-120.27064,47.53801],[-120.26206,47.54072],[-120.26256,47.53816],[-120.25724,47.53796],[-120.26602,47.53254],[-120.27064,47.53801]]]},"bbox":[-120.27129,47.53254,-120.25724,47.54072]},{"type":"Feature","id":28182,"properties":{"y":2010,"n":"Janis View","ag":"BLM","ac":0.7,"c":14,"cl":"Unknown","ad":"2013-11-21","cd":"","st":"WA","se":3},"geometry":{"type":"Polygon","coordinates":[[[-119.4564,48.59842],[-119.4558,48.59896],[-119.4558,48.59842],[-119.4564,48.59842]]]},"bbox":[-119.4564,48.59842,-119.4558,48.59896]},{"type":"Feature","id":28183,"properties":{"y":1989,"n":"Enloe","ag":"BLM","ac":13.4,"c":14,"cl":"Unknown","ad":"2013-11-21","cd":"","st":"WA","se":3},"geometry":{"type":"Polygon","coordinates":[[[-119.49995,48.97073],[-119.4974,48.96473],[-119.50145,48.97056],[-119.49995,48.97073]]]},"bbox":[-119.50145,48.96473,-119.49712,48.97095]},{"type":"Feature","id":28184,"properties":{"y":1985,"n":"Janis","ag":"BLM","ac":266.4,"c":14,"cl":"Unknown","ad":"2013-11-21","cd":"","st":"WA","se":3},"geometry":{"type":"Polygon","coordinates":[[[-119.46223,48.6114],[-119.45322,48.61976],[-119.44625,48.61869],[-119.44625,48.60931],[-119.46153,48.60834],[-119.46223,48.6114]]]},"bbox":[-119.46325,48.60813,-119.44625,48.61976]},{"type":"Feature","id":28185,"properties":{"y":2012,"n":"Crane Road","ag":"BLM","ac":11126.7,"c":14,"cl":"Unknown","ad":"2017-01-27","cd":"","st":"WA","se":4},"geometry":{"type":"Polygon","coordinates":[[[-119.87163,48.0342],[-119.85856,48.05205],[-119.86339,48.05468],[-119.85753,48.05818],[-119.8567,48.06211],[-119.82957,48.06423],[-119.82615,48.05993],[-119.81738,48.05987],[-119.81468,48.05616],[-119.80628,48.05938],[-119.77687,48.03947],[-119.777,48.02967],[-119.78616,48.02988],[-119.79883,48.02524],[-119.80413,48.00407],[-119.82301,48.00652],[-119.82485,48.01368],[-119.83474,48.00554],[-119.83148,47.97845],[-119.82589,47.97523],[-119.83073,47.95331],[-119.83543,47.95491],[-119.83769,47.96059],[-119.85046,47.96436],[-119.85955,47.96028],[-119.87177,47.96985],[-119.87092,47.98027],[-119.8598,48.00878],[-119.86014,48.0187],[-119.87163,48.0342]]]},"bbox":[-119.87177,47.95331,-119.77687,48.06423]},{"type":"Feature","id":28186,"properties":{"y":2012,"n":"The Fish Trap","ag":"BLM","ac":274.2,"c":14,"cl":"Unknown","ad":"2017-01-27","cd":"","st":"WA","se":4},"geometry":{"type":"Polygon","coordinates":[[[-117.85698,47.32523],[-117.87708,47.31045],[-117.87902,47.31729],[-117.87546,47.32323],[-117.86525,47.3265],[-117.85698,47.32523]],[[-117.86887,47.31887],[-117.86887,47.31888],[-117.8689,47.31885],[-117.86887,47.31887]]]},"bbox":[-117.87902,47.31022,-117.85691,47.3265]},{"type":"Feature","id":28187,"properties":{"y":2012,"n":"Grant Road","ag":"BLM","ac":5.7,"c":14,"cl":"Unknown","ad":"2017-01-27","cd":"","st":"WA","se":4},"geometry":{"type":"Polygon","coordinates":[[[-118.45339,47.61942],[-118.45422,47.62087],[-118.45243,47.62095],[-118.45339,47.61942]]]},"bbox":[-118.45523,47.61936,-118.45241,47.62104]},{"type":"Feature","id":28188,"properties":{"y":2012,"n":"Smith Canyon","ag":"BLM","ac":172.1,"c":14,"cl":"Unknown","ad":"2017-01-27","cd":"","st":"WA","se":4},"geometry":{"type":"Polygon","coordinates":[[[-118.93136,46.3251],[-118.92537,46.33079],[-118.91042,46.33739],[-118.92227,46.32705],[-118.93136,46.3251]]]},"bbox":[-118.93136,46.32319,-118.91042,46.33769]},{"type":"Feature","id":28189,"properties":{"y":2012,"n":"Twin Lakes","ag":"BLM","ac":29.9,"c":14,"cl":"Unknown","ad":"2017-01-27","cd":"","st":"WA","se":4},"geometry":{"type":"Polygon","coordinates":[[[-118.48924,47.54552],[-118.48377,47.54579],[-118.4832,47.54351],[-118.48924,47.54552]]]},"bbox":[-118.48933,47.54333,-118.48288,47.54713]},{"type":"Feature","id":28190,"properties":{"y":2012,"n":"Lone Pine","ag":"BLM","ac":5.5,"c":14,"cl":"Unknown","ad":"2017-01-27","cd":"","st":"WA","se":4},"geometry":{"type":"Polygon","coordinates":[[[-118.38185,47.65002],[-118.37954,47.65034],[-118.3797,47.64899],[-118.38185,47.65002]]]},"bbox":[-118.38185,47.64899,-118.37934,47.65053]},{"type":"Feature","id":28191,"properties":{"y":2012,"n":"I-90","ag":"BLM","ac":12.7,"c":14,"cl":"Unknown","ad":"2017-01-27","cd":"","st":"WA","se":4},"geometry":{"type":"Polygon","coordinates":[[[-120.25092,46.94988],[-120.25203,46.94869],[-120.25713,46.95039],[-120.25092,46.94988]]]},"bbox":[-120.25713,46.94844,-120.25045,46.95099]},{"type":"Feature","id":28192,"properties":{"y":2012,"n":"Cache Butte","ag":"BLM","ac":465.5,"c":14,"cl":"Unknown","ad":"2017-01-27","cd":"","st":"WA","se":4},"geometry":{"type":"Polygon","coordinates":[[[-119.11821,47.9473],[-119.1085,47.94537],[-119.10701,47.9405],[-119.11684,47.92988],[-119.12298,47.9298],[-119.1263,47.93891],[-119.11821,47.9473]]]},"bbox":[-119.1263,47.9297,-119.10701,47.9473]},{"type":"Feature","id":28193,"properties":{"y":2012,"n":"Miller Homestead","ag":"BLM","ac":350.9,"c":14,"cl":"Unknown","ad":"2017-01-27","cd":"","st":"WA","se":4},"geometry":{"type":"Polygon","coordinates":[[[-117.85453,47.33543],[-117.87948,47.3268],[-117.86687,47.33863],[-117.8488,47.34406],[-117.85453,47.33543]]]},"bbox":[-117.87956,47.32623,-117.84873,47.34439]},{"type":"Feature","id":28194,"properties":{"y":2012,"n":"241","ag":"BLM","ac":4569.3,"c":14,"cl":"Unknown","ad":"2017-01-27","cd":"","st":"WA","se":4},"geometry":{"type":"Polygon","coordinates":[[[-119.9484,46.4991],[-119.96463,46.49198],[-119.97162,46.4928],[-119.96596,46.50001],[-119.96743,46.50873],[-119.98029,46.5101],[-119.97549,46.51094],[-119.97496,46.51475],[-119.98978,46.51674],[-119.93217,46.52801],[-119.93197,46.53033],[-119.9103,46.53644],[-119.88035,46.53367],[-119.87457,46.52686],[-119.87431,46.52208],[-119.89134,46.5166],[-119.88845,46.5125],[-119.90233,46.51358],[-119.89939,46.51547],[-119.90179,46.51634],[-119.91756,46.51386],[-119.9484,46.4991]],[[-119.94809,46.49943],[-119.94806,46.49939],[-119.94805,46.4994],[-119.94809,46.49943]]]},"bbox":[-119.98978,46.49173,-119.87405,46.53644]},{"type":"Feature","id":28195,"properties":{"y":2012,"n":"Coulee View","ag":"BLM","ac":0.0,"c":14,"cl":"Unknown","ad":"2017-01-27","cd":"","st":"WA","se":4},"geometry":{"type":"Polygon","coordinates":[[[-119.07561,47.88382],[-119.07557,47.88396],[-119.07548,47.88385],[-119.07561,47.88382]]]},"bbox":[-119.07572,47.88381,-119.07548,47.88399]},{"type":"Feature","id":28196,"properties":{"y":1900,"n":"One Canyon","ag":"BLM","ac":34.2,"c":14,"cl":"Unknown","ad":"2017-01-27","cd":"","st":"WA","se":4},"geometry":{"type":"Polygon","coordinates":[[[-120.36486,47.44022],[-120.36044,47.43559],[-120.36089,47.43124],[-120.37062,47.42744],[-120.37502,47.44027],[-120.38252,47.44722],[-120.38208,47.45106],[-120.36527,47.45815],[-120.36486,47.44022]]]},"bbox":[-120.38252,47.42744,-120.36044,47.45868]},{"type":"Feature","id":28197,"properties":{"y":2012,"n":"St Mary'S Mission Road","ag":"BLM","ac":16840.6,"c":14,"cl":"Unknown","ad":"2012-10-02","cd":"","st":"WA","se":3},"geometry":{"type":"Polygon","coordinates":[[[-119.49025,48.36686],[-119.48246,48.37158],[-119.45834,48.37133],[-119.45209,48.37424],[-119.45401,48.37779],[-119.45168,48.38166],[-119.43946,48.38674],[-119.42914,48.36796],[-119.41508,48.36145],[-119.4075,48.36169],[-119.40825,48.35749],[-119.40022,48.35688],[-119.41701,48.34397],[-119.42217,48.34625],[-119.42582,48.34208],[-119.42557,48.33911],[-119.41911,48.34031],[-119.41682,48.33485],[-119.42099,48.33189],[-119.41849,48.33022],[-119.40621,48.33542],[-119.40487,48.32702],[-119.41265,48.32896],[-119.41042,48.31319],[-119.40442,48.31114],[-119.40013,48.3148],[-119.39627,48.3111],[-119.39577,48.30232],[-119.38379,48.30021],[-119.37872,48.30762],[-119.36862,48.31211],[-119.37301,48.31684],[-119.37245,48.32244],[-119.35187,48.32415],[-119.34169,48.31253],[-119.34609,48.30669],[-119.35296,48.30526],[-119.35734,48.29607],[-119.34639,48.28848],[-119.32971,48.28623],[-119.32264,48.27942],[-119.2938,48.26976],[-119.29661,48.26333],[-119.31756,48.25756],[-119.32414,48.25046],[-119.33073,48.24894],[-119.35217,48.25756],[-119.35852,48.2569],[-119.3696,48.26212],[-119.38226,48.2844],[-119.40531,48.29473],[-119.40846,48.30691],[-119.43046,48.31394],[-119.42696,48.31946],[-119.43025,48.32224],[-119.4361,48.31481],[-119.44134,48.31584],[-119.44252,48.31281],[-119.42851,48.30227],[-119.42636,48.29445],[-119.41528,48.28415],[-119.41116,48.27445],[-119.42883,48.25908],[-119.43477,48.26426],[-119.42847,48.266],[-119.43759,48.27265],[-119.44056,48.28613],[-119.44721,48.29615],[-119.44943,48.30613],[-119.44748,48.3125],[-119.46219,48.32289],[-119.46485,48.33053],[-119.46239,48.33442],[-119.47906,48.34549],[-119.48848,48.3585],[-119.49025,48.36686]]]},"bbox":[-119.49029,48.24894,-119.2938,48.38702]},{"type":"Feature","id":28198,"properties":{"y":2010,"n":"Fftf","ag":"BLM","ac":1266.2,"c":14,"cl":"Unknown","ad":"2010-08-01","cd":"","st":"WA","se":2},"geometry":{"type":"Polygon","coordinates":[[[-119.33799,46.44154],[-119.32315,46.43127],[-119.36136,46.41821],[-119.36118,46.43148],[-119.35522,46.43223],[-119.35285,46.43592],[-119.35612,46.43756],[-119.3562,46.44229],[-119.34825,46.44818],[-119.35435,46.44418],[-119.357,46.45457],[-119.35225,46.44833],[-119.34968,46.44973],[-119.34543,46.44692],[-119.35023,46.4371],[-119.33799,46.44154]]]},"bbox":[-119.36139,46.41742,-119.32315,46.45464]},{"type":"Feature","id":28199,"properties":{"y":2010,"n":"Dallesport","ag":"BLM","ac":1178.9,"c":14,"cl":"Unknown","ad":"2010-07-12","cd":"","st":"WA","se":2},"geometry":{"type":"Polygon","coordinates":[[[-121.1494,45.64929],[-121.14245,45.65019],[-121.14222,45.64698],[-121.13383,45.64456],[-121.1172,45.64603],[-121.10435,45.6414],[-121.11512,45.63106],[-121.13405,45.63003],[-121.1405,45.63795],[-121.14885,45.6387],[-121.1494,45.64929]]]},"bbox":[-121.1494,45.62992,-121.10435,45.65019]},{"type":"Feature","id":28200,"properties":{"y":2010,"n":"Line","ag":"BLM","ac":693.4,"c":14,"cl":"Unknown","ad":"2013-11-21","cd":"","st":"WA","se":3},"geometry":{"type":"Polygon","coordinates":[[[-117.95884,47.84456],[-117.94019,47.84227],[-117.93814,47.83961],[-117.94182,47.83515],[-117.93453,47.83513],[-117.93572,47.83174],[-117.93231,47.82969],[-117.95563,47.82857],[-117.96794,47.83464],[-117.96425,47.83723],[-117.96168,47.83461],[-117.95684,47.8362],[-117.96047,47.83976],[-117.95884,47.84456]]]},"bbox":[-117.96794,47.82779,-117.93176,47.84607]},{"type":"Feature","id":28201,"properties":{"y":2010,"n":"Nahahum","ag":"BLM","ac":1946.5,"c":14,"cl":"Unknown","ad":"2010-07-29","cd":"","st":"WA","se":2},"geometry":{"type":"Polygon","coordinates":[[[-120.42055,47.58645],[-120.40295,47.58849],[-120.38396,47.57057],[-120.3924,47.56794],[-120.39533,47.57061],[-120.40575,47.5682],[-120.41333,47.56161],[-120.43104,47.55981],[-120.43403,47.57175],[-120.43108,47.5744],[-120.441,47.57738],[-120.43875,47.57969],[-120.44142,47.58028],[-120.43941,47.58187],[-120.44187,47.58534],[-120.42904,47.58402],[-120.41853,47.57651],[-120.41673,47.57907],[-120.42018,47.58128],[-120.42055,47.58645]]]},"bbox":[-120.44189,47.55981,-120.38396,47.58952]},{"type":"Feature","id":28202,"properties":{"y":2010,"n":"Tripp Canyon","ag":"BLM","ac":69.2,"c":14,"cl":"Unknown","ad":"2010-07-29","cd":"","st":"WA","se":2},"geometry":{"type":"Polygon","coordinates":[[[-120.52547,47.48219],[-120.53057,47.48156],[-120.53029,47.48609],[-120.52307,47.48673],[-120.52547,47.48219]]]},"bbox":[-120.53137,47.48133,-120.52227,47.48736]},{"type":"Feature","id":28203,"properties":{"y":2010,"n":"Yaxon","ag":"BLM","ac":6.7,"c":14,"cl":"Unknown","ad":"2010-07-29","cd":"","st":"WA","se":2},"geometry":{"type":"Polygon","coordinates":[[[-120.43692,47.4603],[-120.43876,47.46214],[-120.43612,47.46138],[-120.43692,47.4603]]]},"bbox":[-120.4388,47.46026,-120.43612,47.46217]},{"type":"Feature","id":28204,"properties":{"y":2010,"n":"Rainbow Bridge","ag":"BLM","ac":3995.8,"c":14,"cl":"Unknown","ad":"2010-07-29","cd":"","st":"WA","se":2},"geometry":{"type":"Polygon","coordinates":[[[-120.68525,48.33422],[-120.70283,48.34636],[-120.70292,48.35836],[-120.69838,48.36303],[-120.686,48.36261],[-120.68204,48.35881],[-120.68279,48.35407],[-120.67751,48.35111],[-120.66741,48.3635],[-120.65591,48.35716],[-120.6447,48.35854],[-120.64908,48.34967],[-120.64664,48.34486],[-120.6415,48.34423],[-120.63805,48.33626],[-120.62861,48.33738],[-120.61811,48.3315],[-120.62948,48.32733],[-120.65142,48.3274],[-120.65544,48.32247],[-120.64198,48.31207],[-120.64911,48.3088],[-120.65098,48.31389],[-120.6661,48.32378],[-120.6776,48.32393],[-120.68525,48.33422]]]},"bbox":[-120.70311,48.3088,-120.61811,48.36376]},{"type":"Feature","id":28205,"properties":{"y":2010,"n":"Eureka","ag":"BLM","ac":20838.8,"c":14,"cl":"Unknown","ad":"2010-08-06","cd":"","st":"WA","se":2},"geometry":{"type":"Polygon","coordinates":[[[-118.52379,46.53088],[-118.51997,46.52314],[-118.5129,46.52166],[-118.51363,46.51581],[-118.50883,46.51092],[-118.51146,46.50151],[-118.50932,46.49527],[-118.50215,46.49159],[-118.48009,46.49333],[-118.47411,46.48698],[-118.47828,46.47404],[-118.48538,46.46472],[-118.48978,46.44646],[-118.4988,46.44013],[-118.49952,46.4276],[-118.51462,46.40719],[-118.51451,46.39796],[-118.52468,46.39627],[-118.53015,46.40029],[-118.54496,46.39811],[-118.56044,46.40032],[-118.56574,46.39641],[-118.59503,46.40337],[-118.60956,46.38806],[-118.61932,46.38387],[-118.62733,46.3845],[-118.63369,46.40038],[-118.63257,46.41101],[-118.6273,46.41511],[-118.61929,46.41321],[-118.57,46.4304],[-118.56563,46.43416],[-118.56579,46.45674],[-118.55921,46.46003],[-118.54875,46.45539],[-118.56351,46.47691],[-118.55086,46.51548],[-118.55001,46.53511],[-118.54289,46.54498],[-118.53651,46.54453],[-118.53469,46.54203],[-118.54302,46.53027],[-118.53329,46.52768],[-118.52379,46.53088]]]},"bbox":[-118.63472,46.38387,-118.47411,46.54498]},{"type":"Feature","id":28206,"properties":{"y":2010,"n":"Boulder Creek","ag":"BLM","ac":10012.5,"c":14,"cl":"Unknown","ad":"2013-11-21","cd":"","st":"WA","se":3},"geometry":{"type":"Polygon","coordinates":[[[-121.31688,46.85668],[-121.34126,46.84858],[-121.35552,46.85022],[-121.37181,46.8433],[-121.37971,46.84494],[-121.38373,46.85244],[-121.39018,46.85515],[-121.39276,46.86842],[-121.38572,46.8764],[-121.39276,46.88308],[-121.39482,46.89317],[-121.37902,46.90397],[-121.37061,46.90291],[-121.36512,46.89552],[-121.35945,46.89798],[-121.35602,46.90631],[-121.33199,46.90361],[-121.31311,46.9076],[-121.30607,46.8988],[-121.29405,46.8974],[-121.28873,46.89282],[-121.28821,46.88684],[-121.281,46.88496],[-121.28993,46.87628],[-121.30195,46.87499],[-121.31688,46.85668]]]},"bbox":[-121.39482,46.8433,-121.281,46.9076]},{"type":"Feature","id":28207,"properties":{"y":2010,"n":"Hopper","ag":"BLM","ac":385.0,"c":14,"cl":"Unknown","ad":"2010-08-05","cd":"","st":"WA","se":2},"geometry":{"type":"Polygon","coordinates":[[[-123.29897,47.61427],[-123.31914,47.62301],[-123.31185,47.62648],[-123.29614,47.61925],[-123.28919,47.6108],[-123.29872,47.61045],[-123.29657,47.6112],[-123.29949,47.61132],[-123.29897,47.61427]]]},"bbox":[-123.3194,47.61039,-123.28919,47.62682]},{"type":"Feature","id":28208,"properties":{"y":2010,"n":"Fish Hatchery","ag":"BLM","ac":628.7,"c":14,"cl":"Unknown","ad":"2013-11-21","cd":"","st":"WA","se":3},"geometry":{"type":"Polygon","coordinates":[[[-118.64334,48.69247],[-118.63662,48.68874],[-118.63138,48.69176],[-118.62211,48.69001],[-118.6248,48.68792],[-118.61924,48.68832],[-118.61746,48.68466],[-118.62336,48.68238],[-118.62647,48.6858],[-118.63561,48.68406],[-118.64995,48.67464],[-118.65388,48.67912],[-118.65401,48.68559],[-118.65046,48.69065],[-118.64334,48.69247]]]},"bbox":[-118.65458,48.67463,-118.61701,48.69249]},{"type":"Feature","id":28209,"properties":{"y":2010,"n":"Slide Creek","ag":"BLM","ac":983.3,"c":14,"cl":"Unknown","ad":"2010-08-26","cd":"","st":"WA","se":2},"geometry":{"type":"Polygon","coordinates":[[[-117.807,48.42767],[-117.82981,48.41561],[-117.83735,48.41411],[-117.84048,48.41741],[-117.83526,48.42309],[-117.83488,48.43231],[-117.80663,48.43706],[-117.795,48.43437],[-117.80243,48.43026],[-117.80188,48.42631],[-117.807,48.42767]]]},"bbox":[-117.84048,48.41411,-117.7948,48.43706]},{"type":"Feature","id":28210,"properties":{"y":2010,"n":"Buffalo Lake","ag":"BLM","ac":407.8,"c":14,"cl":"Unknown","ad":"2010-08-27","cd":"","st":"WA","se":2},"geometry":{"type":"Polygon","coordinates":[[[-118.92002,48.05722],[-118.91345,48.0582],[-118.91426,48.05082],[-118.90241,48.05103],[-118.91569,48.04535],[-118.91491,48.04062],[-118.91803,48.03983],[-118.92636,48.04667],[-118.92635,48.05091],[-118.92002,48.05722]]]},"bbox":[-118.92666,48.03976,-118.90241,48.05915]},{"type":"Feature","id":28211,"properties":{"y":2008,"n":"Jackcreek","ag":"BLM","ac":1057.6,"c":14,"cl":"Unknown","ad":"2008-08-10","cd":"","st":"WA","se":2},"geometry":{"type":"Polygon","coordinates":[[[-120.93449,47.49788],[-120.94429,47.50618],[-120.94268,47.51317],[-120.94785,47.51525],[-120.93532,47.52343],[-120.93454,47.52724],[-120.93943,47.53267],[-120.93578,47.53409],[-120.92393,47.5268],[-120.92377,47.52161],[-120.93045,47.5167],[-120.92044,47.49751],[-120.93449,47.49788]]]},"bbox":[-120.94785,47.4964,-120.92044,47.53409]},{"type":"Feature","id":28212,"properties":{"y":2008,"n":"Jackass Butte","ag":"BLM","ac":1764.3,"c":14,"cl":"Unknown","ad":"2008-07-01","cd":"","st":"WA","se":2},"geometry":{"type":"Polygon","coordinates":[[[-119.57828,48.33509],[-119.5849,48.33272],[-119.5894,48.33763],[-119.59625,48.33447],[-119.6,48.34121],[-119.57834,48.35828],[-119.56277,48.36222],[-119.55405,48.36043],[-119.5667,48.34616],[-119.55661,48.34665],[-119.55942,48.33505],[-119.56634,48.33212],[-119.57828,48.33509]]]},"bbox":[-119.6,48.33212,-119.55327,48.36236]},{"type":"Feature","id":28213,"properties":{"y":2008,"n":"Rattlesnake Point Complex","ag":"BLM","ac":734.9,"c":14,"cl":"Unknown","ad":"2008-06-30","cd":"","st":"WA","se":2},"geometry":{"type":"Polygon","coordinates":[[[-119.75628,48.24545],[-119.76423,48.25852],[-119.75722,48.25868],[-119.75318,48.26398],[-119.73769,48.26215],[-119.74244,48.2444],[-119.75628,48.24545]]]},"bbox":[-119.76423,48.24419,-119.73769,48.26442]},{"type":"Feature","id":28214,"properties":{"y":2008,"n":"Spokane Valley","ag":"BLM","ac":1005.6,"c":14,"cl":"Unknown","ad":"2008-07-10","cd":"","st":"WA","se":2},"geometry":{"type":"Polygon","coordinates":[[[-117.27349,47.625],[-117.28392,47.62303],[-117.29271,47.62733],[-117.29672,47.62389],[-117.3074,47.63045],[-117.31143,47.6286],[-117.3159,47.63626],[-117.32085,47.63795],[-117.28264,47.63894],[-117.27594,47.63312],[-117.27775,47.63088],[-117.27349,47.625]]]},"bbox":[-117.32097,47.62303,-117.27349,47.64006]},{"type":"Feature","id":28215,"properties":{"y":2008,"n":"Incident 262","ag":"BLM","ac":3142.6,"c":14,"cl":"Unknown","ad":"2008-07-27","cd":"","st":"WA","se":2},"geometry":{"type":"Polygon","coordinates":[[[-119.28733,46.93874],[-119.29765,46.95169],[-119.32161,46.96348],[-119.31151,46.97207],[-119.28805,46.98183],[-119.28035,46.97388],[-119.2636,46.96952],[-119.26295,46.96182],[-119.26566,46.96101],[-119.26118,46.96082],[-119.25686,46.94982],[-119.26283,46.95065],[-119.266,46.94625],[-119.27069,46.94765],[-119.28733,46.93874]]]},"bbox":[-119.32161,46.93845,-119.25686,46.98186]},{"type":"Feature","id":28216,"properties":{"y":2008,"n":"Camels Hump","ag":"BLM","ac":116.5,"c":14,"cl":"Unknown","ad":"2008-07-24","cd":"","st":"WA","se":2},"geometry":{"type":"Polygon","coordinates":[[[-120.5565,48.34092],[-120.56705,48.33552],[-120.57275,48.33896],[-120.56598,48.34197],[-120.5565,48.34092]]]},"bbox":[-120.57275,48.33552,-120.55639,48.34197]},{"type":"Feature","id":28217,"properties":{"y":2008,"n":"Wilmont","ag":"BLM","ac":148.7,"c":14,"cl":"Unknown","ad":"2008-07-13","cd":"","st":"WA","se":2},"geometry":{"type":"Polygon","coordinates":[[[-118.3041,48.0871],[-118.30648,48.08269],[-118.3244,48.08284],[-118.32165,48.08627],[-118.3041,48.0871]]]},"bbox":[-118.32441,48.0818,-118.3041,48.08739]},{"type":"Feature","id":28218,"properties":{"y":2007,"n":"Broughton Mill","ag":"BLM","ac":138.0,"c":14,"cl":"Unknown","ad":"2007-09-20","cd":"","st":"WA","se":3},"geometry":{"type":"Polygon","coordinates":[[[-121.56966,45.72673],[-121.56463,45.73091],[-121.55458,45.72737],[-121.56663,45.72301],[-121.56966,45.72673]]]},"bbox":[-121.56966,45.72301,-121.55458,45.73093]},{"type":"Feature","id":28219,"properties":{"y":2006,"n":"Dewatto Ii","ag":"BLM","ac":61.3,"c":14,"cl":"Unknown","ad":"2006-09-02","cd":"","st":"WA","se":3},"geometry":{"type":"Polygon","coordinates":[[[-123.06288,47.44441],[-123.06239,47.43724],[-123.06675,47.43652],[-123.06644,47.44237],[-123.06288,47.44441]]]},"bbox":[-123.06728,47.43557,-123.06178,47.44441]},{"type":"Feature","id":28220,"properties":{"y":2006,"n":"Bear Gulch Ii","ag":"BLM","ac":797.5,"c":14,"cl":"Unknown","ad":"2006-07-25","cd":"","st":"WA","se":2},"geometry":{"type":"Polygon","coordinates":[[[-123.31471,47.50473],[-123.29603,47.51023],[-123.29399,47.50691],[-123.29793,47.5019],[-123.28667,47.50058],[-123.28248,47.50442],[-123.26714,47.49803],[-123.29229,47.49263],[-123.30355,47.49622],[-123.31471,47.50473]]]},"bbox":[-123.31471,47.49263,-123.26714,47.51023]},{"type":"Feature","id":28221,"properties":{"y":2006,"n":"Carbon Copy","ag":"BLM","ac":277.0,"c":14,"cl":"Unknown","ad":"2006-08-20","cd":"","st":"WA","se":2},"geometry":{"type":"Polygon","coordinates":[[[-121.91825,47.01425],[-121.91053,47.00606],[-121.91321,47.0],[-121.92014,46.99929],[-121.92236,47.0021],[-121.92303,47.01045],[-121.91825,47.01425]]]},"bbox":[-121.92337,46.99929,-121.91006,47.01436]},{"type":"Feature","id":28222,"properties":{"y":2004,"n":"Mebee","ag":"BLM","ac":234.1,"c":14,"cl":"Unknown","ad":"2004-08-10","cd":"","st":"WA","se":2},"geometry":{"type":"Polygon","coordinates":[[[-120.80744,48.61525],[-120.80257,48.61781],[-120.80621,48.61829],[-120.80203,48.62242],[-120.78868,48.62082],[-120.79743,48.61361],[-120.80461,48.61174],[-120.80744,48.61525]]]},"bbox":[-120.80771,48.61174,-120.78868,48.62242]},{"type":"Feature","id":28223,"properties":{"y":2004,"n":"Fathers Day","ag":"BLM","ac":20.5,"c":14,"cl":"Unknown","ad":"2004-06-19","cd":"","st":"WA","se":2},"geometry":{"type":"Polygon","coordinates":[[[-121.60512,47.00971],[-121.60126,47.01006],[-121.6032,47.00779],[-121.60512,47.00971]]]},"bbox":[-121.60512,47.00779,-121.60126,47.01179]},{"type":"Feature","id":28224,"properties":{"y":2004,"n":"Swift Creek","ag":"BLM","ac":172.7,"c":14,"cl":"Unknown","ad":"2004-07-17","cd":"","st":"WA","se":2},"geometry":{"type":"Polygon","coordinates":[[[-121.65635,48.78713],[-121.65252,48.7771],[-121.66407,48.777],[-121.66337,48.7816],[-121.65635,48.78713]]]},"bbox":[-121.66407,48.77548,-121.65142,48.78713]},{"type":"Feature","id":28225,"properties":{"y":2004,"n":"Survey Point","ag":"BLM","ac":68.1,"c":14,"cl":"Unknown","ad":"2004-08-14","cd":"","st":"WA","se":2},"geometry":{"type":"Polygon","coordinates":[[[-121.84333,48.70887],[-121.83835,48.70753],[-121.8366,48.70626],[-121.84175,48.70264],[-121.84516,48.70451],[-121.84333,48.70887]]]},"bbox":[-121.84527,48.70264,-121.8366,48.70887]},{"type":"Feature","id":28226,"properties":{"y":2011,"n":"Tumwater Canyon","ag":"BLM","ac":458.0,"c":14,"cl":"Unknown","ad":"2011-08-18","cd":"","st":"WA","se":2},"geometry":{"type":"Polygon","coordinates":[[[-120.71707,47.66813],[-120.71229,47.66048],[-120.72046,47.65949],[-120.72635,47.65269],[-120.73652,47.6659],[-120.73545,47.67095],[-120.71707,47.66813]]]},"bbox":[-120.73652,47.65269,-120.71121,47.67095]},{"type":"Feature","id":28227,"properties":{"y":2009,"n":"Fish Hatchery","ag":"BLM","ac":237.0,"c":14,"cl":"Unknown","ad":"2009-07-23","cd":"","st":"WA","se":2},"geometry":{"type":"Polygon","coordinates":[[[-118.86648,48.2386],[-118.85911,48.24162],[-118.85955,48.23238],[-118.87223,48.22373],[-118.86648,48.2386]]]},"bbox":[-118.87223,48.22373,-118.85884,48.24183]},{"type":"Feature","id":28228,"properties":{"y":2009,"n":"Johnson Lake","ag":"BLM","ac":711.5,"c":14,"cl":"Unknown","ad":"2009-07-23","cd":"","st":"WA","se":2},"geometry":{"type":"Polygon","coordinates":[[[-118.94013,48.24376],[-118.94725,48.23423],[-118.94348,48.2317],[-118.95318,48.21598],[-118.95317,48.22155],[-118.96233,48.22311],[-118.96252,48.23283],[-118.95916,48.23969],[-118.94278,48.2461],[-118.94013,48.24376]]]},"bbox":[-118.96277,48.21598,-118.9401,48.2461]},{"type":"Feature","id":28229,"properties":{"y":2009,"n":"Milepost 281","ag":"BLM","ac":309.8,"c":14,"cl":"Unknown","ad":"2009-09-01","cd":"","st":"WA","se":3},"geometry":{"type":"Polygon","coordinates":[[[-119.63599,48.29238],[-119.64821,48.28835],[-119.65783,48.29587],[-119.63828,48.29897],[-119.63599,48.29238]]]},"bbox":[-119.65783,48.28835,-119.6359,48.30025]},{"type":"Feature","id":28230,"properties":{"y":2009,"n":"Buffalo Lake","ag":"BLM","ac":328.5,"c":14,"cl":"Unknown","ad":"2009-08-21","cd":"","st":"WA","se":2},"geometry":{"type":"Polygon","coordinates":[[[-118.93067,48.08787],[-118.92366,48.09153],[-118.92077,48.09763],[-118.91452,48.09069],[-118.91673,48.0846],[-118.92572,48.07949],[-118.93067,48.08787]]]},"bbox":[-118.93067,48.07949,-118.91452,48.09763]},{"type":"Feature","id":28231,"properties":{"y":2009,"n":"High Hill","ag":"BLM","ac":98.6,"c":14,"cl":"Unknown","ad":"2009-08-20","cd":"","st":"WA","se":2},"geometry":{"type":"Polygon","coordinates":[[[-119.49431,47.47189],[-119.48911,47.46672],[-119.49551,47.46672],[-119.49675,47.46317],[-119.49795,47.46835],[-119.50263,47.46894],[-119.49431,47.47189]]]},"bbox":[-119.50263,47.46317,-119.48911,47.47189]},{"type":"Feature","id":28232,"properties":{"y":2009,"n":"Milepost 38","ag":"BLM","ac":1909.8,"c":14,"cl":"Unknown","ad":"2009-09-16","cd":"","st":"WA","se":3},"geometry":{"type":"Polygon","coordinates":[[[-118.95667,48.11086],[-118.96586,48.10293],[-118.95619,48.10342],[-118.96515,48.09828],[-118.97429,48.07478],[-118.98,48.07289],[-118.98203,48.09301],[-118.98917,48.10302],[-118.98858,48.1077],[-118.97807,48.12287],[-118.97218,48.12439],[-118.95939,48.12065],[-118.95697,48.11711],[-118.95991,48.11406],[-118.95667,48.11086]]]},"bbox":[-118.98961,48.07234,-118.95618,48.12439]},{"type":"Feature","id":28233,"properties":{"y":2009,"n":"Ransier Road","ag":"BLM","ac":354.2,"c":14,"cl":"Unknown","ad":"2009-06-29","cd":"","st":"WA","se":2},"geometry":{"type":"Polygon","coordinates":[[[-120.73336,46.36241],[-120.7595,46.35496],[-120.75975,46.35819],[-120.76637,46.3574],[-120.76584,46.36119],[-120.75451,46.36403],[-120.73884,46.36615],[-120.73336,46.36241]]]},"bbox":[-120.76652,46.35496,-120.73336,46.36615]},{"type":"Feature","id":28234,"properties":{"y":2009,"n":"Forrest","ag":"BLM","ac":255.4,"c":14,"cl":"Unknown","ad":"2009-07-11","cd":"","st":"WA","se":2},"geometry":{"type":"Polygon","coordinates":[[[-121.16705,46.54808],[-121.18319,46.55594],[-121.15932,46.55251],[-121.15238,46.54724],[-121.16705,46.54808]]]},"bbox":[-121.18319,46.54649,-121.15238,46.55699]},{"type":"Feature","id":28235,"properties":{"y":2009,"n":"Langille","ag":"BLM","ac":471.1,"c":14,"cl":"Unknown","ad":"2009-07-27","cd":"","st":"WA","se":2},"geometry":{"type":"Polygon","coordinates":[[[-121.83994,46.3258],[-121.83776,46.33176],[-121.832,46.32732],[-121.82533,46.33085],[-121.82026,46.32716],[-121.82236,46.32653],[-121.82061,46.31576],[-121.83249,46.31687],[-121.83994,46.3258]]]},"bbox":[-121.84029,46.31554,-121.82021,46.33181]},{"type":"Feature","id":28236,"properties":{"y":2009,"n":"Trail","ag":"BLM","ac":63.3,"c":14,"cl":"Unknown","ad":"2009-12-31","cd":"","st":"WA","se":4},"geometry":{"type":"Polygon","coordinates":[[[-120.66113,46.9639],[-120.65291,46.9635],[-120.65216,46.9607],[-120.65751,46.95956],[-120.66113,46.9639]]]},"bbox":[-120.66147,46.95956,-120.65184,46.96418]},{"type":"Feature","id":28237,"properties":{"y":2009,"n":"Oak Creek","ag":"BLM","ac":150.4,"c":14,"cl":"Unknown","ad":"2009-07-15","cd":"","st":"WA","se":2},"geometry":{"type":"Polygon","coordinates":[[[-120.82233,46.7191],[-120.82229,46.72187],[-120.81852,46.71946],[-120.81581,46.72121],[-120.81708,46.71768],[-120.81418,46.71453],[-120.82391,46.71322],[-120.82915,46.7176],[-120.82233,46.7191]]]},"bbox":[-120.82915,46.713,-120.81418,46.72187]},{"type":"Feature","id":28238,"properties":{"y":2009,"n":"Hale Storm","ag":"BLM","ac":54.8,"c":14,"cl":"Unknown","ad":"2009-07-31","cd":"","st":"WA","se":2},"geometry":{"type":"Polygon","coordinates":[[[-120.91487,46.82423],[-120.9157,46.82806],[-120.91206,46.83102],[-120.91054,46.82603],[-120.91487,46.82423]]]},"bbox":[-120.91575,46.82278,-120.91054,46.83102]},{"type":"Feature","id":28239,"properties":{"y":2009,"n":"Deer 1","ag":"BLM","ac":0.5,"c":14,"cl":"Unknown","ad":"2009-07-30","cd":"","st":"WA","se":2},"geometry":{"type":"Polygon","coordinates":[[[-121.7362,48.36342],[-121.73686,48.36294],[-121.73668,48.36353],[-121.7362,48.36342]]]},"bbox":[-121.73687,48.36274,-121.7362,48.36353]},{"type":"Feature","id":28240,"properties":{"y":2009,"n":"Gold Hill","ag":"BLM","ac":18.9,"c":14,"cl":"Unknown","ad":"2009-07-30","cd":"","st":"WA","se":2},"geometry":{"type":"Polygon","coordinates":[[[-121.53844,48.21888],[-121.54218,48.219],[-121.5434,48.21818],[-121.53974,48.22148],[-121.53844,48.21888]]]},"bbox":[-121.54341,48.21809,-121.53773,48.22148]},{"type":"Feature","id":28241,"properties":{"y":2009,"n":"Sr-17","ag":"BLM","ac":897.5,"c":14,"cl":"Unknown","ad":"2009-08-20","cd":"","st":"WA","se":2},"geometry":{"type":"Polygon","coordinates":[[[-119.50709,47.34033],[-119.47789,47.34212],[-119.48298,47.32589],[-119.4979,47.3258],[-119.51125,47.33327],[-119.50709,47.34033]]]},"bbox":[-119.51136,47.32567,-119.47789,47.34313]},{"type":"Feature","id":28242,"properties":{"y":2008,"n":"Browns Canyon","ag":"BLM","ac":1782.0,"c":14,"cl":"Unknown","ad":"2008-07-09","cd":"","st":"WA","se":2},"geometry":{"type":"Polygon","coordinates":[[[-120.18363,47.6968],[-120.19105,47.69768],[-120.18965,47.70392],[-120.1765,47.7138],[-120.13675,47.72285],[-120.13414,47.71816],[-120.15183,47.70417],[-120.15701,47.70326],[-120.15932,47.69436],[-120.16579,47.68956],[-120.18102,47.69352],[-120.18363,47.6968]]]},"bbox":[-120.19105,47.68956,-120.13414,47.72285]},{"type":"Feature","id":28243,"properties":{"y":2008,"n":"Seep Lakes","ag":"BLM","ac":1901.3,"c":14,"cl":"Unknown","ad":"2008-06-29","cd":"","st":"WA","se":2},"geometry":{"type":"Polygon","coordinates":[[[-119.14325,46.97424],[-119.14246,46.96467],[-119.11863,46.96344],[-119.11796,46.96047],[-119.12972,46.94853],[-119.1365,46.95156],[-119.14749,46.94747],[-119.17537,46.95175],[-119.17713,46.94886],[-119.18729,46.95051],[-119.18463,46.96192],[-119.187,46.96671],[-119.16885,46.96836],[-119.16795,46.95628],[-119.1522,46.95657],[-119.14722,46.97147],[-119.14325,46.97424]]]},"bbox":[-119.18827,46.94747,-119.11796,46.97536]},{"type":"Feature","id":28244,"properties":{"y":2011,"n":"Vansycle Canyon","ag":"BLM","ac":4509.8,"c":14,"cl":"Unknown","ad":"2017-01-27","cd":"","st":"WA","se":4},"geometry":{"type":"Polygon","coordinates":[[[-118.83476,45.99862],[-118.83111,46.00683],[-118.8255,46.00892],[-118.82601,46.01505],[-118.84533,46.02681],[-118.85203,46.02629],[-118.84924,46.02988],[-118.86024,46.03867],[-118.85795,46.04814],[-118.84569,46.0487],[-118.83601,46.04699],[-118.83457,46.04288],[-118.81486,46.04246],[-118.81113,46.04725],[-118.80252,46.04993],[-118.81214,46.03312],[-118.77532,45.99943],[-118.80178,45.99625],[-118.80964,46.00582],[-118.81672,46.00779],[-118.80908,45.99497],[-118.81327,45.98828],[-118.81342,45.99477],[-118.82795,45.99189],[-118.82313,45.99985],[-118.82998,45.99379],[-118.82957,45.99942],[-118.83287,45.99699],[-118.83874,45.99791],[-118.83476,45.99862]]]},"bbox":[-118.8605,45.98828,-118.77532,46.04995]},{"type":"Feature","id":28245,"properties":{"y":2009,"n":"Union Valley","ag":"BLM","ac":522.2,"c":14,"cl":"Unknown","ad":"2009-07-29","cd":"","st":"WA","se":2},"geometry":{"type":"Polygon","coordinates":[[[-120.04489,47.87926],[-120.03449,47.87403],[-120.0368,47.87934],[-120.02851,47.88242],[-120.02585,47.87452],[-120.02947,47.87038],[-120.02607,47.86577],[-120.04723,47.87036],[-120.05099,47.87798],[-120.04489,47.87926]]]},"bbox":[-120.05101,47.86552,-120.02568,47.88282]},{"type":"Feature","id":28246,"properties":{"y":2012,"n":"Milepost 31","ag":"BLM","ac":1127.9,"c":14,"cl":"Unknown","ad":"2017-01-27","cd":"","st":"WA","se":4},"geometry":{"type":"Polygon","coordinates":[[[-119.34578,46.82479],[-119.34682,46.81724],[-119.35996,46.82571],[-119.37231,46.82508],[-119.37256,46.82237],[-119.3792,46.82488],[-119.36046,46.82941],[-119.35493,46.83605],[-119.34899,46.83783],[-119.34279,46.83472],[-119.33264,46.83669],[-119.32849,46.8335],[-119.33006,46.83157],[-119.30944,46.82791],[-119.32337,46.82642],[-119.33146,46.82034],[-119.33237,46.82339],[-119.34578,46.82479]]]},"bbox":[-119.3792,46.81724,-119.30944,46.83783]},{"type":"Feature","id":28247,"properties":{"y":2012,"n":"Navarre","ag":"BLM","ac":602.0,"c":14,"cl":"Unknown","ad":"2012-07-05","cd":"","st":"WA","se":2},"geometry":{"type":"Polygon","coordinates":[[[-120.20429,47.81617],[-120.20112,47.80506],[-120.21191,47.79871],[-120.21953,47.79998],[-120.22302,47.8076],[-120.22143,47.81331],[-120.21096,47.81617],[-120.20429,47.81617]]]},"bbox":[-120.22302,47.79871,-120.20112,47.81617]},{"type":"Feature","id":28248,"properties":{"y":2012,"n":"Antoine 2","ag":"BLM","ac":6835.8,"c":14,"cl":"Unknown","ad":"2017-01-27","cd":"","st":"WA","se":4},"geometry":{"type":"Polygon","coordinates":[[[-119.93861,47.98586],[-119.92566,47.98692],[-119.9208,47.99626],[-119.90985,47.99803],[-119.90798,48.00354],[-119.89428,47.99334],[-119.88448,47.99685],[-119.88477,47.98997],[-119.89209,47.97639],[-119.88884,47.97586],[-119.87548,47.95715],[-119.88234,47.94225],[-119.88264,47.9309],[-119.90001,47.93119],[-119.89628,47.9351],[-119.90123,47.93542],[-119.90107,47.92954],[-119.91088,47.92972],[-119.91042,47.92648],[-119.92566,47.93263],[-119.9261,47.93953],[-119.94118,47.95443],[-119.93376,47.96991],[-119.93467,47.97588],[-119.93974,47.97949],[-119.93861,47.98586]]]},"bbox":[-119.94118,47.92648,-119.87548,48.00357]},{"type":"Feature","id":28249,"properties":{"y":2012,"n":"Buffalo Lake Road","ag":"BLM","ac":11302.6,"c":14,"cl":"Unknown","ad":"2017-01-27","cd":"","st":"WA","se":4},"geometry":{"type":"Polygon","coordinates":[[[-118.92015,48.03389],[-118.90952,48.03166],[-118.91396,48.02606],[-118.90118,48.02467],[-118.89569,48.0155],[-118.89867,48.01411],[-118.89676,48.00754],[-118.90709,48.01026],[-118.90853,48.00616],[-118.89969,48.00289],[-118.90427,47.98666],[-118.89745,47.99101],[-118.89332,47.98489],[-118.8835,47.98521],[-118.87664,47.97158],[-118.87606,47.9772],[-118.87364,47.97562],[-118.86745,47.98059],[-118.83955,47.98652],[-118.83049,47.97735],[-118.83693,47.97004],[-118.83557,47.96535],[-118.87012,47.963],[-118.87626,47.9592],[-118.90422,47.95459],[-118.91386,47.95657],[-118.91474,47.95299],[-118.9186,47.95397],[-118.92574,47.9498],[-118.93471,47.9506],[-118.93569,47.94686],[-118.96562,47.94912],[-118.97146,47.95528],[-118.97169,47.96097],[-118.96143,47.97193],[-118.96327,47.9811],[-118.957,47.98425],[-118.95683,47.99026],[-118.95301,47.99084],[-118.95276,47.99479],[-118.95569,47.99545],[-118.94396,47.9945],[-118.94387,47.99781],[-118.93155,48.00956],[-118.94233,48.00888],[-118.93764,48.01183],[-118.94418,48.01173],[-118.9416,48.01319],[-118.9426,48.01783],[-118.92563,48.01542],[-118.93671,48.02149],[-118.93642,48.02723],[-118.92015,48.03389]]]},"bbox":[-118.9718,47.94665,-118.83049,48.03407]},{"type":"Feature","id":28250,"properties":{"y":2012,"n":"Taylor Bridge","ag":"BLM","ac":23466.5,"c":14,"cl":"Unknown","ad":"2012-08-13","cd":"","st":"WA","se":2},"geometry":{"type":"Polygon","coordinates":[[[-120.79667,47.17547],[-120.79329,47.18228],[-120.7914,47.18373],[-120.76507,47.18229],[-120.76467,47.17398],[-120.75075,47.1594],[-120.74912,47.16841],[-120.74146,47.16493],[-120.74308,47.16914],[-120.74103,47.16942],[-120.73556,47.16584],[-120.73601,47.17234],[-120.72557,47.18044],[-120.72661,47.18653],[-120.71797,47.18399],[-120.71212,47.18627],[-120.71061,47.18405],[-120.72331,47.17297],[-120.71903,47.17184],[-120.71603,47.17546],[-120.70944,47.17174],[-120.70553,47.17696],[-120.70308,47.17617],[-120.70639,47.17211],[-120.70301,47.17139],[-120.70353,47.16857],[-120.71124,47.15427],[-120.70925,47.1532],[-120.70206,47.16272],[-120.70029,47.15681],[-120.69756,47.15776],[-120.6977,47.16276],[-120.69101,47.16416],[-120.69396,47.1709],[-120.69173,47.17464],[-120.68708,47.16932],[-120.67209,47.17411],[-120.67102,47.17017],[-120.66212,47.16603],[-120.67252,47.14555],[-120.6699,47.1446],[-120.65545,47.15449],[-120.65229,47.14819],[-120.64094,47.1413],[-120.62244,47.13561],[-120.61826,47.13705],[-120.60987,47.13082],[-120.60081,47.13171],[-120.58266,47.12732],[-120.57794,47.11578],[-120.60265,47.11808],[-120.60372,47.10662],[-120.60655,47.10394],[-120.60853,47.11361],[-120.61875,47.10527],[-120.65776,47.10924],[-120.65927,47.10433],[-120.65445,47.09571],[-120.64826,47.10157],[-120.64502,47.10093],[-120.64558,47.08639],[-120.62706,47.07112],[-120.62239,47.06254],[-120.62541,47.06168],[-120.63332,47.06658],[-120.63575,47.07572],[-120.64151,47.07908],[-120.65677,47.0787],[-120.66116,47.07534],[-120.66922,47.07982],[-120.68685,47.09544],[-120.70474,47.10399],[-120.7071,47.11113],[-120.71927,47.12039],[-120.73928,47.12371],[-120.73109,47.11765],[-120.7362,47.11243],[-120.74939,47.1134],[-120.7494,47.11747],[-120.78437,47.12291],[-120.78259,47.12604],[-120.79296,47.13945],[-120.795,47.14866],[-120.81773,47.16606],[-120.80359,47.17717],[-120.79667,47.17547]],[[-120.79327,47.17896],[-120.79325,47.17918],[-120.79337,47.17861],[-120.79327,47.17896]]]},"bbox":[-120.81773,47.06168,-120.57777,47.18675]},{"type":"Feature","id":28251,"properties":{"y":2012,"n":"Diamond Butte","ag":"BLM","ac":284.5,"c":14,"cl":"Unknown","ad":"2012-08-19","cd":"","st":"WA","se":2},"geometry":{"type":"Polygon","coordinates":[[[-121.23405,46.43823],[-121.23405,46.43816],[-121.25023,46.43824],[-121.25672,46.44157],[-121.24025,46.44581],[-121.23931,46.44338],[-121.23098,46.44302],[-121.2303,46.43865],[-121.23373,46.43865],[-121.23371,46.43822],[-121.23401,46.43825],[-121.23405,46.43823]],[[-121.2341,46.43821],[-121.23405,46.43823],[-121.23405,46.43825],[-121.2341,46.43821]]]},"bbox":[-121.25672,46.43673,-121.22982,46.44621]},{"type":"Feature","id":28252,"properties":{"y":2012,"n":"Highway 141","ag":"BLM","ac":1635.8,"c":14,"cl":"Unknown","ad":"2012-09-05","cd":"","st":"WA","se":3},"geometry":{"type":"Polygon","coordinates":[[[-121.5169,45.77034],[-121.49708,45.78764],[-121.49445,45.78414],[-121.49398,45.78719],[-121.48798,45.78617],[-121.48591,45.78157],[-121.48885,45.78086],[-121.48352,45.77598],[-121.48923,45.77358],[-121.48849,45.77144],[-121.49845,45.77222],[-121.49823,45.76764],[-121.48957,45.76389],[-121.50288,45.76108],[-121.50589,45.75749],[-121.50414,45.75432],[-121.51633,45.74628],[-121.51722,45.75561],[-121.51478,45.75691],[-121.52631,45.76015],[-121.52769,45.76417],[-121.5228,45.76885],[-121.52199,45.7666],[-121.51908,45.76707],[-121.52168,45.77068],[-121.5169,45.77034]]]},"bbox":[-121.52769,45.74627,-121.48352,45.78764]},{"type":"Feature","id":28253,"properties":{"y":2012,"n":"Timm Brothers","ag":"BLM","ac":1358.0,"c":14,"cl":"Unknown","ad":"2012-09-09","cd":"","st":"WA","se":3},"geometry":{"type":"Polygon","coordinates":[[[-119.35262,48.06438],[-119.34742,48.06669],[-119.34085,48.06311],[-119.33515,48.06506],[-119.33191,48.07233],[-119.33351,48.0602],[-119.33867,48.06014],[-119.34742,48.05147],[-119.37055,48.05465],[-119.38002,48.06271],[-119.37308,48.07257],[-119.36656,48.07016],[-119.36346,48.07487],[-119.35454,48.07596],[-119.35037,48.07268],[-119.35262,48.06438]]]},"bbox":[-119.38002,48.05137,-119.33156,48.07596]},{"type":"Feature","id":28254,"properties":{"y":2012,"n":"Little Jim Creek","ag":"BLM","ac":26.1,"c":14,"cl":"Unknown","ad":"2012-09-08","cd":"","st":"WA","se":3},"geometry":{"type":"Polygon","coordinates":[[[-118.21398,48.37622],[-118.21744,48.37692],[-118.22033,48.37887],[-118.21783,48.38022],[-118.21398,48.37622]]]},"bbox":[-118.22033,48.37589,-118.21349,48.38022]},{"type":"Feature","id":28255,"properties":{"y":2012,"n":"Barker Canyon","ag":"BLM","ac":15797.6,"c":14,"cl":"Unknown","ad":"2017-01-27","cd":"","st":"WA","se":4},"geometry":{"type":"Polygon","coordinates":[[[-118.98228,48.02593],[-118.97576,48.0151],[-118.98695,48.00631],[-118.98297,48.00039],[-118.98212,47.98916],[-118.97418,47.98288],[-118.99182,47.96294],[-119.00862,47.95347],[-119.02261,47.95138],[-119.06806,47.95436],[-119.09396,47.94108],[-119.09907,47.94174],[-119.08252,47.93704],[-119.09197,47.92673],[-119.10791,47.92477],[-119.10026,47.92262],[-119.10583,47.92017],[-119.10899,47.91302],[-119.09908,47.89877],[-119.10071,47.89343],[-119.10506,47.89128],[-119.10246,47.88819],[-119.10457,47.88351],[-119.10964,47.8909],[-119.11627,47.89062],[-119.11009,47.90181],[-119.11871,47.9007],[-119.12743,47.89266],[-119.1289,47.8963],[-119.13446,47.89772],[-119.12144,47.90891],[-119.1374,47.90764],[-119.14863,47.91029],[-119.13056,47.91558],[-119.11986,47.92424],[-119.1222,47.92922],[-119.11592,47.93009],[-119.10834,47.93846],[-119.10829,47.94525],[-119.12322,47.95121],[-119.12321,47.9625],[-119.11641,47.9734],[-119.08356,47.97611],[-119.0817,47.96822],[-119.07103,47.97687],[-119.05993,47.97868],[-119.05746,47.98253],[-119.07656,47.9954],[-119.07372,48.00295],[-119.06684,48.00904],[-119.05961,48.01121],[-119.05553,48.00633],[-119.04271,48.00686],[-119.01953,48.01266],[-119.01761,48.01065],[-119.0274,48.00499],[-119.01444,48.00336],[-119.01214,48.00648],[-119.01511,48.01059],[-119.00579,48.01977],[-118.98788,48.02216],[-118.98228,48.02593]]]},"bbox":[-119.14866,47.8831,-118.97413,48.02593]},{"type":"Feature","id":28256,"properties":{"y":2012,"n":"Leecher","ag":"BLM","ac":1318.8,"c":14,"cl":"Unknown","ad":"2012-09-09","cd":"","st":"WA","se":3},"geometry":{"type":"Polygon","coordinates":[[[-120.0169,48.2381],[-120.00178,48.2448],[-119.99838,48.24236],[-119.9944,48.22861],[-119.9864,48.22818],[-119.98449,48.23068],[-119.97565,48.22873],[-119.97323,48.22406],[-119.95571,48.21835],[-119.95416,48.21455],[-119.96185,48.21689],[-119.96574,48.21392],[-119.98006,48.21665],[-119.98456,48.21427],[-119.99669,48.22011],[-119.99914,48.21873],[-120.00229,48.2226],[-119.999,48.22513],[-120.00035,48.2311],[-120.00635,48.23124],[-120.00619,48.23462],[-120.0169,48.2381]]]},"bbox":[-120.01698,48.21376,-119.95399,48.2448]},{"type":"Feature","id":28257,"properties":{"y":2012,"n":"Hunter","ag":"BLM","ac":200.3,"c":14,"cl":"Unknown","ad":"2012-09-09","cd":"","st":"WA","se":3},"geometry":{"type":"Polygon","coordinates":[[[-120.06,48.11141],[-120.045,48.11288],[-120.04739,48.11064],[-120.04384,48.10831],[-120.04947,48.10423],[-120.06132,48.10643],[-120.06,48.11141]]]},"bbox":[-120.06174,48.10286,-120.04377,48.1141]},{"type":"Feature","id":28258,"properties":{"y":2012,"n":"Buckhorn","ag":"BLM","ac":4603.3,"c":14,"cl":"Unknown","ad":"2012-09-09","cd":"","st":"WA","se":3},"geometry":{"type":"Polygon","coordinates":[[[-120.20994,48.16274],[-120.17241,48.18403],[-120.15376,48.18842],[-120.11841,48.1825],[-120.14813,48.15756],[-120.17669,48.14486],[-120.19172,48.15341],[-120.20111,48.15095],[-120.2034,48.14567],[-120.21095,48.14687],[-120.20994,48.16274]]]},"bbox":[-120.2115,48.14486,-120.11841,48.18842]},{"type":"Feature","id":28259,"properties":{"y":2012,"n":"Goat","ag":"BLM","ac":7374.2,"c":14,"cl":"Unknown","ad":"2012-09-15","cd":"","st":"WA","se":3},"geometry":{"type":"Polygon","coordinates":[[[-119.98137,48.04973],[-119.97808,48.05755],[-119.96308,48.05926],[-119.95594,48.05636],[-119.95555,48.05277],[-119.94344,48.04284],[-119.94844,48.03647],[-119.94464,48.02994],[-119.94693,48.02703],[-119.94324,48.02492],[-119.94805,48.02372],[-119.94661,48.02053],[-119.95083,48.013],[-119.9431,48.00766],[-119.93798,47.99629],[-119.93888,47.9915],[-119.94416,47.98759],[-119.94282,47.98423],[-119.94886,47.98697],[-119.95386,47.98495],[-119.9535,47.98061],[-119.9589,47.9801],[-119.96929,47.98838],[-119.96955,47.98267],[-119.97298,47.98042],[-119.97379,47.98426],[-119.97821,47.98402],[-119.99207,47.97745],[-119.99553,47.97947],[-119.99661,47.98602],[-120.00151,47.98123],[-120.01351,47.99169],[-120.01341,48.00119],[-120.00451,48.0043],[-120.00624,48.01104],[-119.99856,48.01049],[-119.99356,48.01491],[-119.98523,48.01393],[-119.97827,48.01944],[-119.98161,48.02983],[-119.98808,48.03351],[-119.98952,48.03794],[-119.98617,48.04755],[-119.98137,48.04973]]]},"bbox":[-120.01512,47.97745,-119.93798,48.0593]},{"type":"Feature","id":28260,"properties":{"y":2012,"n":"Powerline #2","ag":"BLM","ac":229.5,"c":14,"cl":"Unknown","ad":"2012-10-04","cd":"","st":"WA","se":3},"geometry":{"type":"Polygon","coordinates":[[[-123.07956,47.25061],[-123.0604,47.26397],[-123.05667,47.26103],[-123.06061,47.25889],[-123.06052,47.25417],[-123.07956,47.25061]]]},"bbox":[-123.07958,47.2494,-123.05667,47.26397]},{"type":"Feature","id":28261,"properties":{"y":2012,"n":"Radio","ag":"BLM","ac":42.5,"c":14,"cl":"Unknown","ad":"2012-09-09","cd":"","st":"WA","se":3},"geometry":{"type":"Polygon","coordinates":[[[-118.23722,48.97954],[-118.23432,48.98099],[-118.22998,48.97718],[-118.23524,48.97665],[-118.23722,48.97954]]]},"bbox":[-118.23752,48.97626,-118.22998,48.98114]},{"type":"Feature","id":28262,"properties":{"y":2012,"n":"South Point","ag":"BLM","ac":336.9,"c":14,"cl":"Unknown","ad":"2012-09-19","cd":"","st":"WA","se":3},"geometry":{"type":"Polygon","coordinates":[[[-121.65378,46.5391],[-121.63462,46.53982],[-121.63117,46.5433],[-121.62692,46.54056],[-121.64372,46.53107],[-121.65378,46.5391]]]},"bbox":[-121.65415,46.53107,-121.62692,46.5433]},{"type":"Feature","id":28263,"properties":{"y":2012,"n":"Foster Creek","ag":"BLM","ac":1293.6,"c":14,"cl":"Unknown","ad":"2012-07-13","cd":"","st":"WA","se":2},"geometry":{"type":"Polygon","coordinates":[[[-119.67233,47.93087],[-119.67503,47.93334],[-119.67462,47.93622],[-119.67147,47.93944],[-119.6684,47.94136],[-119.66822,47.94126],[-119.66821,47.9411],[-119.67095,47.93928],[-119.65915,47.93868],[-119.65603,47.93468],[-119.64906,47.93818],[-119.65293,47.94683],[-119.64288,47.95575],[-119.6338,47.9514],[-119.63176,47.93319],[-119.6405,47.93063],[-119.64065,47.93313],[-119.6482,47.9355],[-119.65296,47.93145],[-119.66229,47.93141],[-119.66355,47.92846],[-119.65843,47.92794],[-119.65883,47.9179],[-119.66659,47.91862],[-119.67269,47.92686],[-119.67233,47.93087]],[[-119.6485,47.95044],[-119.6485,47.95044],[-119.6485,47.95044],[-119.6485,47.95044]],[[-119.66821,47.94111],[-119.66823,47.94112],[-119.66822,47.94111],[-119.66821,47.94111]],[[-119.67088,47.93144],[-119.67088,47.93144],[-119.67083,47.93148],[-119.67088,47.93144]]]},"bbox":[-119.67506,47.91739,-119.63128,47.95575]},{"type":"Feature","id":28264,"properties":{"y":2012,"n":"Quilomene","ag":"BLM","ac":157.0,"c":14,"cl":"Unknown","ad":"2012-07-13","cd":"","st":"WA","se":2},"geometry":{"type":"Polygon","coordinates":[[[-120.10724,47.16168],[-120.10421,47.1655],[-120.09755,47.16376],[-120.09302,47.16582],[-120.09434,47.16758],[-120.09062,47.16529],[-120.09318,47.16091],[-120.08918,47.15955],[-120.10724,47.16168]]]},"bbox":[-120.10825,47.15865,-120.08918,47.16758]},{"type":"Feature","id":28265,"properties":{"y":2012,"n":"Litttle Parke Creek","ag":"BLM","ac":693.0,"c":14,"cl":"Unknown","ad":"2012-09-06","cd":"","st":"WA","se":3},"geometry":{"type":"Polygon","coordinates":[[[-120.30775,47.04014],[-120.31375,47.04084],[-120.29903,47.04898],[-120.29501,47.06096],[-120.28159,47.06462],[-120.27267,47.07311],[-120.26666,47.07342],[-120.2857,47.05349],[-120.30775,47.04014]]]},"bbox":[-120.31375,47.03983,-120.26657,47.07393]},{"type":"Feature","id":28266,"properties":{"y":2012,"n":"South Omak Lake","ag":"BLM","ac":1002.3,"c":14,"cl":"Unknown","ad":"2013-11-21","cd":"","st":"WA","se":3},"geometry":{"type":"MultiPolygon","coordinates":[[[[-118.28005,48.27404],[-118.2825,48.27651],[-118.28027,48.27808],[-118.28549,48.2791],[-118.28608,48.28632],[-118.2815,48.28576],[-118.28103,48.28895],[-118.27531,48.29064],[-118.27807,48.29795],[-118.27987,48.31499],[-118.2771,48.31886],[-118.27303,48.31874],[-118.27291,48.31282],[-118.26827,48.31153],[-118.27052,48.30529],[-118.26497,48.30034],[-118.27133,48.29427],[-118.26484,48.29313],[-118.26284,48.28528],[-118.26411,48.28238],[-118.26656,48.28548],[-118.27053,48.27818],[-118.27558,48.2775],[-118.27264,48.27673],[-118.2761,48.27649],[-118.2781,48.27423],[-118.27913,48.27383],[-118.27986,48.27389],[-118.28005,48.27404]],[[-118.27808,48.30458],[-118.27806,48.30457],[-118.27809,48.30459],[-118.27808,48.30458]],[[-118.28002,48.27403],[-118.28002,48.27403],[-118.28002,48.27403],[-118.28002,48.27403]]],[[[-118.27303,48.31874],[-118.27288,48.31895],[-118.27302,48.31874],[-118.27303,48.31874]]],[[[-118.26666,48.29816],[-118.26666,48.29816],[-118.26666,48.29816],[-118.26666,48.29816]]],[[[-118.26871,48.30439],[-118.26871,48.30439],[-118.26871,48.30439],[-118.26871,48.30439]]]]},"bbox":[-118.28618,48.27383,-118.26268,48.31895]},{"type":"Feature","id":28267,"properties":{"y":2009,"n":"Shull Ridge","ag":"BLM","ac":211.4,"c":14,"cl":"Unknown","ad":"2009-12-31","cd":"","st":"WA","se":4},"geometry":{"type":"Polygon","coordinates":[[[-120.81794,48.88464],[-120.81518,48.88197],[-120.79829,48.87576],[-120.8247,48.87873],[-120.81794,48.88464]]]},"bbox":[-120.8247,48.87571,-120.79829,48.88499]},{"type":"Feature","id":28268,"properties":{"y":2009,"n":"Spring","ag":"BLM","ac":219.5,"c":14,"cl":"Unknown","ad":"2009-12-31","cd":"","st":"WA","se":4},"geometry":{"type":"Polygon","coordinates":[[[-121.3405,48.13081],[-121.34061,48.13509],[-121.33526,48.13945],[-121.32429,48.13674],[-121.33619,48.12844],[-121.3405,48.13081]]]},"bbox":[-121.34061,48.12844,-121.32429,48.14027]},{"type":"Feature","id":28269,"properties":{"y":2009,"n":"Powder Mountain","ag":"BLM","ac":194.2,"c":14,"cl":"Unknown","ad":"2009-12-31","cd":"","st":"WA","se":4},"geometry":{"type":"Polygon","coordinates":[[[-120.78755,48.89172],[-120.77101,48.88261],[-120.78196,48.88021],[-120.77454,48.87583],[-120.78284,48.87812],[-120.78755,48.89172]]]},"bbox":[-120.78824,48.87573,-120.77082,48.89193]},{"type":"Feature","id":28270,"properties":{"y":2003,"n":"Gold Hill","ag":"BLM","ac":169.7,"c":14,"cl":"Unknown","ad":"2003-12-31","cd":"","st":"WA","se":4},"geometry":{"type":"Polygon","coordinates":[[[-121.50399,48.19497],[-121.50819,48.2006],[-121.48593,48.19789],[-121.48621,48.19498],[-121.50399,48.19497]]]},"bbox":[-121.50888,48.19497,-121.48593,48.201]},{"type":"Feature","id":28271,"properties":{"y":2007,"n":"Pine Spring","ag":"BLM","ac":1850.8,"c":14,"cl":"Unknown","ad":"2007-12-31","cd":"","st":"WA","se":4},"geometry":{"type":"Polygon","coordinates":[[[-120.50952,46.16049],[-120.52192,46.15631],[-120.52659,46.16133],[-120.51884,46.17844],[-120.50353,46.19479],[-120.47715,46.20405],[-120.47796,46.19741],[-120.48532,46.19063],[-120.49004,46.17967],[-120.49557,46.17614],[-120.50068,46.17743],[-120.50741,46.16146],[-120.50952,46.16049]],[[-120.51607,46.1603],[-120.51606,46.1603],[-120.51606,46.1603],[-120.51607,46.1603]]]},"bbox":[-120.52659,46.1563,-120.47643,46.20453]},{"type":"Feature","id":28272,"properties":{"y":2006,"n":"Van Peak","ag":"BLM","ac":1791.5,"c":14,"cl":"Unknown","ad":"2006-12-31","cd":"","st":"WA","se":3},"geometry":{"type":"Polygon","coordinates":[[[-120.30917,48.95022],[-120.29388,48.94019],[-120.29135,48.93292],[-120.27892,48.92938],[-120.26616,48.9183],[-120.26328,48.91877],[-120.25467,48.91041],[-120.25456,48.90579],[-120.252,48.90917],[-120.25106,48.90568],[-120.24537,48.90614],[-120.2404,48.90052],[-120.25664,48.89815],[-120.2667,48.90376],[-120.26413,48.90392],[-120.26948,48.90621],[-120.27517,48.91444],[-120.28954,48.91804],[-120.30468,48.92705],[-120.30759,48.94446],[-120.3131,48.94724],[-120.30917,48.95022]]]},"bbox":[-120.3131,48.89783,-120.24035,48.95022]},{"type":"Feature","id":28273,"properties":{"y":2006,"n":"Tinpan","ag":"BLM","ac":9248.0,"c":14,"cl":"Unknown","ad":"2006-12-31","cd":"","st":"WA","se":4},"geometry":{"type":"MultiPolygon","coordinates":[[[[-120.7225,48.16708],[-120.70158,48.15849],[-120.69477,48.151],[-120.69256,48.14203],[-120.67632,48.14157],[-120.67056,48.13654],[-120.67533,48.12247],[-120.68134,48.11668],[-120.68636,48.1174],[-120.68536,48.11513],[-120.69215,48.10992],[-120.69639,48.10102],[-120.69115,48.10423],[-120.68816,48.10155],[-120.68326,48.11057],[-120.67088,48.11473],[-120.66624,48.12442],[-120.6638,48.12241],[-120.65527,48.12924],[-120.64836,48.12656],[-120.64655,48.12028],[-120.6413,48.11837],[-120.65037,48.11709],[-120.65365,48.11116],[-120.64962,48.11027],[-120.65628,48.10658],[-120.66036,48.10755],[-120.66032,48.11245],[-120.669,48.10715],[-120.66688,48.10749],[-120.66688,48.10687],[-120.67945,48.10317],[-120.67921,48.0998],[-120.67359,48.1023],[-120.67231,48.10089],[-120.66819,48.10047],[-120.67215,48.09738],[-120.67703,48.09972],[-120.68128,48.09753],[-120.67691,48.09803],[-120.67138,48.09054],[-120.66,48.09319],[-120.66755,48.08557],[-120.66208,48.08045],[-120.67565,48.07483],[-120.67894,48.06851],[-120.69786,48.06541],[-120.70316,48.06783],[-120.71772,48.0844],[-120.72015,48.09295],[-120.71823,48.09538],[-120.72225,48.10301],[-120.73999,48.10818],[-120.73937,48.11374],[-120.74577,48.11948],[-120.74493,48.12149],[-120.73845,48.11887],[-120.73429,48.12405],[-120.72174,48.1231],[-120.71829,48.1197],[-120.72141,48.1094],[-120.7141,48.11581],[-120.71602,48.12217],[-120.71117,48.1274],[-120.71365,48.13593],[-120.71182,48.13906],[-120.71589,48.14094],[-120.71465,48.14531],[-120.71689,48.14581],[-120.71451,48.14671],[-120.71718,48.14685],[-120.71482,48.14881],[-120.72067,48.1554],[-120.72501,48.15597],[-120.72203,48.15916],[-120.72732,48.16162],[-120.72654,48.16574],[-120.7225,48.16708]]],[[[-120.66139,48.08954],[-120.66146,48.08885],[-120.6621,48.08945],[-120.66139,48.08954]]],[[[-120.66771,48.09885],[-120.66737,48.09899],[-120.66734,48.09893],[-120.66771,48.09885]]],[[[-120.67312,48.09622],[-120.67202,48.09599],[-120.67332,48.09592],[-120.67312,48.09622]]],[[[-120.67232,48.10217],[-120.67231,48.10185],[-120.67243,48.10186],[-120.67232,48.10217]]],[[[-120.70057,48.06422],[-120.70165,48.06414],[-120.70024,48.06442],[-120.70057,48.06422]]],[[[-120.70208,48.06711],[-120.70127,48.06531],[-120.70276,48.06741],[-120.70208,48.06711]]],[[[-120.71151,48.07301],[-120.70824,48.07165],[-120.70842,48.06917],[-120.71163,48.07042],[-120.71151,48.07301]]],[[[-120.72677,48.14441],[-120.72612,48.14042],[-120.71768,48.13513],[-120.71914,48.12969],[-120.72483,48.12803],[-120.72341,48.1236],[-120.74163,48.13853],[-120.74088,48.14288],[-120.72677,48.14441]]],[[[-120.72877,48.14599],[-120.72774,48.14548],[-120.72879,48.14548],[-120.72877,48.14599]]],[[[-120.72854,48.14508],[-120.72876,48.14438],[-120.72942,48.14445],[-120.72854,48.14508]]]]},"bbox":[-120.7458,48.06404,-120.6413,48.1671]},{"type":"Feature","id":28274,"properties":{"y":2008,"n":"Juniper","ag":"BLM","ac":768.7,"c":14,"cl":"Unknown","ad":"2008-12-31","cd":"","st":"WA","se":4},"geometry":{"type":"Polygon","coordinates":[[[-118.92248,46.41677],[-118.92837,46.40996],[-118.92704,46.40793],[-118.94374,46.4062],[-118.95021,46.40905],[-118.95538,46.41605],[-118.96209,46.41619],[-118.96375,46.42341],[-118.95349,46.42265],[-118.94884,46.41601],[-118.94106,46.41827],[-118.93471,46.41559],[-118.93055,46.41795],[-118.92992,46.42555],[-118.92248,46.41677]]]},"bbox":[-118.96375,46.40604,-118.92211,46.42557]},{"type":"Feature","id":28275,"properties":{"y":2009,"n":"Black Rock Valley","ag":"BLM","ac":48910.6,"c":14,"cl":"Unknown","ad":"2009-12-31","cd":"","st":"WA","se":4},"geometry":{"type":"Polygon","coordinates":[[[-120.01997,46.51241],[-120.02894,46.51177],[-119.98768,46.51947],[-119.96855,46.51968],[-119.95502,46.52374],[-119.94524,46.51966],[-119.9313,46.51979],[-119.93765,46.52398],[-119.93799,46.5283],[-119.91929,46.53117],[-119.91836,46.53358],[-119.92245,46.53296],[-119.92946,46.54429],[-119.93802,46.54369],[-119.94473,46.54817],[-119.95297,46.54856],[-119.95252,46.56159],[-119.96122,46.56566],[-119.95591,46.57626],[-119.95955,46.58434],[-119.95137,46.58218],[-119.95681,46.58575],[-119.93831,46.59701],[-119.91892,46.59861],[-119.91928,46.60859],[-119.91462,46.61229],[-119.91415,46.60694],[-119.9132,46.60615],[-119.91174,46.61703],[-119.90586,46.60727],[-119.90874,46.61817],[-119.90394,46.6172],[-119.90141,46.61267],[-119.90026,46.6162],[-119.89124,46.61586],[-119.89732,46.61787],[-119.89631,46.62307],[-119.88008,46.62012],[-119.87924,46.62826],[-119.86648,46.62365],[-119.86983,46.62083],[-119.86553,46.6183],[-119.8436,46.61944],[-119.83512,46.61569],[-119.82666,46.61932],[-119.8105,46.61456],[-119.80713,46.61209],[-119.81163,46.61088],[-119.81193,46.60758],[-119.80579,46.60703],[-119.80072,46.60077],[-119.79143,46.60225],[-119.72583,46.57767],[-119.73382,46.57987],[-119.73832,46.57597],[-119.74581,46.57993],[-119.7414,46.5759],[-119.79283,46.56958],[-119.79137,46.59073],[-119.7951,46.59378],[-119.79879,46.58767],[-119.80238,46.58814],[-119.80513,46.5941],[-119.81451,46.59022],[-119.81354,46.5831],[-119.82818,46.58423],[-119.82301,46.57696],[-119.82321,46.57037],[-119.82842,46.56163],[-119.83426,46.56279],[-119.83583,46.56978],[-119.84476,46.56186],[-119.85473,46.56215],[-119.85444,46.55885],[-119.8458,46.55996],[-119.85386,46.55656],[-119.85469,46.54993],[-119.86253,46.54925],[-119.85461,46.54249],[-119.86986,46.54955],[-119.87622,46.54695],[-119.87561,46.55059],[-119.87884,46.54889],[-119.87193,46.53688],[-119.87938,46.53347],[-119.8725,46.52869],[-119.85009,46.52547],[-119.83527,46.51949],[-119.83653,46.516],[-119.85476,46.51989],[-119.85873,46.51924],[-119.85574,46.51579],[-119.87244,46.51882],[-119.87599,46.51056],[-119.86587,46.49313],[-119.85586,46.49189],[-119.85766,46.48582],[-119.85198,46.48218],[-119.85255,46.47632],[-119.84704,46.48091],[-119.83938,46.47403],[-119.83299,46.47625],[-119.83547,46.47423],[-119.83509,46.46641],[-119.84361,46.45352],[-119.83789,46.44909],[-119.81712,46.44437],[-119.82467,46.43578],[-119.81964,46.43246],[-119.8243,46.42866],[-119.83377,46.43084],[-119.83076,46.43085],[-119.82929,46.43269],[-119.83818,46.43038],[-119.83777,46.43246],[-119.85162,46.43683],[-119.85509,46.43925],[-119.85116,46.44381],[-119.85857,46.44664],[-119.86131,46.44517],[-119.86118,46.4391],[-119.87043,46.44135],[-119.86974,46.44951],[-119.88942,46.43706],[-119.88913,46.44143],[-119.89523,46.44205],[-119.89383,46.44532],[-119.8988,46.44473],[-119.90058,46.45101],[-119.90493,46.4506],[-119.90463,46.45303],[-119.91579,46.45072],[-119.91923,46.4445],[-119.91607,46.43849],[-119.90686,46.43714],[-119.91397,46.42803],[-119.91109,46.42658],[-119.93039,46.42667],[-119.93028,46.43491],[-119.93653,46.43849],[-119.93989,46.44677],[-119.94543,46.44798],[-119.94956,46.43339],[-119.93742,46.43397],[-119.94761,46.41493],[-119.96222,46.41802],[-119.96137,46.42585],[-119.96597,46.43216],[-119.97768,46.43363],[-119.97277,46.44103],[-119.97727,46.44163],[-119.97752,46.45222],[-119.98621,46.45951],[-119.98917,46.46972],[-119.98498,46.47442],[-119.98709,46.4823],[-119.97882,46.48698],[-119.98223,46.4976],[-119.98038,46.50239],[-119.98383,46.50457],[-119.99779,46.5023],[-119.99941,46.49574],[-120.01949,46.5058],[-120.01997,46.51241]],[[-119.98038,46.50239],[-119.98041,46.50143],[-119.98031,46.50192],[-119.98038,46.50239]],[[-119.81254,46.59178],[-119.81505,46.59545],[-119.81592,46.59559],[-119.81572,46.59456],[-119.81254,46.59178]],[[-120.02151,46.51273],[-120.02061,46.51274],[-120.0211,46.51277],[-120.02151,46.51273]]]},"bbox":[-120.02894,46.41403,-119.72583,46.62826]},{"type":"Feature","id":28276,"properties":{"y":2008,"n":"Swanson Lake","ag":"BLM","ac":18056.7,"c":14,"cl":"Unknown","ad":"2013-11-21","cd":"","st":"WA","se":3},"geometry":{"type":"Polygon","coordinates":[[[-118.30605,47.77593],[-118.30769,47.77174],[-118.30213,47.77094],[-118.30781,47.76625],[-118.30695,47.76144],[-118.30947,47.76049],[-118.30637,47.75947],[-118.30982,47.75585],[-118.30496,47.7534],[-118.31065,47.7517],[-118.31732,47.74132],[-118.32563,47.74116],[-118.32348,47.73958],[-118.32677,47.73632],[-118.32796,47.72662],[-118.32436,47.72414],[-118.32973,47.72219],[-118.32646,47.71996],[-118.33708,47.71356],[-118.3428,47.71403],[-118.34316,47.70978],[-118.3386,47.70722],[-118.35647,47.6946],[-118.37541,47.68823],[-118.37929,47.6848],[-118.37554,47.68082],[-118.37835,47.6794],[-118.38967,47.67659],[-118.39701,47.67984],[-118.39823,47.6773],[-118.4115,47.67556],[-118.41817,47.67892],[-118.42119,47.67309],[-118.4281,47.67099],[-118.43842,47.67381],[-118.45801,47.67002],[-118.46708,47.67845],[-118.47255,47.67645],[-118.48773,47.68185],[-118.50482,47.68118],[-118.51511,47.68568],[-118.54838,47.68717],[-118.54847,47.68946],[-118.53251,47.69353],[-118.50469,47.69391],[-118.49505,47.69776],[-118.49844,47.69276],[-118.47765,47.69223],[-118.47272,47.69531],[-118.47568,47.70197],[-118.46997,47.71298],[-118.461,47.7157],[-118.45835,47.71071],[-118.45147,47.70841],[-118.44618,47.71612],[-118.43811,47.72082],[-118.43803,47.72376],[-118.4422,47.72187],[-118.4382,47.7254],[-118.43939,47.72971],[-118.43501,47.72707],[-118.43272,47.73398],[-118.41708,47.73873],[-118.40704,47.73508],[-118.40636,47.73815],[-118.41084,47.73962],[-118.40282,47.74086],[-118.39961,47.74999],[-118.39713,47.74384],[-118.39063,47.75146],[-118.38577,47.75168],[-118.39077,47.75018],[-118.39009,47.74441],[-118.38058,47.74831],[-118.38388,47.74073],[-118.3795,47.74185],[-118.38157,47.73724],[-118.38979,47.73123],[-118.38986,47.72726],[-118.38417,47.72539],[-118.38166,47.7321],[-118.37745,47.73145],[-118.379,47.73449],[-118.36749,47.74556],[-118.35832,47.74923],[-118.35489,47.75734],[-118.35223,47.75828],[-118.35537,47.7515],[-118.35208,47.74805],[-118.35604,47.74646],[-118.35178,47.74293],[-118.3489,47.74462],[-118.35001,47.75005],[-118.3403,47.75119],[-118.33289,47.7586],[-118.32742,47.7587],[-118.32978,47.76051],[-118.31945,47.76682],[-118.32153,47.76847],[-118.32023,47.77053],[-118.31797,47.76919],[-118.31477,47.77445],[-118.30605,47.77593]],[[-118.38542,47.71753],[-118.40794,47.70973],[-118.41235,47.70334],[-118.40656,47.70028],[-118.40048,47.70536],[-118.40424,47.69908],[-118.39993,47.69936],[-118.3965,47.70185],[-118.39787,47.70532],[-118.39409,47.70507],[-118.38542,47.71753]]]},"bbox":[-118.54847,47.67002,-118.30213,47.77628]},{"type":"Feature","id":28277,"properties":{"y":2002,"n":"Quartz Mtn","ag":"BLM","ac":4027.7,"c":14,"cl":"Unknown","ad":"2002-12-31","cd":"","st":"WA","se":4},"geometry":{"type":"Polygon","coordinates":[[[-120.457,48.9435],[-120.44663,48.94638],[-120.44089,48.94461],[-120.42927,48.95239],[-120.41923,48.94889],[-120.40862,48.95062],[-120.40926,48.94732],[-120.42564,48.93727],[-120.41482,48.92501],[-120.40808,48.9222],[-120.43017,48.92448],[-120.43922,48.93269],[-120.47513,48.94237],[-120.49207,48.94318],[-120.49388,48.9459],[-120.48875,48.95573],[-120.4759,48.96183],[-120.46915,48.97062],[-120.44998,48.97635],[-120.42824,48.97435],[-120.43486,48.97129],[-120.42812,48.96758],[-120.43337,48.96663],[-120.43201,48.96289],[-120.43699,48.95988],[-120.43077,48.9552],[-120.43159,48.95295],[-120.45122,48.95127],[-120.45845,48.94622],[-120.457,48.9435]]]},"bbox":[-120.49388,48.9222,-120.40756,48.97635]},{"type":"Feature","id":28278,"properties":{"y":2001,"n":"Spruce Springs","ag":"BLM","ac":270.4,"c":14,"cl":"Unknown","ad":"2001-12-31","cd":"","st":"WA","se":4},"geometry":{"type":"Polygon","coordinates":[[[-121.16819,46.57845],[-121.18129,46.57002],[-121.18681,46.57428],[-121.17943,46.57636],[-121.185,46.58589],[-121.16819,46.57845]]]},"bbox":[-121.18684,46.57,-121.16819,46.58593]},{"type":"Feature","id":28279,"properties":{"y":2001,"n":"Dome Peak","ag":"BLM","ac":2358.4,"c":14,"cl":"Unknown","ad":"2001-12-31","cd":"","st":"WA","se":4},"geometry":{"type":"Polygon","coordinates":[[[-121.13245,46.58472],[-121.12414,46.58172],[-121.1214,46.58677],[-121.10793,46.57681],[-121.10139,46.5755],[-121.08442,46.58202],[-121.07381,46.58013],[-121.06058,46.58657],[-121.04361,46.58299],[-121.03772,46.57658],[-121.06169,46.56501],[-121.07154,46.56751],[-121.07584,46.56552],[-121.09499,46.5685],[-121.09568,46.57219],[-121.10058,46.56801],[-121.12228,46.57124],[-121.1194,46.57411],[-121.12639,46.57407],[-121.13277,46.57812],[-121.13245,46.58472]]]},"bbox":[-121.13296,46.56495,-121.03771,46.58677]},{"type":"Feature","id":28280,"properties":{"y":2003,"n":"Farewell","ag":"BLM","ac":75908.5,"c":14,"cl":"Unknown","ad":"2003-12-31","cd":"","st":"WA","se":4},"geometry":{"type":"Polygon","coordinates":[[[-120.01916,48.82095],[-120.02367,48.8118],[-120.04715,48.79821],[-120.11238,48.78212],[-120.12869,48.76527],[-120.1321,48.75778],[-120.13954,48.75606],[-120.14319,48.75127],[-120.14437,48.73857],[-120.12855,48.71768],[-120.12616,48.70823],[-120.12633,48.7023],[-120.13158,48.69503],[-120.14149,48.69661],[-120.14448,48.7059],[-120.14859,48.70568],[-120.15683,48.71537],[-120.16316,48.7095],[-120.16838,48.70966],[-120.18636,48.69885],[-120.18983,48.70578],[-120.18547,48.71027],[-120.18862,48.72077],[-120.18584,48.72394],[-120.18913,48.72789],[-120.18713,48.73319],[-120.19654,48.73424],[-120.21158,48.74195],[-120.20871,48.74686],[-120.21879,48.74678],[-120.21365,48.76227],[-120.22083,48.76297],[-120.23459,48.774],[-120.23425,48.77917],[-120.2241,48.77884],[-120.24989,48.7882],[-120.2473,48.79185],[-120.25539,48.797],[-120.25221,48.81243],[-120.24204,48.81839],[-120.24579,48.82119],[-120.25977,48.81638],[-120.26053,48.80533],[-120.2772,48.79872],[-120.29,48.80079],[-120.29662,48.80686],[-120.28862,48.81497],[-120.29974,48.82401],[-120.29099,48.83185],[-120.30224,48.83257],[-120.31761,48.8389],[-120.31737,48.8446],[-120.3095,48.85318],[-120.30315,48.85409],[-120.30371,48.86219],[-120.30047,48.86484],[-120.3054,48.87267],[-120.31446,48.87709],[-120.31081,48.87915],[-120.31699,48.89481],[-120.30513,48.90124],[-120.30776,48.90441],[-120.30185,48.90679],[-120.30196,48.91132],[-120.29595,48.91481],[-120.27586,48.90603],[-120.28146,48.89825],[-120.27278,48.89219],[-120.26899,48.89924],[-120.26109,48.89694],[-120.2456,48.89973],[-120.23809,48.89364],[-120.23171,48.89619],[-120.22937,48.89933],[-120.23265,48.90411],[-120.22956,48.91103],[-120.2184,48.91795],[-120.22553,48.926],[-120.23042,48.92641],[-120.23001,48.93235],[-120.2385,48.93361],[-120.23568,48.94617],[-120.23398,48.94252],[-120.22968,48.94373],[-120.22482,48.93909],[-120.21715,48.94073],[-120.20953,48.93695],[-120.21381,48.93242],[-120.21035,48.92771],[-120.20602,48.92816],[-120.20809,48.92606],[-120.20204,48.9201],[-120.18124,48.90676],[-120.17289,48.90747],[-120.17541,48.91455],[-120.17134,48.91547],[-120.14273,48.90524],[-120.13604,48.91321],[-120.12598,48.90904],[-120.12592,48.92081],[-120.11943,48.92442],[-120.08923,48.92555],[-120.08395,48.92194],[-120.06873,48.92464],[-120.05914,48.91859],[-120.05966,48.9081],[-120.04934,48.89742],[-120.0524,48.89431],[-120.04864,48.88648],[-120.04339,48.89052],[-120.03636,48.88865],[-120.03112,48.87889],[-120.01734,48.87311],[-120.01576,48.86586],[-120.02511,48.85989],[-120.02374,48.83643],[-120.0191,48.83495],[-120.01916,48.82095]]]},"bbox":[-120.31764,48.69503,-120.01562,48.94623]},{"type":"Feature","id":28281,"properties":{"y":2002,"n":"Deer Point","ag":"BLM","ac":43236.9,"c":14,"cl":"Unknown","ad":"2002-12-31","cd":"","st":"WA","se":4},"geometry":{"type":"Polygon","coordinates":[[[-120.27682,48.01825],[-120.31736,48.02756],[-120.32892,48.03652],[-120.3057,48.04934],[-120.29105,48.06028],[-120.28781,48.06957],[-120.28195,48.07076],[-120.28051,48.08201],[-120.28938,48.08742],[-120.28938,48.09038],[-120.28209,48.09473],[-120.26067,48.08377],[-120.2588,48.08684],[-120.23712,48.09236],[-120.23438,48.08834],[-120.21745,48.08642],[-120.21299,48.07879],[-120.19794,48.07695],[-120.18646,48.07912],[-120.18213,48.07456],[-120.14338,48.06496],[-120.13154,48.05467],[-120.14867,48.05269],[-120.14579,48.04897],[-120.14947,48.04515],[-120.14599,48.04342],[-120.14522,48.03756],[-120.11984,48.03319],[-120.12007,48.02907],[-120.11454,48.02596],[-120.09349,48.01942],[-120.08306,48.00766],[-120.08013,47.99366],[-120.06397,47.98222],[-120.06446,47.97767],[-120.07014,47.96937],[-120.08694,47.96025],[-120.09387,47.95245],[-120.08725,47.95057],[-120.10476,47.93536],[-120.12706,47.94216],[-120.13329,47.93807],[-120.13079,47.93166],[-120.1357,47.92332],[-120.14742,47.92483],[-120.15384,47.93372],[-120.15598,47.93377],[-120.15281,47.92076],[-120.16125,47.91939],[-120.16702,47.92633],[-120.16461,47.92691],[-120.16563,47.93397],[-120.18258,47.93988],[-120.18085,47.94609],[-120.18593,47.94817],[-120.18541,47.96131],[-120.21219,47.99586],[-120.25147,48.01082],[-120.27106,48.0137],[-120.27682,48.01825]]]},"bbox":[-120.32892,47.91886,-120.06397,48.09473]},{"type":"Feature","id":28282,"properties":{"y":2006,"n":"Tatoosh","ag":"BLM","ac":52339.0,"c":14,"cl":"Unknown","ad":"2006-12-31","cd":"","st":"WA","se":4},"geometry":{"type":"MultiPolygon","coordinates":[[[[-120.37793,49.06839],[-120.37308,49.06304],[-120.36514,49.06304],[-120.36004,49.05886],[-120.36216,49.05992],[-120.35849,49.05278],[-120.36172,49.05016],[-120.36104,49.03646],[-120.35838,49.03424],[-120.36095,49.02937],[-120.35247,49.02985],[-120.35373,49.01646],[-120.34679,49.01634],[-120.34881,49.01234],[-120.35616,49.01284],[-120.35409,49.01085],[-120.35901,49.00681],[-120.35307,49.00588],[-120.35978,49.00617],[-120.36845,49.00169],[-120.37216,49.0037],[-120.36943,49.00688],[-120.38051,49.00363],[-120.38856,49.00925],[-120.39118,49.01193],[-120.3913,49.01625],[-120.38762,49.01552],[-120.38998,49.02404],[-120.39708,49.0261],[-120.40007,49.03042],[-120.39911,49.04275],[-120.39655,49.04415],[-120.39877,49.04851],[-120.39285,49.05172],[-120.39493,49.05356],[-120.39142,49.06284],[-120.38606,49.06731],[-120.37793,49.06839]]],[[[-120.3812,49.07251],[-120.37621,49.07231],[-120.37293,49.07207],[-120.37657,49.07073],[-120.3812,49.07251]]],[[[-120.37959,49.07148],[-120.38004,49.07084],[-120.38024,49.0714],[-120.37959,49.07148]]],[[[-120.50245,49.09117],[-120.49955,49.08601],[-120.4967,49.08671],[-120.49624,49.08843],[-120.48564,49.08407],[-120.49861,49.08274],[-120.49656,49.07627],[-120.47752,49.07515],[-120.47039,49.07107],[-120.48613,49.07016],[-120.49546,49.07386],[-120.49653,49.06791],[-120.49396,49.0658],[-120.49924,49.06107],[-120.48566,49.06622],[-120.48488,49.06347],[-120.47004,49.06703],[-120.46819,49.06431],[-120.48914,49.05889],[-120.50253,49.05941],[-120.48617,49.05328],[-120.48281,49.04546],[-120.47947,49.04582],[-120.48282,49.04408],[-120.47889,49.04061],[-120.48748,49.03695],[-120.47925,49.03556],[-120.49642,49.02902],[-120.50193,49.0291],[-120.5021,49.03184],[-120.50886,49.02696],[-120.50914,49.02926],[-120.51559,49.03081],[-120.51751,49.02437],[-120.49751,49.02438],[-120.51068,49.01944],[-120.50912,49.01451],[-120.50585,49.01402],[-120.50994,49.01051],[-120.49884,48.99908],[-120.49847,48.99416],[-120.4852,48.98578],[-120.49001,48.98369],[-120.48811,48.9798],[-120.49566,48.9744],[-120.48943,48.97279],[-120.48935,48.96721],[-120.48453,48.96327],[-120.48244,48.96368],[-120.48578,48.96639],[-120.48338,48.97056],[-120.47928,48.96981],[-120.47667,48.97297],[-120.47007,48.97155],[-120.46918,48.96629],[-120.47682,48.96777],[-120.4782,48.96274],[-120.4732,48.95727],[-120.48282,48.95865],[-120.48569,48.95527],[-120.47862,48.95313],[-120.48568,48.95404],[-120.49757,48.94561],[-120.49672,48.94233],[-120.49232,48.94363],[-120.48641,48.93924],[-120.49282,48.9365],[-120.50096,48.93833],[-120.50883,48.93142],[-120.50287,48.92974],[-120.50849,48.92641],[-120.50807,48.92352],[-120.49877,48.91791],[-120.50062,48.91548],[-120.50373,48.91806],[-120.50862,48.91149],[-120.49982,48.91212],[-120.50393,48.90799],[-120.49871,48.90444],[-120.50046,48.89888],[-120.51215,48.89541],[-120.50424,48.89392],[-120.5082,48.8932],[-120.50837,48.88984],[-120.50387,48.89199],[-120.49754,48.88782],[-120.51486,48.88656],[-120.52393,48.88769],[-120.52589,48.89047],[-120.52876,48.88794],[-120.53335,48.89207],[-120.53979,48.89235],[-120.53806,48.89447],[-120.54117,48.89589],[-120.53791,48.8979],[-120.54142,48.89897],[-120.55309,48.89389],[-120.55459,48.87832],[-120.54711,48.87474],[-120.55294,48.8719],[-120.55207,48.86826],[-120.54468,48.86753],[-120.54251,48.86452],[-120.54538,48.86464],[-120.54718,48.86368],[-120.54491,48.86096],[-120.55261,48.8618],[-120.54736,48.85571],[-120.55131,48.85528],[-120.54576,48.85269],[-120.54967,48.84776],[-120.54329,48.84964],[-120.54507,48.84781],[-120.54281,48.84667],[-120.55074,48.84681],[-120.55163,48.84221],[-120.55919,48.83955],[-120.55816,48.8457],[-120.56357,48.85319],[-120.57675,48.85457],[-120.58014,48.85206],[-120.57806,48.85377],[-120.58037,48.85246],[-120.58011,48.85484],[-120.5744,48.85699],[-120.58067,48.85995],[-120.57833,48.86265],[-120.58488,48.8643],[-120.58029,48.8682],[-120.58616,48.86821],[-120.5879,48.86441],[-120.60022,48.86794],[-120.59883,48.87127],[-120.59468,48.8712],[-120.6001,48.87488],[-120.59644,48.87865],[-120.60733,48.87888],[-120.61529,48.87523],[-120.61381,48.87228],[-120.61647,48.86975],[-120.62193,48.87168],[-120.62274,48.88019],[-120.6124,48.8859],[-120.61568,48.88933],[-120.6089,48.89615],[-120.62059,48.90214],[-120.6217,48.9089],[-120.62967,48.90955],[-120.62787,48.92283],[-120.64186,48.92854],[-120.6474,48.93753],[-120.63165,48.94286],[-120.64574,48.94507],[-120.63495,48.9492],[-120.64992,48.94777],[-120.64805,48.95211],[-120.65725,48.96208],[-120.64892,48.96466],[-120.65096,48.96609],[-120.64631,48.97025],[-120.64859,48.97524],[-120.64193,48.97731],[-120.64133,48.97874],[-120.6446,48.98],[-120.64295,48.98158],[-120.6328,48.98125],[-120.6353,48.97798],[-120.62926,48.9754],[-120.62184,48.97821],[-120.6272,48.97404],[-120.62147,48.97505],[-120.62275,48.9711],[-120.61842,48.9716],[-120.61667,48.97874],[-120.61865,48.98437],[-120.62146,48.98431],[-120.62052,48.98829],[-120.6275,48.99226],[-120.62654,48.99495],[-120.63591,49.00327],[-120.62826,49.01344],[-120.61899,49.01781],[-120.6158,49.02245],[-120.61783,49.02564],[-120.60963,49.02491],[-120.61132,49.02279],[-120.60462,49.01968],[-120.60607,49.01754],[-120.60355,49.01888],[-120.60443,49.02197],[-120.59416,49.01582],[-120.58215,49.01971],[-120.5844,49.02651],[-120.5727,49.02813],[-120.56463,49.02222],[-120.56246,49.02168],[-120.56933,49.0306],[-120.56383,49.03455],[-120.569,49.04324],[-120.56689,49.05901],[-120.55605,49.05849],[-120.54548,49.04822],[-120.53421,49.05519],[-120.53774,49.05966],[-120.53654,49.06334],[-120.52683,49.06603],[-120.5266,49.06829],[-120.53081,49.06753],[-120.52395,49.07551],[-120.52442,49.08024],[-120.50245,49.09117]],[[-120.52406,48.8885],[-120.52407,48.88839],[-120.52404,48.88846],[-120.52406,48.8885]]],[[[-120.48705,49.03057],[-120.48741,49.03031],[-120.48753,49.0305],[-120.48705,49.03057]]],[[[-120.49771,49.08747],[-120.4981,49.08725],[-120.49823,49.08753],[-120.49771,49.08747]]],[[[-120.50449,48.92244],[-120.50293,48.92281],[-120.50267,48.92215],[-120.50449,48.92244]]],[[[-120.51006,49.02912],[-120.51038,49.02902],[-120.51058,49.02929],[-120.51006,49.02912]]],[[[-120.54473,48.86432],[-120.54478,48.8639],[-120.54512,48.86405],[-120.54473,48.86432]]],[[[-120.54595,48.86418],[-120.546,48.86376],[-120.54634,48.86391],[-120.54595,48.86418]]],[[[-120.55057,48.86149],[-120.55113,48.8611],[-120.55129,48.86149],[-120.55057,48.86149]]],[[[-120.58817,48.86215],[-120.58453,48.85959],[-120.59024,48.85823],[-120.58568,48.85755],[-120.5987,48.8573],[-120.58817,48.86215]]],[[[-120.59912,48.86581],[-120.59263,48.86161],[-120.60602,48.85864],[-120.60421,48.86412],[-120.59912,48.86581]],[[-120.59703,48.86099],[-120.59681,48.86081],[-120.59683,48.86108],[-120.59703,48.86099]]],[[[-120.59464,48.86037],[-120.59476,48.85985],[-120.59503,48.86023],[-120.59464,48.86037]]],[[[-120.59586,48.86023],[-120.59598,48.85971],[-120.59625,48.86009],[-120.59586,48.86023]]],[[[-120.60726,48.8665],[-120.60454,48.8659],[-120.60733,48.86579],[-120.60726,48.8665]]],[[[-120.60571,48.86248],[-120.60564,48.86183],[-120.60649,48.86197],[-120.60571,48.86248]]],[[[-120.60693,48.86234],[-120.60686,48.86169],[-120.60771,48.86183],[-120.60693,48.86234]]],[[[-120.61519,48.86656],[-120.61491,48.86609],[-120.61541,48.86616],[-120.61519,48.86656]]],[[[-120.64034,48.99171],[-120.63253,48.99493],[-120.62616,48.98722],[-120.63983,48.98688],[-120.64034,48.99171]],[[-120.63288,48.99262],[-120.63282,48.99261],[-120.63273,48.99266],[-120.63288,48.99262]]],[[[-120.64215,48.97792],[-120.64222,48.97762],[-120.6424,48.97786],[-120.64215,48.97792]]]]},"bbox":[-120.65725,48.83951,-120.34679,49.09139]},{"type":"Feature","id":28283,"properties":{"y":2012,"n":"Roosevelt","ag":"BLM","ac":2819.1,"c":14,"cl":"Unknown","ad":"2017-01-27","cd":"","st":"WA","se":4},"geometry":{"type":"Polygon","coordinates":[[[-120.10547,45.80811],[-120.09008,45.80348],[-120.08853,45.79275],[-120.15193,45.78262],[-120.16123,45.77442],[-120.17004,45.77739],[-120.16563,45.78566],[-120.14076,45.80248],[-120.11578,45.81226],[-120.10877,45.81189],[-120.10547,45.80811]]]},"bbox":[-120.17004,45.77436,-120.08833,45.81251]},{"type":"Feature","id":28284,"properties":{"y":2012,"n":"Washout","ag":"BLM","ac":595.8,"c":14,"cl":"Unknown","ad":"2017-01-27","cd":"","st":"WA","se":4},"geometry":{"type":"Polygon","coordinates":[[[-119.98048,46.43405],[-119.97641,46.44142],[-119.97473,46.44101],[-119.97356,46.44159],[-119.97306,46.44168],[-119.97268,46.44171],[-119.97787,46.43327],[-119.97668,46.43303],[-119.97579,46.42825],[-119.98422,46.41769],[-119.99007,46.42188],[-119.99217,46.41998],[-119.99046,46.42287],[-119.99594,46.42921],[-119.99446,46.43991],[-119.98815,46.4351],[-119.98083,46.44042],[-119.98131,46.44394],[-119.9798,46.43811],[-119.98048,46.43405]],[[-119.97377,46.44144],[-119.97377,46.44144],[-119.97377,46.44144],[-119.97377,46.44144]],[[-119.97472,46.43855],[-119.9747,46.43849],[-119.9747,46.43854],[-119.97472,46.43855]],[[-119.9747,46.43854],[-119.97469,46.43854],[-119.9747,46.43855],[-119.9747,46.43854]],[[-119.9747,46.43855],[-119.97468,46.43859],[-119.97471,46.43855],[-119.9747,46.43855]],[[-119.97635,46.43102],[-119.97635,46.43102],[-119.97635,46.43102],[-119.97635,46.43102]],[[-119.97775,46.43619],[-119.97774,46.43618],[-119.97774,46.43619],[-119.97775,46.43619]],[[-119.97774,46.43619],[-119.97749,46.43641],[-119.97703,46.43667],[-119.97748,46.43645],[-119.97774,46.43619]]]},"bbox":[-119.99594,46.41749,-119.97268,46.44394]},{"type":"Feature","id":28285,"properties":{"y":1900,"n":"Horse Lake","ag":"BLM","ac":33.8,"c":14,"cl":"Unknown","ad":"2017-01-27","cd":"","st":"WA","se":4},"geometry":{"type":"Polygon","coordinates":[[[-120.36486,47.44022],[-120.3706,47.44307],[-120.37103,47.4464],[-120.35778,47.44685],[-120.35469,47.44223],[-120.36486,47.44022]]]},"bbox":[-120.37148,47.43994,-120.35469,47.44767]},{"type":"Feature","id":28286,"properties":{"y":2009,"n":"Owhi Tree","ag":"BLM","ac":10.4,"c":14,"cl":"Unknown","ad":"2009-07-23","cd":"","st":"WA","se":2},"geometry":{"type":"Polygon","coordinates":[[[-118.88839,48.2451],[-118.88723,48.24718],[-118.88529,48.24638],[-118.88607,48.24524],[-118.88839,48.2451]]]},"bbox":[-118.88845,48.24496,-118.88529,48.24724]},{"type":"Feature","id":28287,"properties":{"y":2009,"n":"B.5","ag":"BLM","ac":282.1,"c":14,"cl":"Unknown","ad":"2009-08-20","cd":"","st":"WA","se":2},"geometry":{"type":"Polygon","coordinates":[[[-119.44305,47.33285],[-119.45174,47.33158],[-119.46004,47.33699],[-119.46085,47.34413],[-119.45569,47.34572],[-119.44305,47.33285]]]},"bbox":[-119.46169,47.33142,-119.44305,47.34592]},{"type":"Feature","id":28288,"properties":{"y":2008,"n":"Rock Lake","ag":"BLM","ac":2268.7,"c":14,"cl":"Unknown","ad":"2008-08-18","cd":"","st":"WA","se":2},"geometry":{"type":"Polygon","coordinates":[[[-117.69807,47.22034],[-117.66996,47.22347],[-117.65418,47.24282],[-117.63934,47.23743],[-117.63267,47.24546],[-117.62887,47.24347],[-117.6206,47.2486],[-117.62569,47.24343],[-117.61643,47.24405],[-117.60692,47.2576],[-117.61055,47.24641],[-117.62345,47.23353],[-117.64453,47.22337],[-117.65403,47.22253],[-117.66109,47.21445],[-117.68862,47.2177],[-117.69403,47.21271],[-117.70509,47.21543],[-117.69807,47.22034]]]},"bbox":[-117.70509,47.21271,-117.60692,47.25875]},{"type":"Feature","id":28289,"properties":{"y":2011,"n":"Wishram 2","ag":"BLM","ac":8321.2,"c":14,"cl":"Unknown","ad":"2017-01-27","cd":"","st":"WA","se":4},"geometry":{"type":"Polygon","coordinates":[[[-120.97745,45.6709],[-121.00285,45.66359],[-121.01312,45.66496],[-121.01768,45.667],[-121.02306,45.67753],[-121.02896,45.67261],[-121.03097,45.67723],[-121.02854,45.68052],[-121.0311,45.68133],[-121.02151,45.69243],[-120.99962,45.6932],[-120.9913,45.70107],[-120.9777,45.70252],[-120.93366,45.69855],[-120.93001,45.68989],[-120.92309,45.69329],[-120.8964,45.68476],[-120.87875,45.69252],[-120.87034,45.68355],[-120.86005,45.6821],[-120.88593,45.6712],[-120.89039,45.67116],[-120.89425,45.67535],[-120.92197,45.66255],[-120.94243,45.66672],[-120.96073,45.66335],[-120.97745,45.6709]]]},"bbox":[-121.0311,45.66252,-120.86005,45.70252]},{"type":"Feature","id":28290,"properties":{"y":2012,"n":"Death Wind Canyon","ag":"BLM","ac":824.0,"c":14,"cl":"Unknown","ad":"2017-01-27","cd":"","st":"WA","se":4},"geometry":{"type":"Polygon","coordinates":[[[-120.11057,47.42863],[-120.10356,47.43123],[-120.09887,47.43076],[-120.08699,47.42218],[-120.08675,47.40901],[-120.09315,47.40537],[-120.09485,47.40077],[-120.10269,47.40113],[-120.10035,47.42071],[-120.10768,47.4237],[-120.11141,47.42776],[-120.11057,47.42863]],[[-120.10345,47.43118],[-120.10346,47.43118],[-120.10346,47.43118],[-120.10345,47.43118]],[[-120.11056,47.4286],[-120.11056,47.4286],[-120.11056,47.4286],[-120.11056,47.4286]],[[-120.11056,47.4286],[-120.11056,47.42862],[-120.11056,47.42861],[-120.11056,47.4286]]]},"bbox":[-120.11164,47.39942,-120.08642,47.43123]},{"type":"Feature","id":28291,"properties":{"y":2012,"n":"North Ahtanum","ag":"BLM","ac":1661.4,"c":14,"cl":"Unknown","ad":"2012-08-31","cd":"","st":"WA","se":2},"geometry":{"type":"Polygon","coordinates":[[[-120.57982,46.53287],[-120.57656,46.53828],[-120.57614,46.53851],[-120.57571,46.53866],[-120.57552,46.5387],[-120.573,46.53817],[-120.57515,46.54131],[-120.57499,46.54244],[-120.57495,46.54252],[-120.57474,46.54263],[-120.55998,46.5386],[-120.56481,46.53624],[-120.54079,46.51395],[-120.54474,46.51377],[-120.54461,46.50653],[-120.56557,46.50616],[-120.57287,46.51126],[-120.5761,46.52144],[-120.57413,46.52428],[-120.58087,46.52469],[-120.57982,46.53287]],[[-120.57494,46.54252],[-120.57494,46.54252],[-120.57495,46.54252],[-120.57494,46.54252]],[[-120.57572,46.53865],[-120.57571,46.53866],[-120.57571,46.53866],[-120.57572,46.53865]],[[-120.57982,46.53288],[-120.57982,46.53288],[-120.57982,46.53288],[-120.57982,46.53288]]]},"bbox":[-120.58087,46.50613,-120.54078,46.54268]},{"type":"Feature","id":28292,"properties":{"y":2007,"n":"Rocky Hull","ag":"BLM","ac":12.8,"c":14,"cl":"Unknown","ad":"2013-11-21","cd":"","st":"WA","se":3},"geometry":{"type":"Polygon","coordinates":[[[-119.39913,48.86386],[-119.40007,48.86428],[-119.40024,48.86876],[-119.39867,48.86771],[-119.39758,48.86483],[-119.39913,48.86386]],[[-119.39905,48.86767],[-119.39903,48.86765],[-119.39902,48.86767],[-119.39905,48.86767]],[[-119.39909,48.86394],[-119.39909,48.86393],[-119.39908,48.86393],[-119.39909,48.86394]],[[-119.39911,48.8639],[-119.3991,48.86392],[-119.39914,48.86388],[-119.39911,48.8639]],[[-119.3991,48.86392],[-119.39909,48.86394],[-119.3991,48.86393],[-119.3991,48.86392]]]},"bbox":[-119.40038,48.86346,-119.39758,48.86876]},{"type":"Feature","id":28293,"properties":{"y":2003,"n":"Needles","ag":"BLM","ac":21304.8,"c":14,"cl":"Unknown","ad":"2003-12-31","cd":"","st":"WA","se":4},"geometry":{"type":"Polygon","coordinates":[[[-120.65318,48.6876],[-120.65011,48.68934],[-120.65323,48.6933],[-120.6499,48.69525],[-120.65521,48.70167],[-120.66227,48.7055],[-120.67047,48.70351],[-120.67942,48.70691],[-120.68026,48.71273],[-120.67626,48.72221],[-120.65727,48.72013],[-120.64619,48.71079],[-120.64571,48.70686],[-120.63077,48.70188],[-120.62873,48.69863],[-120.63835,48.69479],[-120.63815,48.6833],[-120.62309,48.67123],[-120.60475,48.66614],[-120.60045,48.6685],[-120.59287,48.66655],[-120.58709,48.67008],[-120.57809,48.65947],[-120.57248,48.65995],[-120.57753,48.65338],[-120.56285,48.65593],[-120.56058,48.65372],[-120.5638,48.64832],[-120.5531,48.6504],[-120.55096,48.64726],[-120.54359,48.6469],[-120.53462,48.64213],[-120.53686,48.63883],[-120.52789,48.63003],[-120.5164,48.62522],[-120.50386,48.62471],[-120.50732,48.6308],[-120.50059,48.64143],[-120.45762,48.60966],[-120.46144,48.60725],[-120.45848,48.60371],[-120.46651,48.59797],[-120.49563,48.60535],[-120.51333,48.6149],[-120.52305,48.61142],[-120.53919,48.61277],[-120.54579,48.61692],[-120.55276,48.61697],[-120.55826,48.62457],[-120.57171,48.62357],[-120.57166,48.61942],[-120.57471,48.61802],[-120.59112,48.61703],[-120.60408,48.62324],[-120.60887,48.62085],[-120.61733,48.62704],[-120.62521,48.62456],[-120.62838,48.62957],[-120.6345,48.62654],[-120.63178,48.6167],[-120.63499,48.61544],[-120.63191,48.61118],[-120.63395,48.60934],[-120.62799,48.60484],[-120.63403,48.60229],[-120.64781,48.60907],[-120.6475,48.62106],[-120.65128,48.62291],[-120.65417,48.62079],[-120.66229,48.62539],[-120.67291,48.62599],[-120.66946,48.61834],[-120.66275,48.617],[-120.67121,48.61211],[-120.6801,48.61403],[-120.68012,48.61843],[-120.69514,48.61867],[-120.69655,48.62584],[-120.71715,48.62737],[-120.71794,48.63987],[-120.70481,48.64213],[-120.7017,48.64721],[-120.67667,48.64297],[-120.66628,48.64681],[-120.66946,48.64962],[-120.66786,48.65331],[-120.67407,48.65112],[-120.67957,48.66026],[-120.6725,48.6658],[-120.67282,48.67725],[-120.67856,48.67998],[-120.6987,48.67498],[-120.70277,48.68086],[-120.69973,48.68526],[-120.70238,48.68852],[-120.69882,48.6902],[-120.70152,48.69263],[-120.6886,48.69045],[-120.68009,48.68479],[-120.67448,48.68806],[-120.67249,48.69399],[-120.65912,48.69233],[-120.65318,48.6876]],[[-120.47951,48.62274],[-120.47951,48.62273],[-120.47945,48.62273],[-120.47951,48.62274]],[[-120.47952,48.62268],[-120.4795,48.62269],[-120.47953,48.62269],[-120.47952,48.62268]]]},"bbox":[-120.71837,48.59797,-120.457,48.72291]},{"type":"Feature","id":28294,"properties":{"y":2008,"n":"Green Lake Rd","ag":"BLM","ac":2598.1,"c":14,"cl":"Unknown","ad":"2013-11-21","cd":"","st":"WA","se":3},"geometry":{"type":"Polygon","coordinates":[[[-119.6059,48.46501],[-119.59999,48.46538],[-119.60068,48.4599],[-119.59606,48.45454],[-119.59979,48.44131],[-119.6066,48.4378],[-119.60901,48.43106],[-119.60517,48.42632],[-119.62225,48.42188],[-119.62662,48.4266],[-119.63498,48.42681],[-119.6281,48.43638],[-119.62669,48.45228],[-119.63128,48.4584],[-119.61855,48.4653],[-119.62207,48.46972],[-119.62014,48.47349],[-119.61399,48.47668],[-119.6104,48.47286],[-119.60027,48.47183],[-119.6059,48.46501]],[[-119.60629,48.46489],[-119.60603,48.46497],[-119.60629,48.46489],[-119.60629,48.46489]],[[-119.60629,48.46489],[-119.60817,48.46403],[-119.61076,48.46378],[-119.60681,48.46232],[-119.60629,48.46489]],[[-119.61213,48.46389],[-119.61197,48.46384],[-119.61144,48.46377],[-119.61213,48.46389]],[[-119.61672,48.46607],[-119.61766,48.46287],[-119.61382,48.46398],[-119.61672,48.46607]]]},"bbox":[-119.63532,48.42188,-119.59606,48.47668]},{"type":"Feature","id":28295,"properties":{"y":2012,"n":"Apache Pass","ag":"BLM","ac":23274.0,"c":14,"cl":"Unknown","ad":"2017-01-27","cd":"","st":"WA","se":4},"geometry":{"type":"Polygon","coordinates":[[[-118.69899,47.50896],[-118.72042,47.51199],[-118.72246,47.51486],[-118.71949,47.51911],[-118.72869,47.52486],[-118.72442,47.5318],[-118.70817,47.54239],[-118.7054,47.54198],[-118.7066,47.538],[-118.70198,47.54026],[-118.70342,47.54602],[-118.67801,47.57386],[-118.67504,47.57193],[-118.66786,47.58316],[-118.66083,47.58457],[-118.66032,47.58106],[-118.65354,47.58018],[-118.65235,47.58163],[-118.65158,47.58231],[-118.65067,47.5828],[-118.64932,47.58458],[-118.63904,47.58974],[-118.63839,47.59156],[-118.63448,47.59087],[-118.62484,47.59739],[-118.59664,47.59265],[-118.59345,47.59468],[-118.59548,47.5872],[-118.58544,47.59098],[-118.54904,47.59432],[-118.54642,47.59767],[-118.53189,47.59978],[-118.52022,47.58562],[-118.49992,47.5757],[-118.47022,47.57733],[-118.46653,47.57695],[-118.4669,47.57447],[-118.45058,47.57711],[-118.45006,47.57287],[-118.44771,47.57146],[-118.44384,47.57474],[-118.43278,47.57518],[-118.41885,47.56987],[-118.42105,47.56552],[-118.41621,47.56232],[-118.43246,47.55905],[-118.48426,47.55836],[-118.49709,47.55114],[-118.52159,47.54813],[-118.52641,47.55089],[-118.52549,47.54777],[-118.53072,47.54308],[-118.52866,47.55084],[-118.53944,47.54845],[-118.5475,47.55106],[-118.55031,47.53959],[-118.58523,47.54009],[-118.5926,47.5345],[-118.61529,47.53716],[-118.62419,47.54131],[-118.63025,47.53838],[-118.63432,47.53165],[-118.67449,47.53533],[-118.67634,47.53067],[-118.68479,47.52921],[-118.69916,47.5329],[-118.7116,47.5273],[-118.70344,47.52654],[-118.70315,47.52373],[-118.71265,47.51734],[-118.67696,47.52533],[-118.68026,47.51812],[-118.68526,47.51605],[-118.68629,47.50988],[-118.69899,47.50896]],[[-118.6122,47.56062],[-118.61888,47.55785],[-118.62762,47.56034],[-118.63849,47.55512],[-118.64618,47.54995],[-118.64375,47.54629],[-118.64643,47.54262],[-118.64154,47.54081],[-118.63439,47.544],[-118.63467,47.55179],[-118.59844,47.55138],[-118.59329,47.55481],[-118.59668,47.55953],[-118.60536,47.55721],[-118.6122,47.56062]],[[-118.65172,47.58209],[-118.65172,47.5821],[-118.65172,47.5821],[-118.65172,47.58209]],[[-118.69898,47.509],[-118.69897,47.509],[-118.69897,47.509],[-118.69898,47.509]]]},"bbox":[-118.72869,47.50856,-118.41621,47.59978]},{"type":"Feature","id":28296,"properties":{"y":2008,"n":"Columbia River Road","ag":"BLM","ac":22100.7,"c":14,"cl":"Unknown","ad":"2008-08-07","cd":"","st":"WA","se":2},"geometry":{"type":"Polygon","coordinates":[[[-119.1659,48.20648],[-119.15687,48.20263],[-119.14905,48.20702],[-119.14893,48.20035],[-119.13671,48.19742],[-119.14039,48.18749],[-119.13913,48.18117],[-119.12844,48.17324],[-119.10383,48.1647],[-119.10278,48.15413],[-119.10762,48.15127],[-119.11574,48.15437],[-119.11876,48.15077],[-119.13301,48.15415],[-119.17623,48.13713],[-119.18793,48.14829],[-119.18804,48.15774],[-119.2039,48.15752],[-119.21506,48.15349],[-119.22239,48.15688],[-119.22763,48.15484],[-119.2313,48.16023],[-119.23832,48.15707],[-119.26737,48.17105],[-119.25909,48.17851],[-119.25232,48.17736],[-119.24832,48.17945],[-119.25331,48.18102],[-119.25306,48.18861],[-119.24063,48.19154],[-119.25426,48.20226],[-119.25545,48.20979],[-119.23272,48.21008],[-119.2565,48.22002],[-119.25859,48.22493],[-119.25587,48.23453],[-119.25126,48.23699],[-119.26083,48.24276],[-119.25436,48.24482],[-119.26016,48.25116],[-119.2293,48.27444],[-119.21968,48.27536],[-119.20969,48.27025],[-119.21681,48.26447],[-119.21545,48.25996],[-119.22039,48.25558],[-119.20975,48.25489],[-119.21094,48.2523],[-119.20078,48.25038],[-119.19167,48.24112],[-119.18622,48.24172],[-119.18618,48.23584],[-119.19018,48.23343],[-119.18181,48.22866],[-119.18248,48.2253],[-119.17252,48.22184],[-119.1726,48.21594],[-119.1753,48.21505],[-119.16926,48.21364],[-119.1659,48.20648]],[[-119.11982,48.15293],[-119.11977,48.15293],[-119.11963,48.15307],[-119.11982,48.15293]],[[-119.12155,48.15271],[-119.12156,48.1527],[-119.1214,48.15275],[-119.12155,48.15271]]]},"bbox":[-119.26737,48.13713,-119.10193,48.27536]},{"type":"Feature","id":28297,"properties":{"y":2008,"n":"Abraham Canyon","ag":"BLM","ac":372.0,"c":14,"cl":"Unknown","ad":"2008-07-10","cd":"","st":"WA","se":2},"geometry":{"type":"Polygon","coordinates":[[[-118.27973,48.3925],[-118.27589,48.38039],[-118.28749,48.37818],[-118.29589,48.38294],[-118.2963,48.38807],[-118.29073,48.39136],[-118.29144,48.38889],[-118.28542,48.38851],[-118.27973,48.3925]],[[-118.29143,48.38131],[-118.29139,48.3813],[-118.29132,48.38137],[-118.29143,48.38131]]]},"bbox":[-118.29653,48.37818,-118.27521,48.3925]},{"type":"Feature","id":28298,"properties":{"y":2011,"n":"Big Hump","ag":"BLM","ac":810.4,"c":14,"cl":"Unknown","ad":"2011-09-01","cd":"","st":"WA","se":3},"geometry":{"type":"Polygon","coordinates":[[[-123.10244,47.70781],[-123.10146,47.70167],[-123.09633,47.70313],[-123.09195,47.69994],[-123.09393,47.69955],[-123.09024,47.69576],[-123.09335,47.69368],[-123.09035,47.69112],[-123.09373,47.69023],[-123.08938,47.6888],[-123.09043,47.68425],[-123.10753,47.69228],[-123.12268,47.6952],[-123.12346,47.69893],[-123.1154,47.70469],[-123.11304,47.70464],[-123.11432,47.69971],[-123.10725,47.69828],[-123.11132,47.70411],[-123.10244,47.70781]],[[-123.10292,47.70264],[-123.10407,47.70202],[-123.10307,47.70199],[-123.10292,47.70264]],[[-123.10602,47.70393],[-123.10571,47.7019],[-123.105,47.70273],[-123.10602,47.70393]]]},"bbox":[-123.12349,47.68399,-123.08922,47.70786]},{"type":"Feature","id":28299,"properties":{"y":2012,"n":"Leahy Junction","ag":"BLM","ac":70838.5,"c":14,"cl":"Unknown","ad":"2012-09-09","cd":"","st":"WA","se":3},"geometry":{"type":"Polygon","coordinates":[[[-119.11639,48.14497],[-119.1067,48.13788],[-119.09674,48.13546],[-119.07345,48.13823],[-119.06964,48.12987],[-119.07198,48.12645],[-119.0686,48.12473],[-119.07312,48.12275],[-119.07361,48.11904],[-119.06486,48.1092],[-119.05727,48.10603],[-119.06072,48.10402],[-119.05802,48.09944],[-119.06586,48.09694],[-119.07986,48.08254],[-119.08919,48.08006],[-119.08636,48.07828],[-119.08849,48.07592],[-119.0834,48.07454],[-119.09505,48.07055],[-119.09012,48.06845],[-119.09019,48.06713],[-119.09595,48.07052],[-119.09506,48.0648],[-119.10458,48.06197],[-119.10463,48.046],[-119.11127,48.04722],[-119.11333,48.04074],[-119.1149,48.04348],[-119.12403,48.04409],[-119.11707,48.03811],[-119.10728,48.03801],[-119.1069,48.04083],[-119.10603,48.04144],[-119.10469,48.04127],[-119.10497,48.02711],[-119.1477,48.02695],[-119.14778,48.02453],[-119.14841,48.02375],[-119.1603,48.02692],[-119.15935,48.02404],[-119.16325,48.02076],[-119.15782,48.0223],[-119.15617,48.02104],[-119.17252,48.01891],[-119.16597,48.00924],[-119.16202,48.0118],[-119.16056,48.00842],[-119.15512,48.01312],[-119.15341,48.01244],[-119.15396,48.00744],[-119.16383,48.00112],[-119.16468,47.9906],[-119.19586,47.99223],[-119.20213,47.99785],[-119.20047,48.00452],[-119.20876,48.00982],[-119.21289,48.01076],[-119.21281,48.00483],[-119.23448,48.00518],[-119.25313,48.0111],[-119.22662,47.99556],[-119.23016,47.98643],[-119.23396,47.98647],[-119.23707,47.97982],[-119.23285,47.97654],[-119.23227,47.96753],[-119.22707,47.96081],[-119.23306,47.95656],[-119.23163,47.93818],[-119.24932,47.93783],[-119.28598,47.95136],[-119.29937,47.96338],[-119.31843,47.97419],[-119.3203,47.97742],[-119.30855,47.98328],[-119.33201,47.99461],[-119.33686,48.00202],[-119.33564,48.00494],[-119.373,48.005],[-119.37195,48.01172],[-119.3884,48.01959],[-119.40833,48.01951],[-119.40853,48.01631],[-119.41165,48.01701],[-119.40936,48.02867],[-119.4296,48.03911],[-119.43487,48.03879],[-119.43599,48.04419],[-119.44481,48.04803],[-119.43626,48.05045],[-119.43497,48.05738],[-119.424,48.0596],[-119.41826,48.05459],[-119.39486,48.04745],[-119.36555,48.05154],[-119.34107,48.04629],[-119.33178,48.05049],[-119.32319,48.05925],[-119.32177,48.07002],[-119.32449,48.07835],[-119.31106,48.08708],[-119.31466,48.09923],[-119.31201,48.10245],[-119.27799,48.10707],[-119.26102,48.10106],[-119.25335,48.10164],[-119.23173,48.1126],[-119.2085,48.11614],[-119.19285,48.12658],[-119.17426,48.12786],[-119.15131,48.14453],[-119.13151,48.15009],[-119.11639,48.14497]],[[-119.24973,48.10213],[-119.25199,48.10174],[-119.25099,48.10182],[-119.24973,48.10213]]]},"bbox":[-119.44481,47.93783,-119.05724,48.15009]},{"type":"Feature","id":28300,"properties":{"y":2013,"n":"Ione","ag":"BLM","ac":338.6,"c":14,"cl":"Unknown","ad":"2017-01-27","cd":"","st":"WA","se":4},"geometry":{"type":"Polygon","coordinates":[[[-119.04049,46.4274],[-119.05973,46.41009],[-119.06368,46.4125],[-119.06179,46.42447],[-119.05086,46.42382],[-119.05075,46.42736],[-119.04049,46.4274]]]},"bbox":[-119.06368,46.40998,-119.04049,46.42745]},{"type":"Feature","id":28301,"properties":{"y":2013,"n":"Desmarais","ag":"BLM","ac":10134.6,"c":14,"cl":"Unknown","ad":"2017-01-27","cd":"","st":"WA","se":4},"geometry":{"type":"Polygon","coordinates":[[[-120.20925,46.49968],[-120.22548,46.49824],[-120.20371,46.49425],[-120.18838,46.48092],[-120.17192,46.47674],[-120.15436,46.4496],[-120.14213,46.42308],[-120.13673,46.41927],[-120.14616,46.41913],[-120.15108,46.42494],[-120.15598,46.42578],[-120.15768,46.43282],[-120.16533,46.43287],[-120.17131,46.4249],[-120.17141,46.42881],[-120.18602,46.43422],[-120.19027,46.44716],[-120.18202,46.45241],[-120.17732,46.46021],[-120.20746,46.45653],[-120.21506,46.46986],[-120.22686,46.47114],[-120.22875,46.46194],[-120.23276,46.46172],[-120.23584,46.46367],[-120.23309,46.47022],[-120.23965,46.47297],[-120.24419,46.47248],[-120.248,46.46458],[-120.25585,46.46863],[-120.26865,46.46825],[-120.27127,46.47124],[-120.26264,46.47992],[-120.25484,46.47626],[-120.2523,46.47911],[-120.26175,46.48074],[-120.26701,46.48888],[-120.27011,46.48721],[-120.27149,46.47657],[-120.27556,46.48131],[-120.278,46.49912],[-120.26915,46.50771],[-120.27704,46.50792],[-120.27516,46.51732],[-120.27159,46.51934],[-120.25421,46.51684],[-120.23523,46.50698],[-120.20916,46.50324],[-120.20925,46.49968]]]},"bbox":[-120.278,46.4188,-120.13673,46.51959]},{"type":"Feature","id":28302,"properties":{"y":2013,"n":"Burbank","ag":"BLM","ac":199.7,"c":14,"cl":"Unknown","ad":"2017-01-27","cd":"","st":"WA","se":4},"geometry":{"type":"Polygon","coordinates":[[[-120.38995,46.74402],[-120.38545,46.7335],[-120.39144,46.72707],[-120.39163,46.73085],[-120.38663,46.73366],[-120.39898,46.74055],[-120.38995,46.74402]]]},"bbox":[-120.39898,46.72707,-120.38542,46.74423]},{"type":"Feature","id":28303,"properties":{"y":2014,"n":"Coyote Flats","ag":"BLM","ac":1785.3,"c":14,"cl":"Unknown","ad":"2017-01-27","cd":"","st":"WA","se":4},"geometry":{"type":"Polygon","coordinates":[[[-119.56026,47.5042],[-119.5491,47.49619],[-119.55219,47.49377],[-119.54412,47.48619],[-119.55169,47.4875],[-119.55406,47.48536],[-119.55277,47.48567],[-119.54819,47.48463],[-119.56111,47.48295],[-119.55768,47.48931],[-119.56324,47.49817],[-119.56327,47.49437],[-119.56921,47.49655],[-119.5706,47.49287],[-119.57558,47.49413],[-119.57625,47.49078],[-119.57115,47.4909],[-119.57672,47.48977],[-119.57644,47.48474],[-119.58222,47.48442],[-119.58251,47.49237],[-119.57865,47.497],[-119.58709,47.5012],[-119.58489,47.50205],[-119.58467,47.5023],[-119.58434,47.51303],[-119.58722,47.51311],[-119.58454,47.51658],[-119.58716,47.5179],[-119.58421,47.52304],[-119.5753,47.52517],[-119.56552,47.52018],[-119.56591,47.51491],[-119.5573,47.51321],[-119.56026,47.5042]],[[-119.55475,47.49846],[-119.55468,47.49841],[-119.55478,47.49847],[-119.55475,47.49846]]]},"bbox":[-119.58722,47.48282,-119.54401,47.52523]},{"type":"Feature","id":28304,"properties":{"y":2014,"n":"Palisades Flat","ag":"BLM","ac":1037.2,"c":14,"cl":"Unknown","ad":"2017-01-27","cd":"","st":"WA","se":4},"geometry":{"type":"Polygon","coordinates":[[[-119.77607,47.42489],[-119.76763,47.41966],[-119.76095,47.42468],[-119.75318,47.42401],[-119.7536,47.41173],[-119.77125,47.41536],[-119.78151,47.42426],[-119.78917,47.42483],[-119.78881,47.42742],[-119.79218,47.42421],[-119.79787,47.42872],[-119.79254,47.42986],[-119.803,47.4339],[-119.80072,47.43721],[-119.80393,47.44021],[-119.78622,47.43219],[-119.77524,47.43902],[-119.76955,47.437],[-119.77105,47.42955],[-119.77607,47.42489]]]},"bbox":[-119.80409,47.41075,-119.75261,47.44078]},{"type":"Feature","id":28305,"properties":{"y":2014,"n":"Burton Draw","ag":"BLM","ac":121.0,"c":14,"cl":"Unknown","ad":"2017-01-27","cd":"","st":"WA","se":4},"geometry":{"type":"Polygon","coordinates":[[[-119.578,47.66339],[-119.57134,47.66207],[-119.57754,47.66123],[-119.57145,47.65936],[-119.58607,47.65581],[-119.58897,47.65853],[-119.578,47.66339]]]},"bbox":[-119.58897,47.65581,-119.57134,47.66392]},{"type":"Feature","id":28306,"properties":{"y":2014,"n":"Highland","ag":"BLM","ac":109.1,"c":14,"cl":"Unknown","ad":"2017-01-27","cd":"","st":"WA","se":4},"geometry":{"type":"Polygon","coordinates":[[[-119.52261,48.05348],[-119.52124,48.05321],[-119.52026,48.05327],[-119.51983,48.05311],[-119.5185,48.05431],[-119.51692,48.0535],[-119.52132,48.05196],[-119.51441,48.04919],[-119.51368,48.04817],[-119.51991,48.04989],[-119.51755,48.04718],[-119.5211,48.04865],[-119.52249,48.04605],[-119.52928,48.05096],[-119.52261,48.05348]],[[-119.5226,48.05347],[-119.5226,48.05347],[-119.5226,48.05347],[-119.5226,48.05347]]]},"bbox":[-119.52928,48.04605,-119.51368,48.05431]},{"type":"Feature","id":28307,"properties":{"y":2014,"n":"Highway 243","ag":"BLM","ac":68.1,"c":14,"cl":"Unknown","ad":"2017-01-27","cd":"","st":"WA","se":4},"geometry":{"type":"Polygon","coordinates":[[[-119.92425,46.78975],[-119.92484,46.79934],[-119.92105,46.80214],[-119.92045,46.79557],[-119.92289,46.79482],[-119.92069,46.79188],[-119.92425,46.78975]]]},"bbox":[-119.9249,46.78974,-119.92045,46.80215]},{"type":"Feature","id":28308,"properties":{"y":2014,"n":"Fishtrap Shoot Pit","ag":"BLM","ac":37.5,"c":14,"cl":"Unknown","ad":"2017-01-27","cd":"","st":"WA","se":4},"geometry":{"type":"Polygon","coordinates":[[[-117.85914,47.35845],[-117.8505,47.36204],[-117.84704,47.36163],[-117.85667,47.3589],[-117.85392,47.35823],[-117.85402,47.35775],[-117.85914,47.35845]]]},"bbox":[-117.85914,47.35774,-117.84704,47.36204]},{"type":"Feature","id":28309,"properties":{"y":2014,"n":"Malaga","ag":"BLM","ac":1149.9,"c":14,"cl":"Unknown","ad":"2017-01-27","cd":"","st":"WA","se":4},"geometry":{"type":"Polygon","coordinates":[[[-120.13728,47.35762],[-120.10733,47.33541],[-120.09994,47.32249],[-120.11258,47.3282],[-120.118,47.33267],[-120.11739,47.33536],[-120.12789,47.33665],[-120.13553,47.34374],[-120.15047,47.34859],[-120.15528,47.35954],[-120.15035,47.36153],[-120.13728,47.35762]]]},"bbox":[-120.15529,47.32151,-120.09994,47.36162]},{"type":"Feature","id":28310,"properties":{"y":2014,"n":"R Road","ag":"BLM","ac":3319.7,"c":14,"cl":"Unknown","ad":"2014-07-16","cd":"","st":"WA","se":4},"geometry":{"type":"Polygon","coordinates":[[[-119.32093,47.88107],[-119.33981,47.89788],[-119.33363,47.90824],[-119.32333,47.91054],[-119.27801,47.91629],[-119.26634,47.90801],[-119.29793,47.88407],[-119.32093,47.88107]]]},"bbox":[-119.33981,47.88107,-119.26634,47.91629]},{"type":"Feature","id":28311,"properties":{"y":2014,"n":"Bighorn","ag":"BLM","ac":266.0,"c":14,"cl":"Unknown","ad":"2017-01-27","cd":"","st":"WA","se":4},"geometry":{"type":"Polygon","coordinates":[[[-120.50391,46.89714],[-120.48651,46.89259],[-120.48348,46.88547],[-120.49218,46.88411],[-120.50391,46.89714]]]},"bbox":[-120.50413,46.88337,-120.48348,46.89854]},{"type":"Feature","id":28312,"properties":{"y":2014,"n":"Carlton","ag":"BLM","ac":230101.7,"c":14,"cl":"Unknown","ad":"2017-01-27","cd":"","st":"WA","se":4},"geometry":{"type":"Polygon","coordinates":[[[-120.08878,48.08183],[-120.07794,48.09246],[-120.09377,48.09262],[-120.09393,48.09572],[-120.09903,48.09291],[-120.10141,48.09768],[-120.10669,48.09769],[-120.12115,48.1088],[-120.12522,48.11335],[-120.12168,48.11589],[-120.1321,48.12579],[-120.12814,48.12761],[-120.12988,48.13007],[-120.12648,48.13421],[-120.14242,48.13292],[-120.14531,48.14166],[-120.14288,48.14484],[-120.14833,48.14804],[-120.14114,48.15463],[-120.13926,48.16404],[-120.13093,48.17355],[-120.12232,48.17709],[-120.11981,48.18424],[-120.15821,48.19115],[-120.16725,48.18518],[-120.19106,48.17756],[-120.1956,48.1805],[-120.1943,48.18638],[-120.19872,48.18999],[-120.19947,48.1871],[-120.20792,48.18609],[-120.20928,48.18345],[-120.22424,48.18485],[-120.2224,48.1895],[-120.20708,48.20058],[-120.23693,48.19324],[-120.24427,48.19859],[-120.23086,48.20164],[-120.23459,48.20667],[-120.22211,48.2066],[-120.20957,48.21135],[-120.19846,48.20545],[-120.1867,48.20441],[-120.22473,48.21896],[-120.22668,48.22488],[-120.21689,48.23276],[-120.19794,48.23054],[-120.19517,48.22768],[-120.18106,48.22972],[-120.1803,48.23631],[-120.17543,48.23917],[-120.17521,48.24402],[-120.1809,48.24659],[-120.17774,48.24931],[-120.15057,48.24775],[-120.1369,48.23848],[-120.11467,48.23189],[-120.11011,48.24129],[-120.09931,48.24789],[-120.0945,48.24792],[-120.09086,48.24335],[-120.07724,48.2471],[-120.06884,48.26177],[-120.05835,48.26325],[-120.07234,48.2633],[-120.07317,48.26616],[-120.05508,48.27527],[-120.05185,48.28213],[-120.04682,48.28256],[-120.04264,48.28947],[-120.04551,48.29314],[-120.04287,48.29643],[-120.04382,48.30583],[-120.04824,48.30861],[-120.03447,48.32733],[-120.02769,48.33102],[-120.03557,48.33754],[-120.0454,48.33288],[-120.04604,48.3406],[-120.05015,48.3439],[-120.06434,48.34563],[-120.06491,48.3491],[-120.07361,48.35135],[-120.06921,48.36906],[-120.07905,48.37069],[-120.0839,48.37565],[-120.0949,48.37737],[-120.10514,48.3831],[-120.1166,48.39678],[-120.11502,48.40618],[-120.1187,48.42147],[-120.11728,48.43241],[-120.11219,48.43686],[-120.11627,48.43886],[-120.11872,48.45186],[-120.11384,48.45822],[-120.12252,48.46799],[-120.12283,48.47959],[-120.11621,48.47838],[-120.11536,48.48148],[-120.12284,48.48243],[-120.12222,48.48742],[-120.10506,48.49708],[-120.08478,48.49744],[-120.06349,48.49058],[-120.05944,48.49559],[-120.05051,48.49283],[-120.05022,48.48963],[-120.03156,48.47791],[-120.02504,48.47849],[-120.02694,48.48149],[-120.02406,48.48439],[-120.01892,48.48179],[-120.01739,48.4776],[-120.02298,48.46553],[-120.01445,48.46173],[-120.01006,48.45449],[-120.00365,48.45375],[-119.99371,48.4643],[-119.97837,48.46286],[-119.97553,48.46041],[-119.9858,48.45575],[-119.98483,48.45046],[-119.96917,48.4518],[-119.96759,48.44592],[-119.9835,48.4391],[-119.97356,48.43297],[-119.97382,48.42704],[-119.96586,48.41996],[-119.96866,48.41709],[-119.96205,48.41783],[-119.94247,48.40549],[-119.92378,48.40388],[-119.92535,48.39745],[-119.9371,48.39338],[-119.92591,48.38952],[-119.90502,48.39078],[-119.91281,48.37606],[-119.91953,48.37312],[-119.91204,48.37342],[-119.90018,48.36726],[-119.89535,48.36868],[-119.89962,48.3664],[-119.89606,48.3642],[-119.90722,48.36415],[-119.90807,48.36076],[-119.90077,48.3567],[-119.90922,48.356],[-119.90782,48.35228],[-119.89958,48.34659],[-119.89434,48.34964],[-119.88398,48.3465],[-119.88473,48.35016],[-119.87687,48.34967],[-119.87175,48.34445],[-119.87216,48.33828],[-119.86685,48.33408],[-119.85782,48.31392],[-119.85238,48.31592],[-119.85955,48.32909],[-119.85769,48.34116],[-119.84992,48.33471],[-119.84629,48.33585],[-119.83878,48.33014],[-119.8315,48.32963],[-119.83528,48.33197],[-119.83185,48.33802],[-119.82593,48.34326],[-119.82027,48.34111],[-119.81969,48.34465],[-119.81341,48.34833],[-119.79932,48.34187],[-119.78952,48.33216],[-119.78606,48.33381],[-119.79039,48.33566],[-119.78657,48.34015],[-119.77831,48.34022],[-119.77885,48.33295],[-119.76942,48.33651],[-119.76997,48.34033],[-119.75624,48.35243],[-119.74809,48.34922],[-119.74842,48.34414],[-119.73707,48.34181],[-119.72189,48.34808],[-119.71767,48.34207],[-119.72299,48.3373],[-119.71673,48.33267],[-119.7057,48.3403],[-119.6994,48.33401],[-119.69322,48.33447],[-119.67704,48.32702],[-119.68756,48.31526],[-119.70714,48.30893],[-119.70506,48.30616],[-119.6985,48.30756],[-119.70189,48.30507],[-119.69615,48.30622],[-119.69594,48.30094],[-119.70871,48.29811],[-119.71636,48.28167],[-119.72804,48.27567],[-119.73896,48.25762],[-119.74114,48.24626],[-119.74084,48.24297],[-119.73471,48.24228],[-119.72852,48.23032],[-119.72128,48.22933],[-119.71813,48.21893],[-119.71205,48.21802],[-119.67601,48.18854],[-119.70339,48.20649],[-119.71533,48.2093],[-119.71823,48.21679],[-119.73578,48.23147],[-119.73374,48.23531],[-119.74053,48.23557],[-119.72629,48.21356],[-119.73233,48.21512],[-119.73114,48.20901],[-119.73764,48.22258],[-119.7409,48.22395],[-119.73727,48.21888],[-119.7386,48.21299],[-119.73298,48.20781],[-119.73104,48.20009],[-119.72464,48.19889],[-119.71147,48.18536],[-119.7125,48.14371],[-119.69994,48.13324],[-119.7008,48.12637],[-119.71619,48.13435],[-119.74925,48.13419],[-119.75562,48.14136],[-119.75654,48.14797],[-119.76159,48.14944],[-119.76357,48.14365],[-119.77786,48.14062],[-119.78172,48.1429],[-119.7885,48.13938],[-119.78531,48.12671],[-119.79028,48.11339],[-119.80037,48.10565],[-119.8026,48.09846],[-119.82304,48.08755],[-119.8375,48.08456],[-119.86231,48.06993],[-119.88512,48.06217],[-119.90175,48.05147],[-119.91686,48.04821],[-119.92549,48.05108],[-119.91387,48.04557],[-119.89895,48.04702],[-119.87491,48.01559],[-119.88465,48.00727],[-119.88364,47.99717],[-119.88926,47.98283],[-119.88834,47.97437],[-119.89273,47.96948],[-119.91782,47.98406],[-119.92495,47.98518],[-119.93365,47.98339],[-119.93017,47.96737],[-119.93869,47.96187],[-119.95387,47.96437],[-119.95903,47.97831],[-119.93828,47.98792],[-119.93525,47.99305],[-119.94332,47.99598],[-119.93907,47.99953],[-119.94442,48.00388],[-119.9393,48.00648],[-119.93828,48.01548],[-119.9322,48.02264],[-119.93548,48.02629],[-119.95051,48.02895],[-119.95455,48.03884],[-119.964,48.03969],[-119.95865,48.04746],[-119.97603,48.0392],[-119.98367,48.04013],[-119.98398,48.02755],[-119.98938,48.03094],[-119.99269,48.02931],[-119.98887,48.02811],[-119.99874,48.02646],[-119.99835,48.02369],[-120.02215,48.03103],[-120.02527,48.02668],[-120.03018,48.02616],[-120.03878,48.03486],[-120.04452,48.02786],[-120.05197,48.02707],[-120.0532,48.03275],[-120.06282,48.03296],[-120.06369,48.04615],[-120.08647,48.05286],[-120.08788,48.05549],[-120.08458,48.05922],[-120.08735,48.06073],[-120.08378,48.06788],[-120.07255,48.06687],[-120.07609,48.074],[-120.06915,48.0756],[-120.07555,48.07899],[-120.08875,48.07529],[-120.08878,48.08183]],[[-119.85175,48.16422],[-119.83405,48.1571],[-119.8302,48.16503],[-119.82047,48.16488],[-119.82392,48.18062],[-119.82024,48.19188],[-119.8275,48.19712],[-119.82412,48.20543],[-119.83186,48.22027],[-119.84357,48.22742],[-119.84264,48.23736],[-119.85272,48.24385],[-119.84926,48.24487],[-119.86879,48.25184],[-119.87333,48.25575],[-119.87157,48.25752],[-119.88639,48.26327],[-119.8884,48.26773],[-119.89176,48.26611],[-119.8943,48.27218],[-119.9053,48.27035],[-119.90655,48.2735],[-119.91043,48.27322],[-119.89993,48.26623],[-119.91314,48.26448],[-119.92284,48.26737],[-119.91488,48.26789],[-119.91868,48.27407],[-119.92764,48.27122],[-119.93658,48.27583],[-119.93311,48.27908],[-119.9575,48.28075],[-119.96804,48.28982],[-119.97675,48.28997],[-119.97786,48.28551],[-119.98275,48.28693],[-119.97936,48.28002],[-119.96997,48.27717],[-119.969,48.27344],[-119.97497,48.27453],[-119.97597,48.2711],[-119.97048,48.26553],[-119.97156,48.26264],[-119.96603,48.26107],[-119.96635,48.25523],[-119.96149,48.24729],[-119.97403,48.24813],[-119.96881,48.24109],[-119.97161,48.23527],[-119.97912,48.23184],[-119.97569,48.22818],[-119.9855,48.23],[-119.99064,48.22787],[-119.9948,48.2343],[-119.99192,48.23612],[-119.99401,48.24076],[-120.00593,48.24315],[-120.00818,48.24153],[-119.99734,48.22528],[-119.99887,48.22134],[-119.99404,48.21854],[-119.97363,48.22242],[-119.95113,48.21625],[-119.94693,48.21766],[-119.9433,48.21363],[-119.92741,48.21217],[-119.92204,48.20408],[-119.90933,48.19536],[-119.90135,48.1936],[-119.88616,48.17105],[-119.87117,48.16727],[-119.85893,48.15999],[-119.85175,48.16422]],[[-119.97615,48.44909],[-119.97615,48.44909],[-119.97615,48.44909],[-119.97615,48.44909]],[[-119.98181,48.27148],[-120.00334,48.27922],[-120.00506,48.26942],[-120.00893,48.26797],[-120.00104,48.26353],[-119.98978,48.26259],[-119.98168,48.26561],[-119.98181,48.27148]],[[-120.08876,48.08181],[-120.08875,48.08182],[-120.08876,48.08182],[-120.08876,48.08181]]]},"bbox":[-120.24427,47.96181,-119.67598,48.4981]},{"type":"Feature","id":28313,"properties":{"y":2014,"n":"Mills Canyon","ag":"BLM","ac":22002.3,"c":14,"cl":"Unknown","ad":"2017-01-27","cd":"","st":"WA","se":4},"geometry":{"type":"Polygon","coordinates":[[[-120.31298,47.56894],[-120.31859,47.57187],[-120.32001,47.58583],[-120.33483,47.59568],[-120.33681,47.60214],[-120.33259,47.60805],[-120.35002,47.60833],[-120.34605,47.61476],[-120.35393,47.61573],[-120.34868,47.62401],[-120.3505,47.6312],[-120.35525,47.63366],[-120.35104,47.63567],[-120.36384,47.63913],[-120.35642,47.64743],[-120.3653,47.6533],[-120.36125,47.6585],[-120.3663,47.66086],[-120.35479,47.67356],[-120.35693,47.68184],[-120.34722,47.6867],[-120.32628,47.68686],[-120.31883,47.68982],[-120.31825,47.68434],[-120.31209,47.67714],[-120.31335,47.67373],[-120.30267,47.66455],[-120.22968,47.66149],[-120.22815,47.6506],[-120.24094,47.63285],[-120.24474,47.5978],[-120.26058,47.57075],[-120.27483,47.56368],[-120.30438,47.57676],[-120.30665,47.57495],[-120.30458,47.57181],[-120.31298,47.56894]]]},"bbox":[-120.3663,47.56368,-120.22708,47.68982]},{"type":"Feature","id":28314,"properties":{"y":2014,"n":"Sand Ridge","ag":"BLM","ac":2276.9,"c":14,"cl":"Unknown","ad":"2017-01-27","cd":"","st":"WA","se":4},"geometry":{"type":"Polygon","coordinates":[[[-120.12706,46.04104],[-120.11218,46.03886],[-120.11092,46.03403],[-120.10237,46.03041],[-120.09737,46.02245],[-120.09125,46.02438],[-120.08242,46.01945],[-120.08179,46.01516],[-120.07268,46.01525],[-120.07053,46.01033],[-120.08464,46.00589],[-120.08902,46.01221],[-120.10098,46.01603],[-120.1249,46.00946],[-120.11781,46.01632],[-120.11252,46.01661],[-120.11391,46.01955],[-120.12427,46.02027],[-120.12365,46.01704],[-120.13102,46.02032],[-120.13609,46.01559],[-120.17865,46.021],[-120.15334,46.02732],[-120.14284,46.02612],[-120.14472,46.02341],[-120.14249,46.02216],[-120.13088,46.03075],[-120.10446,46.02274],[-120.10627,46.02699],[-120.11704,46.03177],[-120.12706,46.04104]]]},"bbox":[-120.17879,46.00589,-120.07025,46.04108]},{"type":"Feature","id":28315,"properties":{"y":2014,"n":"I-82 Manastash","ag":"BLM","ac":1996.9,"c":14,"cl":"Unknown","ad":"2017-01-27","cd":"","st":"WA","se":4},"geometry":{"type":"Polygon","coordinates":[[[-120.44793,46.89486],[-120.42854,46.88654],[-120.42264,46.87395],[-120.41204,46.86539],[-120.41228,46.85727],[-120.41473,46.86253],[-120.41707,46.85876],[-120.40791,46.84025],[-120.41252,46.84099],[-120.41461,46.83516],[-120.42063,46.84045],[-120.41715,46.84258],[-120.41973,46.84703],[-120.42405,46.842],[-120.42733,46.84308],[-120.42368,46.85666],[-120.42873,46.85482],[-120.433,46.85839],[-120.43055,46.86152],[-120.43707,46.86814],[-120.43535,46.87191],[-120.43772,46.86903],[-120.44066,46.87391],[-120.44357,46.87176],[-120.44654,46.87845],[-120.45193,46.88127],[-120.44976,46.88445],[-120.45284,46.88956],[-120.44793,46.89486]]]},"bbox":[-120.45288,46.83508,-120.40791,46.89516]},{"type":"Feature","id":28316,"properties":{"y":2014,"n":"Cottonwood 2","ag":"BLM","ac":8943.9,"c":14,"cl":"Unknown","ad":"2017-01-27","cd":"","st":"WA","se":4},"geometry":{"type":"Polygon","coordinates":[[[-120.52033,46.7766],[-120.49142,46.77026],[-120.48844,46.76523],[-120.49371,46.76536],[-120.48909,46.76117],[-120.47468,46.75785],[-120.47941,46.75296],[-120.4764,46.74215],[-120.46467,46.73707],[-120.45367,46.72405],[-120.48438,46.70385],[-120.48954,46.70932],[-120.49878,46.70849],[-120.50594,46.716],[-120.50569,46.72046],[-120.50998,46.7249],[-120.50838,46.73685],[-120.52248,46.73759],[-120.52042,46.73297],[-120.52418,46.73038],[-120.53205,46.73759],[-120.53929,46.7385],[-120.54748,46.75676],[-120.56384,46.76932],[-120.57052,46.7787],[-120.56586,46.78355],[-120.56177,46.77925],[-120.54261,46.78509],[-120.52033,46.7766]]]},"bbox":[-120.57052,46.70385,-120.45367,46.78509]},{"type":"Feature","id":28317,"properties":{"y":2014,"n":"Rock Hill","ag":"BLM","ac":1079.0,"c":14,"cl":"Unknown","ad":"2017-01-27","cd":"","st":"WA","se":4},"geometry":{"type":"Polygon","coordinates":[[[-119.87925,47.90411],[-119.87775,47.9021],[-119.8677,47.90688],[-119.8685,47.89844],[-119.87616,47.89298],[-119.86866,47.8924],[-119.86987,47.88902],[-119.86587,47.88628],[-119.86247,47.87464],[-119.86948,47.87403],[-119.87329,47.87955],[-119.88799,47.8878],[-119.90051,47.89024],[-119.89342,47.89926],[-119.88464,47.89893],[-119.87925,47.90411]]]},"bbox":[-119.90086,47.87398,-119.86205,47.90725]},{"type":"Feature","id":28318,"properties":{"y":2014,"n":"Snag Canyon","ag":"BLM","ac":12561.8,"c":14,"cl":"Unknown","ad":"2017-01-27","cd":"","st":"WA","se":4},"geometry":{"type":"Polygon","coordinates":[[[-120.46048,47.21172],[-120.461,47.20496],[-120.45709,47.20051],[-120.46181,47.19603],[-120.4568,47.19196],[-120.45488,47.183],[-120.45826,47.1791],[-120.44886,47.17068],[-120.45158,47.16886],[-120.452,47.16633],[-120.44453,47.17333],[-120.43697,47.17313],[-120.43608,47.17866],[-120.43924,47.18144],[-120.4356,47.18237],[-120.44044,47.18421],[-120.43686,47.19195],[-120.42736,47.1994],[-120.43007,47.20261],[-120.42331,47.20788],[-120.41829,47.20745],[-120.41909,47.20521],[-120.41523,47.20891],[-120.4111,47.2084],[-120.40691,47.20146],[-120.39954,47.20266],[-120.40781,47.19315],[-120.42585,47.18834],[-120.42515,47.18121],[-120.42919,47.17944],[-120.43194,47.17065],[-120.42532,47.17136],[-120.43191,47.16964],[-120.42703,47.16259],[-120.43218,47.16555],[-120.43623,47.16072],[-120.43204,47.14329],[-120.43435,47.13415],[-120.43922,47.13364],[-120.43566,47.1281],[-120.43685,47.12274],[-120.44277,47.12633],[-120.44495,47.12322],[-120.45554,47.12175],[-120.46294,47.13155],[-120.46718,47.13021],[-120.46723,47.12499],[-120.47036,47.12545],[-120.4756,47.12944],[-120.48352,47.12901],[-120.49606,47.13834],[-120.50344,47.13352],[-120.51784,47.14103],[-120.52514,47.13536],[-120.54159,47.13924],[-120.54327,47.14357],[-120.54928,47.14515],[-120.55084,47.14916],[-120.54681,47.15016],[-120.53981,47.16879],[-120.53581,47.16836],[-120.53487,47.16521],[-120.5245,47.16644],[-120.52928,47.17319],[-120.54192,47.17743],[-120.53591,47.18921],[-120.52984,47.18962],[-120.52406,47.18416],[-120.51817,47.1837],[-120.51561,47.17794],[-120.51467,47.18273],[-120.50683,47.18407],[-120.50338,47.17582],[-120.49825,47.1763],[-120.49993,47.17269],[-120.49182,47.17311],[-120.4829,47.16701],[-120.47794,47.16758],[-120.47512,47.17821],[-120.48181,47.18144],[-120.48114,47.19201],[-120.4735,47.19573],[-120.47025,47.20495],[-120.46401,47.20554],[-120.46563,47.21088],[-120.46048,47.21172]]]},"bbox":[-120.55084,47.12175,-120.39916,47.21193]},{"type":"Feature","id":28319,"properties":{"y":2014,"n":"Box Canyon","ag":"BLM","ac":54.7,"c":14,"cl":"Unknown","ad":"2017-01-27","cd":"","st":"WA","se":4},"geometry":{"type":"Polygon","coordinates":[[[-120.54717,45.94184],[-120.54881,45.94634],[-120.54041,45.94317],[-120.54717,45.94184]]]},"bbox":[-120.55024,45.94181,-120.54038,45.94634]},{"type":"Feature","id":28320,"properties":{"y":2014,"n":"Lake Spokane","ag":"BLM","ac":1016.0,"c":14,"cl":"Unknown","ad":"2017-01-27","cd":"","st":"WA","se":4},"geometry":{"type":"Polygon","coordinates":[[[-117.84996,47.85019],[-117.8282,47.871],[-117.82283,47.87226],[-117.82282,47.87541],[-117.80927,47.87771],[-117.80985,47.86996],[-117.83164,47.8501],[-117.8438,47.84722],[-117.84996,47.85019]]]},"bbox":[-117.84996,47.84722,-117.8078,47.87779]},{"type":"Feature","id":28321,"properties":{"y":2015,"n":"Chopaka","ag":"BLM","ac":213.3,"c":14,"cl":"Unknown","ad":"2017-01-27","cd":"","st":"WA","se":4},"geometry":{"type":"Polygon","coordinates":[[[-119.73819,49.01335],[-119.73119,49.01542],[-119.73279,49.01128],[-119.72898,49.00012],[-119.74221,48.99961],[-119.73527,49.00429],[-119.73819,49.01335]]]},"bbox":[-119.74221,48.9991,-119.7289,49.01681]},{"type":"Feature","id":28322,"properties":{"y":2015,"n":"Mp 30.5","ag":"BLM","ac":57.1,"c":14,"cl":"Unknown","ad":"2015-06-05","cd":"","st":"WA","se":4},"geometry":{"type":"Polygon","coordinates":[[[-119.86987,46.5372],[-119.88055,46.53332],[-119.87374,46.53992],[-119.86987,46.5372]]]},"bbox":[-119.88055,46.53229,-119.86986,46.53992]},{"type":"Feature","id":28323,"properties":{"y":2015,"n":"South Sulphur","ag":"BLM","ac":763.7,"c":14,"cl":"Unknown","ad":"2017-01-27","cd":"","st":"WA","se":4},"geometry":{"type":"Polygon","coordinates":[[[-119.65989,47.60478],[-119.64211,47.60624],[-119.63788,47.60194],[-119.62194,47.60056],[-119.62492,47.59456],[-119.62014,47.59238],[-119.63022,47.59251],[-119.63546,47.58493],[-119.63615,47.5924],[-119.64139,47.59261],[-119.64176,47.58563],[-119.64812,47.5853],[-119.64635,47.59609],[-119.6505,47.59768],[-119.64959,47.60149],[-119.65365,47.60183],[-119.65259,47.60417],[-119.65989,47.60478]]]},"bbox":[-119.66006,47.58493,-119.62014,47.60668]},{"type":"Feature","id":28324,"properties":{"y":2015,"n":"Les Blair","ag":"BLM","ac":865.6,"c":14,"cl":"Unknown","ad":"2017-01-27","cd":"","st":"WA","se":4},"geometry":{"type":"Polygon","coordinates":[[[-119.10872,45.94592],[-119.10858,45.95134],[-119.07525,45.9638],[-119.05194,45.97773],[-119.05269,45.97248],[-119.0397,45.97682],[-119.03245,45.98422],[-119.02777,45.98216],[-119.0305,45.97978],[-119.02665,45.97723],[-119.03109,45.97501],[-119.06406,45.96603],[-119.10872,45.94592]]]},"bbox":[-119.10882,45.94592,-119.02665,45.98422]},{"type":"Feature","id":28325,"properties":{"y":2015,"n":"Berrian","ag":"BLM","ac":876.8,"c":14,"cl":"Unknown","ad":"2017-01-27","cd":"","st":"WA","se":4},"geometry":{"type":"Polygon","coordinates":[[[-119.21207,45.93749],[-119.20496,45.94529],[-119.18803,45.9462],[-119.18067,45.94307],[-119.17835,45.94495],[-119.18022,45.95018],[-119.17299,45.94974],[-119.17053,45.9462],[-119.18087,45.94133],[-119.17941,45.93812],[-119.16315,45.94041],[-119.15899,45.93822],[-119.15353,45.94221],[-119.15262,45.94687],[-119.14647,45.94846],[-119.15115,45.93808],[-119.17854,45.93465],[-119.21207,45.93749]]]},"bbox":[-119.21207,45.93465,-119.14647,45.95018]},{"type":"Feature","id":28326,"properties":{"y":2015,"n":"Saddle Mountain","ag":"BLM","ac":446.7,"c":14,"cl":"Unknown","ad":"2017-01-27","cd":"","st":"WA","se":4},"geometry":{"type":"Polygon","coordinates":[[[-119.50919,46.81718],[-119.49616,46.81962],[-119.47338,46.81412],[-119.47679,46.80951],[-119.4946,46.81218],[-119.50132,46.80966],[-119.49905,46.81514],[-119.50801,46.81228],[-119.51079,46.81356],[-119.50919,46.81718]]]},"bbox":[-119.51079,46.80951,-119.47338,46.81962]},{"type":"Feature","id":28327,"properties":{"y":2015,"n":"Monument","ag":"BLM","ac":1954.2,"c":14,"cl":"Unknown","ad":"2017-01-27","cd":"","st":"WA","se":4},"geometry":{"type":"Polygon","coordinates":[[[-119.76861,47.30322],[-119.7521,47.28589],[-119.75741,47.28379],[-119.75795,47.27854],[-119.76906,47.27805],[-119.76936,47.28545],[-119.77962,47.28298],[-119.77815,47.29344],[-119.78048,47.29953],[-119.7837,47.30185],[-119.78926,47.29926],[-119.78902,47.29651],[-119.79216,47.29712],[-119.79924,47.31189],[-119.79629,47.31661],[-119.79252,47.31597],[-119.79941,47.31876],[-119.79055,47.32422],[-119.78281,47.32275],[-119.77732,47.31846],[-119.77782,47.31207],[-119.77111,47.30785],[-119.77602,47.3087],[-119.77555,47.30568],[-119.76861,47.30322]]]},"bbox":[-119.79941,47.27805,-119.7521,47.32449]},{"type":"Feature","id":28328,"properties":{"y":2015,"n":"Beezley Hill","ag":"BLM","ac":1668.1,"c":14,"cl":"Unknown","ad":"2017-01-27","cd":"","st":"WA","se":4},"geometry":{"type":"Polygon","coordinates":[[[-119.87052,47.30508],[-119.86138,47.30138],[-119.86132,47.2948],[-119.85819,47.29205],[-119.86576,47.29195],[-119.86552,47.27734],[-119.87214,47.27726],[-119.87439,47.2739],[-119.89776,47.27422],[-119.89624,47.29394],[-119.89128,47.29686],[-119.88745,47.29498],[-119.88114,47.30035],[-119.87645,47.29995],[-119.87803,47.30434],[-119.87052,47.30508]]]},"bbox":[-119.89776,47.27344,-119.85819,47.30533]},{"type":"Feature","id":28329,"properties":{"y":2015,"n":"Willow Springs","ag":"BLM","ac":486.1,"c":14,"cl":"Unknown","ad":"2017-01-27","cd":"","st":"WA","se":4},"geometry":{"type":"Polygon","coordinates":[[[-119.94484,47.28417],[-119.93502,47.28385],[-119.92972,47.27854],[-119.93848,47.27612],[-119.94244,47.26321],[-119.94745,47.26282],[-119.94955,47.26414],[-119.94611,47.27067],[-119.94969,47.2728],[-119.94539,47.27723],[-119.95455,47.27725],[-119.94484,47.28417]]]},"bbox":[-119.95455,47.26275,-119.92971,47.28455]},{"type":"Feature","id":28330,"properties":{"y":2015,"n":"Jameson Lake","ag":"BLM","ac":6361.8,"c":14,"cl":"Unknown","ad":"2017-01-27","cd":"","st":"WA","se":4},"geometry":{"type":"Polygon","coordinates":[[[-119.50181,47.63426],[-119.5133,47.63526],[-119.50742,47.6355],[-119.5189,47.63958],[-119.51887,47.64254],[-119.56317,47.63598],[-119.59877,47.63768],[-119.58564,47.64458],[-119.59198,47.64682],[-119.58309,47.64736],[-119.58869,47.65179],[-119.59557,47.65129],[-119.59574,47.6547],[-119.59955,47.65348],[-119.60052,47.65607],[-119.57242,47.65637],[-119.55622,47.66617],[-119.52725,47.66966],[-119.50382,47.66915],[-119.49413,47.66378],[-119.45923,47.66306],[-119.45973,47.65577],[-119.46788,47.65366],[-119.46361,47.65238],[-119.48045,47.64883],[-119.49007,47.65295],[-119.49188,47.6413],[-119.50146,47.64098],[-119.50181,47.63426]]]},"bbox":[-119.60052,47.63398,-119.45881,47.66966]},{"type":"Feature","id":28331,"properties":{"y":2015,"n":"Rimrock","ag":"BLM","ac":812.1,"c":14,"cl":"Unknown","ad":"2017-01-27","cd":"","st":"WA","se":4},"geometry":{"type":"Polygon","coordinates":[[[-119.83305,47.52118],[-119.8293,47.52472],[-119.83093,47.53381],[-119.82313,47.53536],[-119.82352,47.53992],[-119.81664,47.54018],[-119.81896,47.54318],[-119.81621,47.54675],[-119.81635,47.54281],[-119.81199,47.54297],[-119.81095,47.53294],[-119.81984,47.51946],[-119.8128,47.51789],[-119.81086,47.51381],[-119.81475,47.51157],[-119.8248,47.51312],[-119.82274,47.52289],[-119.83321,47.51496],[-119.83305,47.52118]]]},"bbox":[-119.83405,47.51157,-119.81077,47.54687]},{"type":"Feature","id":28332,"properties":{"y":2015,"n":"Moses Stool","ag":"BLM","ac":14768.0,"c":14,"cl":"Unknown","ad":"2017-01-27","cd":"","st":"WA","se":4},"geometry":{"type":"Polygon","coordinates":[[[-119.98101,47.45708],[-119.98284,47.45499],[-119.98322,47.45019],[-119.97967,47.44929],[-119.98215,47.44134],[-119.9866,47.44381],[-119.98424,47.4452],[-119.99378,47.44566],[-120.00308,47.45198],[-120.00649,47.45917],[-119.99862,47.46649],[-120.00275,47.46914],[-119.99836,47.46909],[-119.99609,47.47488],[-119.986,47.47779],[-119.98467,47.47154],[-119.98208,47.47172],[-119.9843,47.46642],[-119.97814,47.47386],[-119.96559,47.47198],[-119.96043,47.47438],[-119.9646,47.47477],[-119.96389,47.48383],[-119.93903,47.49456],[-119.92731,47.49144],[-119.92723,47.49453],[-119.92317,47.49607],[-119.92035,47.49366],[-119.92521,47.48885],[-119.90582,47.49425],[-119.89973,47.48122],[-119.89551,47.48729],[-119.88938,47.48237],[-119.89605,47.49108],[-119.89137,47.49186],[-119.88813,47.49663],[-119.89005,47.499],[-119.87622,47.50194],[-119.87852,47.50393],[-119.87101,47.50941],[-119.87489,47.50898],[-119.87128,47.51287],[-119.86791,47.5107],[-119.85459,47.51269],[-119.85266,47.50716],[-119.84835,47.50865],[-119.84982,47.51032],[-119.84096,47.51054],[-119.84327,47.508],[-119.83785,47.50874],[-119.83629,47.49489],[-119.83235,47.49272],[-119.81644,47.49643],[-119.8186,47.49417],[-119.80999,47.48682],[-119.80592,47.48841],[-119.79956,47.48647],[-119.80263,47.48463],[-119.8062,47.48741],[-119.80906,47.48618],[-119.8054,47.48324],[-119.8112,47.4836],[-119.804,47.4782],[-119.82796,47.48522],[-119.831,47.48884],[-119.83784,47.48884],[-119.82321,47.48302],[-119.82309,47.48082],[-119.82856,47.48124],[-119.82219,47.4793],[-119.82673,47.47897],[-119.81605,47.47096],[-119.82228,47.46717],[-119.82265,47.46043],[-119.8328,47.45566],[-119.83284,47.4534],[-119.82894,47.45355],[-119.8179,47.46143],[-119.82952,47.44614],[-119.838,47.445],[-119.85912,47.45081],[-119.86471,47.45343],[-119.86686,47.46303],[-119.87263,47.46294],[-119.875,47.4663],[-119.87269,47.45808],[-119.87876,47.45473],[-119.8879,47.45533],[-119.88974,47.46218],[-119.90179,47.46242],[-119.90925,47.45617],[-119.907,47.45512],[-119.91363,47.45313],[-119.90913,47.45248],[-119.91112,47.45033],[-119.92134,47.44842],[-119.93068,47.45259],[-119.91917,47.44456],[-119.92487,47.43884],[-119.92785,47.44412],[-119.9317,47.43734],[-119.93899,47.43991],[-119.94681,47.44881],[-119.94204,47.46255],[-119.95284,47.46796],[-119.97319,47.46412],[-119.9828,47.46575],[-119.98369,47.45988],[-119.97618,47.45941],[-119.9742,47.45599],[-119.97302,47.451],[-119.97683,47.45212],[-119.97558,47.44915],[-119.9811,47.45156],[-119.98101,47.45708]]]},"bbox":[-120.00649,47.43731,-119.79956,47.51287]},{"type":"Feature","id":28333,"properties":{"y":2015,"n":"Outlaw Draw","ag":"BLM","ac":1980.2,"c":14,"cl":"Unknown","ad":"2017-01-27","cd":"","st":"WA","se":4},"geometry":{"type":"Polygon","coordinates":[[[-119.6774,47.67045],[-119.63572,47.67022],[-119.63338,47.6632],[-119.65114,47.66623],[-119.65461,47.66546],[-119.65369,47.66268],[-119.64848,47.66196],[-119.66862,47.65954],[-119.66835,47.65747],[-119.68262,47.66181],[-119.68117,47.66645],[-119.68472,47.66478],[-119.68434,47.66834],[-119.68998,47.66983],[-119.70043,47.66904],[-119.69889,47.67134],[-119.70239,47.67136],[-119.70708,47.66697],[-119.70445,47.66169],[-119.70705,47.66081],[-119.71879,47.66855],[-119.75117,47.67525],[-119.73121,47.67626],[-119.72757,47.68087],[-119.72327,47.68101],[-119.72036,47.67785],[-119.70474,47.67906],[-119.69753,47.67349],[-119.68133,47.6745],[-119.6774,47.67045]]]},"bbox":[-119.75117,47.65746,-119.63311,47.68101]},{"type":"Feature","id":28334,"properties":{"y":2015,"n":"Highway 8","ag":"BLM","ac":34191.9,"c":14,"cl":"Unknown","ad":"2017-01-27","cd":"","st":"WA","se":4},"geometry":{"type":"Polygon","coordinates":[[[-120.1665,45.83613],[-120.14644,45.83395],[-120.14441,45.8294],[-120.14247,45.83371],[-120.1472,45.83817],[-120.14403,45.83999],[-120.12631,45.8359],[-120.11418,45.83788],[-120.11196,45.83919],[-120.11674,45.8419],[-120.1155,45.84679],[-120.09525,45.83864],[-120.07758,45.84702],[-120.06382,45.84376],[-120.06543,45.83685],[-120.04863,45.83798],[-120.04585,45.82861],[-120.03015,45.82634],[-120.02429,45.81997],[-120.03763,45.82327],[-120.04155,45.81334],[-120.04955,45.81154],[-120.05615,45.81259],[-120.05622,45.81573],[-120.08881,45.81583],[-120.09489,45.80702],[-120.09874,45.81264],[-120.10283,45.80745],[-120.09036,45.80033],[-120.09088,45.791],[-120.18131,45.77187],[-120.19081,45.76148],[-120.20077,45.75767],[-120.20205,45.75355],[-120.22069,45.748],[-120.21708,45.74445],[-120.20294,45.7485],[-120.20514,45.74374],[-120.23533,45.72848],[-120.30299,45.72442],[-120.31195,45.72515],[-120.31343,45.73009],[-120.31573,45.72333],[-120.31744,45.72931],[-120.32347,45.73001],[-120.31809,45.73788],[-120.30739,45.74146],[-120.30927,45.74584],[-120.29415,45.74791],[-120.28481,45.7434],[-120.28955,45.75112],[-120.28315,45.75583],[-120.26981,45.76063],[-120.24077,45.76423],[-120.23635,45.76828],[-120.23979,45.77896],[-120.22724,45.79002],[-120.23174,45.79192],[-120.23464,45.79805],[-120.23996,45.799],[-120.24048,45.80672],[-120.24847,45.81086],[-120.26474,45.80879],[-120.29337,45.81266],[-120.29938,45.82662],[-120.3154,45.83078],[-120.32648,45.82983],[-120.32793,45.84343],[-120.33601,45.84802],[-120.33579,45.85466],[-120.34327,45.85598],[-120.34551,45.86674],[-120.31843,45.86623],[-120.30076,45.85964],[-120.29678,45.86412],[-120.29727,45.88107],[-120.27485,45.88109],[-120.27176,45.86462],[-120.26441,45.86385],[-120.25014,45.85141],[-120.23876,45.85235],[-120.2212,45.83768],[-120.21423,45.81005],[-120.19416,45.79936],[-120.19966,45.7978],[-120.20132,45.79194],[-120.18711,45.78719],[-120.15669,45.78775],[-120.1579,45.79638],[-120.13848,45.80545],[-120.15118,45.81344],[-120.17606,45.81692],[-120.185,45.82359],[-120.1895,45.82137],[-120.18986,45.83161],[-120.17934,45.83243],[-120.17461,45.82709],[-120.16103,45.83201],[-120.17228,45.83087],[-120.17176,45.83413],[-120.1665,45.83613]],[[-120.157,45.83295],[-120.15685,45.83313],[-120.15685,45.83313],[-120.157,45.83295]]]},"bbox":[-120.34573,45.72333,-120.02429,45.88109]},{"type":"Feature","id":28335,"properties":{"y":2015,"n":"Sleepy Hollow","ag":"BLM","ac":2924.0,"c":14,"cl":"Unknown","ad":"2017-01-27","cd":"","st":"WA","se":4},"geometry":{"type":"Polygon","coordinates":[[[-120.3995,47.44612],[-120.3879,47.46123],[-120.39845,47.46959],[-120.40002,47.47646],[-120.40439,47.4755],[-120.40525,47.47852],[-120.38728,47.47732],[-120.38518,47.47616],[-120.39226,47.47133],[-120.38574,47.47412],[-120.38825,47.47013],[-120.35033,47.46443],[-120.34424,47.45922],[-120.35231,47.4587],[-120.35092,47.45651],[-120.35949,47.45038],[-120.3529,47.4489],[-120.35362,47.44419],[-120.35684,47.44729],[-120.3567,47.44457],[-120.36141,47.44344],[-120.35437,47.44014],[-120.35638,47.43408],[-120.36742,47.43848],[-120.36907,47.42931],[-120.38794,47.43511],[-120.38919,47.44118],[-120.3995,47.44612]]]},"bbox":[-120.4055,47.42931,-120.34424,47.47958]},{"type":"Feature","id":28336,"properties":{"y":2015,"n":"9 Mile","ag":"BLM","ac":4712.9,"c":14,"cl":"Unknown","ad":"2017-01-27","cd":"","st":"WA","se":4},"geometry":{"type":"Polygon","coordinates":[[[-119.27452,48.99156],[-119.27002,48.98955],[-119.26927,48.98167],[-119.26586,48.9816],[-119.26895,48.97509],[-119.26512,48.97096],[-119.27759,48.96652],[-119.28755,48.95378],[-119.29195,48.95473],[-119.29781,48.94781],[-119.29241,48.94795],[-119.30892,48.93758],[-119.32715,48.94149],[-119.32577,48.94597],[-119.32002,48.94795],[-119.3221,48.95218],[-119.33254,48.95529],[-119.33406,48.95972],[-119.32962,48.96173],[-119.32371,48.95973],[-119.32631,48.97182],[-119.32308,48.97789],[-119.31039,48.97689],[-119.30152,48.98679],[-119.29294,48.98921],[-119.28745,48.99458],[-119.28899,48.99939],[-119.2797,49.00726],[-119.26362,49.00583],[-119.27452,48.99156]]]},"bbox":[-119.33406,48.93758,-119.26362,49.00804]},{"type":"Feature","id":28337,"properties":{"y":2015,"n":"Gold Hill","ag":"BLM","ac":410.5,"c":14,"cl":"Unknown","ad":"2017-01-27","cd":"","st":"WA","se":4},"geometry":{"type":"Polygon","coordinates":[[[-118.01528,48.64538],[-118.00852,48.63261],[-118.01431,48.62563],[-118.01658,48.62636],[-118.01425,48.62932],[-118.02574,48.62956],[-118.02876,48.63302],[-118.02253,48.63457],[-118.021,48.64321],[-118.01528,48.64538]]]},"bbox":[-118.02876,48.62563,-118.00852,48.64538]},{"type":"Feature","id":28338,"properties":{"y":2015,"n":"Carpenter Road","ag":"BLM","ac":63736.5,"c":14,"cl":"Unknown","ad":"2017-01-27","cd":"","st":"WA","se":4},"geometry":{"type":"Polygon","coordinates":[[[-117.98704,48.17068],[-117.98112,48.16092],[-117.96681,48.162],[-117.96333,48.15819],[-117.97024,48.15194],[-117.96346,48.15066],[-117.97726,48.14697],[-117.97402,48.14484],[-117.97871,48.13992],[-117.96722,48.13874],[-117.97,48.13361],[-117.96431,48.12993],[-117.96495,48.12279],[-117.96916,48.11823],[-117.97427,48.11912],[-117.98903,48.11111],[-117.99991,48.1093],[-118.0074,48.11168],[-118.01007,48.10753],[-118.01567,48.10918],[-118.03092,48.1048],[-118.03165,48.10362],[-118.03102,48.10206],[-118.02381,48.10186],[-118.0257,48.10081],[-118.02727,48.10116],[-118.0316,48.10029],[-118.0338,48.09928],[-118.03125,48.099],[-118.02938,48.09184],[-118.02213,48.09616],[-118.02243,48.09878],[-118.01934,48.09637],[-118.0221,48.09004],[-118.03335,48.08317],[-118.01103,48.09199],[-118.0031,48.08721],[-118.00456,48.08208],[-117.99906,48.08273],[-117.99708,48.07933],[-117.97756,48.07134],[-117.99011,48.05685],[-117.98523,48.05115],[-117.98887,48.04898],[-117.98691,48.04094],[-117.99732,48.03935],[-117.99932,48.03475],[-118.00781,48.03622],[-118.01948,48.03381],[-118.00724,48.03444],[-117.9964,48.02678],[-117.99468,48.02837],[-117.99346,48.01877],[-117.99679,48.01825],[-117.99919,48.00738],[-117.98362,48.00352],[-117.98452,47.9942],[-117.99248,47.98795],[-117.99638,47.98932],[-118.00141,47.97978],[-118.00981,47.97961],[-118.01807,47.98724],[-118.01746,47.98082],[-118.01088,47.97648],[-118.01146,47.96733],[-118.0233,47.96022],[-118.05023,47.95181],[-118.06095,47.95846],[-118.06876,47.95741],[-118.0697,47.95316],[-118.07467,47.95051],[-118.08453,47.95485],[-118.09875,47.9501],[-118.11645,47.93855],[-118.12438,47.93954],[-118.12926,47.93363],[-118.12798,47.92482],[-118.13635,47.92412],[-118.14083,47.92552],[-118.13988,47.92792],[-118.14924,47.92045],[-118.15198,47.92188],[-118.15619,47.92944],[-118.15207,47.93656],[-118.16788,47.94212],[-118.16173,47.95359],[-118.16603,47.95447],[-118.1609,47.96006],[-118.16263,47.96507],[-118.17016,47.96597],[-118.1668,47.97005],[-118.16987,47.97133],[-118.16751,47.97756],[-118.16929,47.98222],[-118.18918,47.98296],[-118.1891,47.97944],[-118.1954,47.9778],[-118.21455,47.98819],[-118.2177,48.0137],[-118.21282,48.01962],[-118.20408,48.0202],[-118.19536,48.0276],[-118.18059,48.02802],[-118.18189,48.03044],[-118.17001,48.02665],[-118.1693,48.02976],[-118.16031,48.0317],[-118.16033,48.03739],[-118.14985,48.03922],[-118.14882,48.04345],[-118.13,48.04688],[-118.12933,48.05217],[-118.11586,48.05541],[-118.10787,48.05392],[-118.10869,48.06447],[-118.1056,48.06868],[-118.1117,48.0685],[-118.10712,48.07396],[-118.11451,48.07521],[-118.1123,48.08567],[-118.11728,48.08558],[-118.12587,48.09174],[-118.11861,48.0964],[-118.12641,48.09705],[-118.1246,48.09933],[-118.12681,48.10072],[-118.13312,48.09799],[-118.12574,48.10656],[-118.13094,48.11047],[-118.1271,48.11647],[-118.12165,48.11735],[-118.11083,48.11274],[-118.09945,48.11752],[-118.09545,48.1122],[-118.07459,48.11688],[-118.07397,48.12381],[-118.0603,48.12965],[-118.06282,48.13176],[-118.05904,48.13342],[-118.06115,48.14208],[-118.05692,48.13981],[-118.04264,48.1444],[-118.03366,48.1576],[-118.01773,48.16422],[-118.00931,48.17346],[-118.00197,48.17503],[-118.00007,48.18053],[-117.98696,48.1775],[-117.98704,48.17068]],[[-118.03241,48.09711],[-118.03239,48.09713],[-118.0324,48.09718],[-118.03241,48.09711]]]},"bbox":[-118.21833,47.92045,-117.96312,48.18095]},{"type":"Feature","id":28339,"properties":{"y":2015,"n":"Seven Springs","ag":"BLM","ac":542.1,"c":14,"cl":"Unknown","ad":"2017-01-27","cd":"","st":"WA","se":4},"geometry":{"type":"Polygon","coordinates":[[[-118.53575,47.58692],[-118.52785,47.59258],[-118.52568,47.5925],[-118.52616,47.59307],[-118.52638,47.594],[-118.52514,47.595],[-118.52625,47.5962],[-118.52524,47.59688],[-118.52789,47.5995],[-118.52175,47.59514],[-118.52084,47.59318],[-118.52081,47.58925],[-118.5218,47.58534],[-118.52859,47.57322],[-118.53515,47.57273],[-118.5331,47.57578],[-118.54029,47.58071],[-118.53575,47.58692]],[[-118.52095,47.59273],[-118.52096,47.59273],[-118.52096,47.59272],[-118.52095,47.59273]],[[-118.52139,47.59058],[-118.52134,47.59058],[-118.52135,47.59058],[-118.52139,47.59058]],[[-118.52159,47.59391],[-118.52158,47.5939],[-118.52158,47.59391],[-118.52159,47.59391]],[[-118.5216,47.59444],[-118.5216,47.59444],[-118.5216,47.59444],[-118.5216,47.59444]],[[-118.5216,47.59444],[-118.5216,47.59443],[-118.5216,47.59443],[-118.5216,47.59444]],[[-118.52271,47.58394],[-118.52268,47.58395],[-118.52273,47.58394],[-118.52271,47.58394]],[[-118.52609,47.59314],[-118.52609,47.59314],[-118.52609,47.59314],[-118.52609,47.59314]],[[-118.52609,47.59314],[-118.52609,47.59314],[-118.52609,47.59314],[-118.52609,47.59314]],[[-118.5261,47.59313],[-118.5261,47.59314],[-118.5261,47.59314],[-118.5261,47.59313]],[[-118.52848,47.59156],[-118.52853,47.59153],[-118.52851,47.59153],[-118.52848,47.59156]],[[-118.52849,47.59154],[-118.52849,47.59154],[-118.52848,47.59154],[-118.52849,47.59154]],[[-118.53576,47.5869],[-118.53575,47.58691],[-118.53576,47.5869],[-118.53576,47.5869]]]},"bbox":[-118.54029,47.57233,-118.52081,47.59953]},{"type":"Feature","id":28340,"properties":{"y":2015,"n":"I-90 Sprague","ag":"BLM","ac":1692.2,"c":14,"cl":"Unknown","ad":"2017-01-27","cd":"","st":"WA","se":4},"geometry":{"type":"Polygon","coordinates":[[[-117.95315,47.31686],[-117.93202,47.32283],[-117.8991,47.3252],[-117.90994,47.31126],[-117.92153,47.30343],[-117.94486,47.3083],[-117.96918,47.30922],[-117.95315,47.31686]],[[-117.90436,47.31876],[-117.9044,47.31871],[-117.90435,47.31877],[-117.90436,47.31876]],[[-117.90435,47.31877],[-117.90434,47.31878],[-117.90433,47.3188],[-117.90435,47.31877]],[[-117.95313,47.31684],[-117.95316,47.31684],[-117.95313,47.31683],[-117.95313,47.31684]]]},"bbox":[-117.96918,47.30343,-117.8991,47.32524]},{"type":"Feature","id":28341,"properties":{"y":2015,"n":"Deep Lake","ag":"BLM","ac":42.1,"c":14,"cl":"Unknown","ad":"2017-01-27","cd":"","st":"WA","se":4},"geometry":{"type":"Polygon","coordinates":[[[-117.59698,48.88112],[-117.5932,48.87232],[-117.59512,48.87033],[-117.59946,48.87854],[-117.59698,48.88112]]]},"bbox":[-117.59946,48.87025,-117.5932,48.88121]},{"type":"Feature","id":28342,"properties":{"y":2015,"n":"Paradise","ag":"BLM","ac":2797.5,"c":14,"cl":"Unknown","ad":"2016-01-14","cd":"","st":"WA","se":4},"geometry":{"type":"MultiPolygon","coordinates":[[[[-123.75304,47.71379],[-123.74177,47.71545],[-123.7453,47.711],[-123.74164,47.70963],[-123.7481,47.70583],[-123.74788,47.70123],[-123.75522,47.69896],[-123.7643,47.7011],[-123.82154,47.69258],[-123.85061,47.69343],[-123.85301,47.69251],[-123.85511,47.69284],[-123.85402,47.69699],[-123.84552,47.70084],[-123.82487,47.7033],[-123.82564,47.70887],[-123.81844,47.70959],[-123.81425,47.71296],[-123.81161,47.71162],[-123.81416,47.70736],[-123.81194,47.7063],[-123.80763,47.70855],[-123.80239,47.70594],[-123.80459,47.71343],[-123.79838,47.7127],[-123.79813,47.71578],[-123.79422,47.71121],[-123.78007,47.70996],[-123.77827,47.71298],[-123.77546,47.7106],[-123.77411,47.7148],[-123.76037,47.70708],[-123.75672,47.71241],[-123.75298,47.7113],[-123.75304,47.71379]]],[[[-123.77057,47.69811],[-123.76872,47.69758],[-123.76788,47.69699],[-123.77057,47.69811]]],[[[-123.77209,47.69856],[-123.77236,47.69843],[-123.77241,47.69864],[-123.77209,47.69856]]],[[[-123.79299,47.6953],[-123.79358,47.69511],[-123.79347,47.69538],[-123.79299,47.6953]]],[[[-123.82167,47.71001],[-123.82216,47.70975],[-123.82211,47.71008],[-123.82167,47.71001]]]]},"bbox":[-123.85511,47.69245,-123.74145,47.71665]},{"type":"Feature","id":28343,"properties":{"y":2016,"n":"Juniper Dunes","ag":"BLM","ac":14.6,"c":14,"cl":"Unknown","ad":"2017-01-27","cd":"","st":"WA","se":4},"geometry":{"type":"Polygon","coordinates":[[[-118.90824,46.39087],[-118.90436,46.39327],[-118.9033,46.39332],[-118.90824,46.39087]]]},"bbox":[-118.90857,46.39087,-118.9033,46.39373]},{"type":"Feature","id":28344,"properties":{"y":2016,"n":"Ribbon Cliff","ag":"BLM","ac":24.4,"c":14,"cl":"Unknown","ad":"2017-01-27","cd":"","st":"WA","se":4},"geometry":{"type":"Polygon","coordinates":[[[-120.21789,47.6962],[-120.21285,47.69655],[-120.21668,47.69403],[-120.21789,47.6962]]]},"bbox":[-120.2179,47.69402,-120.21285,47.69842]},{"type":"Feature","id":28345,"properties":{"y":2016,"n":"Webber Canyon","ag":"BLM","ac":503.5,"c":14,"cl":"Unknown","ad":"2017-01-27","cd":"","st":"WA","se":4},"geometry":{"type":"Polygon","coordinates":[[[-119.45584,46.2163],[-119.43635,46.22033],[-119.44812,46.20878],[-119.455,46.20743],[-119.45719,46.20029],[-119.45964,46.20068],[-119.4583,46.20545],[-119.46512,46.20326],[-119.45757,46.20994],[-119.46508,46.21463],[-119.46586,46.21924],[-119.45584,46.2163]]]},"bbox":[-119.46623,46.19989,-119.43635,46.22193]},{"type":"Feature","id":28346,"properties":{"y":2016,"n":"Hwy 24 Mp 29 Command","ag":"BLM","ac":61.3,"c":14,"cl":"Unknown","ad":"2017-01-27","cd":"","st":"WA","se":4},"geometry":{"type":"Polygon","coordinates":[[[-119.89547,46.53538],[-119.89127,46.53806],[-119.88118,46.53495],[-119.88287,46.53428],[-119.89547,46.53538]]]},"bbox":[-119.8961,46.53427,-119.88118,46.53806]},{"type":"Feature","id":28347,"properties":{"y":2016,"n":"Crescent","ag":"BLM","ac":41.4,"c":14,"cl":"Unknown","ad":"2017-01-27","cd":"","st":"WA","se":4},"geometry":{"type":"Polygon","coordinates":[[[-119.98964,47.21981],[-119.9872,47.2209],[-119.98093,47.22177],[-119.98835,47.21697],[-119.98896,47.21311],[-119.98964,47.21981]]]},"bbox":[-119.98964,47.21311,-119.98093,47.22177]},{"type":"Feature","id":28348,"properties":{"y":2016,"n":"Crab Creek Strike","ag":"BLM","ac":31.1,"c":14,"cl":"Unknown","ad":"2017-01-27","cd":"","st":"WA","se":4},"geometry":{"type":"Polygon","coordinates":[[[-118.72982,47.34941],[-118.73789,47.34351],[-118.74026,47.34243],[-118.73456,47.34821],[-118.72982,47.34941]]]},"bbox":[-118.74034,47.34232,-118.72982,47.34985]},{"type":"Feature","id":28349,"properties":{"y":2016,"n":"Milepost 20 Command","ag":"BLM","ac":178.5,"c":14,"cl":"Unknown","ad":"2017-01-27","cd":"","st":"WA","se":4},"geometry":{"type":"Polygon","coordinates":[[[-119.91255,46.49045],[-119.91514,46.48782],[-119.91505,46.48702],[-119.91354,46.48688],[-119.91315,46.48673],[-119.91322,46.4866],[-119.91625,46.48573],[-119.9205,46.48214],[-119.92946,46.47607],[-119.92998,46.47633],[-119.92905,46.47988],[-119.93277,46.483],[-119.91255,46.49045]]]},"bbox":[-119.93308,46.47601,-119.91147,46.49095]},{"type":"Feature","id":28350,"properties":{"y":2016,"n":"Rock Island","ag":"BLM","ac":21.0,"c":14,"cl":"Unknown","ad":"2017-01-27","cd":"","st":"WA","se":4},"geometry":{"type":"Polygon","coordinates":[[[-120.07552,47.33008],[-120.07099,47.33224],[-120.0724,47.32956],[-120.07552,47.33008]]]},"bbox":[-120.07587,47.32949,-120.07099,47.33333]},{"type":"Feature","id":28351,"properties":{"y":2016,"n":"Beam Road","ag":"BLM","ac":1294.0,"c":14,"cl":"Unknown","ad":"2017-01-27","cd":"","st":"WA","se":4},"geometry":{"type":"Polygon","coordinates":[[[-120.1147,46.46142],[-120.10004,46.46113],[-120.12267,46.44145],[-120.15646,46.42693],[-120.13108,46.4521],[-120.13162,46.45596],[-120.11783,46.46181],[-120.11792,46.46734],[-120.11379,46.466],[-120.1147,46.46142]]]},"bbox":[-120.15675,46.4265,-120.10004,46.46769]},{"type":"Feature","id":28352,"properties":{"y":2016,"n":"Rock Island Grade","ag":"BLM","ac":148.4,"c":14,"cl":"Unknown","ad":"2017-01-27","cd":"","st":"WA","se":4},"geometry":{"type":"Polygon","coordinates":[[[-120.0851,47.36157],[-120.09297,47.34964],[-120.0945,47.3562],[-120.07675,47.36922],[-120.08066,47.36278],[-120.0851,47.36157]]]},"bbox":[-120.09471,47.34927,-120.07663,47.36922]},{"type":"Feature","id":28353,"properties":{"y":2016,"n":"Rocky Ford","ag":"BLM","ac":1951.7,"c":14,"cl":"Unknown","ad":"2017-01-27","cd":"","st":"WA","se":4},"geometry":{"type":"Polygon","coordinates":[[[-118.21468,47.29133],[-118.2066,47.29858],[-118.20711,47.29658],[-118.20396,47.29715],[-118.20546,47.29254],[-118.20234,47.29355],[-118.1988,47.28601],[-118.19277,47.2895],[-118.18663,47.28526],[-118.1998,47.27304],[-118.23834,47.25652],[-118.22914,47.27341],[-118.22824,47.28629],[-118.21468,47.29133]]]},"bbox":[-118.23869,47.2565,-118.18663,47.29858]},{"type":"Feature","id":28354,"properties":{"y":2016,"n":"Mcbee Command","ag":"BLM","ac":1689.4,"c":14,"cl":"Unknown","ad":"2017-01-27","cd":"","st":"WA","se":4},"geometry":{"type":"Polygon","coordinates":[[[-119.49761,46.23401],[-119.53836,46.25311],[-119.55478,46.25064],[-119.55195,46.25585],[-119.55384,46.25682],[-119.55106,46.25732],[-119.55023,46.26285],[-119.54508,46.26471],[-119.51609,46.25202],[-119.50967,46.25738],[-119.50153,46.25638],[-119.49679,46.24805],[-119.4813,46.24252],[-119.48753,46.23574],[-119.49761,46.23401]]]},"bbox":[-119.55546,46.234,-119.4813,46.26471]},{"type":"Feature","id":28355,"properties":{"y":2016,"n":"Peterson Road","ag":"BLM","ac":266.0,"c":14,"cl":"Unknown","ad":"2017-01-27","cd":"","st":"WA","se":4},"geometry":{"type":"Polygon","coordinates":[[[-118.95214,46.32761],[-118.96515,46.33619],[-118.95557,46.34344],[-118.95196,46.34335],[-118.95214,46.32761]]]},"bbox":[-118.96515,46.32753,-118.95193,46.34345]},{"type":"Feature","id":28356,"properties":{"y":2016,"n":"Johnson Road","ag":"BLM","ac":79.4,"c":14,"cl":"Unknown","ad":"2017-01-27","cd":"","st":"WA","se":4},"geometry":{"type":"Polygon","coordinates":[[[-118.88871,47.63185],[-118.87974,47.63582],[-118.87087,47.63221],[-118.88871,47.63185]]]},"bbox":[-118.88871,47.6309,-118.87086,47.63609]},{"type":"Feature","id":28357,"properties":{"y":2016,"n":"Range 12","ag":"DOD","ac":176834.5,"c":14,"cl":"Unknown","ad":"2016-08-29","cd":"","st":"WA","se":2},"geometry":{"type":"Polygon","coordinates":[[[-119.84172,46.52825],[-119.78033,46.53048],[-119.76042,46.54174],[-119.72329,46.55438],[-119.71755,46.53775],[-119.71133,46.52694],[-119.70336,46.52154],[-119.69885,46.50813],[-119.71318,46.4965],[-119.72193,46.46983],[-119.70465,46.47165],[-119.65415,46.46271],[-119.65385,46.45859],[-119.64772,46.45496],[-119.62751,46.44965],[-119.62702,46.44132],[-119.61214,46.44132],[-119.59665,46.43485],[-119.56522,46.41665],[-119.54343,46.39984],[-119.51297,46.38599],[-119.51152,46.38144],[-119.53974,46.36906],[-119.5499,46.36867],[-119.57767,46.37925],[-119.61844,46.40863],[-119.64134,46.41843],[-119.69213,46.42071],[-119.71617,46.41239],[-119.7274,46.41227],[-119.77289,46.43033],[-119.80305,46.44671],[-119.80766,46.4436],[-119.80037,46.43269],[-119.80171,46.42977],[-119.82399,46.41579],[-119.827,46.40413],[-119.82403,46.40033],[-119.82,46.40079],[-119.80166,46.40811],[-119.79913,46.4068],[-119.80133,46.40088],[-119.8119,46.39338],[-119.85355,46.38362],[-119.87666,46.38514],[-119.89632,46.39423],[-119.92289,46.39313],[-119.94458,46.40625],[-119.93891,46.41883],[-119.94049,46.42795],[-119.95063,46.3972],[-119.95665,46.39213],[-119.99421,46.40155],[-120.02852,46.41671],[-120.04004,46.41617],[-120.04503,46.40921],[-120.05267,46.41415],[-120.06009,46.40944],[-120.08083,46.41774],[-120.08966,46.4059],[-120.12913,46.43709],[-120.15387,46.42591],[-120.15849,46.42902],[-120.13942,46.45347],[-120.13595,46.47314],[-120.13723,46.49978],[-120.16404,46.51444],[-120.20006,46.52249],[-120.22486,46.53436],[-120.22922,46.54022],[-120.20735,46.57096],[-120.20864,46.59066],[-120.19283,46.61986],[-120.18918,46.62131],[-120.17301,46.6186],[-120.17065,46.61679],[-120.17146,46.60677],[-120.16234,46.60236],[-120.11223,46.59915],[-120.06777,46.5906],[-120.02741,46.5958],[-120.01618,46.57455],[-119.9951,46.56121],[-119.98498,46.56083],[-119.979,46.56435],[-119.96356,46.58572],[-119.948,46.57809],[-119.92683,46.58088],[-119.9178,46.59633],[-119.88407,46.59008],[-119.86183,46.59155],[-119.83475,46.58093],[-119.84937,46.56388],[-119.85238,46.55185],[-119.8608,46.54617],[-119.85919,46.54134],[-119.84172,46.52825]]]},"bbox":[-120.22922,46.36789,-119.51086,46.62131]},{"type":"Feature","id":28358,"properties":{"y":2016,"n":"Black Rock","ag":"BLM","ac":20.9,"c":14,"cl":"Unknown","ad":"2017-01-27","cd":"","st":"WA","se":4},"geometry":{"type":"Polygon","coordinates":[[[-120.03966,46.51475],[-120.02702,46.51705],[-120.04112,46.51449],[-120.03966,46.51475]]]},"bbox":[-120.04112,46.51419,-120.02702,46.51705]},{"type":"Feature","id":28359,"properties":{"y":2016,"n":"Beezley South","ag":"BLM","ac":331.4,"c":14,"cl":"Unknown","ad":"2017-01-27","cd":"","st":"WA","se":4},"geometry":{"type":"Polygon","coordinates":[[[-119.83198,47.31174],[-119.82289,47.31932],[-119.8161,47.31724],[-119.82544,47.31017],[-119.82405,47.30782],[-119.8357,47.28661],[-119.83542,47.29802],[-119.83055,47.3063],[-119.83198,47.31174]]]},"bbox":[-119.83656,47.28661,-119.8161,47.31932]},{"type":"Feature","id":28360,"properties":{"y":2016,"n":"Monument","ag":"BLM","ac":0.9,"c":14,"cl":"Unknown","ad":"2017-01-27","cd":"","st":"WA","se":4},"geometry":{"type":"Polygon","coordinates":[[[-119.76936,47.32646],[-119.76869,47.32663],[-119.76885,47.32609],[-119.76936,47.32646]]]},"bbox":[-119.76937,47.32609,-119.76868,47.32715]},{"type":"Feature","id":28361,"properties":{"y":2016,"n":"Beezley North","ag":"BLM","ac":96.2,"c":14,"cl":"Unknown","ad":"2017-01-27","cd":"","st":"WA","se":4},"geometry":{"type":"Polygon","coordinates":[[[-119.8268,47.32581],[-119.82158,47.32509],[-119.8205,47.31995],[-119.83003,47.32004],[-119.8268,47.32581]]]},"bbox":[-119.83015,47.3195,-119.8201,47.3263]},{"type":"Feature","id":28362,"properties":{"y":2016,"n":"Morris Lane","ag":"BLM","ac":1414.8,"c":14,"cl":"Unknown","ad":"2017-01-27","cd":"","st":"WA","se":4},"geometry":{"type":"Polygon","coordinates":[[[-120.24388,46.50325],[-120.23951,46.50557],[-120.22498,46.50002],[-120.2267,46.4965],[-120.23403,46.49744],[-120.22738,46.47967],[-120.23029,46.46957],[-120.23371,46.47116],[-120.23714,46.46452],[-120.23706,46.47063],[-120.24115,46.47286],[-120.24577,46.47168],[-120.24589,46.46633],[-120.24965,46.46626],[-120.24936,46.48089],[-120.25497,46.48961],[-120.25322,46.49359],[-120.24113,46.49946],[-120.24388,46.50325]]]},"bbox":[-120.25497,46.46452,-120.22498,46.50557]},{"type":"Feature","id":28363,"properties":{"y":2016,"n":"Black Rock Road","ag":"BLM","ac":16005.4,"c":14,"cl":"Unknown","ad":"2017-01-27","cd":"","st":"WA","se":4},"geometry":{"type":"Polygon","coordinates":[[[-119.08719,47.27544],[-119.09417,47.28001],[-119.09083,47.29858],[-119.07491,47.3126],[-119.06523,47.31507],[-119.06712,47.31846],[-119.06392,47.32179],[-119.02168,47.33587],[-119.01803,47.33467],[-119.0218,47.33126],[-119.01976,47.32835],[-119.01384,47.3276],[-119.01108,47.33045],[-119.00153,47.32792],[-118.98974,47.33481],[-118.98896,47.34429],[-118.96682,47.35504],[-118.9581,47.3494],[-118.94364,47.34904],[-118.95713,47.33887],[-118.95,47.33465],[-118.92906,47.33286],[-118.87754,47.32013],[-118.80835,47.31506],[-118.8088,47.30481],[-118.81682,47.30473],[-118.82815,47.29758],[-118.8629,47.30477],[-118.88301,47.30495],[-118.90997,47.31226],[-119.00027,47.31295],[-119.00023,47.30553],[-118.99439,47.30545],[-119.01005,47.30169],[-119.01204,47.29581],[-119.02154,47.29754],[-119.04351,47.28828],[-119.04495,47.27632],[-119.05344,47.27601],[-119.05524,47.26637],[-119.06531,47.26891],[-119.07322,47.26693],[-119.07463,47.26143],[-119.07867,47.262],[-119.08485,47.26799],[-119.08719,47.27544]]]},"bbox":[-119.09417,47.26143,-118.80835,47.35504]},{"type":"Feature","id":28364,"properties":{"y":2016,"n":"South Ward Gap","ag":"BLM","ac":3888.4,"c":14,"cl":"Unknown","ad":"2017-01-27","cd":"","st":"WA","se":4},"geometry":{"type":"Polygon","coordinates":[[[-119.87316,46.18234],[-119.81035,46.18628],[-119.80027,46.19101],[-119.79447,46.18955],[-119.79187,46.19423],[-119.78466,46.19543],[-119.77656,46.19542],[-119.7763,46.19441],[-119.77962,46.19494],[-119.78033,46.18738],[-119.77594,46.17991],[-119.78972,46.17172],[-119.81373,46.16487],[-119.83012,46.16416],[-119.82611,46.16349],[-119.82927,46.16135],[-119.86041,46.15854],[-119.86401,46.1736],[-119.87316,46.18234]]]},"bbox":[-119.87316,46.15854,-119.77594,46.19543]},{"type":"Feature","id":28365,"properties":{"y":2016,"n":"Fish Trap","ag":"BLM","ac":65.1,"c":14,"cl":"Unknown","ad":"2017-01-27","cd":"","st":"WA","se":4},"geometry":{"type":"Polygon","coordinates":[[[-117.84773,47.36305],[-117.85038,47.35857],[-117.85774,47.35745],[-117.85656,47.36057],[-117.84773,47.36305]]]},"bbox":[-117.85783,47.3571,-117.84723,47.36312]},{"type":"Feature","id":28366,"properties":{"y":2016,"n":"Lower Crab Creek","ag":"FWS","ac":6244.3,"c":14,"cl":"Unknown","ad":"2016-08-29","cd":"","st":"WA","se":2},"geometry":{"type":"Polygon","coordinates":[[[-119.90856,46.8254],[-119.89765,46.82905],[-119.75556,46.83184],[-119.73981,46.82654],[-119.71748,46.82749],[-119.70849,46.82267],[-119.71496,46.80653],[-119.72174,46.80877],[-119.72921,46.80524],[-119.74078,46.80704],[-119.74529,46.80333],[-119.76728,46.80217],[-119.77427,46.82059],[-119.77897,46.8215],[-119.84491,46.82076],[-119.86745,46.8162],[-119.90462,46.81425],[-119.91211,46.81814],[-119.90856,46.8254]]]},"bbox":[-119.91211,46.80217,-119.70849,46.83184]},{"type":"Feature","id":28367,"properties":{"y":2016,"n":"Palmer Mountain","ag":"BLM","ac":0.2,"c":14,"cl":"Unknown","ad":"2017-01-27","cd":"","st":"WA","se":4},"geometry":{"type":"Polygon","coordinates":[[[-119.60004,48.87081],[-119.59973,48.87059],[-119.59985,48.87057],[-119.59995,48.87059],[-119.60004,48.87081]]]},"bbox":[-119.60004,48.87057,-119.59946,48.87084]},{"type":"Feature","id":28368,"properties":{"y":2016,"n":"Fishtrap Lake","ag":"BLM","ac":10.2,"c":14,"cl":"Unknown","ad":"2017-01-27","cd":"","st":"WA","se":4},"geometry":{"type":"Polygon","coordinates":[[[-117.85888,47.35608],[-117.85589,47.3571],[-117.8538,47.35729],[-117.85888,47.35608]]]},"bbox":[-117.85898,47.35596,-117.8538,47.35749]},{"type":"Feature","id":28369,"properties":{"y":2016,"n":"Coyote","ag":"BLM","ac":3.0,"c":14,"cl":"Unknown","ad":"2017-01-27","cd":"","st":"WA","se":4},"geometry":{"type":"Polygon","coordinates":[[[-120.13988,45.7819],[-120.13904,45.78294],[-120.13893,45.78278],[-120.13988,45.7819]]]},"bbox":[-120.14163,45.78167,-120.13893,45.78294]},{"type":"Feature","id":28370,"properties":{"y":2016,"n":"Hwy 14 Mp130","ag":"BLM","ac":1.0,"c":14,"cl":"Unknown","ad":"2017-01-27","cd":"","st":"WA","se":4},"geometry":{"type":"Polygon","coordinates":[[[-120.29106,45.72548],[-120.28558,45.72673],[-120.28546,45.72666],[-120.29106,45.72548]]]},"bbox":[-120.29108,45.72548,-120.28546,45.72673]},{"type":"Feature","id":28371,"properties":{"y":2016,"n":"Old Lady Creek","ag":"BLM","ac":2771.3,"c":14,"cl":"Unknown","ad":"2017-01-27","cd":"","st":"WA","se":4},"geometry":{"type":"Polygon","coordinates":[[[-120.34251,45.77372],[-120.32968,45.7794],[-120.3105,45.77841],[-120.31222,45.77383],[-120.31975,45.76967],[-120.32988,45.77035],[-120.34054,45.76554],[-120.33946,45.75903],[-120.32966,45.75272],[-120.32867,45.74053],[-120.3373,45.72937],[-120.35115,45.7242],[-120.35342,45.72702],[-120.34965,45.7266],[-120.35228,45.73122],[-120.34817,45.73694],[-120.35405,45.74011],[-120.35404,45.74668],[-120.36689,45.75369],[-120.35168,45.75532],[-120.36394,45.76067],[-120.37021,45.76002],[-120.37216,45.76396],[-120.35226,45.77076],[-120.35073,45.77424],[-120.34251,45.77372]]]},"bbox":[-120.37221,45.7242,-120.3105,45.77956]},{"type":"Feature","id":28372,"properties":{"y":2016,"n":"Wilson Creek","ag":"BLM","ac":246.5,"c":14,"cl":"Unknown","ad":"2017-01-27","cd":"","st":"WA","se":4},"geometry":{"type":"Polygon","coordinates":[[[-119.07298,47.43274],[-119.06928,47.43437],[-119.05406,47.43424],[-119.07011,47.4271],[-119.0837,47.4291],[-119.08025,47.43199],[-119.07079,47.43205],[-119.07298,47.43274]]]},"bbox":[-119.0837,47.42664,-119.05406,47.43462]},{"type":"Feature","id":28373,"properties":{"y":2016,"n":"Rock Island Creek","ag":"BLM","ac":12.4,"c":14,"cl":"Unknown","ad":"2017-01-27","cd":"","st":"WA","se":4},"geometry":{"type":"Polygon","coordinates":[[[-120.08567,47.36855],[-120.08138,47.36852],[-120.0866,47.36705],[-120.08567,47.36855]]]},"bbox":[-120.08661,47.36691,-120.08138,47.36994]},{"type":"Feature","id":28374,"properties":{"y":2011,"n":"Silver Dollar","ag":"BLM","ac":23.0,"c":14,"cl":"Unknown","ad":"2017-01-27","cd":"","st":"WA","se":4},"geometry":{"type":"Polygon","coordinates":[[[-119.91039,46.53753],[-119.90734,46.54046],[-119.90597,46.54065],[-119.90698,46.53636],[-119.91039,46.53753]]]},"bbox":[-119.91159,46.53636,-119.90596,46.54077]},{"type":"Feature","id":28375,"properties":{"y":2011,"n":"Highway 17","ag":"BLM","ac":613.1,"c":14,"cl":"Unknown","ad":"2017-01-27","cd":"","st":"WA","se":4},"geometry":{"type":"Polygon","coordinates":[[[-119.37158,47.67673],[-119.3668,47.6703],[-119.3671,47.67744],[-119.3633,47.67585],[-119.36287,47.66333],[-119.35676,47.65876],[-119.35682,47.65346],[-119.364,47.64742],[-119.37396,47.66096],[-119.36803,47.66412],[-119.37156,47.66411],[-119.37305,47.66888],[-119.37052,47.66886],[-119.37043,47.67241],[-119.37486,47.67569],[-119.37397,47.6797],[-119.37092,47.68096],[-119.37158,47.67673]]]},"bbox":[-119.37486,47.64742,-119.35633,47.68096]},{"type":"Feature","id":28376,"properties":{"y":2011,"n":"Eagle Rock","ag":"BLM","ac":3.9,"c":14,"cl":"Unknown","ad":"2011-08-09","cd":"","st":"WA","se":2},"geometry":{"type":"Polygon","coordinates":[[[-118.70042,47.33904],[-118.69918,47.33873],[-118.70013,47.33818],[-118.70042,47.33904]]]},"bbox":[-118.70042,47.33817,-118.69897,47.34015]},{"type":"Feature","id":28377,"properties":{"y":2011,"n":"Washington Flats","ag":"BLM","ac":1138.6,"c":14,"cl":"Unknown","ad":"2017-01-27","cd":"","st":"WA","se":4},"geometry":{"type":"Polygon","coordinates":[[[-118.9707,48.01658],[-118.96406,48.01557],[-118.95901,48.00708],[-118.9684,47.9966],[-118.9693,47.98887],[-118.97421,47.97984],[-118.97351,47.98437],[-118.98278,47.98963],[-118.98283,48.00117],[-118.98794,48.00708],[-118.9707,48.01658]]]},"bbox":[-118.98794,47.97983,-118.95901,48.01704]},{"type":"Feature","id":28378,"properties":{"y":2011,"n":"Barber Mountain","ag":"BLM","ac":480.1,"c":14,"cl":"Unknown","ad":"2017-01-27","cd":"","st":"WA","se":4},"geometry":{"type":"Polygon","coordinates":[[[-119.6977,49.00451],[-119.69055,49.00584],[-119.6872,48.99678],[-119.68082,48.99394],[-119.68546,48.98953],[-119.69879,48.98715],[-119.70192,48.9933],[-119.6977,49.00451]]]},"bbox":[-119.70192,48.98711,-119.68075,49.00594]},{"type":"Feature","id":28379,"properties":{"y":2012,"n":"Williams Lake","ag":"BLM","ac":221.3,"c":14,"cl":"Unknown","ad":"2017-01-27","cd":"","st":"WA","se":4},"geometry":{"type":"Polygon","coordinates":[[[-117.87457,47.31165],[-117.87598,47.30728],[-117.88892,47.30313],[-117.88432,47.31331],[-117.879,47.31733],[-117.87707,47.31044],[-117.87457,47.31165]]]},"bbox":[-117.88902,47.3027,-117.87333,47.31748]},{"type":"Feature","id":28380,"properties":{"y":2012,"n":"Jameson Lake","ag":"BLM","ac":64.7,"c":14,"cl":"Unknown","ad":"2017-01-27","cd":"","st":"WA","se":4},"geometry":{"type":"Polygon","coordinates":[[[-119.61628,47.69819],[-119.61151,47.69304],[-119.60667,47.69143],[-119.60796,47.68974],[-119.61274,47.69034],[-119.61628,47.69819]]]},"bbox":[-119.61633,47.68965,-119.60667,47.69854]},{"type":"Feature","id":28381,"properties":{"y":2012,"n":"Highland Orchard","ag":"BLM","ac":43.7,"c":14,"cl":"Unknown","ad":"2012-09-04","cd":"","st":"WA","se":3},"geometry":{"type":"Polygon","coordinates":[[[-119.59038,48.0154],[-119.58553,48.01907],[-119.58206,48.02066],[-119.58528,48.0139],[-119.59038,48.0154]]]},"bbox":[-119.59038,48.01375,-119.58206,48.02068]},{"type":"Feature","id":28382,"properties":{"y":2012,"n":"Highway 14 Command","ag":"BLM","ac":527.9,"c":14,"cl":"Unknown","ad":"2017-01-27","cd":"","st":"WA","se":4},"geometry":{"type":"Polygon","coordinates":[[[-119.81582,45.88054],[-119.81651,45.87521],[-119.79715,45.87411],[-119.79488,45.86576],[-119.82108,45.8694],[-119.82299,45.87557],[-119.81582,45.88054]]]},"bbox":[-119.82299,45.86528,-119.79487,45.88054]},{"type":"Feature","id":28383,"properties":{"y":2012,"n":"Antoine Creek","ag":"BLM","ac":11.4,"c":14,"cl":"Unknown","ad":"2017-01-27","cd":"","st":"WA","se":4},"geometry":{"type":"Polygon","coordinates":[[[-119.94538,47.95769],[-119.94622,47.96078],[-119.94382,47.96283],[-119.94565,47.95944],[-119.94332,47.9598],[-119.94538,47.95769]]]},"bbox":[-119.94622,47.95769,-119.94328,47.96286]},{"type":"Feature","id":28384,"properties":{"y":2012,"n":"Roza Dam","ag":"BLM","ac":0.0,"c":14,"cl":"Unknown","ad":"2012-05-26","cd":"","st":"WA","se":1},"geometry":{"type":"Polygon","coordinates":[[[-120.46869,46.74699],[-120.46862,46.74687],[-120.46878,46.74692],[-120.46869,46.74699]]]},"bbox":[-120.46878,46.74687,-120.46859,46.74699]},{"type":"Feature","id":28385,"properties":{"y":2012,"n":"Red Mountain","ag":"BLM","ac":15.4,"c":14,"cl":"Unknown","ad":"2017-01-27","cd":"","st":"WA","se":4},"geometry":{"type":"Polygon","coordinates":[[[-119.41141,46.28123],[-119.4158,46.28108],[-119.41103,46.28298],[-119.41141,46.28123]]]},"bbox":[-119.4158,46.27962,-119.41103,46.28298]},{"type":"Feature","id":28386,"properties":{"y":2012,"n":"Vantage Road","ag":"BLM","ac":116.4,"c":14,"cl":"Unknown","ad":"2017-01-27","cd":"","st":"WA","se":4},"geometry":{"type":"Polygon","coordinates":[[[-120.12377,46.94008],[-120.12874,46.93922],[-120.16114,46.94516],[-120.14218,46.94304],[-120.14334,46.94506],[-120.13075,46.94029],[-120.12992,46.94321],[-120.1254,46.94115],[-120.12351,46.94332],[-120.12377,46.94008]]]},"bbox":[-120.16114,46.93917,-120.1221,46.94608]},{"type":"Feature","id":28387,"properties":{"y":2012,"n":"Skookumchuck","ag":"BLM","ac":110.3,"c":14,"cl":"Unknown","ad":"2017-01-27","cd":"","st":"WA","se":4},"geometry":{"type":"Polygon","coordinates":[[[-119.92549,47.44881],[-119.91898,47.44485],[-119.9217,47.44259],[-119.91988,47.44114],[-119.92643,47.43896],[-119.92549,47.44881]]]},"bbox":[-119.92754,47.43895,-119.91898,47.44897]},{"type":"Feature","id":28388,"properties":{"y":2012,"n":"Road A","ag":"BLM","ac":2071.5,"c":14,"cl":"Unknown","ad":"2017-01-27","cd":"","st":"WA","se":4},"geometry":{"type":"Polygon","coordinates":[[[-119.72812,47.80105],[-119.71822,47.801],[-119.7108,47.79524],[-119.70617,47.79679],[-119.70656,47.78817],[-119.70193,47.78799],[-119.69728,47.7589],[-119.70134,47.75901],[-119.70241,47.75412],[-119.70549,47.75692],[-119.707,47.74657],[-119.7077,47.7494],[-119.70853,47.7466],[-119.71478,47.74813],[-119.71091,47.75735],[-119.72092,47.75923],[-119.71187,47.76902],[-119.72811,47.77186],[-119.72812,47.80105]]]},"bbox":[-119.72812,47.74651,-119.69728,47.80106]},{"type":"Feature","id":28389,"properties":{"y":2012,"n":"Rye Grass","ag":"BLM","ac":135.1,"c":14,"cl":"Unknown","ad":"2017-01-27","cd":"","st":"WA","se":4},"geometry":{"type":"Polygon","coordinates":[[[-120.1698,46.95365],[-120.15989,46.95124],[-120.16123,46.94756],[-120.16385,46.94906],[-120.16152,46.94522],[-120.16858,46.94542],[-120.16782,46.94798],[-120.17291,46.94965],[-120.1698,46.95365]]]},"bbox":[-120.17291,46.94519,-120.15989,46.95402]},{"type":"Feature","id":28390,"properties":{"y":2012,"n":"Chelan Butte","ag":"BLM","ac":106.9,"c":14,"cl":"Unknown","ad":"2017-01-27","cd":"","st":"WA","se":4},"geometry":{"type":"Polygon","coordinates":[[[-119.99754,47.80707],[-119.99951,47.80514],[-119.99566,47.80412],[-120.00544,47.79873],[-120.00109,47.8086],[-119.99895,47.81005],[-120.00019,47.80733],[-119.99754,47.80707]]]},"bbox":[-120.00544,47.79811,-119.99512,47.81005]},{"type":"Feature","id":28391,"properties":{"y":2012,"n":"Burch Mountain","ag":"BLM","ac":6.6,"c":14,"cl":"Unknown","ad":"2017-01-27","cd":"","st":"WA","se":4},"geometry":{"type":"Polygon","coordinates":[[[-120.35196,47.52052],[-120.35169,47.51846],[-120.35413,47.51947],[-120.35196,47.52052]]]},"bbox":[-120.35413,47.51846,-120.35155,47.52052]},{"type":"Feature","id":28392,"properties":{"y":2012,"n":"Burch","ag":"BLM","ac":22.8,"c":14,"cl":"Unknown","ad":"2017-01-27","cd":"","st":"WA","se":4},"geometry":{"type":"Polygon","coordinates":[[[-120.32941,47.5071],[-120.33269,47.50482],[-120.33318,47.50822],[-120.32941,47.5071]]]},"bbox":[-120.33318,47.50411,-120.32941,47.50836]},{"type":"Feature","id":28393,"properties":{"y":2013,"n":"Republic Track","ag":"BLM","ac":51.8,"c":14,"cl":"Unknown","ad":"2017-01-27","cd":"","st":"WA","se":4},"geometry":{"type":"Polygon","coordinates":[[[-118.73705,48.63399],[-118.74194,48.63144],[-118.74167,48.63749],[-118.73705,48.63399]]]},"bbox":[-118.74357,48.6308,-118.73695,48.63764]},{"type":"Feature","id":28394,"properties":{"y":2013,"n":"Road 0","ag":"BLM","ac":145.9,"c":14,"cl":"Unknown","ad":"2017-01-27","cd":"","st":"WA","se":4},"geometry":{"type":"Polygon","coordinates":[[[-119.79746,46.64836],[-119.79451,46.64035],[-119.80586,46.64313],[-119.80405,46.6463],[-119.79746,46.64836]]]},"bbox":[-119.80586,46.6398,-119.79426,46.64857]},{"type":"Feature","id":28395,"properties":{"y":2013,"n":"Pine Canyon","ag":"BLM","ac":2.2,"c":14,"cl":"Unknown","ad":"2017-01-27","cd":"","st":"WA","se":4},"geometry":{"type":"Polygon","coordinates":[[[-120.16777,47.63655],[-120.16617,47.63702],[-120.16653,47.63623],[-120.16777,47.63655]]]},"bbox":[-120.16779,47.63621,-120.16615,47.63741]},{"type":"Feature","id":28396,"properties":{"y":2013,"n":"Milepost 34","ag":"BLM","ac":190.6,"c":14,"cl":"Unknown","ad":"2017-01-27","cd":"","st":"WA","se":4},"geometry":{"type":"Polygon","coordinates":[[[-119.03083,46.42826],[-119.03469,46.42664],[-119.03247,46.42358],[-119.05362,46.40893],[-119.03913,46.42609],[-119.03083,46.42826]]]},"bbox":[-119.05365,46.40893,-119.03015,46.42894]},{"type":"Feature","id":28397,"properties":{"y":2013,"n":"Shooting Range","ag":"BLM","ac":25.2,"c":14,"cl":"Unknown","ad":"2017-01-27","cd":"","st":"WA","se":4},"geometry":{"type":"Polygon","coordinates":[[[-119.4706,46.34989],[-119.47554,46.34511],[-119.47742,46.34736],[-119.47453,46.34981],[-119.4706,46.34989]]]},"bbox":[-119.47742,46.34511,-119.4706,46.35038]},{"type":"Feature","id":28398,"properties":{"y":2013,"n":"Dennis Command","ag":"BLM","ac":332.9,"c":14,"cl":"Unknown","ad":"2017-01-27","cd":"","st":"WA","se":4},"geometry":{"type":"Polygon","coordinates":[[[-119.43106,46.22287],[-119.41666,46.22099],[-119.41899,46.21069],[-119.42128,46.21025],[-119.41967,46.21318],[-119.42545,46.21339],[-119.4337,46.20721],[-119.42952,46.21317],[-119.4352,46.21272],[-119.43106,46.22287]]]},"bbox":[-119.4352,46.20721,-119.41665,46.22303]},{"type":"Feature","id":28399,"properties":{"y":2013,"n":"Blenz","ag":"BLM","ac":53.1,"c":14,"cl":"Unknown","ad":"2017-01-27","cd":"","st":"WA","se":4},"geometry":{"type":"Polygon","coordinates":[[[-118.59594,47.66624],[-118.57911,47.66544],[-118.57846,47.66395],[-118.59323,47.66435],[-118.59594,47.66624]]]},"bbox":[-118.59594,47.66379,-118.57845,47.66711]},{"type":"Feature","id":28400,"properties":{"y":2013,"n":"K Sw","ag":"BLM","ac":8.0,"c":14,"cl":"Unknown","ad":"2017-01-27","cd":"","st":"WA","se":4},"geometry":{"type":"Polygon","coordinates":[[[-119.7274,46.76699],[-119.72497,46.76601],[-119.72518,46.76441],[-119.7274,46.76699]]]},"bbox":[-119.7276,46.76429,-119.72492,46.76788]},{"type":"Feature","id":28401,"properties":{"y":2013,"n":"B And O","ag":"BLM","ac":1450.2,"c":14,"cl":"Unknown","ad":"2017-01-27","cd":"","st":"WA","se":4},"geometry":{"type":"Polygon","coordinates":[[[-119.61412,48.33547],[-119.61942,48.33446],[-119.61692,48.33035],[-119.62606,48.321],[-119.6365,48.31993],[-119.63497,48.31735],[-119.64323,48.30913],[-119.64768,48.30755],[-119.64589,48.3122],[-119.65759,48.31219],[-119.65722,48.30876],[-119.66292,48.3088],[-119.66541,48.30473],[-119.66735,48.30845],[-119.67427,48.30374],[-119.68286,48.3019],[-119.66749,48.30874],[-119.66732,48.31045],[-119.67019,48.30942],[-119.67746,48.30919],[-119.67774,48.30995],[-119.66644,48.31206],[-119.66425,48.31509],[-119.66716,48.32063],[-119.6582,48.31885],[-119.65843,48.3219],[-119.65141,48.32413],[-119.6515,48.32708],[-119.64161,48.33015],[-119.6397,48.33347],[-119.63084,48.33397],[-119.62749,48.33804],[-119.61412,48.33547]]]},"bbox":[-119.68286,48.3019,-119.61412,48.33804]},{"type":"Feature","id":28402,"properties":{"y":2013,"n":"Mile Marker 28","ag":"BLM","ac":26090.5,"c":14,"cl":"Unknown","ad":"2017-01-27","cd":"","st":"WA","se":4},"geometry":{"type":"Polygon","coordinates":[[[-120.6839,46.03271],[-120.67777,46.03897],[-120.65496,46.04529],[-120.66143,46.05094],[-120.67246,46.05441],[-120.67364,46.05979],[-120.62991,46.05565],[-120.62419,46.05129],[-120.62606,46.0397],[-120.61177,46.04217],[-120.5985,46.03584],[-120.60005,46.03155],[-120.58208,46.03796],[-120.56391,46.02925],[-120.56283,46.02578],[-120.56015,46.02888],[-120.54754,46.0253],[-120.55865,46.02664],[-120.55776,46.0225],[-120.5457,46.02306],[-120.54499,46.01888],[-120.52301,46.01962],[-120.51319,46.01172],[-120.5187,46.01041],[-120.51811,46.00779],[-120.50422,46.00549],[-120.50792,46.00016],[-120.50494,45.99889],[-120.50634,45.99601],[-120.50101,45.98742],[-120.51348,45.98613],[-120.51466,45.97108],[-120.53201,45.97275],[-120.54798,45.96465],[-120.55136,45.96878],[-120.55542,45.96652],[-120.56581,45.97334],[-120.57674,45.97],[-120.58696,45.9558],[-120.59126,45.95917],[-120.59136,45.96529],[-120.60267,45.95894],[-120.60999,45.96472],[-120.62958,45.96064],[-120.63708,45.96884],[-120.64828,45.97259],[-120.64581,45.98359],[-120.65047,45.98779],[-120.6539,45.98342],[-120.66154,45.99184],[-120.68994,45.99067],[-120.70374,46.00012],[-120.70172,46.0128],[-120.68384,46.01634],[-120.68652,46.01864],[-120.70461,46.01656],[-120.71166,46.01221],[-120.72491,46.01804],[-120.72059,46.02858],[-120.70232,46.03203],[-120.70077,46.02619],[-120.69763,46.02595],[-120.68804,46.0313],[-120.68191,46.03112],[-120.6839,46.03271]]]},"bbox":[-120.72491,45.9558,-120.5009,46.06128]},{"type":"Feature","id":28403,"properties":{"y":2013,"n":"Rock Island Grade","ag":"BLM","ac":19.8,"c":14,"cl":"Unknown","ad":"2017-01-27","cd":"","st":"WA","se":4},"geometry":{"type":"Polygon","coordinates":[[[-120.07515,47.37207],[-120.07332,47.3698],[-120.07973,47.36903],[-120.07955,47.36992],[-120.07515,47.37207]]]},"bbox":[-120.07986,47.36867,-120.07275,47.37214]},{"type":"Feature","id":28404,"properties":{"y":2013,"n":"Lower Crab Creek North","ag":"BLM","ac":46.2,"c":14,"cl":"Unknown","ad":"2017-01-27","cd":"","st":"WA","se":4},"geometry":{"type":"Polygon","coordinates":[[[-119.49945,46.82273],[-119.50863,46.82613],[-119.49489,46.82245],[-119.49945,46.82273]]]},"bbox":[-119.50863,46.8223,-119.49489,46.82701]},{"type":"Feature","id":28405,"properties":{"y":2013,"n":"Scooteney","ag":"BLM","ac":13.9,"c":14,"cl":"Unknown","ad":"2017-01-27","cd":"","st":"WA","se":4},"geometry":{"type":"Polygon","coordinates":[[[-119.02736,46.71215],[-119.02627,46.71621],[-119.02584,46.71458],[-119.02637,46.7135],[-119.02323,46.71464],[-119.02736,46.71215]]]},"bbox":[-119.0279,46.71215,-119.02323,46.7167]},{"type":"Feature","id":28406,"properties":{"y":2013,"n":"Colockum Tarps","ag":"BLM","ac":81514.0,"c":14,"cl":"Unknown","ad":"2017-01-27","cd":"","st":"WA","se":4},"geometry":{"type":"Polygon","coordinates":[[[-120.23967,47.16683],[-120.23647,47.16975],[-120.24131,47.16876],[-120.24674,47.1726],[-120.24181,47.1763],[-120.23582,47.17526],[-120.22383,47.18486],[-120.23562,47.19328],[-120.23578,47.20021],[-120.24988,47.20176],[-120.25226,47.20898],[-120.26245,47.20811],[-120.25934,47.21072],[-120.26319,47.21341],[-120.26009,47.21484],[-120.25995,47.2235],[-120.25347,47.22771],[-120.24992,47.22539],[-120.23003,47.23105],[-120.22487,47.23587],[-120.21083,47.23758],[-120.19614,47.24262],[-120.18806,47.24931],[-120.17809,47.25081],[-120.17518,47.2552],[-120.17936,47.26686],[-120.17788,47.27277],[-120.17137,47.28215],[-120.16496,47.28329],[-120.15105,47.29542],[-120.15249,47.30152],[-120.14539,47.30143],[-120.14251,47.30494],[-120.127,47.30969],[-120.11841,47.30751],[-120.1105,47.30958],[-120.10401,47.31497],[-120.09739,47.31481],[-120.09491,47.31018],[-120.09504,47.30411],[-120.10349,47.29973],[-120.09626,47.28239],[-120.09902,47.25015],[-120.08136,47.22375],[-120.06647,47.22102],[-120.02316,47.22331],[-120.00889,47.21426],[-120.01464,47.21267],[-120.00802,47.20069],[-120.0076,47.18971],[-120.0184,47.16872],[-120.02117,47.15596],[-120.01655,47.13544],[-120.02004,47.13583],[-120.02359,47.14655],[-120.02941,47.147],[-120.02071,47.11478],[-120.02907,47.11188],[-120.05549,47.09202],[-120.06743,47.08806],[-120.07836,47.08976],[-120.07075,47.09195],[-120.07068,47.09541],[-120.08452,47.0917],[-120.09296,47.09353],[-120.11942,47.08018],[-120.14661,47.07914],[-120.15791,47.07199],[-120.17163,47.07036],[-120.17936,47.06498],[-120.19683,47.06345],[-120.20634,47.06544],[-120.21992,47.07451],[-120.24234,47.0738],[-120.24797,47.08186],[-120.24466,47.08389],[-120.24313,47.0939],[-120.24839,47.1096],[-120.24052,47.11748],[-120.22386,47.11513],[-120.25011,47.13327],[-120.25087,47.14215],[-120.2485,47.14408],[-120.25065,47.14547],[-120.24471,47.14696],[-120.24172,47.15281],[-120.23551,47.14986],[-120.23525,47.15385],[-120.23217,47.15143],[-120.2287,47.15395],[-120.23885,47.16277],[-120.23967,47.16683]]]},"bbox":[-120.26319,47.06345,-120.0076,47.31511]},{"type":"Feature","id":28407,"properties":{"y":2013,"n":"Keystone North","ag":"BLM","ac":458.8,"c":14,"cl":"Unknown","ad":"2017-01-27","cd":"","st":"WA","se":4},"geometry":{"type":"Polygon","coordinates":[[[-119.47696,48.5645],[-119.48049,48.56863],[-119.47563,48.57428],[-119.44882,48.56782],[-119.46361,48.56131],[-119.47696,48.5645]]]},"bbox":[-119.48053,48.56131,-119.44882,48.57431]},{"type":"Feature","id":28408,"properties":{"y":2013,"n":"Whiskey","ag":"BLM","ac":558.6,"c":14,"cl":"Unknown","ad":"2017-01-27","cd":"","st":"WA","se":4},"geometry":{"type":"Polygon","coordinates":[[[-119.95283,47.44719],[-119.94777,47.44514],[-119.94725,47.43707],[-119.93806,47.43427],[-119.93615,47.42996],[-119.9382,47.42709],[-119.94787,47.43138],[-119.94822,47.42933],[-119.93156,47.42199],[-119.93204,47.42098],[-119.94917,47.42599],[-119.95218,47.43318],[-119.95909,47.42982],[-119.95495,47.43505],[-119.95914,47.44262],[-119.95283,47.44719]]]},"bbox":[-119.95914,47.42098,-119.93156,47.44719]},{"type":"Feature","id":28409,"properties":{"y":2013,"n":"Wagon","ag":"BLM","ac":0.1,"c":14,"cl":"Unknown","ad":"2017-01-27","cd":"","st":"WA","se":4},"geometry":{"type":"Polygon","coordinates":[[[-119.8797,47.45628],[-119.87974,47.45596],[-119.87984,47.45601],[-119.8797,47.45628]]]},"bbox":[-119.87984,47.45596,-119.87957,47.45628]},{"type":"Feature","id":28410,"properties":{"y":2013,"n":"Mile Marker 44","ag":"BLM","ac":1818.8,"c":14,"cl":"Unknown","ad":"2017-01-27","cd":"","st":"WA","se":4},"geometry":{"type":"Polygon","coordinates":[[[-118.90088,46.61779],[-118.89708,46.61271],[-118.89863,46.60563],[-118.89616,46.60498],[-118.90194,46.60007],[-118.90628,46.60173],[-118.90555,46.59411],[-118.9099,46.5918],[-118.9144,46.59341],[-118.91505,46.58939],[-118.93334,46.58855],[-118.94662,46.59069],[-118.94984,46.58791],[-118.94545,46.58743],[-118.94654,46.58161],[-118.95784,46.58218],[-118.96464,46.57733],[-118.97066,46.58201],[-118.95748,46.59243],[-118.92942,46.60062],[-118.90088,46.61779]]]},"bbox":[-118.97066,46.57733,-118.89616,46.61779]},{"type":"Feature","id":28411,"properties":{"y":2013,"n":"Mile Marker 58","ag":"BLM","ac":138.2,"c":14,"cl":"Unknown","ad":"2017-01-27","cd":"","st":"WA","se":4},"geometry":{"type":"Polygon","coordinates":[[[-118.83892,46.68872],[-118.83433,46.69078],[-118.82008,46.68631],[-118.83546,46.68498],[-118.83892,46.68872]]]},"bbox":[-118.83892,46.68498,-118.82008,46.69079]},{"type":"Feature","id":28412,"properties":{"y":2013,"n":"Milepost 10","ag":"BLM","ac":5564.4,"c":14,"cl":"Unknown","ad":"2017-01-27","cd":"","st":"WA","se":4},"geometry":{"type":"Polygon","coordinates":[[[-120.18371,47.3257],[-120.22806,47.32692],[-120.19417,47.34419],[-120.15307,47.35074],[-120.14195,47.34843],[-120.12813,47.33786],[-120.11871,47.33652],[-120.10618,47.3261],[-120.10228,47.3173],[-120.10773,47.31217],[-120.11778,47.31336],[-120.14249,47.30878],[-120.18371,47.3257]]]},"bbox":[-120.22806,47.30857,-120.10228,47.35084]},{"type":"Feature","id":28413,"properties":{"y":2013,"n":"Highline","ag":"BLM","ac":12.4,"c":14,"cl":"Unknown","ad":"2017-01-27","cd":"","st":"WA","se":4},"geometry":{"type":"Polygon","coordinates":[[[-119.59238,48.01171],[-119.59056,48.0141],[-119.58901,48.01318],[-119.59238,48.01171]]]},"bbox":[-119.59271,48.01171,-119.58901,48.01432]},{"type":"Feature","id":28414,"properties":{"y":2013,"n":"Webber","ag":"BLM","ac":681.3,"c":14,"cl":"Unknown","ad":"2017-01-27","cd":"","st":"WA","se":4},"geometry":{"type":"Polygon","coordinates":[[[-119.44865,46.22719],[-119.43634,46.22086],[-119.4475,46.20888],[-119.45652,46.20824],[-119.46022,46.21311],[-119.47099,46.21201],[-119.45544,46.21983],[-119.45308,46.22566],[-119.44865,46.22719]]]},"bbox":[-119.47106,46.20773,-119.43633,46.22719]},{"type":"Feature","id":28415,"properties":{"y":2014,"n":"Square Butte","ag":"BLM","ac":11.3,"c":14,"cl":"Unknown","ad":"2017-01-27","cd":"","st":"WA","se":4},"geometry":{"type":"Polygon","coordinates":[[[-117.8567,47.35891],[-117.85252,47.35985],[-117.85064,47.35875],[-117.8567,47.35891]]]},"bbox":[-117.8567,47.35785,-117.85064,47.35985]},{"type":"Feature","id":28416,"properties":{"y":2014,"n":"Corral","ag":"BLM","ac":147.2,"c":14,"cl":"Unknown","ad":"2017-01-27","cd":"","st":"WA","se":4},"geometry":{"type":"Polygon","coordinates":[[[-120.17273,46.96849],[-120.16692,46.96718],[-120.16297,46.97147],[-120.16163,46.96825],[-120.15621,46.96895],[-120.16128,46.96521],[-120.15126,46.96267],[-120.15011,46.96512],[-120.14507,46.96021],[-120.17381,46.96626],[-120.17273,46.96849]]]},"bbox":[-120.17385,46.96021,-120.14507,46.97147]},{"type":"Feature","id":28417,"properties":{"y":2014,"n":"Division Road","ag":"BLM","ac":20.1,"c":14,"cl":"Unknown","ad":"2017-01-27","cd":"","st":"WA","se":4},"geometry":{"type":"Polygon","coordinates":[[[-119.7159,47.60802],[-119.71174,47.60452],[-119.7132,47.6028],[-119.7172,47.60586],[-119.7159,47.60802]]]},"bbox":[-119.71722,47.6028,-119.71172,47.60802]},{"type":"Feature","id":28418,"properties":{"y":2014,"n":"Jack Brown","ag":"BLM","ac":0.8,"c":14,"cl":"Unknown","ad":"2017-01-27","cd":"","st":"WA","se":4},"geometry":{"type":"Polygon","coordinates":[[[-117.82391,47.39688],[-117.8232,47.39685],[-117.82374,47.39604],[-117.82391,47.39688]]]},"bbox":[-117.82391,47.39604,-117.8232,47.39715]},{"type":"Feature","id":28419,"properties":{"y":2014,"n":"Railroad","ag":"BLM","ac":0.6,"c":14,"cl":"Unknown","ad":"2017-01-27","cd":"","st":"WA","se":4},"geometry":{"type":"Polygon","coordinates":[[[-119.95055,47.85803],[-119.94956,47.85776],[-119.95057,47.85795],[-119.95055,47.85803]]]},"bbox":[-119.95057,47.85776,-119.94906,47.85807]},{"type":"Feature","id":28420,"properties":{"y":2014,"n":"Miller Ranch","ag":"BLM","ac":4.5,"c":14,"cl":"Unknown","ad":"2017-01-27","cd":"","st":"WA","se":4},"geometry":{"type":"Polygon","coordinates":[[[-117.88067,47.32673],[-117.87911,47.32781],[-117.87866,47.32706],[-117.88067,47.32673]]]},"bbox":[-117.88173,47.32673,-117.87866,47.32795]},{"type":"Feature","id":28421,"properties":{"y":2014,"n":"Dry Falls Junction","ag":"BLM","ac":6.1,"c":14,"cl":"Unknown","ad":"2017-01-27","cd":"","st":"WA","se":4},"geometry":{"type":"Polygon","coordinates":[[[-119.33252,47.62528],[-119.32826,47.62479],[-119.32688,47.62481],[-119.329,47.62453],[-119.33252,47.62528]]]},"bbox":[-119.33252,47.62446,-119.32687,47.62598]},{"type":"Feature","id":28422,"properties":{"y":2014,"n":"Highland 2","ag":"BLM","ac":449.4,"c":14,"cl":"Unknown","ad":"2017-01-27","cd":"","st":"WA","se":4},"geometry":{"type":"Polygon","coordinates":[[[-119.56021,48.02939],[-119.5567,48.03288],[-119.54981,48.03362],[-119.54984,48.02717],[-119.5383,48.02829],[-119.53055,48.02424],[-119.53775,48.0243],[-119.53583,48.01995],[-119.53787,48.01957],[-119.54011,48.02519],[-119.54554,48.01536],[-119.55352,48.01957],[-119.56021,48.02939]],[[-119.56001,48.02949],[-119.56003,48.02951],[-119.56009,48.02947],[-119.56001,48.02949]]]},"bbox":[-119.56106,48.01536,-119.53055,48.03362]},{"type":"Feature","id":28423,"properties":{"y":2014,"n":"Trinidad","ag":"BLM","ac":618.5,"c":14,"cl":"Unknown","ad":"2017-01-27","cd":"","st":"WA","se":4},"geometry":{"type":"Polygon","coordinates":[[[-119.98149,47.25512],[-119.97461,47.26025],[-119.97706,47.25696],[-119.97086,47.25868],[-119.96824,47.25457],[-119.96267,47.25597],[-119.96055,47.25028],[-119.93968,47.24139],[-119.97163,47.24675],[-119.97028,47.24151],[-119.98173,47.24266],[-119.97618,47.24777],[-119.98149,47.25512]]]},"bbox":[-119.98173,47.24081,-119.93953,47.26025]},{"type":"Feature","id":28424,"properties":{"y":2014,"n":"Milepost 87","ag":"BLM","ac":1990.5,"c":14,"cl":"Unknown","ad":"2017-01-27","cd":"","st":"WA","se":4},"geometry":{"type":"Polygon","coordinates":[[[-119.66582,46.23079],[-119.63167,46.23822],[-119.62307,46.228],[-119.63972,46.22012],[-119.66059,46.2184],[-119.67809,46.21052],[-119.68767,46.2143],[-119.70668,46.21113],[-119.71316,46.21385],[-119.70687,46.21776],[-119.67056,46.22281],[-119.66582,46.23079]]]},"bbox":[-119.71316,46.21052,-119.62307,46.23822]},{"type":"Feature","id":28425,"properties":{"y":2014,"n":"Lincoln Rock","ag":"BLM","ac":38.8,"c":14,"cl":"Unknown","ad":"2017-01-27","cd":"","st":"WA","se":4},"geometry":{"type":"Polygon","coordinates":[[[-120.27331,47.54302],[-120.26902,47.54149],[-120.26944,47.53917],[-120.27576,47.53739],[-120.27581,47.54077],[-120.27069,47.54041],[-120.27331,47.54302]]]},"bbox":[-120.27657,47.53721,-120.26902,47.54302]},{"type":"Feature","id":28426,"properties":{"y":2014,"n":"Watermelon Hill","ag":"BLM","ac":10348.1,"c":14,"cl":"Unknown","ad":"2017-01-27","cd":"","st":"WA","se":4},"geometry":{"type":"Polygon","coordinates":[[[-117.81565,47.31755],[-117.85944,47.31051],[-117.86676,47.31242],[-117.8682,47.31666],[-117.88347,47.32062],[-117.87709,47.32654],[-117.85813,47.32949],[-117.84915,47.3399],[-117.85199,47.34199],[-117.8494,47.34826],[-117.83372,47.36124],[-117.82074,47.35843],[-117.81347,47.36135],[-117.79612,47.35389],[-117.78942,47.36184],[-117.77693,47.36096],[-117.76129,47.3728],[-117.75663,47.36957],[-117.76199,47.36232],[-117.73537,47.37202],[-117.73005,47.36514],[-117.72694,47.36519],[-117.72629,47.36896],[-117.72287,47.36835],[-117.72538,47.36719],[-117.72367,47.36499],[-117.7182,47.36613],[-117.71548,47.36227],[-117.69085,47.36558],[-117.69676,47.36093],[-117.70767,47.36198],[-117.72308,47.35799],[-117.72651,47.35503],[-117.72412,47.35427],[-117.72501,47.34689],[-117.74237,47.34154],[-117.74767,47.34485],[-117.75266,47.34037],[-117.7518,47.33655],[-117.7647,47.33507],[-117.77455,47.32971],[-117.77826,47.33111],[-117.79529,47.31444],[-117.81565,47.31755]]]},"bbox":[-117.88347,47.31051,-117.69082,47.3728]},{"type":"Feature","id":28427,"properties":{"y":2014,"n":"Saddle Mountain","ag":"BLM","ac":24860.9,"c":14,"cl":"Unknown","ad":"2017-01-27","cd":"","st":"WA","se":4},"geometry":{"type":"Polygon","coordinates":[[[-120.19624,46.88955],[-120.19162,46.89642],[-120.17753,46.90305],[-120.17858,46.90567],[-120.17494,46.90737],[-120.17597,46.90123],[-120.1694,46.90009],[-120.16744,46.90588],[-120.16348,46.90449],[-120.16157,46.89584],[-120.14063,46.88882],[-120.1409,46.8838],[-120.13649,46.88206],[-120.13019,46.88028],[-120.12906,46.88382],[-120.12552,46.87919],[-120.11363,46.87564],[-120.07521,46.86834],[-120.0404,46.88157],[-119.98998,46.88561],[-119.98667,46.8813],[-119.99713,46.88044],[-119.98775,46.87889],[-119.97956,46.86877],[-120.00889,46.87766],[-120.05538,46.86734],[-120.04733,46.85886],[-120.02801,46.86144],[-120.02302,46.85758],[-119.98797,46.8539],[-119.97081,46.84338],[-119.94562,46.82031],[-119.96933,46.83604],[-119.97319,46.83468],[-119.97221,46.83108],[-119.97953,46.83144],[-119.98042,46.82805],[-119.96979,46.81949],[-119.97446,46.81637],[-119.96637,46.81307],[-119.95054,46.81281],[-119.93996,46.80766],[-119.9417,46.80186],[-119.96643,46.76989],[-119.96835,46.77789],[-119.95989,46.78952],[-119.97461,46.80939],[-119.99,46.82181],[-119.9975,46.82298],[-120.00191,46.82017],[-119.99857,46.79525],[-119.99301,46.78894],[-120.00283,46.79942],[-120.0097,46.79911],[-120.02081,46.81207],[-120.02405,46.80907],[-120.02118,46.80104],[-120.02497,46.80097],[-120.0547,46.81067],[-120.05643,46.81786],[-120.06354,46.82194],[-120.06072,46.80855],[-120.06769,46.80646],[-120.05709,46.79288],[-120.06153,46.79364],[-120.07318,46.80563],[-120.09051,46.81305],[-120.09989,46.82319],[-120.10029,46.81135],[-120.09183,46.8061],[-120.09535,46.80213],[-120.10417,46.80966],[-120.11759,46.81503],[-120.1229,46.82198],[-120.12343,46.82524],[-120.11929,46.82757],[-120.10676,46.82742],[-120.11066,46.84294],[-120.13438,46.85052],[-120.15642,46.84993],[-120.19008,46.86229],[-120.19269,46.86674],[-120.18503,46.86833],[-120.17387,46.87812],[-120.18637,46.87892],[-120.18636,46.88379],[-120.19624,46.88955]]]},"bbox":[-120.19624,46.76989,-119.93996,46.90737]},{"type":"Feature","id":28428,"properties":{"y":2014,"n":"Boundary","ag":"BLM","ac":20.8,"c":14,"cl":"Unknown","ad":"2017-01-27","cd":"","st":"WA","se":4},"geometry":{"type":"Polygon","coordinates":[[[-118.0891,48.00777],[-118.09071,48.01134],[-118.08806,48.01233],[-118.08718,48.01053],[-118.0891,48.00777]]]},"bbox":[-118.09085,48.00777,-118.08718,48.01235]},{"type":"Feature","id":28429,"properties":{"y":2014,"n":"Little Boundary","ag":"BLM","ac":0.1,"c":14,"cl":"Unknown","ad":"2017-01-27","cd":"","st":"WA","se":4},"geometry":{"type":"Polygon","coordinates":[[[-118.07839,48.00738],[-118.07812,48.00735],[-118.07839,48.00718],[-118.07839,48.00738]]]},"bbox":[-118.0784,48.00718,-118.07805,48.00748]},{"type":"Feature","id":28430,"properties":{"y":2014,"n":"Turk","ag":"BLM","ac":0.3,"c":14,"cl":"Unknown","ad":"2017-01-27","cd":"","st":"WA","se":4},"geometry":{"type":"Polygon","coordinates":[[[-118.10441,48.04955],[-118.10441,48.04916],[-118.10475,48.04958],[-118.10441,48.04955]]]},"bbox":[-118.10475,48.04915,-118.10419,48.04962]},{"type":"Feature","id":28431,"properties":{"y":2014,"n":"Martindale","ag":"BLM","ac":19.0,"c":14,"cl":"Unknown","ad":"2017-01-27","cd":"","st":"WA","se":4},"geometry":{"type":"Polygon","coordinates":[[[-118.95656,46.24475],[-118.96475,46.24433],[-118.96578,46.24459],[-118.96618,46.24548],[-118.95656,46.24475]]]},"bbox":[-118.96619,46.24432,-118.95631,46.24586]},{"type":"Feature","id":28432,"properties":{"y":2014,"n":"Lower Crab Creek","ag":"BLM","ac":194.0,"c":14,"cl":"Unknown","ad":"2017-01-27","cd":"","st":"WA","se":4},"geometry":{"type":"Polygon","coordinates":[[[-119.49677,46.82735],[-119.49175,46.83049],[-119.47379,46.83094],[-119.49597,46.82257],[-119.49677,46.82735]]]},"bbox":[-119.49677,46.82257,-119.47379,46.83184]},{"type":"Feature","id":28433,"properties":{"y":2015,"n":"Zonal Loop","ag":"BLM","ac":4.9,"c":14,"cl":"Unknown","ad":"2017-01-27","cd":"","st":"WA","se":4},"geometry":{"type":"Polygon","coordinates":[[[-120.2127,47.62799],[-120.21404,47.6295],[-120.21105,47.62818],[-120.2127,47.62799]]]},"bbox":[-120.21415,47.62776,-120.21105,47.62956]},{"type":"Feature","id":28434,"properties":{"y":2015,"n":"Umtanum","ag":"BLM","ac":0.3,"c":14,"cl":"Unknown","ad":"2017-01-27","cd":"","st":"WA","se":4},"geometry":{"type":"Polygon","coordinates":[[[-120.47573,46.85949],[-120.47522,46.85965],[-120.47614,46.85934],[-120.47573,46.85949]]]},"bbox":[-120.47615,46.8593,-120.47522,46.85976]},{"type":"Feature","id":28435,"properties":{"y":2015,"n":"Eagle Springs","ag":"BLM","ac":1716.8,"c":14,"cl":"Unknown","ad":"2017-01-27","cd":"","st":"WA","se":4},"geometry":{"type":"Polygon","coordinates":[[[-118.75364,47.49134],[-118.75561,47.4993],[-118.7425,47.50622],[-118.74251,47.5087],[-118.72843,47.50605],[-118.72297,47.51093],[-118.7168,47.51119],[-118.71857,47.50818],[-118.70287,47.50809],[-118.70131,47.50524],[-118.70493,47.50398],[-118.69677,47.50057],[-118.70362,47.49617],[-118.73347,47.48878],[-118.75364,47.49134]]]},"bbox":[-118.75561,47.4884,-118.69677,47.51119]},{"type":"Feature","id":28436,"properties":{"y":2015,"n":"Tunk Block","ag":"BLM","ac":165004.3,"c":14,"cl":"Unknown","ad":"2017-01-27","cd":"","st":"WA","se":4},"geometry":{"type":"Polygon","coordinates":[[[-119.41923,48.68813],[-119.4235,48.67805],[-119.41676,48.68248],[-119.4084,48.6825],[-119.40905,48.68665],[-119.39242,48.67698],[-119.38215,48.68227],[-119.37035,48.68156],[-119.36452,48.67371],[-119.35876,48.67289],[-119.35405,48.66591],[-119.34943,48.66562],[-119.35484,48.66345],[-119.34557,48.65818],[-119.33996,48.6588],[-119.34076,48.65642],[-119.3337,48.65458],[-119.33119,48.6492],[-119.32786,48.65016],[-119.32553,48.64653],[-119.31164,48.64144],[-119.30897,48.64368],[-119.30412,48.63933],[-119.30127,48.63899],[-119.30177,48.64228],[-119.29034,48.63906],[-119.28857,48.63314],[-119.28385,48.63215],[-119.28807,48.63594],[-119.28327,48.64094],[-119.26493,48.64829],[-119.26343,48.6443],[-119.24396,48.64356],[-119.23645,48.63889],[-119.23947,48.63218],[-119.23609,48.63142],[-119.23724,48.62645],[-119.22532,48.62727],[-119.22439,48.62337],[-119.2167,48.62687],[-119.21386,48.62529],[-119.2239,48.61556],[-119.2171,48.61089],[-119.21994,48.6023],[-119.21599,48.59987],[-119.21996,48.59674],[-119.21036,48.59959],[-119.20294,48.59305],[-119.2111,48.58803],[-119.22671,48.58642],[-119.22291,48.58579],[-119.2353,48.58176],[-119.23337,48.57715],[-119.23681,48.57532],[-119.23323,48.56972],[-119.24342,48.56329],[-119.23561,48.54566],[-119.23013,48.54328],[-119.23121,48.54015],[-119.22763,48.54092],[-119.22647,48.53816],[-119.23112,48.53717],[-119.23046,48.53442],[-119.22238,48.53409],[-119.21701,48.53936],[-119.21396,48.53555],[-119.22014,48.53029],[-119.21302,48.52914],[-119.21411,48.53267],[-119.21193,48.52768],[-119.20579,48.52542],[-119.2148,48.51764],[-119.21021,48.51559],[-119.21338,48.51309],[-119.20776,48.51205],[-119.20938,48.50612],[-119.20605,48.5031],[-119.2135,48.50482],[-119.21517,48.50093],[-119.21125,48.49915],[-119.21241,48.4967],[-119.2201,48.49373],[-119.21722,48.49007],[-119.22829,48.48331],[-119.22211,48.48568],[-119.21934,48.47747],[-119.21627,48.4789],[-119.21702,48.47642],[-119.21312,48.47567],[-119.22049,48.47184],[-119.21691,48.46875],[-119.22846,48.46788],[-119.22509,48.46618],[-119.2262,48.46411],[-119.23304,48.46243],[-119.23237,48.45932],[-119.23992,48.45286],[-119.23405,48.45319],[-119.23312,48.45117],[-119.23772,48.44973],[-119.23515,48.44696],[-119.22705,48.44709],[-119.22992,48.44198],[-119.22601,48.43811],[-119.23504,48.43789],[-119.24599,48.43017],[-119.24753,48.4148],[-119.25288,48.41064],[-119.25879,48.41139],[-119.2616,48.40325],[-119.26877,48.39956],[-119.26002,48.39767],[-119.26459,48.39267],[-119.25719,48.37507],[-119.26821,48.36471],[-119.26281,48.36154],[-119.26277,48.35843],[-119.26768,48.35894],[-119.26411,48.35808],[-119.26564,48.35609],[-119.25754,48.35545],[-119.25695,48.34854],[-119.25938,48.34684],[-119.25315,48.34398],[-119.24318,48.34539],[-119.23757,48.33752],[-119.23078,48.33622],[-119.22639,48.34127],[-119.23233,48.34172],[-119.22212,48.34219],[-119.21408,48.34733],[-119.21255,48.34515],[-119.21073,48.34862],[-119.18322,48.3395],[-119.1797,48.3308],[-119.18673,48.32562],[-119.18761,48.32321],[-119.18361,48.32242],[-119.18676,48.31839],[-119.19441,48.31948],[-119.19237,48.31683],[-119.19491,48.31452],[-119.20397,48.31573],[-119.2062,48.31358],[-119.20355,48.31203],[-119.21203,48.30497],[-119.22572,48.30582],[-119.22418,48.30349],[-119.22806,48.29892],[-119.23121,48.29744],[-119.23229,48.30121],[-119.24544,48.29019],[-119.25939,48.29053],[-119.25731,48.29805],[-119.26694,48.29011],[-119.27266,48.28915],[-119.27113,48.29359],[-119.27838,48.28837],[-119.28009,48.28339],[-119.28467,48.28553],[-119.28653,48.28214],[-119.28628,48.28626],[-119.28863,48.28419],[-119.29207,48.2863],[-119.29915,48.28009],[-119.2989,48.28532],[-119.30145,48.28468],[-119.30319,48.28842],[-119.30689,48.28741],[-119.30638,48.28281],[-119.31882,48.28337],[-119.31648,48.28534],[-119.3205,48.28855],[-119.32755,48.28677],[-119.32938,48.29316],[-119.33365,48.29103],[-119.33479,48.29388],[-119.3305,48.29847],[-119.33294,48.30049],[-119.33522,48.29524],[-119.3382,48.29915],[-119.33689,48.2932],[-119.3402,48.29367],[-119.33493,48.28697],[-119.35409,48.29353],[-119.3574,48.29659],[-119.35415,48.30519],[-119.34389,48.30928],[-119.34709,48.31564],[-119.35292,48.31767],[-119.36172,48.31538],[-119.36413,48.31905],[-119.36429,48.3153],[-119.37142,48.31077],[-119.36979,48.30943],[-119.37558,48.30894],[-119.38157,48.30288],[-119.38312,48.30474],[-119.38061,48.30554],[-119.38576,48.30533],[-119.38263,48.30178],[-119.38378,48.29997],[-119.38629,48.30271],[-119.38525,48.29947],[-119.38833,48.29896],[-119.394,48.30995],[-119.40552,48.31246],[-119.41104,48.31729],[-119.40682,48.31968],[-119.40535,48.31574],[-119.39862,48.31619],[-119.40628,48.32645],[-119.40436,48.32857],[-119.4015,48.32494],[-119.40404,48.33121],[-119.39466,48.32881],[-119.40029,48.33173],[-119.39813,48.33666],[-119.40199,48.33725],[-119.40236,48.34421],[-119.40838,48.34786],[-119.40791,48.35148],[-119.41497,48.34647],[-119.41916,48.3482],[-119.41946,48.35397],[-119.42346,48.35351],[-119.41873,48.36125],[-119.4207,48.36378],[-119.4303,48.3613],[-119.43824,48.36725],[-119.43623,48.35533],[-119.43026,48.35489],[-119.42952,48.34811],[-119.43448,48.34552],[-119.43092,48.34102],[-119.43722,48.34232],[-119.43717,48.34739],[-119.44131,48.34808],[-119.43665,48.34924],[-119.43734,48.35191],[-119.44312,48.3517],[-119.44682,48.3472],[-119.433,48.32329],[-119.43723,48.31438],[-119.44822,48.31766],[-119.45323,48.31559],[-119.46035,48.32108],[-119.46428,48.33172],[-119.46276,48.33578],[-119.47447,48.34048],[-119.48867,48.35888],[-119.49021,48.36662],[-119.48705,48.37631],[-119.47705,48.38027],[-119.48381,48.38825],[-119.46578,48.38379],[-119.4679,48.3873],[-119.46345,48.38705],[-119.45212,48.3953],[-119.4554,48.40089],[-119.44567,48.41356],[-119.45223,48.41929],[-119.45245,48.43372],[-119.4437,48.4345],[-119.44453,48.44189],[-119.44858,48.44404],[-119.44191,48.45027],[-119.45414,48.46176],[-119.4637,48.46069],[-119.45652,48.46477],[-119.46121,48.46789],[-119.46634,48.46481],[-119.47559,48.47407],[-119.47683,48.4812],[-119.47965,48.48041],[-119.49813,48.50106],[-119.50306,48.52261],[-119.48287,48.54628],[-119.47565,48.54556],[-119.47131,48.55113],[-119.47056,48.55854],[-119.4786,48.56062],[-119.4667,48.56025],[-119.46507,48.55506],[-119.44956,48.55557],[-119.47114,48.56392],[-119.47757,48.56323],[-119.48011,48.56621],[-119.47929,48.57525],[-119.48755,48.59016],[-119.47591,48.60176],[-119.47469,48.60918],[-119.46594,48.61356],[-119.46491,48.62653],[-119.45151,48.63602],[-119.44064,48.64925],[-119.44677,48.65524],[-119.44454,48.6614],[-119.4489,48.66232],[-119.42634,48.67406],[-119.4514,48.66544],[-119.44775,48.67891],[-119.42506,48.68791],[-119.42437,48.69151],[-119.41923,48.68813]],[[-119.23437,48.60397],[-119.23132,48.5997],[-119.23694,48.59742],[-119.22283,48.59669],[-119.21828,48.59928],[-119.22452,48.60172],[-119.22411,48.60523],[-119.23437,48.60397]],[[-119.28323,48.53995],[-119.29304,48.53586],[-119.29083,48.52675],[-119.28829,48.52434],[-119.28219,48.52566],[-119.29919,48.51446],[-119.29953,48.51772],[-119.30225,48.51716],[-119.30537,48.51179],[-119.33494,48.52556],[-119.3278,48.51607],[-119.33554,48.51605],[-119.33821,48.50332],[-119.334,48.49719],[-119.32587,48.49889],[-119.32155,48.50904],[-119.30176,48.50333],[-119.2932,48.49513],[-119.29408,48.49146],[-119.30035,48.48953],[-119.29918,48.47831],[-119.28886,48.48149],[-119.29213,48.4819],[-119.29152,48.48973],[-119.2798,48.49654],[-119.2703,48.48676],[-119.27347,48.48389],[-119.26833,48.48468],[-119.26923,48.48658],[-119.26296,48.48305],[-119.25479,48.48743],[-119.24314,48.48358],[-119.24104,48.49212],[-119.23073,48.49654],[-119.23571,48.49794],[-119.22395,48.50548],[-119.22752,48.51194],[-119.25405,48.50951],[-119.25895,48.52171],[-119.24665,48.52706],[-119.24617,48.53034],[-119.25841,48.52576],[-119.25832,48.52876],[-119.26168,48.52814],[-119.25705,48.53247],[-119.26171,48.53721],[-119.26044,48.53934],[-119.26474,48.53955],[-119.26785,48.53383],[-119.27709,48.52938],[-119.28323,48.53995]],[[-119.23124,48.47072],[-119.238,48.46991],[-119.23799,48.46813],[-119.23325,48.46664],[-119.23124,48.47072]],[[-119.24766,48.56001],[-119.25085,48.55973],[-119.2515,48.55728],[-119.24745,48.55697],[-119.25076,48.55488],[-119.24545,48.5558],[-119.24766,48.56001]],[[-119.25236,48.56053],[-119.25257,48.55994],[-119.25105,48.56074],[-119.25236,48.56053]],[[-119.3452,48.62589],[-119.3487,48.62064],[-119.34206,48.61379],[-119.34843,48.61569],[-119.35823,48.62551],[-119.3628,48.62183],[-119.3699,48.62208],[-119.37056,48.61737],[-119.37578,48.61725],[-119.3673,48.60639],[-119.34663,48.60649],[-119.34292,48.60165],[-119.33506,48.60153],[-119.33882,48.5982],[-119.33384,48.60052],[-119.31761,48.5977],[-119.31704,48.5949],[-119.30331,48.59186],[-119.31124,48.59933],[-119.30155,48.59961],[-119.3042,48.60519],[-119.31093,48.6068],[-119.31251,48.61181],[-119.32495,48.60616],[-119.3289,48.62067],[-119.33385,48.62112],[-119.3316,48.61754],[-119.33383,48.61722],[-119.34079,48.627],[-119.34689,48.62872],[-119.3452,48.62589]]]},"bbox":[-119.50306,48.28009,-119.17964,48.69151]},{"type":"Feature","id":28437,"properties":{"y":2015,"n":"Sr 14 Mp 164","ag":"BLM","ac":13.6,"c":14,"cl":"Unknown","ad":"2017-01-27","cd":"","st":"WA","se":4},"geometry":{"type":"Polygon","coordinates":[[[-119.66684,45.91116],[-119.67052,45.90979],[-119.66701,45.91246],[-119.66684,45.91116]]]},"bbox":[-119.67052,45.90914,-119.66678,45.91251]},{"type":"Feature","id":28438,"properties":{"y":2015,"n":"Sam Knack","ag":"BLM","ac":0.1,"c":14,"cl":"Unknown","ad":"2017-01-27","cd":"","st":"WA","se":4},"geometry":{"type":"Polygon","coordinates":[[[-118.33403,47.66207],[-118.33406,47.66239],[-118.33366,47.66236],[-118.33403,47.66207]]]},"bbox":[-118.33411,47.66207,-118.33366,47.66242]},{"type":"Feature","id":28439,"properties":{"y":2015,"n":"Lime Belt","ag":"BLM","ac":120526.6,"c":14,"cl":"Unknown","ad":"2017-01-27","cd":"","st":"WA","se":4},"geometry":{"type":"Polygon","coordinates":[[[-119.81658,48.47618],[-119.80365,48.47964],[-119.80801,48.48343],[-119.80448,48.48881],[-119.79262,48.48731],[-119.79356,48.48334],[-119.78407,48.4775],[-119.77141,48.48015],[-119.77215,48.47759],[-119.7687,48.4769],[-119.76288,48.48097],[-119.74872,48.48232],[-119.74942,48.48822],[-119.7425,48.49726],[-119.74256,48.50175],[-119.73922,48.50271],[-119.73857,48.5036],[-119.75041,48.50258],[-119.75296,48.5055],[-119.76989,48.49888],[-119.78664,48.50844],[-119.79317,48.50766],[-119.79829,48.51676],[-119.78917,48.52833],[-119.78218,48.52886],[-119.77083,48.5378],[-119.75591,48.53905],[-119.74537,48.53],[-119.74784,48.53657],[-119.73351,48.53098],[-119.71458,48.53502],[-119.7031,48.52477],[-119.69708,48.52213],[-119.69268,48.52485],[-119.70271,48.53047],[-119.70604,48.53644],[-119.68943,48.54525],[-119.68953,48.55318],[-119.69659,48.5531],[-119.69429,48.56861],[-119.69906,48.5736],[-119.69401,48.5804],[-119.70004,48.57623],[-119.69939,48.56969],[-119.70267,48.56807],[-119.74125,48.56226],[-119.74166,48.56704],[-119.74671,48.56166],[-119.75114,48.56476],[-119.74946,48.57061],[-119.75313,48.57505],[-119.73977,48.57878],[-119.74882,48.58622],[-119.7471,48.59201],[-119.73895,48.59466],[-119.74289,48.60587],[-119.7349,48.60816],[-119.74172,48.62483],[-119.7372,48.62699],[-119.72857,48.6252],[-119.73224,48.62826],[-119.72594,48.63167],[-119.72217,48.62657],[-119.7152,48.62966],[-119.72404,48.6318],[-119.72451,48.63629],[-119.72006,48.64219],[-119.72649,48.64879],[-119.72343,48.65226],[-119.72736,48.65571],[-119.7246,48.65634],[-119.72417,48.6618],[-119.71999,48.66138],[-119.71767,48.66529],[-119.72273,48.6686],[-119.73118,48.66786],[-119.73537,48.67471],[-119.75389,48.68274],[-119.74713,48.68823],[-119.70328,48.69511],[-119.6983,48.69337],[-119.69761,48.6857],[-119.69045,48.68091],[-119.69294,48.66916],[-119.68359,48.67804],[-119.68698,48.68228],[-119.67847,48.6859],[-119.67591,48.69155],[-119.66764,48.69183],[-119.66405,48.67993],[-119.6693,48.675],[-119.6488,48.67531],[-119.64715,48.66971],[-119.64182,48.66825],[-119.64671,48.66717],[-119.63443,48.66542],[-119.62537,48.65878],[-119.62698,48.65165],[-119.6339,48.65176],[-119.63688,48.64801],[-119.63411,48.65328],[-119.63684,48.65353],[-119.63146,48.66151],[-119.64151,48.65488],[-119.64099,48.65199],[-119.64556,48.64942],[-119.6458,48.64574],[-119.64257,48.64512],[-119.65122,48.6386],[-119.64458,48.63947],[-119.64578,48.63547],[-119.63908,48.63325],[-119.64188,48.64112],[-119.62568,48.64464],[-119.62451,48.64921],[-119.61973,48.64924],[-119.62189,48.65216],[-119.61368,48.65115],[-119.60982,48.65425],[-119.59783,48.65015],[-119.59369,48.65223],[-119.58574,48.64691],[-119.58146,48.64888],[-119.56996,48.6389],[-119.56895,48.63187],[-119.56094,48.62723],[-119.56142,48.62332],[-119.55559,48.61703],[-119.56311,48.61096],[-119.56546,48.60444],[-119.56881,48.6068],[-119.56989,48.60481],[-119.57183,48.61139],[-119.57695,48.60943],[-119.58975,48.61404],[-119.58901,48.62487],[-119.58196,48.63548],[-119.58402,48.63615],[-119.5817,48.63857],[-119.58807,48.6391],[-119.5868,48.64143],[-119.59207,48.63772],[-119.59091,48.62763],[-119.59453,48.61974],[-119.58501,48.60599],[-119.59235,48.60358],[-119.58879,48.60177],[-119.59565,48.59915],[-119.59373,48.59679],[-119.60706,48.59984],[-119.60692,48.60373],[-119.61112,48.60356],[-119.6096,48.60587],[-119.62625,48.60114],[-119.64468,48.60794],[-119.66101,48.60477],[-119.65195,48.60081],[-119.64805,48.60318],[-119.63963,48.59529],[-119.63335,48.59578],[-119.63056,48.5909],[-119.62383,48.59475],[-119.60824,48.59187],[-119.60202,48.59399],[-119.59141,48.5911],[-119.59186,48.58807],[-119.58877,48.58697],[-119.58789,48.58991],[-119.56983,48.59003],[-119.55556,48.58526],[-119.55698,48.57917],[-119.55177,48.57895],[-119.54397,48.57204],[-119.54391,48.55904],[-119.53004,48.5264],[-119.50928,48.50021],[-119.51307,48.49429],[-119.50417,48.48707],[-119.50178,48.48849],[-119.50369,48.49575],[-119.48896,48.47909],[-119.48606,48.4712],[-119.48975,48.4687],[-119.49,48.47467],[-119.4929,48.47474],[-119.49135,48.47239],[-119.49639,48.47847],[-119.50111,48.47828],[-119.50186,48.47506],[-119.50909,48.47201],[-119.5059,48.47056],[-119.50639,48.4604],[-119.5132,48.46048],[-119.51636,48.46442],[-119.51595,48.47461],[-119.52226,48.45281],[-119.53537,48.45341],[-119.54745,48.46122],[-119.5497,48.45327],[-119.55797,48.45299],[-119.55529,48.45008],[-119.55098,48.45166],[-119.55073,48.44605],[-119.54759,48.44535],[-119.54791,48.44059],[-119.55682,48.43776],[-119.5512,48.43509],[-119.55394,48.43123],[-119.5589,48.43397],[-119.56685,48.42928],[-119.57219,48.43146],[-119.57244,48.42798],[-119.58411,48.42354],[-119.5874,48.42769],[-119.59256,48.42799],[-119.59255,48.4317],[-119.59756,48.43133],[-119.59779,48.42587],[-119.58944,48.42283],[-119.5907,48.41695],[-119.58639,48.41977],[-119.58228,48.41444],[-119.57849,48.40664],[-119.57923,48.39923],[-119.58662,48.39195],[-119.59767,48.39019],[-119.61374,48.39986],[-119.61362,48.39072],[-119.62143,48.38486],[-119.62946,48.38528],[-119.63326,48.38216],[-119.62861,48.37185],[-119.63368,48.36326],[-119.63828,48.37007],[-119.63917,48.38114],[-119.63235,48.38537],[-119.62988,48.39848],[-119.62119,48.41235],[-119.63145,48.4211],[-119.63436,48.42793],[-119.627,48.43741],[-119.62613,48.4525],[-119.63082,48.45842],[-119.6196,48.46617],[-119.62303,48.46977],[-119.62859,48.46329],[-119.63846,48.46648],[-119.63983,48.47284],[-119.64588,48.47475],[-119.64647,48.46509],[-119.64009,48.45862],[-119.64102,48.45515],[-119.65371,48.4577],[-119.65838,48.45376],[-119.66042,48.45938],[-119.66785,48.45867],[-119.66706,48.45292],[-119.65948,48.4531],[-119.65895,48.44641],[-119.65187,48.45095],[-119.63852,48.43709],[-119.64052,48.44289],[-119.63175,48.44038],[-119.63175,48.43564],[-119.63741,48.43083],[-119.63704,48.42532],[-119.65617,48.43713],[-119.63919,48.42069],[-119.64258,48.41955],[-119.64785,48.42453],[-119.65122,48.41847],[-119.64419,48.41885],[-119.64052,48.41373],[-119.64343,48.40884],[-119.64688,48.41054],[-119.64787,48.40573],[-119.64247,48.39509],[-119.642,48.3854],[-119.64475,48.38132],[-119.64175,48.36537],[-119.63672,48.35881],[-119.63327,48.34321],[-119.62661,48.33835],[-119.61461,48.3406],[-119.61706,48.33631],[-119.61472,48.33414],[-119.61909,48.33367],[-119.61783,48.32961],[-119.62599,48.32208],[-119.65171,48.31909],[-119.65966,48.32024],[-119.64865,48.32741],[-119.66845,48.32548],[-119.67692,48.3347],[-119.6734,48.33543],[-119.67236,48.341],[-119.69043,48.34519],[-119.68475,48.35725],[-119.67392,48.35765],[-119.66997,48.36059],[-119.69293,48.36276],[-119.68925,48.355],[-119.6931,48.35217],[-119.69904,48.35513],[-119.70086,48.36175],[-119.72181,48.36303],[-119.7242,48.3732],[-119.73606,48.36998],[-119.72991,48.36705],[-119.73549,48.36434],[-119.74972,48.3651],[-119.74121,48.3626],[-119.74129,48.36044],[-119.74626,48.36125],[-119.76551,48.37523],[-119.76599,48.3792],[-119.76262,48.37664],[-119.76575,48.38072],[-119.77265,48.38357],[-119.77899,48.37923],[-119.78309,48.38128],[-119.78171,48.38497],[-119.7751,48.38731],[-119.77651,48.38942],[-119.78316,48.38972],[-119.79192,48.38345],[-119.79475,48.3854],[-119.79196,48.38684],[-119.79822,48.38732],[-119.79643,48.39311],[-119.8048,48.39232],[-119.81011,48.39571],[-119.80645,48.39729],[-119.81073,48.40195],[-119.82237,48.40169],[-119.82242,48.39932],[-119.83059,48.3975],[-119.83515,48.40404],[-119.8343,48.40816],[-119.83746,48.40752],[-119.84122,48.41662],[-119.84754,48.41829],[-119.84751,48.42449],[-119.85349,48.42092],[-119.85426,48.42492],[-119.85661,48.42143],[-119.86317,48.42342],[-119.87233,48.42016],[-119.8767,48.42356],[-119.87415,48.42666],[-119.88162,48.42857],[-119.88416,48.43367],[-119.88751,48.43119],[-119.89236,48.43635],[-119.89566,48.44268],[-119.89471,48.44941],[-119.89999,48.45051],[-119.90217,48.4582],[-119.88778,48.46989],[-119.87153,48.47287],[-119.86769,48.46965],[-119.84722,48.47162],[-119.84498,48.46763],[-119.83604,48.4671],[-119.84115,48.46158],[-119.83187,48.45822],[-119.82739,48.46088],[-119.82814,48.46367],[-119.82038,48.46463],[-119.82157,48.46784],[-119.81672,48.46715],[-119.81658,48.47618]],[[-119.52889,48.49354],[-119.53543,48.49254],[-119.54452,48.48105],[-119.53448,48.485],[-119.53929,48.47478],[-119.53244,48.4749],[-119.53256,48.46943],[-119.53809,48.46883],[-119.53807,48.46394],[-119.52719,48.46374],[-119.52717,48.45806],[-119.53265,48.45617],[-119.52729,48.45403],[-119.52597,48.46101],[-119.52154,48.46383],[-119.52089,48.48466],[-119.52456,48.49174],[-119.5338,48.48734],[-119.52889,48.49354]],[[-119.52708,48.4949],[-119.52494,48.49436],[-119.52324,48.4972],[-119.52446,48.49716],[-119.52708,48.4949]],[[-119.63855,48.49924],[-119.63088,48.50375],[-119.6207,48.50379],[-119.61177,48.49604],[-119.59381,48.46902],[-119.58424,48.46432],[-119.57675,48.46529],[-119.58124,48.46373],[-119.57812,48.46054],[-119.57251,48.45998],[-119.57277,48.46224],[-119.56712,48.46371],[-119.54887,48.46355],[-119.54834,48.46839],[-119.54373,48.47103],[-119.55421,48.47282],[-119.55627,48.46839],[-119.56974,48.47092],[-119.58193,48.4687],[-119.5984,48.48398],[-119.61012,48.49951],[-119.60915,48.50878],[-119.61468,48.51145],[-119.62654,48.51117],[-119.63577,48.50381],[-119.64148,48.50434],[-119.64209,48.50083],[-119.63855,48.49924]],[[-119.56189,48.47499],[-119.55168,48.47691],[-119.55358,48.48157],[-119.54796,48.48479],[-119.56543,48.48246],[-119.56189,48.47499]],[[-119.59045,48.64234],[-119.59193,48.64217],[-119.59028,48.64211],[-119.59045,48.64234]],[[-119.5948,48.64856],[-119.59594,48.64834],[-119.59516,48.6476],[-119.5948,48.64856]],[[-119.60052,48.539],[-119.59674,48.5435],[-119.60519,48.53967],[-119.60052,48.539]],[[-119.61643,48.6179],[-119.61635,48.62117],[-119.6075,48.62025],[-119.61235,48.62497],[-119.6165,48.62461],[-119.61729,48.62141],[-119.62812,48.62353],[-119.62702,48.61808],[-119.61643,48.6179]],[[-119.63981,48.33403],[-119.63702,48.33397],[-119.63551,48.33404],[-119.63712,48.33679],[-119.63981,48.33403]],[[-119.65816,48.48184],[-119.66128,48.4786],[-119.67852,48.48523],[-119.68102,48.48277],[-119.67744,48.47434],[-119.66501,48.47598],[-119.66001,48.46653],[-119.65289,48.46386],[-119.65427,48.46776],[-119.64936,48.47321],[-119.65816,48.48184]],[[-119.65663,48.46398],[-119.65669,48.46399],[-119.65662,48.46394],[-119.65663,48.46398]]]},"bbox":[-119.90229,48.31908,-119.48606,48.69511]},{"type":"Feature","id":28440,"properties":{"y":2015,"n":"Stayman","ag":"BLM","ac":195.0,"c":14,"cl":"Unknown","ad":"2017-01-27","cd":"","st":"WA","se":4},"geometry":{"type":"Polygon","coordinates":[[[-120.1185,47.7942],[-120.11832,47.78976],[-120.11484,47.78862],[-120.11142,47.79326],[-120.11646,47.7965],[-120.10953,47.79595],[-120.104,47.78742],[-120.11328,47.78776],[-120.1121,47.78374],[-120.11526,47.78174],[-120.11919,47.79075],[-120.1185,47.7942]]]},"bbox":[-120.11954,47.78165,-120.104,47.79726]},{"type":"Feature","id":28441,"properties":{"y":2015,"n":"Wolverine","ag":"NPS","ac":65511.6,"c":14,"cl":"Unknown","ad":"2017-01-27","cd":"","st":"WA","se":4},"geometry":{"type":"MultiPolygon","coordinates":[[[[-120.70737,48.02968],[-120.70256,48.02857],[-120.69866,48.03277],[-120.70725,48.03295],[-120.71742,48.03794],[-120.71009,48.0395],[-120.72244,48.04064],[-120.72372,48.04239],[-120.71883,48.04391],[-120.72071,48.04823],[-120.72788,48.04439],[-120.73847,48.04869],[-120.73347,48.0522],[-120.7378,48.05197],[-120.73381,48.05574],[-120.72975,48.05655],[-120.73393,48.05821],[-120.72079,48.06111],[-120.72331,48.06209],[-120.72046,48.0647],[-120.72817,48.06791],[-120.71905,48.06646],[-120.73082,48.07211],[-120.72885,48.07377],[-120.73262,48.07647],[-120.72872,48.07799],[-120.73309,48.0826],[-120.74023,48.08319],[-120.74155,48.08769],[-120.73769,48.09176],[-120.73753,48.10198],[-120.75403,48.09664],[-120.75602,48.09898],[-120.74985,48.10196],[-120.7507,48.10627],[-120.76794,48.11894],[-120.76436,48.12249],[-120.75037,48.12206],[-120.75115,48.11909],[-120.74553,48.12069],[-120.73728,48.11274],[-120.73074,48.11433],[-120.73348,48.1102],[-120.72331,48.11203],[-120.72426,48.11734],[-120.74085,48.11857],[-120.74321,48.12266],[-120.73871,48.12427],[-120.74184,48.12617],[-120.73827,48.1282],[-120.73337,48.12694],[-120.73276,48.1326],[-120.72925,48.13067],[-120.732,48.13514],[-120.72665,48.13684],[-120.72499,48.14329],[-120.73789,48.14736],[-120.73804,48.14067],[-120.74235,48.13679],[-120.74981,48.15328],[-120.75261,48.14974],[-120.76738,48.15155],[-120.78088,48.14861],[-120.78781,48.15232],[-120.78836,48.15764],[-120.78011,48.15718],[-120.77824,48.15378],[-120.76972,48.16132],[-120.76404,48.16253],[-120.76362,48.15971],[-120.7544,48.16309],[-120.75013,48.1608],[-120.74646,48.16193],[-120.74871,48.16611],[-120.74478,48.16651],[-120.75462,48.17256],[-120.76114,48.17101],[-120.76235,48.17816],[-120.76009,48.18007],[-120.76512,48.18547],[-120.76484,48.18208],[-120.77712,48.1874],[-120.7812,48.18466],[-120.7834,48.18961],[-120.79461,48.19068],[-120.79628,48.18833],[-120.80228,48.19131],[-120.80378,48.18889],[-120.80306,48.19477],[-120.79582,48.20167],[-120.80913,48.21225],[-120.80309,48.21841],[-120.80074,48.21549],[-120.80559,48.20996],[-120.79822,48.20882],[-120.80415,48.21115],[-120.79252,48.22067],[-120.78953,48.21838],[-120.79188,48.21539],[-120.78841,48.21385],[-120.78712,48.21611],[-120.78485,48.21124],[-120.78288,48.21219],[-120.77975,48.20377],[-120.77338,48.21213],[-120.77052,48.21198],[-120.77244,48.2085],[-120.76363,48.20985],[-120.77251,48.21497],[-120.77269,48.21869],[-120.77472,48.21501],[-120.77983,48.21956],[-120.78586,48.22022],[-120.78378,48.22141],[-120.78669,48.22338],[-120.78369,48.22361],[-120.79006,48.22707],[-120.78585,48.2297],[-120.78826,48.23698],[-120.79391,48.24131],[-120.78969,48.24452],[-120.78262,48.24205],[-120.77855,48.23227],[-120.76863,48.23314],[-120.76583,48.22731],[-120.76188,48.22708],[-120.76429,48.23282],[-120.75888,48.2358],[-120.74542,48.23026],[-120.75186,48.22355],[-120.7448,48.21833],[-120.73688,48.2208],[-120.73319,48.21646],[-120.70713,48.21765],[-120.70026,48.21097],[-120.69484,48.21117],[-120.69233,48.2091],[-120.69345,48.20614],[-120.69235,48.2055],[-120.68845,48.20933],[-120.69171,48.21072],[-120.6834,48.21107],[-120.67878,48.21337],[-120.68106,48.21789],[-120.67511,48.21754],[-120.67499,48.22376],[-120.66921,48.22895],[-120.67574,48.23385],[-120.66913,48.23797],[-120.67315,48.23693],[-120.67081,48.2387],[-120.67461,48.239],[-120.67766,48.2448],[-120.67289,48.24616],[-120.67878,48.24835],[-120.67448,48.25338],[-120.6855,48.2539],[-120.67942,48.26303],[-120.68024,48.26642],[-120.68376,48.26514],[-120.68617,48.26788],[-120.68463,48.27127],[-120.68916,48.27204],[-120.68746,48.27738],[-120.6977,48.277],[-120.69341,48.28085],[-120.67532,48.28029],[-120.65731,48.28866],[-120.65126,48.27705],[-120.64436,48.27371],[-120.63346,48.26062],[-120.62808,48.24212],[-120.62876,48.23043],[-120.62313,48.2254],[-120.61552,48.20892],[-120.59713,48.19996],[-120.59209,48.20076],[-120.59354,48.19739],[-120.58944,48.19975],[-120.56801,48.19365],[-120.56007,48.18645],[-120.571,48.18892],[-120.57495,48.18338],[-120.56497,48.18303],[-120.55869,48.17723],[-120.55658,48.18054],[-120.54869,48.18032],[-120.54378,48.16136],[-120.53493,48.15278],[-120.52335,48.15037],[-120.5135,48.14149],[-120.51949,48.1333],[-120.51593,48.12202],[-120.51758,48.11804],[-120.51217,48.10866],[-120.51361,48.10563],[-120.51028,48.10366],[-120.51457,48.1024],[-120.51173,48.10125],[-120.52226,48.10057],[-120.52104,48.09868],[-120.52326,48.09798],[-120.52724,48.10201],[-120.54001,48.10348],[-120.54034,48.10677],[-120.53746,48.10747],[-120.53961,48.10791],[-120.54299,48.1072],[-120.54329,48.10366],[-120.54541,48.10626],[-120.54721,48.10365],[-120.54357,48.10183],[-120.55134,48.10102],[-120.55109,48.0988],[-120.53364,48.08786],[-120.53531,48.09113],[-120.53292,48.09354],[-120.52967,48.09476],[-120.52871,48.09088],[-120.52234,48.09725],[-120.50945,48.09991],[-120.50393,48.09544],[-120.52003,48.08681],[-120.51971,48.08895],[-120.52252,48.08778],[-120.52132,48.09407],[-120.53182,48.08119],[-120.53866,48.08311],[-120.53452,48.07784],[-120.54377,48.0769],[-120.54798,48.08259],[-120.55118,48.08111],[-120.55356,48.08675],[-120.55909,48.08573],[-120.56326,48.08918],[-120.56224,48.09192],[-120.55048,48.09305],[-120.55697,48.09368],[-120.56199,48.10133],[-120.55345,48.10031],[-120.55146,48.10462],[-120.55784,48.10738],[-120.5523,48.10675],[-120.55017,48.10943],[-120.55387,48.10872],[-120.55373,48.11109],[-120.5489,48.11211],[-120.55372,48.11271],[-120.5477,48.11495],[-120.55365,48.11414],[-120.55265,48.11627],[-120.55468,48.11519],[-120.56124,48.1219],[-120.56445,48.11493],[-120.56938,48.11669],[-120.5703,48.11421],[-120.57548,48.11406],[-120.57255,48.11481],[-120.57534,48.11792],[-120.58155,48.11496],[-120.57835,48.11437],[-120.58023,48.11076],[-120.57814,48.10877],[-120.57505,48.11165],[-120.56977,48.10992],[-120.57646,48.1066],[-120.57187,48.10413],[-120.57646,48.10193],[-120.57377,48.09904],[-120.57599,48.09571],[-120.58415,48.09733],[-120.58593,48.10337],[-120.59542,48.10078],[-120.59446,48.1043],[-120.59811,48.10598],[-120.59468,48.10838],[-120.59696,48.11088],[-120.59095,48.11324],[-120.58759,48.11116],[-120.58356,48.11481],[-120.59078,48.11533],[-120.58754,48.11905],[-120.58878,48.12055],[-120.59055,48.11719],[-120.59443,48.11787],[-120.59356,48.11436],[-120.59741,48.11784],[-120.60282,48.11632],[-120.60583,48.12177],[-120.61707,48.1193],[-120.61739,48.12538],[-120.60747,48.12822],[-120.60342,48.13476],[-120.60776,48.13923],[-120.61449,48.14043],[-120.61748,48.14839],[-120.62949,48.14521],[-120.63256,48.15458],[-120.6522,48.16012],[-120.67048,48.15597],[-120.66934,48.14731],[-120.66432,48.14623],[-120.66727,48.14387],[-120.6847,48.14836],[-120.68423,48.15106],[-120.69145,48.15094],[-120.69075,48.15891],[-120.69807,48.16041],[-120.70891,48.16874],[-120.71481,48.16719],[-120.71444,48.17066],[-120.71889,48.16845],[-120.7176,48.17334],[-120.72017,48.17513],[-120.7419,48.17575],[-120.74375,48.16931],[-120.73873,48.17104],[-120.72608,48.16529],[-120.72904,48.16544],[-120.72951,48.16163],[-120.72113,48.16563],[-120.72454,48.15973],[-120.72004,48.15703],[-120.7117,48.16192],[-120.6986,48.15704],[-120.69399,48.14804],[-120.68873,48.14819],[-120.6907,48.13913],[-120.68315,48.13813],[-120.68562,48.13566],[-120.68261,48.13338],[-120.68623,48.13022],[-120.68809,48.13061],[-120.69074,48.1297],[-120.69191,48.12839],[-120.67875,48.12774],[-120.68028,48.12477],[-120.69165,48.12254],[-120.68343,48.11974],[-120.67448,48.12128],[-120.68451,48.11879],[-120.68488,48.11429],[-120.69499,48.11122],[-120.69293,48.10565],[-120.69534,48.10495],[-120.69265,48.10473],[-120.70129,48.09562],[-120.69141,48.10077],[-120.6876,48.0988],[-120.6928,48.10344],[-120.68553,48.1078],[-120.68302,48.10433],[-120.66841,48.10466],[-120.67162,48.11054],[-120.66672,48.1085],[-120.66027,48.11176],[-120.66669,48.11587],[-120.6591,48.122],[-120.65836,48.12683],[-120.65401,48.12431],[-120.64988,48.12686],[-120.6502,48.12264],[-120.65556,48.1192],[-120.64924,48.11621],[-120.65356,48.11293],[-120.64592,48.10778],[-120.64549,48.1028],[-120.65846,48.10298],[-120.68393,48.09065],[-120.68344,48.08695],[-120.69067,48.08724],[-120.68355,48.07931],[-120.66993,48.08188],[-120.66322,48.07907],[-120.68184,48.07756],[-120.68863,48.07337],[-120.68529,48.07107],[-120.68829,48.06737],[-120.68236,48.06495],[-120.68004,48.06794],[-120.6748,48.06758],[-120.68045,48.06008],[-120.67694,48.05783],[-120.65818,48.05678],[-120.65996,48.05297],[-120.64989,48.04875],[-120.6493,48.04021],[-120.64476,48.04074],[-120.64624,48.04657],[-120.63452,48.04373],[-120.63685,48.03953],[-120.64484,48.03984],[-120.64136,48.03804],[-120.64561,48.03528],[-120.64044,48.0233],[-120.62952,48.02655],[-120.62845,48.02422],[-120.63393,48.02283],[-120.63229,48.01989],[-120.61952,48.01771],[-120.62047,48.01372],[-120.61027,48.01633],[-120.60843,48.01001],[-120.59834,48.01045],[-120.60268,48.00737],[-120.60473,47.9978],[-120.58612,47.99896],[-120.58533,47.99542],[-120.57363,47.99172],[-120.56345,47.99217],[-120.56951,47.98915],[-120.56815,47.98521],[-120.57359,47.98167],[-120.59673,47.97712],[-120.60674,47.971],[-120.6071,47.97842],[-120.61598,47.98592],[-120.61599,47.98946],[-120.6232,47.98567],[-120.62829,47.98684],[-120.63246,47.98199],[-120.63905,47.98639],[-120.63677,47.99043],[-120.6419,47.99197],[-120.63798,47.99759],[-120.64661,48.00089],[-120.64085,48.00238],[-120.65047,48.00278],[-120.65156,48.0104],[-120.65417,48.01161],[-120.6627,48.00319],[-120.67112,48.00366],[-120.6687,47.99946],[-120.6771,47.99691],[-120.67795,48.00406],[-120.67483,48.00536],[-120.67329,48.0125],[-120.66401,48.01447],[-120.67348,48.01546],[-120.67236,48.0176],[-120.67635,48.0179],[-120.67504,48.02081],[-120.69103,48.01812],[-120.69332,48.02501],[-120.68891,48.02596],[-120.68877,48.02948],[-120.69181,48.03071],[-120.70506,48.02251],[-120.69887,48.02149],[-120.70589,48.02066],[-120.71254,48.02447],[-120.70737,48.02968]],[[-120.59864,48.18414],[-120.59047,48.17427],[-120.5753,48.16924],[-120.58391,48.17987],[-120.59864,48.18414]],[[-120.7142,48.04366],[-120.71042,48.04114],[-120.70918,48.04292],[-120.70974,48.04325],[-120.7142,48.04366]],[[-120.721,48.05167],[-120.72177,48.04863],[-120.71822,48.04951],[-120.721,48.05167]],[[-120.72548,48.05797],[-120.72669,48.05572],[-120.72393,48.0554],[-120.72548,48.05797]],[[-120.73968,48.15238],[-120.74463,48.15287],[-120.74444,48.15213],[-120.73968,48.15238]],[[-120.79525,48.20007],[-120.76402,48.19327],[-120.75395,48.19608],[-120.75588,48.19948],[-120.79525,48.20007]]],[[[-120.50683,48.01748],[-120.50658,48.01781],[-120.50622,48.01767],[-120.50683,48.01748]]],[[[-120.50738,48.01666],[-120.50725,48.0168],[-120.50718,48.01678],[-120.50738,48.01666]]],[[[-120.50865,48.01491],[-120.50836,48.01692],[-120.5073,48.0165],[-120.50865,48.01491]]],[[[-120.50757,48.01756],[-120.50752,48.01719],[-120.50773,48.0172],[-120.50757,48.01756]]],[[[-120.5394,48.10115],[-120.53935,48.10156],[-120.53898,48.1011],[-120.5394,48.10115]]],[[[-120.56102,47.9854],[-120.5603,47.98611],[-120.5601,47.9856],[-120.56102,47.9854]]],[[[-120.57055,47.97861],[-120.57172,47.9801],[-120.56977,47.97965],[-120.57055,47.97861]]],[[[-120.57393,47.9812],[-120.57402,47.98132],[-120.5739,47.98132],[-120.57393,47.9812]]],[[[-120.60015,48.00255],[-120.60032,48.00338],[-120.59917,48.00275],[-120.60015,48.00255]]],[[[-120.60305,47.99924],[-120.60332,47.99968],[-120.60286,47.99966],[-120.60305,47.99924]]],[[[-120.60818,48.0149],[-120.60796,48.01576],[-120.60663,48.01504],[-120.60818,48.0149]]],[[[-120.61617,48.0198],[-120.6189,48.01983],[-120.6176,48.02097],[-120.61617,48.0198]]],[[[-120.62297,48.03945],[-120.62455,48.0392],[-120.62473,48.0394],[-120.62297,48.03945]]],[[[-120.62449,48.04154],[-120.62467,48.0418],[-120.62439,48.04183],[-120.62449,48.04154]]],[[[-120.62681,48.03789],[-120.62539,48.03827],[-120.62486,48.03806],[-120.62681,48.03789]]],[[[-120.63012,48.04091],[-120.62717,48.04262],[-120.62555,48.04026],[-120.62856,48.03943],[-120.63012,48.04091]]],[[[-120.62889,48.04314],[-120.62857,48.04351],[-120.62827,48.04329],[-120.62889,48.04314]]],[[[-120.63183,48.04266],[-120.63281,48.0424],[-120.63325,48.0425],[-120.63183,48.04266]]],[[[-120.63867,48.0274],[-120.63837,48.02842],[-120.63798,48.02731],[-120.63867,48.0274]]],[[[-120.64333,48.10629],[-120.64301,48.1066],[-120.64295,48.10637],[-120.64333,48.10629]]],[[[-120.65332,48.00972],[-120.65494,48.00929],[-120.65451,48.01067],[-120.65332,48.00972]]],[[[-120.65469,48.12571],[-120.65489,48.12606],[-120.65446,48.12591],[-120.65469,48.12571]]],[[[-120.65577,48.12776],[-120.65551,48.128],[-120.65547,48.12783],[-120.65577,48.12776]]],[[[-120.65718,48.12673],[-120.65677,48.12697],[-120.65656,48.12684],[-120.65718,48.12673]]],[[[-120.65741,48.06442],[-120.65733,48.06483],[-120.65692,48.06453],[-120.65741,48.06442]]],[[[-120.67093,48.06103],[-120.66729,48.06439],[-120.6588,48.06297],[-120.66911,48.05991],[-120.67093,48.06103]]],[[[-120.6606,48.12195],[-120.66121,48.12225],[-120.66038,48.12215],[-120.6606,48.12195]]],[[[-120.66272,48.08004],[-120.66128,48.08173],[-120.66165,48.07998],[-120.66272,48.08004]]],[[[-120.66475,48.08257],[-120.66662,48.08232],[-120.66693,48.08269],[-120.66475,48.08257]]],[[[-120.66514,48.11238],[-120.66574,48.11282],[-120.66493,48.11262],[-120.66514,48.11238]]],[[[-120.66579,48.11826],[-120.6655,48.11854],[-120.66521,48.11841],[-120.66579,48.11826]]],[[[-120.66663,48.11225],[-120.66713,48.11241],[-120.66676,48.11254],[-120.66663,48.11225]]],[[[-120.67231,48.10518],[-120.67197,48.10603],[-120.67188,48.10554],[-120.67231,48.10518]]],[[[-120.67862,48.08122],[-120.6778,48.08459],[-120.67326,48.08427],[-120.67862,48.08122]]],[[[-120.67521,48.10847],[-120.67501,48.10675],[-120.67617,48.10767],[-120.67521,48.10847]]],[[[-120.67654,48.0765],[-120.67657,48.07684],[-120.67621,48.07671],[-120.67654,48.0765]]],[[[-120.67728,48.23263],[-120.67716,48.23324],[-120.67635,48.23278],[-120.67728,48.23263]]],[[[-120.67898,48.08499],[-120.67837,48.08536],[-120.67817,48.08502],[-120.67898,48.08499]]],[[[-120.68074,48.08084],[-120.68276,48.08209],[-120.68054,48.08125],[-120.68074,48.08084]]],[[[-120.68687,48.11195],[-120.68657,48.11221],[-120.68653,48.11199],[-120.68687,48.11195]]],[[[-120.69021,48.1286],[-120.68978,48.12904],[-120.68959,48.12879],[-120.69021,48.1286]]],[[[-120.69069,48.10594],[-120.69115,48.1064],[-120.69023,48.10643],[-120.69069,48.10594]]],[[[-120.6922,48.02857],[-120.69166,48.02895],[-120.69157,48.02871],[-120.6922,48.02857]]],[[[-120.69307,48.02848],[-120.69286,48.02881],[-120.69273,48.02856],[-120.69307,48.02848]]],[[[-120.69308,48.10845],[-120.6933,48.10868],[-120.69278,48.10862],[-120.69308,48.10845]]],[[[-120.70654,48.02984],[-120.70745,48.03009],[-120.70649,48.03038],[-120.70654,48.02984]]],[[[-120.70838,48.16485],[-120.71003,48.16407],[-120.71055,48.16493],[-120.70838,48.16485]]],[[[-120.71191,48.03171],[-120.71184,48.03302],[-120.71034,48.03221],[-120.71191,48.03171]]],[[[-120.7128,48.16687],[-120.71243,48.16712],[-120.71224,48.16696],[-120.7128,48.16687]]],[[[-120.71843,48.03725],[-120.72061,48.03772],[-120.71782,48.03744],[-120.71843,48.03725]]],[[[-120.72054,48.04395],[-120.72022,48.04424],[-120.71993,48.04412],[-120.72054,48.04395]]],[[[-120.72389,48.04373],[-120.72411,48.04422],[-120.72254,48.0442],[-120.72389,48.04373]]],[[[-120.7245,48.04094],[-120.72401,48.04122],[-120.7236,48.04105],[-120.7245,48.04094]]],[[[-120.72452,48.04035],[-120.72451,48.04063],[-120.72402,48.04041],[-120.72452,48.04035]]],[[[-120.72987,48.11631],[-120.72664,48.11585],[-120.72666,48.11561],[-120.72987,48.11631]]],[[[-120.73012,48.04298],[-120.72997,48.04444],[-120.72727,48.04356],[-120.73012,48.04298]]],[[[-120.73601,48.13516],[-120.73557,48.13608],[-120.73504,48.13562],[-120.73601,48.13516]]],[[[-120.73871,48.09208],[-120.73883,48.09175],[-120.73913,48.09197],[-120.73871,48.09208]]],[[[-120.75747,48.16294],[-120.75979,48.16344],[-120.75747,48.1634],[-120.75747,48.16294]]],[[[-120.76293,48.1489],[-120.76293,48.1493],[-120.76248,48.14899],[-120.76293,48.1489]]],[[[-120.76482,48.18182],[-120.76527,48.18094],[-120.76584,48.18145],[-120.76482,48.18182]]],[[[-120.77653,48.11651],[-120.77311,48.11861],[-120.7663,48.11391],[-120.77027,48.11304],[-120.77653,48.11651]]],[[[-120.76668,48.12159],[-120.76658,48.12193],[-120.76635,48.12171],[-120.76668,48.12159]]],[[[-120.77825,48.17344],[-120.78117,48.16809],[-120.78824,48.169],[-120.78402,48.17772],[-120.78516,48.18202],[-120.78063,48.17937],[-120.78257,48.1751],[-120.77858,48.17529],[-120.77775,48.17871],[-120.77012,48.175],[-120.77541,48.17133],[-120.77746,48.17248],[-120.77486,48.17446],[-120.77825,48.17344]]],[[[-120.77218,48.18029],[-120.77193,48.18088],[-120.77135,48.18024],[-120.77218,48.18029]]],[[[-120.77189,48.1796],[-120.77187,48.17986],[-120.77186,48.17965],[-120.77189,48.1796]]],[[[-120.77411,48.17826],[-120.77487,48.17839],[-120.77475,48.17859],[-120.77411,48.17826]]],[[[-120.77443,48.17063],[-120.77611,48.16992],[-120.77669,48.1704],[-120.77443,48.17063]]],[[[-120.77572,48.16829],[-120.77543,48.16894],[-120.77486,48.16868],[-120.77572,48.16829]]],[[[-120.77582,48.15749],[-120.77648,48.15718],[-120.77646,48.1575],[-120.77582,48.15749]]],[[[-120.77975,48.12151],[-120.77711,48.12305],[-120.77597,48.12262],[-120.77809,48.11911],[-120.77975,48.12151]]],[[[-120.77805,48.17055],[-120.7775,48.1708],[-120.77742,48.17064],[-120.77805,48.17055]]],[[[-120.78419,48.21844],[-120.78412,48.21942],[-120.78318,48.2192],[-120.78419,48.21844]]],[[[-120.78484,48.19953],[-120.78466,48.19966],[-120.78459,48.19947],[-120.78484,48.19953]]]]},"bbox":[-120.80914,47.971,-120.50391,48.28866]},{"type":"Feature","id":28442,"properties":{"y":2015,"n":"First Creek","ag":"BLM","ac":7354.1,"c":14,"cl":"Unknown","ad":"2017-01-27","cd":"","st":"WA","se":4},"geometry":{"type":"Polygon","coordinates":[[[-120.24511,47.94713],[-120.24773,47.94844],[-120.23915,47.9515],[-120.24189,47.95665],[-120.26138,47.96483],[-120.26905,47.9602],[-120.27191,47.95387],[-120.27806,47.95323],[-120.27734,47.95557],[-120.28628,47.95974],[-120.27284,47.97218],[-120.27302,47.98175],[-120.24313,47.98818],[-120.22285,47.97898],[-120.22382,47.97644],[-120.21962,47.97295],[-120.222,47.9727],[-120.21381,47.96748],[-120.21735,47.96725],[-120.21261,47.96178],[-120.21275,47.95184],[-120.21657,47.94637],[-120.21422,47.93843],[-120.21741,47.935],[-120.21667,47.92107],[-120.22238,47.91741],[-120.21651,47.90901],[-120.22023,47.9068],[-120.21613,47.90622],[-120.21485,47.88904],[-120.20161,47.87501],[-120.20535,47.8719],[-120.22824,47.87215],[-120.23558,47.87867],[-120.23708,47.88226],[-120.23364,47.88562],[-120.23846,47.88778],[-120.23448,47.88909],[-120.23627,47.89474],[-120.22689,47.89731],[-120.23317,47.90129],[-120.2339,47.91083],[-120.23588,47.90858],[-120.23988,47.91468],[-120.22687,47.91584],[-120.2282,47.91363],[-120.22358,47.91642],[-120.23307,47.91822],[-120.23331,47.92225],[-120.24357,47.92195],[-120.24655,47.92743],[-120.25212,47.92736],[-120.24866,47.94066],[-120.25156,47.94347],[-120.24511,47.94713]]]},"bbox":[-120.28628,47.87053,-120.20161,47.98818]},{"type":"Feature","id":28443,"properties":{"y":2015,"n":"Twisp River","ag":"BLM","ac":11080.9,"c":14,"cl":"Unknown","ad":"2017-01-27","cd":"","st":"WA","se":4},"geometry":{"type":"Polygon","coordinates":[[[-120.31321,48.39894],[-120.29079,48.42372],[-120.27275,48.41775],[-120.26911,48.42194],[-120.25576,48.41928],[-120.24368,48.42353],[-120.24081,48.42114],[-120.23912,48.42572],[-120.22939,48.42551],[-120.22033,48.41669],[-120.21199,48.41751],[-120.18081,48.40139],[-120.16911,48.40019],[-120.15889,48.39016],[-120.13442,48.37866],[-120.12916,48.36914],[-120.15293,48.37011],[-120.17917,48.37984],[-120.18347,48.37667],[-120.20244,48.37616],[-120.20557,48.37658],[-120.20388,48.37854],[-120.26862,48.38317],[-120.27702,48.38141],[-120.28608,48.38874],[-120.29154,48.38541],[-120.30188,48.38638],[-120.31321,48.39894]]]},"bbox":[-120.31322,48.3685,-120.12914,48.42587]},{"type":"Feature","id":28444,"properties":{"y":2011,"n":"241","ag":"BLM","ac":4291.2,"c":14,"cl":"Unknown","ad":"2017-01-27","cd":"","st":"WA","se":4},"geometry":{"type":"Polygon","coordinates":[[[-119.97336,46.44255],[-119.97748,46.43719],[-119.97881,46.43958],[-119.98709,46.42633],[-119.99594,46.42904],[-120.00001,46.41367],[-120.00614,46.41008],[-120.00706,46.41477],[-120.01956,46.41372],[-120.0198,46.41801],[-120.04133,46.41806],[-120.04367,46.41295],[-120.04547,46.41616],[-120.05178,46.41631],[-120.05399,46.41068],[-120.06109,46.41269],[-120.06112,46.4187],[-120.03604,46.43135],[-120.03516,46.43681],[-120.02297,46.44686],[-120.02074,46.44426],[-119.99222,46.45571],[-119.97187,46.45799],[-119.96704,46.45335],[-119.9727,46.45539],[-119.97336,46.44255]]]},"bbox":[-120.06136,46.41005,-119.96704,46.45801]},{"type":"Feature","id":28445,"properties":{"y":2008,"n":"Baird Springs","ag":"BLM","ac":3061.6,"c":14,"cl":"Unknown","ad":"2018-01-26","cd":"","st":"WA","se":4},"geometry":{"type":"Polygon","coordinates":[[[-120.02203,47.30334],[-120.01086,47.30757],[-120.01137,47.31068],[-119.99955,47.31845],[-120.00565,47.31801],[-119.99902,47.32699],[-119.98285,47.32776],[-119.98234,47.31823],[-119.97207,47.30913],[-119.96178,47.30527],[-119.95853,47.29332],[-119.96371,47.2802],[-119.96176,47.27467],[-119.9704,47.27057],[-119.97955,47.29287],[-119.98924,47.29349],[-120.00115,47.30129],[-120.01233,47.29623],[-120.02203,47.30334]]]},"bbox":[-120.02203,47.27057,-119.95853,47.32814]},{"type":"Feature","id":28446,"properties":{"y":2012,"n":"Trail Creek","ag":"BLM","ac":24.1,"c":14,"cl":"Unknown","ad":"2018-01-26","cd":"","st":"WA","se":4},"geometry":{"type":"Polygon","coordinates":[[[-121.12879,47.50307],[-121.1289,47.49891],[-121.13458,47.50109],[-121.12879,47.50307]]]},"bbox":[-121.13458,47.49891,-121.12756,47.50308]},{"type":"Feature","id":28447,"properties":{"y":2012,"n":"Stafford Creek","ag":"BLM","ac":33.8,"c":14,"cl":"Unknown","ad":"2018-01-26","cd":"","st":"WA","se":4},"geometry":{"type":"Polygon","coordinates":[[[-120.78784,47.36198],[-120.78381,47.36322],[-120.77934,47.36203],[-120.78784,47.36198]]]},"bbox":[-120.78788,47.36089,-120.77929,47.36414]},{"type":"Feature","id":28448,"properties":{"y":2012,"n":"Gold Creek Springs","ag":"BLM","ac":31.5,"c":14,"cl":"Unknown","ad":"2018-01-26","cd":"","st":"WA","se":4},"geometry":{"type":"MultiPolygon","coordinates":[[[[-120.96568,46.96122],[-120.96874,46.96177],[-120.97041,46.96389],[-120.96613,46.96441],[-120.96568,46.96122]]],[[[-120.96942,46.96431],[-120.97045,46.96423],[-120.96938,46.96449],[-120.96942,46.96431]]]]},"bbox":[-120.97049,46.96105,-120.96467,46.96505]},{"type":"Feature","id":28449,"properties":{"y":2012,"n":"Jack Creek Pass","ag":"BLM","ac":7.3,"c":14,"cl":"Unknown","ad":"2018-01-26","cd":"","st":"WA","se":4},"geometry":{"type":"Polygon","coordinates":[[[-120.73527,47.3486],[-120.73562,47.35005],[-120.73297,47.34948],[-120.73527,47.3486]]]},"bbox":[-120.73755,47.3486,-120.73297,47.35006]},{"type":"Feature","id":28450,"properties":{"y":2012,"n":"Byrd","ag":"BLM","ac":14160.3,"c":14,"cl":"Unknown","ad":"2018-01-26","cd":"","st":"WA","se":4},"geometry":{"type":"Polygon","coordinates":[[[-120.2641,47.74299],[-120.27194,47.73193],[-120.2815,47.72774],[-120.29645,47.73885],[-120.29359,47.74119],[-120.29426,47.74719],[-120.28698,47.75259],[-120.2936,47.76058],[-120.27468,47.76078],[-120.27167,47.76777],[-120.265,47.76489],[-120.2598,47.77335],[-120.26284,47.77523],[-120.25781,47.77525],[-120.2579,47.78154],[-120.26329,47.78063],[-120.27145,47.79349],[-120.28343,47.79491],[-120.2717,47.80538],[-120.25962,47.8094],[-120.25642,47.80059],[-120.25205,47.80237],[-120.24484,47.79572],[-120.23566,47.79662],[-120.237,47.79249],[-120.22622,47.79289],[-120.22374,47.79953],[-120.21477,47.79332],[-120.19732,47.79633],[-120.19026,47.7928],[-120.18508,47.78458],[-120.18552,47.78919],[-120.18297,47.78796],[-120.18201,47.79374],[-120.17667,47.79859],[-120.18256,47.79518],[-120.18472,47.8046],[-120.17496,47.81494],[-120.1653,47.80801],[-120.15933,47.80977],[-120.15373,47.80837],[-120.16007,47.80689],[-120.15691,47.80594],[-120.1507,47.80804],[-120.13301,47.80548],[-120.13459,47.78971],[-120.14258,47.77992],[-120.13967,47.77817],[-120.14329,47.7795],[-120.20299,47.75816],[-120.21124,47.75257],[-120.22951,47.72931],[-120.24527,47.73328],[-120.24861,47.7373],[-120.25862,47.73774],[-120.26123,47.74165],[-120.26194,47.7416],[-120.26376,47.74305],[-120.2641,47.74299]],[[-120.26412,47.74299],[-120.2641,47.74299],[-120.26409,47.74303],[-120.26412,47.74299]],[[-120.17681,47.797],[-120.17678,47.79701],[-120.17682,47.79702],[-120.17681,47.797]]]},"bbox":[-120.29645,47.72774,-120.13289,47.81498]},{"type":"Feature","id":28451,"properties":{"y":2012,"n":"Timber Creek","ag":"BLM","ac":153.0,"c":14,"cl":"Unknown","ad":"2018-01-26","cd":"","st":"WA","se":4},"geometry":{"type":"Polygon","coordinates":[[[-121.35939,46.90383],[-121.35011,46.90301],[-121.36086,46.89388],[-121.36668,46.89982],[-121.35939,46.90383]]]},"bbox":[-121.36668,46.89388,-121.35011,46.90463]},{"type":"Feature","id":28452,"properties":{"y":2012,"n":"French Cabin Creek","ag":"BLM","ac":42.7,"c":14,"cl":"Unknown","ad":"2018-01-26","cd":"","st":"WA","se":4},"geometry":{"type":"Polygon","coordinates":[[[-121.18701,47.34133],[-121.18808,47.33747],[-121.19285,47.33771],[-121.19238,47.3403],[-121.18701,47.34133]]]},"bbox":[-121.19297,47.33663,-121.18699,47.34189]},{"type":"Feature","id":28453,"properties":{"y":2012,"n":"First Creek","ag":"BLM","ac":1360.2,"c":14,"cl":"Unknown","ad":"2018-01-26","cd":"","st":"WA","se":4},"geometry":{"type":"Polygon","coordinates":[[[-120.24353,47.89822],[-120.24853,47.88792],[-120.25712,47.88409],[-120.25817,47.8764],[-120.2731,47.88463],[-120.26737,47.88773],[-120.27074,47.88635],[-120.27282,47.88892],[-120.2669,47.8891],[-120.27308,47.88919],[-120.26897,47.89172],[-120.27047,47.89678],[-120.27172,47.89458],[-120.27403,47.89455],[-120.27094,47.89796],[-120.27443,47.89923],[-120.266,47.90709],[-120.26947,47.91038],[-120.2683,47.9133],[-120.26072,47.91376],[-120.25231,47.90935],[-120.24828,47.90065],[-120.24353,47.89822]]]},"bbox":[-120.27443,47.87607,-120.24276,47.91388]},{"type":"Feature","id":28454,"properties":{"y":2012,"n":"Maverick Peak","ag":"BLM","ac":20.5,"c":14,"cl":"Unknown","ad":"2018-01-26","cd":"","st":"WA","se":4},"geometry":{"type":"Polygon","coordinates":[[[-120.61266,47.84391],[-120.61067,47.84698],[-120.60759,47.84404],[-120.61266,47.84391]]]},"bbox":[-120.61266,47.84316,-120.60759,47.84698]},{"type":"Feature","id":28455,"properties":{"y":2012,"n":"Canyon","ag":"BLM","ac":7557.2,"c":14,"cl":"Unknown","ad":"2018-01-26","cd":"","st":"WA","se":4},"geometry":{"type":"Polygon","coordinates":[[[-120.41107,47.45196],[-120.41053,47.45457],[-120.41185,47.45535],[-120.41054,47.45688],[-120.40367,47.45924],[-120.3922,47.45651],[-120.37977,47.46364],[-120.37006,47.46383],[-120.36556,47.46127],[-120.36239,47.44256],[-120.36781,47.44255],[-120.36674,47.4298],[-120.37302,47.42535],[-120.39413,47.42329],[-120.38213,47.41691],[-120.37952,47.40758],[-120.41154,47.39058],[-120.42384,47.39025],[-120.42746,47.40146],[-120.44716,47.41701],[-120.43739,47.42113],[-120.44214,47.42795],[-120.43543,47.43518],[-120.43315,47.44282],[-120.42484,47.43917],[-120.41721,47.44467],[-120.41993,47.44709],[-120.41808,47.45141],[-120.41107,47.45196]],[[-120.41115,47.4519],[-120.41114,47.45191],[-120.41116,47.4519],[-120.41115,47.4519]]]},"bbox":[-120.44716,47.39002,-120.36234,47.46383]},{"type":"Feature","id":28456,"properties":{"y":2012,"n":"Whitepine","ag":"BLM","ac":60.8,"c":14,"cl":"Unknown","ad":"2018-01-26","cd":"","st":"WA","se":4},"geometry":{"type":"Polygon","coordinates":[[[-121.02504,47.68343],[-121.02223,47.67789],[-121.02931,47.68044],[-121.02504,47.68343]]]},"bbox":[-121.02931,47.67789,-121.02021,47.68344]},{"type":"Feature","id":28457,"properties":{"y":2012,"n":"Mt Cashmere","ag":"BLM","ac":2505.0,"c":14,"cl":"Unknown","ad":"2018-01-26","cd":"","st":"WA","se":4},"geometry":{"type":"Polygon","coordinates":[[[-120.85102,47.5385],[-120.84632,47.54781],[-120.84241,47.54809],[-120.83643,47.54619],[-120.83645,47.54252],[-120.83418,47.54165],[-120.83558,47.54391],[-120.82796,47.54874],[-120.82461,47.5468],[-120.82025,47.55006],[-120.81402,47.54956],[-120.81167,47.55293],[-120.8007,47.552],[-120.79363,47.55838],[-120.78258,47.55829],[-120.78109,47.55477],[-120.79333,47.54446],[-120.81437,47.53615],[-120.82995,47.51626],[-120.83694,47.5205],[-120.83728,47.5251],[-120.83765,47.52062],[-120.84801,47.52124],[-120.84732,47.51908],[-120.86218,47.51708],[-120.85835,47.5199],[-120.86061,47.52197],[-120.85849,47.53314],[-120.84484,47.53438],[-120.84336,47.53848],[-120.85102,47.5385]]]},"bbox":[-120.86279,47.51626,-120.78109,47.55853]},{"type":"Feature","id":28458,"properties":{"y":2012,"n":"Pyramid","ag":"BLM","ac":1905.2,"c":14,"cl":"Unknown","ad":"2018-01-26","cd":"","st":"WA","se":4},"geometry":{"type":"Polygon","coordinates":[[[-120.55835,48.04907],[-120.56653,48.03381],[-120.57774,48.0275],[-120.59165,48.03414],[-120.6022,48.04704],[-120.59714,48.05648],[-120.58464,48.06209],[-120.58016,48.05542],[-120.57305,48.05737],[-120.5701,48.05339],[-120.56407,48.05456],[-120.55835,48.04907]]]},"bbox":[-120.6022,48.0275,-120.55797,48.06209]},{"type":"Feature","id":28459,"properties":{"y":2012,"n":"Basalt Peak","ag":"BLM","ac":1260.5,"c":14,"cl":"Unknown","ad":"2018-01-26","cd":"","st":"WA","se":4},"geometry":{"type":"Polygon","coordinates":[[[-120.73941,47.95687],[-120.75257,47.95782],[-120.75092,47.96316],[-120.76111,47.97166],[-120.75914,47.97347],[-120.76185,47.97854],[-120.75887,47.98088],[-120.74224,47.97582],[-120.72513,47.97624],[-120.72441,47.96174],[-120.73941,47.95687]]]},"bbox":[-120.76187,47.95616,-120.72315,47.98088]},{"type":"Feature","id":28460,"properties":{"y":2012,"n":"Sears Creek","ag":"BLM","ac":656.0,"c":14,"cl":"Unknown","ad":"2018-01-26","cd":"","st":"WA","se":4},"geometry":{"type":"Polygon","coordinates":[[[-120.90134,47.88813],[-120.91499,47.88783],[-120.91964,47.89265],[-120.91923,47.89717],[-120.9109,47.90448],[-120.90693,47.89965],[-120.89615,47.90058],[-120.88834,47.89366],[-120.90134,47.88813]]]},"bbox":[-120.91992,47.8869,-120.88831,47.90449]},{"type":"Feature","id":28461,"properties":{"y":2006,"n":"Cedar Creek","ag":"BLM","ac":1677.1,"c":14,"cl":"Unknown","ad":"2018-01-26","cd":"","st":"WA","se":4},"geometry":{"type":"MultiPolygon","coordinates":[[[[-120.54533,48.54069],[-120.54562,48.54109],[-120.54523,48.54067],[-120.54533,48.54069]]],[[[-120.54523,48.54067],[-120.53877,48.53524],[-120.53342,48.53862],[-120.52935,48.53898],[-120.52806,48.5381],[-120.52781,48.54045],[-120.52411,48.53761],[-120.52444,48.53741],[-120.52217,48.53503],[-120.52106,48.53423],[-120.5264,48.53609],[-120.52775,48.53371],[-120.52526,48.53294],[-120.53422,48.53193],[-120.53649,48.52833],[-120.54523,48.54067]],[[-120.52173,48.53449],[-120.52169,48.53448],[-120.5217,48.53449],[-120.52173,48.53449]],[[-120.53165,48.53859],[-120.53164,48.53859],[-120.53163,48.53859],[-120.53165,48.53859]]],[[[-120.53649,48.52833],[-120.53656,48.52828],[-120.53662,48.52833],[-120.53649,48.52833]]],[[[-120.53656,48.52828],[-120.53652,48.52817],[-120.53664,48.52826],[-120.53656,48.52828]]],[[[-120.52188,48.5351],[-120.52253,48.53557],[-120.52263,48.53576],[-120.52188,48.5351]]],[[[-120.52601,48.5347],[-120.52428,48.53497],[-120.52411,48.53481],[-120.52601,48.5347]]],[[[-120.53532,48.52814],[-120.53591,48.52826],[-120.53566,48.52823],[-120.53532,48.52814]]],[[[-120.54571,48.541],[-120.54554,48.54086],[-120.5455,48.54079],[-120.54571,48.541]]],[[[-120.57109,48.54423],[-120.56101,48.54132],[-120.55951,48.53404],[-120.55009,48.53537],[-120.55074,48.53307],[-120.54654,48.53161],[-120.57356,48.51776],[-120.58078,48.52044],[-120.59159,48.51788],[-120.58487,48.51611],[-120.59352,48.51692],[-120.59856,48.51366],[-120.60009,48.51599],[-120.61344,48.51649],[-120.61012,48.51777],[-120.61148,48.52007],[-120.60632,48.51746],[-120.61111,48.52152],[-120.61064,48.52231],[-120.60129,48.52174],[-120.59825,48.52655],[-120.60156,48.53047],[-120.59286,48.5315],[-120.58753,48.52768],[-120.57139,48.53395],[-120.5655,48.53234],[-120.57109,48.54423]],[[-120.57571,48.51895],[-120.57569,48.51893],[-120.57571,48.51896],[-120.57571,48.51895]]],[[[-120.57544,48.51812],[-120.57618,48.51798],[-120.57564,48.51848],[-120.57544,48.51812]]],[[[-120.61278,48.51548],[-120.61497,48.51507],[-120.61494,48.51577],[-120.61278,48.51548]]]]},"bbox":[-120.61499,48.51366,-120.52106,48.54491]},{"type":"Feature","id":28462,"properties":{"y":2006,"n":"Flick Creek","ag":"NPS","ac":7883.1,"c":14,"cl":"Unknown","ad":"2018-01-26","cd":"","st":"WA","se":4},"geometry":{"type":"MultiPolygon","coordinates":[[[[-120.6495,48.31867],[-120.64269,48.31917],[-120.63899,48.32214],[-120.63991,48.32486],[-120.6281,48.32773],[-120.6319,48.32008],[-120.63518,48.31987],[-120.63246,48.31496],[-120.62491,48.31756],[-120.61207,48.31258],[-120.61516,48.31594],[-120.59865,48.32046],[-120.60212,48.31498],[-120.59451,48.31107],[-120.59331,48.31358],[-120.58403,48.3123],[-120.58174,48.3072],[-120.57787,48.31307],[-120.56858,48.31004],[-120.57039,48.30689],[-120.5654,48.30539],[-120.56655,48.30181],[-120.55798,48.3033],[-120.56067,48.29872],[-120.57565,48.29977],[-120.57057,48.29401],[-120.57219,48.2898],[-120.56344,48.28536],[-120.57266,48.28515],[-120.57738,48.28424],[-120.57308,48.28369],[-120.57571,48.27831],[-120.5688,48.27541],[-120.56987,48.27149],[-120.59564,48.27038],[-120.60093,48.26408],[-120.6004,48.27001],[-120.61067,48.26584],[-120.603,48.26058],[-120.60125,48.25671],[-120.60356,48.25309],[-120.59741,48.25063],[-120.57906,48.25469],[-120.58208,48.24346],[-120.59517,48.23991],[-120.59921,48.24885],[-120.61581,48.24836],[-120.6194,48.26404],[-120.62819,48.27434],[-120.62764,48.27864],[-120.65764,48.31307],[-120.6495,48.31867]]],[[[-120.55952,48.29887],[-120.55925,48.29864],[-120.55974,48.29872],[-120.55952,48.29887]]],[[[-120.56233,48.30358],[-120.56264,48.30351],[-120.56252,48.30366],[-120.56233,48.30358]]],[[[-120.56612,48.29141],[-120.56383,48.2917],[-120.56429,48.29107],[-120.56612,48.29141]]],[[[-120.57244,48.28311],[-120.57183,48.2827],[-120.57283,48.28271],[-120.57244,48.28311]]],[[[-120.59133,48.31471],[-120.58936,48.31426],[-120.59157,48.31454],[-120.59133,48.31471]]],[[[-120.58986,48.31353],[-120.59015,48.31342],[-120.59016,48.31362],[-120.58986,48.31353]]],[[[-120.62361,48.32309],[-120.62173,48.32211],[-120.62329,48.32016],[-120.62361,48.32309]]]]},"bbox":[-120.65764,48.23991,-120.55791,48.32773]},{"type":"Feature","id":28463,"properties":{"y":2001,"n":"Long Swamp","ag":"BLM","ac":336.3,"c":14,"cl":"Unknown","ad":"2018-01-26","cd":"","st":"WA","se":4},"geometry":{"type":"MultiPolygon","coordinates":[[[[-120.00525,48.86719],[-119.98883,48.86378],[-119.98953,48.86141],[-119.99722,48.86102],[-120.00365,48.85341],[-120.01315,48.86181],[-120.0131,48.86542],[-120.00603,48.86088],[-120.00525,48.86719]]],[[[-119.98916,48.8689],[-119.99034,48.86819],[-119.99077,48.8691],[-119.98916,48.8689]]],[[[-119.9941,48.8701],[-119.99566,48.86955],[-119.99608,48.87068],[-119.9941,48.8701]]]]},"bbox":[-120.01348,48.85341,-119.98883,48.87078]},{"type":"Feature","id":28464,"properties":{"y":2001,"n":"Fourth Of July","ag":"BLM","ac":7076.7,"c":14,"cl":"Unknown","ad":"2018-01-26","cd":"","st":"WA","se":4},"geometry":{"type":"Polygon","coordinates":[[[-120.74727,47.56591],[-120.75229,47.55766],[-120.75778,47.55682],[-120.76179,47.55138],[-120.77487,47.55749],[-120.78723,47.54917],[-120.81161,47.54989],[-120.81961,47.56092],[-120.81957,47.56928],[-120.8348,47.56923],[-120.83497,47.57705],[-120.84097,47.58133],[-120.83807,47.58633],[-120.84447,47.58827],[-120.84046,47.59121],[-120.83957,47.59679],[-120.83506,47.59209],[-120.8198,47.59405],[-120.81268,47.59142],[-120.77133,47.59961],[-120.76642,47.5914],[-120.75745,47.58692],[-120.74407,47.59092],[-120.73818,47.5855],[-120.73803,47.5802],[-120.72933,47.57752],[-120.73613,47.57096],[-120.74459,47.56997],[-120.74541,47.56756],[-120.73989,47.56529],[-120.7422,47.56294],[-120.74727,47.56591]]]},"bbox":[-120.84447,47.54917,-120.72917,47.59961]},{"type":"Feature","id":28465,"properties":{"y":2001,"n":"Johnny Jay","ag":"BLM","ac":327.2,"c":14,"cl":"Unknown","ad":"2018-01-26","cd":"","st":"WA","se":4},"geometry":{"type":"Polygon","coordinates":[[[-120.79349,47.62333],[-120.80281,47.62118],[-120.81451,47.62347],[-120.80952,47.63129],[-120.80465,47.62816],[-120.79837,47.63042],[-120.79076,47.62813],[-120.79349,47.62333]]]},"bbox":[-120.81451,47.62118,-120.79073,47.63129]},{"type":"Feature","id":28466,"properties":{"y":2001,"n":"Trout Creek","ag":"BLM","ac":185.2,"c":14,"cl":"Unknown","ad":"2018-01-26","cd":"","st":"WA","se":4},"geometry":{"type":"Polygon","coordinates":[[[-120.86777,47.56559],[-120.87069,47.56283],[-120.87789,47.56388],[-120.88779,47.57108],[-120.87982,47.57767],[-120.87812,47.56629],[-120.86777,47.56559]]]},"bbox":[-120.88782,47.56278,-120.86765,47.57767]},{"type":"Feature","id":28467,"properties":{"y":2001,"n":"Snow Creek","ag":"BLM","ac":45.6,"c":14,"cl":"Unknown","ad":"2018-01-26","cd":"","st":"WA","se":4},"geometry":{"type":"Polygon","coordinates":[[[-120.71688,47.49467],[-120.7221,47.49034],[-120.72486,47.49041],[-120.72088,47.4957],[-120.71688,47.49467]]]},"bbox":[-120.72499,47.48998,-120.71688,47.49584]},{"type":"Feature","id":28468,"properties":{"y":2001,"n":"Fall Creek","ag":"BLM","ac":27.9,"c":14,"cl":"Unknown","ad":"2018-01-26","cd":"","st":"WA","se":4},"geometry":{"type":"Polygon","coordinates":[[[-120.79312,47.64371],[-120.78645,47.64303],[-120.78507,47.64217],[-120.79312,47.64371]]]},"bbox":[-120.79312,47.64145,-120.78507,47.64517]},{"type":"Feature","id":28469,"properties":{"y":2001,"n":"Chatter Creek","ag":"BLM","ac":56.1,"c":14,"cl":"Unknown","ad":"2018-01-26","cd":"","st":"WA","se":4},"geometry":{"type":"MultiPolygon","coordinates":[[[[-120.86786,47.63168],[-120.86789,47.62826],[-120.87241,47.62899],[-120.86786,47.63168]]],[[[-120.87442,47.62025],[-120.8772,47.62059],[-120.87785,47.62193],[-120.87419,47.62313],[-120.87442,47.62025]]],[[[-120.87514,47.63277],[-120.87451,47.6316],[-120.87557,47.63216],[-120.87514,47.63277]]]]},"bbox":[-120.87795,47.62024,-120.86662,47.63277]},{"type":"Feature","id":28470,"properties":{"y":2001,"n":"Cape Labelle","ag":"BLM","ac":260.0,"c":14,"cl":"Unknown","ad":"2018-01-26","cd":"","st":"WA","se":4},"geometry":{"type":"MultiPolygon","coordinates":[[[[-118.98924,48.69674],[-118.98778,48.68849],[-118.99271,48.68866],[-118.99461,48.69146],[-118.99518,48.70217],[-118.99197,48.70838],[-118.98627,48.70451],[-118.98924,48.69674]]],[[[-118.99579,48.69892],[-118.99745,48.69733],[-118.99779,48.69891],[-118.99579,48.69892]]]]},"bbox":[-118.99779,48.68849,-118.98582,48.70838]},{"type":"Feature","id":28471,"properties":{"y":2004,"n":"Freezeout","ag":"BLM","ac":706.8,"c":14,"cl":"Unknown","ad":"2018-01-26","cd":"","st":"WA","se":4},"geometry":{"type":"MultiPolygon","coordinates":[[[[-120.9498,48.96887],[-120.93838,48.96845],[-120.94363,48.96697],[-120.9498,48.96887]]],[[[-120.9536,48.97482],[-120.93947,48.97439],[-120.95561,48.9683],[-120.9536,48.97482]]],[[[-120.94988,48.9826],[-120.94077,48.98149],[-120.94039,48.97765],[-120.9511,48.97662],[-120.94754,48.98183],[-120.95549,48.97583],[-120.94988,48.9826]]],[[[-120.94642,48.97015],[-120.94208,48.96974],[-120.94928,48.96923],[-120.94642,48.97015]]],[[[-120.9484,48.97567],[-120.94242,48.97549],[-120.94641,48.97511],[-120.9484,48.97567]]],[[[-120.94312,48.97111],[-120.94459,48.9703],[-120.94557,48.97036],[-120.94312,48.97111]]],[[[-120.95797,48.9884],[-120.95312,48.98494],[-120.95628,48.98669],[-120.96375,48.98089],[-120.97492,48.97945],[-120.96547,48.98783],[-120.96724,48.98294],[-120.95797,48.9884]]],[[[-120.95532,48.98443],[-120.95313,48.98137],[-120.96226,48.97121],[-120.96596,48.97049],[-120.97202,48.97524],[-120.97057,48.97857],[-120.96155,48.98093],[-120.9572,48.9841],[-120.95532,48.98443]]],[[[-120.9685,48.9854],[-120.97052,48.9851],[-120.96811,48.98558],[-120.9685,48.9854]]],[[[-120.97329,48.98645],[-120.97702,48.98548],[-120.97261,48.98685],[-120.97329,48.98645]]],[[[-120.97281,48.97796],[-120.97427,48.97767],[-120.97439,48.97798],[-120.97281,48.97796]]],[[[-120.97332,48.98443],[-120.97506,48.98322],[-120.97564,48.98329],[-120.97332,48.98443]]],[[[-120.97644,48.98079],[-120.97568,48.98075],[-120.9753,48.9799],[-120.97644,48.98079]]],[[[-120.97766,48.98518],[-120.97803,48.98459],[-120.97835,48.9847],[-120.97766,48.98518]]]]},"bbox":[-120.97835,48.96697,-120.93838,48.98845]},{"type":"Feature","id":28472,"properties":{"y":2009,"n":"Brush Creek","ag":"BLM","ac":390.9,"c":14,"cl":"Unknown","ad":"2018-01-26","cd":"","st":"WA","se":4},"geometry":{"type":"MultiPolygon","coordinates":[[[[-121.39774,48.89001],[-121.39877,48.87996],[-121.39448,48.87906],[-121.39568,48.87556],[-121.40546,48.8759],[-121.41061,48.8829],[-121.40838,48.89215],[-121.39774,48.89001]]],[[[-121.39928,48.89351],[-121.3974,48.8934],[-121.39722,48.89351],[-121.3974,48.89328],[-121.39928,48.89351]]],[[[-121.3998,48.89407],[-121.40117,48.89407],[-121.40066,48.89464],[-121.3998,48.89407]]],[[[-121.40152,48.8934],[-121.40083,48.89294],[-121.40169,48.89306],[-121.40152,48.8934]]],[[[-121.41981,48.9113],[-121.41995,48.91115],[-121.41995,48.9113],[-121.41981,48.9113]]]]},"bbox":[-121.41998,48.87488,-121.39448,48.91132]},{"type":"Feature","id":28473,"properties":{"y":2011,"n":"Bell Plain Complex","ag":"BLM","ac":3952.5,"c":14,"cl":"Unknown","ad":"2018-01-26","cd":"","st":"WA","se":4},"geometry":{"type":"MultiPolygon","coordinates":[[[[-117.46834,46.56466],[-117.46013,46.56454],[-117.4648,46.56123],[-117.46163,46.55952],[-117.45037,46.5664],[-117.44868,46.56191],[-117.45131,46.56347],[-117.45572,46.55945],[-117.44841,46.55517],[-117.45387,46.55712],[-117.46017,46.55249],[-117.47332,46.55139],[-117.47342,46.54898],[-117.47775,46.54926],[-117.47373,46.54434],[-117.47948,46.54415],[-117.48386,46.54017],[-117.48978,46.54295],[-117.49359,46.53979],[-117.4844,46.53692],[-117.4839,46.52968],[-117.47465,46.52963],[-117.47495,46.53236],[-117.46862,46.53601],[-117.45976,46.53533],[-117.45665,46.54264],[-117.45274,46.53742],[-117.45483,46.53573],[-117.45556,46.53863],[-117.46019,46.53422],[-117.46308,46.53338],[-117.46152,46.52957],[-117.46796,46.52706],[-117.46273,46.52111],[-117.45773,46.52164],[-117.45483,46.51652],[-117.46301,46.51482],[-117.46805,46.50815],[-117.46307,46.50823],[-117.48066,46.50023],[-117.48617,46.50807],[-117.47103,46.51609],[-117.47413,46.51892],[-117.47673,46.51744],[-117.47423,46.51962],[-117.48384,46.51972],[-117.4798,46.52238],[-117.48393,46.52454],[-117.49284,46.51672],[-117.49678,46.51685],[-117.50555,46.51973],[-117.50853,46.52457],[-117.50554,46.527],[-117.51346,46.52404],[-117.51347,46.52495],[-117.50952,46.52619],[-117.51075,46.53074],[-117.50544,46.53441],[-117.50322,46.54064],[-117.5027,46.54987],[-117.50693,46.55161],[-117.50518,46.56015],[-117.49371,46.5582],[-117.48791,46.5639],[-117.46834,46.56466]],[[-117.46641,46.56439],[-117.46608,46.56441],[-117.46705,46.56446],[-117.46641,46.56439]]],[[[-117.46685,46.55069],[-117.4669,46.55066],[-117.46681,46.55073],[-117.46685,46.55069]]]]},"bbox":[-117.51347,46.50023,-117.44841,46.5664]},{"type":"Feature","id":28474,"properties":{"y":2012,"n":"Old Blewett Pass","ag":"BLM","ac":22.4,"c":14,"cl":"Unknown","ad":"2018-01-26","cd":"","st":"WA","se":4},"geometry":{"type":"MultiPolygon","coordinates":[[[[-120.6695,47.33487],[-120.66715,47.33754],[-120.66704,47.33753],[-120.66691,47.33788],[-120.66634,47.33799],[-120.66661,47.33849],[-120.66557,47.33995],[-120.66375,47.33943],[-120.6695,47.33487]]],[[[-120.66713,47.33756],[-120.66713,47.33762],[-120.66709,47.3376],[-120.66713,47.33756]]]]},"bbox":[-120.66957,47.33474,-120.66375,47.34003]},{"type":"Feature","id":28475,"properties":{"y":2012,"n":"Moon Beam","ag":"BLM","ac":0.3,"c":14,"cl":"Unknown","ad":"2018-01-26","cd":"","st":"WA","se":4},"geometry":{"type":"MultiPolygon","coordinates":[[[[-120.78468,47.34375],[-120.78465,47.34404],[-120.78431,47.34375],[-120.78486,47.34355],[-120.78468,47.34375]]],[[[-120.78496,47.34378],[-120.78473,47.34382],[-120.78494,47.34374],[-120.78496,47.34378]]],[[[-120.78473,47.34382],[-120.78467,47.34385],[-120.78471,47.34382],[-120.78473,47.34382]]]]},"bbox":[-120.78496,47.34352,-120.78431,47.34404]},{"type":"Feature","id":28476,"properties":{"y":2012,"n":"Poison","ag":"BLM","ac":5931.0,"c":14,"cl":"Unknown","ad":"2018-01-26","cd":"","st":"WA","se":4},"geometry":{"type":"MultiPolygon","coordinates":[[[[-120.48274,47.48723],[-120.49196,47.47667],[-120.49243,47.45739],[-120.49615,47.44444],[-120.50045,47.43993],[-120.49835,47.4353],[-120.50628,47.43044],[-120.51708,47.43325],[-120.53107,47.43157],[-120.56144,47.44875],[-120.56401,47.46239],[-120.56315,47.46669],[-120.5591,47.46694],[-120.56149,47.47107],[-120.55742,47.47825],[-120.53178,47.47088],[-120.49939,47.48363],[-120.49594,47.48758],[-120.4958,47.48523],[-120.48274,47.48723]]],[[[-120.55529,47.43756],[-120.5518,47.43515],[-120.5573,47.43585],[-120.55529,47.43756]]]]},"bbox":[-120.56401,47.42995,-120.48274,47.48792]},{"type":"Feature","id":28477,"properties":{"y":2012,"n":"Klone Peak","ag":"BLM","ac":1505.8,"c":14,"cl":"Unknown","ad":"2018-01-26","cd":"","st":"WA","se":4},"geometry":{"type":"MultiPolygon","coordinates":[[[[-120.58482,47.9901],[-120.55944,47.97256],[-120.55882,47.96834],[-120.57092,47.96247],[-120.57143,47.95845],[-120.59343,47.96618],[-120.58921,47.96844],[-120.58815,47.97372],[-120.59764,47.96658],[-120.6069,47.96912],[-120.60016,47.97135],[-120.60078,47.97855],[-120.59275,47.9826],[-120.59094,47.98874],[-120.58482,47.9901]]],[[[-120.59474,47.96776],[-120.59474,47.96737],[-120.5951,47.96763],[-120.59474,47.96776]]],[[[-120.59561,47.96538],[-120.5953,47.96509],[-120.59627,47.96527],[-120.59561,47.96538]]]]},"bbox":[-120.6069,47.95838,-120.55865,47.9902]},{"type":"Feature","id":28478,"properties":{"y":2012,"n":"Cuitin Lake","ag":"BLM","ac":309.1,"c":14,"cl":"Unknown","ad":"2018-01-26","cd":"","st":"WA","se":4},"geometry":{"type":"MultiPolygon","coordinates":[[[[-121.03541,47.64788],[-121.03109,47.64582],[-121.03436,47.6383],[-121.03947,47.6345],[-121.04618,47.63513],[-121.04596,47.64043],[-121.03541,47.64788]]],[[[-121.04445,47.63221],[-121.04521,47.63249],[-121.04442,47.63286],[-121.04445,47.63221]]],[[[-121.04848,47.63517],[-121.04767,47.63273],[-121.05738,47.6319],[-121.05601,47.63534],[-121.04848,47.63517]]]]},"bbox":[-121.05738,47.63155,-121.03109,47.64873]},{"type":"Feature","id":28479,"properties":{"y":2012,"n":"Table Mountain","ag":"BLM","ac":42482.2,"c":14,"cl":"Unknown","ad":"2018-01-26","cd":"","st":"WA","se":4},"geometry":{"type":"MultiPolygon","coordinates":[[[[-120.52141,47.33174],[-120.52352,47.3307],[-120.51534,47.32016],[-120.4976,47.31759],[-120.48767,47.31109],[-120.4882,47.30754],[-120.48107,47.3046],[-120.47714,47.30725],[-120.4732,47.30565],[-120.47347,47.29683],[-120.48115,47.29681],[-120.47405,47.2932],[-120.47387,47.29097],[-120.47898,47.29125],[-120.47448,47.28568],[-120.47744,47.28215],[-120.47256,47.2794],[-120.46593,47.28889],[-120.45418,47.2894],[-120.44163,47.28565],[-120.44133,47.28254],[-120.43582,47.28046],[-120.43686,47.27694],[-120.43353,47.27646],[-120.43886,47.27446],[-120.43578,47.27116],[-120.43954,47.26877],[-120.43186,47.26809],[-120.42906,47.26213],[-120.4331,47.26384],[-120.43477,47.25865],[-120.44186,47.26046],[-120.44622,47.25612],[-120.46027,47.25465],[-120.4579,47.25093],[-120.46121,47.24966],[-120.46156,47.24519],[-120.45279,47.23814],[-120.45406,47.23455],[-120.44986,47.22912],[-120.45475,47.22955],[-120.45393,47.227],[-120.46017,47.22379],[-120.45552,47.21894],[-120.45969,47.21448],[-120.46756,47.21608],[-120.46956,47.21505],[-120.46496,47.21437],[-120.46571,47.20869],[-120.46906,47.21009],[-120.46728,47.20551],[-120.4797,47.20734],[-120.48067,47.19602],[-120.49523,47.20049],[-120.49416,47.19588],[-120.50316,47.19666],[-120.50574,47.19248],[-120.49964,47.19199],[-120.50639,47.18887],[-120.50272,47.18338],[-120.51163,47.18266],[-120.52306,47.18369],[-120.52984,47.18962],[-120.53463,47.18681],[-120.55285,47.20007],[-120.56729,47.20412],[-120.57471,47.20149],[-120.5736,47.19778],[-120.58473,47.19761],[-120.58777,47.19066],[-120.59034,47.19149],[-120.58788,47.19265],[-120.58945,47.19699],[-120.60047,47.19842],[-120.60429,47.2034],[-120.62759,47.20003],[-120.63047,47.20313],[-120.63399,47.20082],[-120.63554,47.20347],[-120.6408,47.20224],[-120.64555,47.2069],[-120.65452,47.20597],[-120.65473,47.20887],[-120.64818,47.20986],[-120.64597,47.21474],[-120.65358,47.22777],[-120.6388,47.22915],[-120.63148,47.23682],[-120.64492,47.25012],[-120.63844,47.25617],[-120.62915,47.25373],[-120.61316,47.25887],[-120.61728,47.26379],[-120.6249,47.26457],[-120.62176,47.2749],[-120.63704,47.2827],[-120.63168,47.28375],[-120.62697,47.29118],[-120.61051,47.29761],[-120.6075,47.302],[-120.58981,47.30775],[-120.59104,47.31069],[-120.58333,47.31401],[-120.58411,47.32083],[-120.57778,47.32321],[-120.57878,47.32711],[-120.5697,47.32122],[-120.57033,47.31084],[-120.55729,47.30658],[-120.54736,47.30755],[-120.54714,47.31213],[-120.5282,47.31667],[-120.53208,47.32955],[-120.53051,47.33434],[-120.52141,47.33174]]],[[[-120.63075,47.27387],[-120.63349,47.2751],[-120.63142,47.276],[-120.63075,47.27387]]],[[[-120.64205,47.27718],[-120.64306,47.27599],[-120.6432,47.2772],[-120.64205,47.27718]]]]},"bbox":[-120.65484,47.18266,-120.4286,47.33437]},{"type":"Feature","id":28480,"properties":{"y":2006,"n":"Tripod","ag":"BLM","ac":174856.9,"c":14,"cl":"Unknown","ad":"2018-01-26","cd":"","st":"WA","se":4},"geometry":{"type":"MultiPolygon","coordinates":[[[[-119.94784,48.99417],[-119.95112,48.99361],[-119.94941,48.98883],[-119.95179,48.98781],[-119.94515,48.9737],[-119.93017,48.95966],[-119.91883,48.96105],[-119.87566,48.94609],[-119.87773,48.94253],[-119.88891,48.94081],[-119.88183,48.93517],[-119.87981,48.93891],[-119.87369,48.93625],[-119.87412,48.93156],[-119.88421,48.92516],[-119.8932,48.92507],[-119.89049,48.92255],[-119.8976,48.91694],[-119.90177,48.9174],[-119.90252,48.91367],[-119.89963,48.91167],[-119.90361,48.90843],[-119.91009,48.91352],[-119.90535,48.9159],[-119.9078,48.91757],[-119.91206,48.91219],[-119.92003,48.91369],[-119.91838,48.90501],[-119.9258,48.89493],[-119.93046,48.89683],[-119.92699,48.90266],[-119.93158,48.9076],[-119.929,48.90926],[-119.93732,48.91389],[-119.94054,48.90959],[-119.93802,48.90705],[-119.94893,48.90657],[-119.94918,48.90174],[-119.95244,48.90288],[-119.9615,48.89812],[-119.94836,48.89762],[-119.95263,48.89052],[-119.94473,48.89385],[-119.93427,48.89152],[-119.93802,48.88765],[-119.93166,48.88425],[-119.93861,48.88285],[-119.94611,48.88612],[-119.94458,48.88256],[-119.9365,48.88248],[-119.93412,48.8781],[-119.92171,48.87312],[-119.92978,48.87147],[-119.92187,48.86525],[-119.93318,48.86627],[-119.92837,48.86166],[-119.92967,48.85791],[-119.92271,48.85875],[-119.9184,48.85335],[-119.9141,48.85692],[-119.91714,48.85901],[-119.91125,48.86212],[-119.90956,48.86711],[-119.89693,48.86605],[-119.90341,48.872],[-119.89868,48.87254],[-119.90035,48.86996],[-119.89542,48.86698],[-119.89807,48.8643],[-119.90543,48.86249],[-119.90679,48.85978],[-119.91207,48.85854],[-119.91566,48.85424],[-119.9239,48.85063],[-119.94827,48.85587],[-119.94193,48.85161],[-119.94474,48.84931],[-119.93554,48.84569],[-119.93199,48.84049],[-119.92125,48.84133],[-119.92492,48.84259],[-119.92082,48.84386],[-119.91717,48.84192],[-119.91923,48.83664],[-119.91269,48.83563],[-119.91325,48.83842],[-119.91052,48.83879],[-119.9071,48.83636],[-119.91259,48.8535],[-119.91582,48.85401],[-119.91244,48.85592],[-119.90668,48.84545],[-119.89937,48.84752],[-119.88574,48.83702],[-119.88468,48.83265],[-119.86975,48.82834],[-119.86977,48.82481],[-119.87614,48.82662],[-119.87101,48.82195],[-119.89305,48.82196],[-119.8987,48.81632],[-119.89571,48.81609],[-119.89776,48.81338],[-119.91145,48.8087],[-119.90675,48.80598],[-119.89255,48.80683],[-119.88959,48.79958],[-119.89756,48.79739],[-119.89324,48.79427],[-119.88529,48.79457],[-119.88265,48.78816],[-119.87545,48.78833],[-119.87384,48.78104],[-119.86581,48.77515],[-119.86885,48.76828],[-119.86625,48.75672],[-119.86998,48.75443],[-119.87409,48.75979],[-119.87459,48.75056],[-119.86919,48.74863],[-119.87226,48.74187],[-119.86528,48.7305],[-119.89075,48.73213],[-119.89177,48.7226],[-119.90155,48.71964],[-119.90383,48.72149],[-119.90612,48.71974],[-119.90463,48.71602],[-119.89934,48.71036],[-119.88811,48.71064],[-119.87758,48.70682],[-119.88611,48.70409],[-119.89023,48.69696],[-119.91306,48.69712],[-119.92912,48.69194],[-119.9251,48.67982],[-119.92965,48.68032],[-119.93137,48.67621],[-119.94795,48.67897],[-119.95358,48.67418],[-119.94152,48.66579],[-119.94673,48.65981],[-119.92766,48.6593],[-119.92802,48.64726],[-119.90704,48.64642],[-119.84829,48.62884],[-119.84633,48.62142],[-119.85132,48.61497],[-119.88511,48.6057],[-119.88911,48.60215],[-119.88742,48.59633],[-119.8988,48.59212],[-119.89799,48.58641],[-119.90289,48.58286],[-119.91852,48.58584],[-119.91361,48.58216],[-119.91613,48.58018],[-119.90543,48.57415],[-119.90461,48.56853],[-119.91455,48.57717],[-119.91306,48.5716],[-119.92516,48.56875],[-119.91306,48.5692],[-119.91062,48.56651],[-119.91701,48.56536],[-119.91701,48.56237],[-119.90957,48.55939],[-119.91297,48.5576],[-119.90881,48.55753],[-119.90417,48.56058],[-119.90811,48.56389],[-119.90734,48.56603],[-119.90396,48.56649],[-119.90488,48.56263],[-119.89966,48.56407],[-119.89851,48.5669],[-119.9038,48.56854],[-119.89825,48.56746],[-119.89473,48.57134],[-119.89539,48.5578],[-119.8915,48.55257],[-119.90588,48.55445],[-119.90987,48.55205],[-119.90906,48.54962],[-119.89128,48.53923],[-119.89301,48.53537],[-119.88477,48.53879],[-119.87839,48.53296],[-119.86969,48.53606],[-119.85919,48.52785],[-119.84886,48.5262],[-119.85652,48.51386],[-119.85279,48.51064],[-119.82849,48.51052],[-119.826,48.50374],[-119.82029,48.50287],[-119.8205,48.49227],[-119.83393,48.48439],[-119.83173,48.47487],[-119.84787,48.47579],[-119.84534,48.47093],[-119.87013,48.47186],[-119.8964,48.46788],[-119.90267,48.47077],[-119.9053,48.47668],[-119.91616,48.4687],[-119.92658,48.4731],[-119.92609,48.47856],[-119.92967,48.48004],[-119.93353,48.47838],[-119.9363,48.47124],[-119.93888,48.47171],[-119.9413,48.46478],[-119.95479,48.46893],[-119.96576,48.4668],[-119.96428,48.47012],[-119.9709,48.47708],[-119.98514,48.46438],[-119.99371,48.46383],[-119.99306,48.45912],[-120.0008,48.45268],[-120.00965,48.45294],[-120.01787,48.45613],[-120.02361,48.46564],[-120.02049,48.47765],[-120.02677,48.47619],[-120.03319,48.48],[-120.03246,48.48281],[-120.04502,48.48319],[-120.05565,48.49444],[-120.08775,48.49713],[-120.10606,48.4921],[-120.09635,48.50163],[-120.06914,48.51238],[-120.04375,48.5166],[-120.05095,48.52465],[-120.05258,48.52195],[-120.05602,48.52425],[-120.07524,48.52293],[-120.08051,48.53046],[-120.07867,48.53977],[-120.09109,48.54307],[-120.10266,48.54178],[-120.1036,48.54527],[-120.10878,48.53923],[-120.11184,48.54141],[-120.12068,48.53717],[-120.12811,48.54],[-120.12843,48.53601],[-120.13663,48.53557],[-120.14351,48.5456],[-120.14164,48.55051],[-120.14741,48.55198],[-120.1508,48.56427],[-120.13829,48.58158],[-120.13779,48.58854],[-120.11247,48.58589],[-120.11445,48.59143],[-120.10605,48.59397],[-120.10635,48.60017],[-120.1001,48.60341],[-120.09875,48.61408],[-120.08304,48.62231],[-120.09557,48.63251],[-120.09199,48.6583],[-120.0864,48.66829],[-120.08846,48.67497],[-120.10704,48.67409],[-120.11308,48.67549],[-120.11127,48.67792],[-120.11358,48.67939],[-120.11712,48.67891],[-120.11831,48.67472],[-120.12887,48.67687],[-120.12946,48.68372],[-120.12223,48.68951],[-120.12461,48.69709],[-120.11832,48.70872],[-120.1242,48.71672],[-120.12592,48.72539],[-120.13213,48.7275],[-120.13604,48.74224],[-120.13276,48.75692],[-120.12836,48.76463],[-120.11932,48.77056],[-120.11699,48.7767],[-120.10731,48.78301],[-120.0732,48.79007],[-120.06308,48.79518],[-120.06636,48.79305],[-120.06406,48.79151],[-120.06655,48.78566],[-120.07334,48.7875],[-120.08046,48.78464],[-120.06822,48.77886],[-120.07217,48.77724],[-120.06795,48.77605],[-120.06765,48.77191],[-120.05404,48.77715],[-120.05698,48.77834],[-120.0532,48.77894],[-120.05335,48.77972],[-120.06251,48.78055],[-120.05963,48.78282],[-120.03885,48.78064],[-120.03592,48.78394],[-120.02894,48.7786],[-120.01925,48.7845],[-120.01443,48.78381],[-120.0144,48.79152],[-120.00858,48.78851],[-120.00236,48.7913],[-119.99953,48.78818],[-119.99784,48.79582],[-119.99259,48.79606],[-119.99404,48.78813],[-119.98523,48.78558],[-119.98023,48.78049],[-120.00213,48.77541],[-120.00871,48.76918],[-119.99994,48.77134],[-120.00447,48.76612],[-120.00364,48.76116],[-120.00055,48.76098],[-120.00256,48.75909],[-119.99749,48.75463],[-119.99209,48.75643],[-119.99409,48.75372],[-119.99014,48.75036],[-119.98194,48.7512],[-119.97842,48.74635],[-119.97044,48.75076],[-119.96479,48.75025],[-119.9626,48.75951],[-119.95297,48.76784],[-119.94506,48.76962],[-119.94591,48.77653],[-119.95228,48.77414],[-119.95632,48.78044],[-119.95392,48.7825],[-119.97747,48.79331],[-119.97722,48.79666],[-119.9816,48.79919],[-119.96841,48.80173],[-119.96125,48.79696],[-119.95889,48.80011],[-119.9647,48.80723],[-119.95713,48.8137],[-119.96194,48.81464],[-119.95983,48.81686],[-119.9631,48.82006],[-119.95788,48.81816],[-119.95199,48.82062],[-119.94585,48.81686],[-119.94875,48.82479],[-119.96056,48.82302],[-119.96579,48.82728],[-119.98115,48.83058],[-119.98458,48.82886],[-119.9828,48.83139],[-119.998,48.83385],[-119.99714,48.83705],[-120.0014,48.83955],[-120.00409,48.84852],[-120.00198,48.85172],[-120.00977,48.85497],[-120.00619,48.85647],[-120.01134,48.86216],[-120.00896,48.86352],[-120.01823,48.86354],[-120.01448,48.8654],[-120.0193,48.86737],[-120.01837,48.87304],[-120.02995,48.87848],[-120.02715,48.88384],[-120.05262,48.88861],[-120.04961,48.89607],[-120.05195,48.90469],[-120.04374,48.90817],[-120.05337,48.91392],[-120.03636,48.92091],[-120.05037,48.9192],[-120.03566,48.92919],[-120.03569,48.93143],[-120.04649,48.93298],[-120.04593,48.93521],[-120.02808,48.94212],[-120.02398,48.94051],[-120.02912,48.93405],[-120.02661,48.93131],[-120.02015,48.93271],[-120.01484,48.93909],[-120.00828,48.9342],[-120.0087,48.94017],[-120.00595,48.93999],[-120.00664,48.94657],[-120.00381,48.94912],[-120.01486,48.94731],[-120.01225,48.95282],[-119.99462,48.95583],[-119.99946,48.94959],[-119.99116,48.94918],[-119.98884,48.94545],[-119.99141,48.94029],[-119.98757,48.9382],[-119.98308,48.94057],[-119.98831,48.94135],[-119.98784,48.94511],[-119.97958,48.94255],[-119.98201,48.95187],[-119.97148,48.9552],[-119.9737,48.96024],[-119.98639,48.96438],[-119.98173,48.96745],[-119.98188,48.98792],[-119.97516,48.98949],[-119.97701,48.99221],[-119.97477,48.99445],[-119.97033,48.98852],[-119.96389,48.99167],[-119.95293,48.99098],[-119.95007,48.99589],[-119.94784,48.99417]],[[-119.88457,48.53745],[-119.88563,48.53357],[-119.88867,48.53022],[-119.88226,48.53119],[-119.8812,48.5342],[-119.88457,48.53745]],[[-119.95921,48.56721],[-119.96574,48.56428],[-119.96628,48.56192],[-119.9501,48.56533],[-119.95921,48.56721]],[[-119.96563,48.58031],[-119.96941,48.56988],[-119.97288,48.56786],[-119.95693,48.56961],[-119.95745,48.57532],[-119.96033,48.5766],[-119.95138,48.57923],[-119.96563,48.58031]],[[-119.96928,48.93308],[-119.98065,48.93564],[-119.98202,48.92823],[-119.97618,48.92428],[-119.98486,48.9168],[-119.98264,48.91109],[-119.97933,48.90932],[-119.96708,48.91598],[-119.96191,48.9115],[-119.9552,48.91159],[-119.95809,48.91979],[-119.96632,48.91961],[-119.96863,48.92277],[-119.96928,48.93308]],[[-119.9563,48.55269],[-119.96175,48.55432],[-119.96461,48.55221],[-119.95836,48.55097],[-119.9563,48.55269]],[[-120.02768,48.61396],[-120.03315,48.61172],[-120.02476,48.60933],[-120.0264,48.60609],[-120.03491,48.60702],[-120.02864,48.60045],[-120.01794,48.60187],[-120.0181,48.59629],[-120.02797,48.59443],[-120.02275,48.59371],[-120.0211,48.59211],[-120.03135,48.59146],[-120.03968,48.59689],[-120.04331,48.59585],[-120.04093,48.60166],[-120.04494,48.6028],[-120.04642,48.60723],[-120.05294,48.60236],[-120.0448,48.59077],[-120.03806,48.58977],[-120.04016,48.58697],[-120.03497,48.57982],[-119.99716,48.57501],[-119.99084,48.58187],[-119.98549,48.58032],[-119.98996,48.58261],[-119.98876,48.58478],[-119.98346,48.58255],[-119.977,48.5895],[-119.98381,48.58878],[-119.98843,48.59656],[-119.99907,48.59975],[-120.00126,48.60375],[-119.99829,48.60745],[-120.003,48.60856],[-120.00627,48.60539],[-120.01163,48.60765],[-120.01643,48.60464],[-120.01719,48.61083],[-120.02768,48.61396]],[[-120.03313,48.76876],[-120.01972,48.77346],[-120.01963,48.77566],[-120.04,48.77199],[-120.03313,48.76876]],[[-120.0267,48.59825],[-120.03782,48.59677],[-120.02546,48.59499],[-120.0267,48.59825]],[[-120.06528,48.75442],[-120.06475,48.75905],[-120.07888,48.75907],[-120.07654,48.75157],[-120.06528,48.75442]]],[[[-119.86752,48.80109],[-119.84961,48.79879],[-119.83388,48.7901],[-119.82999,48.79154],[-119.82315,48.78771],[-119.82888,48.78027],[-119.82644,48.77825],[-119.83535,48.77349],[-119.84345,48.77447],[-119.86004,48.78682],[-119.87433,48.78988],[-119.87776,48.7944],[-119.86752,48.80109]]],[[[-119.86166,48.82033],[-119.84997,48.81976],[-119.84962,48.81637],[-119.86398,48.81591],[-119.86166,48.82033]]],[[[-119.85242,48.78052],[-119.85399,48.77896],[-119.85511,48.78033],[-119.85242,48.78052]]],[[[-119.86977,48.80174],[-119.86989,48.80133],[-119.86989,48.80139],[-119.86977,48.80174]]],[[[-119.88756,48.73029],[-119.88829,48.72918],[-119.88905,48.73032],[-119.88756,48.73029]]],[[[-119.91151,48.90409],[-119.90941,48.90315],[-119.91512,48.90271],[-119.91151,48.90409]]],[[[-119.92493,48.89163],[-119.9219,48.88982],[-119.92906,48.88608],[-119.92969,48.88826],[-119.92493,48.89163]]],[[[-119.96855,48.75258],[-119.96989,48.75489],[-119.96711,48.75653],[-119.96661,48.75581],[-119.96855,48.75258]]]]},"bbox":[-120.1508,48.45242,-119.82029,48.99589]},{"type":"Feature","id":28481,"properties":{"y":2012,"n":"Wild Rose","ag":"BLM","ac":1926.6,"c":14,"cl":"Unknown","ad":"2018-01-26","cd":"","st":"WA","se":4},"geometry":{"type":"Polygon","coordinates":[[[-121.05796,46.68854],[-121.05604,46.69468],[-121.0461,46.69598],[-121.0132,46.69465],[-121.00818,46.69141],[-121.00892,46.68659],[-121.01577,46.68636],[-121.01419,46.68379],[-121.01958,46.67973],[-121.01684,46.67778],[-121.01775,46.6741],[-121.0216,46.67554],[-121.0253,46.67241],[-121.05625,46.67678],[-121.06376,46.68297],[-121.05877,46.68617],[-121.06148,46.68795],[-121.05796,46.68854]],[[-121.05692,46.68005],[-121.05689,46.68003],[-121.05691,46.68005],[-121.05692,46.68005]]]},"bbox":[-121.06376,46.67241,-121.00818,46.696]},{"type":"Feature","id":28482,"properties":{"y":2012,"n":"Peavine","ag":"BLM","ac":19997.5,"c":14,"cl":"Unknown","ad":"2018-01-26","cd":"","st":"WA","se":4},"geometry":{"type":"Polygon","coordinates":[[[-120.50042,47.39326],[-120.49362,47.38593],[-120.49512,47.38322],[-120.47518,47.37234],[-120.46133,47.38286],[-120.44335,47.38214],[-120.45072,47.37168],[-120.4254,47.36555],[-120.42446,47.36285],[-120.4198,47.36525],[-120.41006,47.35796],[-120.41651,47.35547],[-120.40154,47.35356],[-120.40218,47.34767],[-120.39762,47.34664],[-120.40451,47.33901],[-120.40256,47.33072],[-120.41209,47.32961],[-120.41272,47.32394],[-120.42076,47.31918],[-120.41892,47.31503],[-120.42592,47.31546],[-120.42119,47.31045],[-120.42312,47.30531],[-120.43434,47.30628],[-120.43204,47.30437],[-120.43543,47.30578],[-120.44309,47.2975],[-120.44828,47.29667],[-120.45045,47.29919],[-120.44728,47.30201],[-120.45448,47.30103],[-120.45239,47.30653],[-120.44673,47.30929],[-120.4355,47.30872],[-120.43317,47.3152],[-120.43964,47.31916],[-120.44386,47.3172],[-120.44631,47.31968],[-120.44866,47.3168],[-120.45219,47.32202],[-120.45591,47.31045],[-120.46312,47.31199],[-120.46511,47.30974],[-120.46679,47.312],[-120.48107,47.3046],[-120.4882,47.30754],[-120.48767,47.31109],[-120.4976,47.31759],[-120.51534,47.32015],[-120.52352,47.3307],[-120.52148,47.33194],[-120.53035,47.33436],[-120.53208,47.32955],[-120.52878,47.31628],[-120.54714,47.31213],[-120.5477,47.30745],[-120.558,47.30658],[-120.57055,47.31107],[-120.5697,47.32122],[-120.57878,47.32711],[-120.57976,47.33129],[-120.57922,47.33474],[-120.57264,47.33346],[-120.56643,47.33876],[-120.56685,47.34608],[-120.57195,47.35036],[-120.56379,47.35596],[-120.56418,47.36019],[-120.5455,47.36474],[-120.55048,47.36827],[-120.54417,47.36871],[-120.54496,47.37231],[-120.53788,47.36878],[-120.52264,47.36998],[-120.5121,47.36461],[-120.51369,47.37247],[-120.51797,47.3736],[-120.51254,47.37647],[-120.51483,47.38378],[-120.50938,47.38468],[-120.50042,47.39326]],[[-120.46007,47.3354],[-120.46007,47.3354],[-120.46007,47.3354],[-120.46007,47.3354]]]},"bbox":[-120.57976,47.29656,-120.39762,47.39326]},{"type":"Feature","id":28483,"properties":{"y":2012,"n":"Cascade Creek","ag":"BLM","ac":20098.5,"c":14,"cl":"Unknown","ad":"2018-01-26","cd":"","st":"WA","se":4},"geometry":{"type":"MultiPolygon","coordinates":[[[[-121.46517,46.13676],[-121.46685,46.13596],[-121.46709,46.13689],[-121.46517,46.13676]]],[[[-121.57128,46.21174],[-121.56189,46.2063],[-121.56618,46.20054],[-121.56031,46.19598],[-121.56271,46.19442],[-121.5564,46.1917],[-121.56076,46.19077],[-121.5595,46.18694],[-121.55562,46.19004],[-121.55801,46.18329],[-121.55368,46.18165],[-121.55506,46.17876],[-121.55278,46.17919],[-121.5499,46.17141],[-121.5456,46.16872],[-121.53691,46.17261],[-121.53065,46.1677],[-121.53637,46.16256],[-121.53195,46.16262],[-121.53331,46.15871],[-121.52612,46.15735],[-121.5188,46.16277],[-121.5035,46.1633],[-121.4975,46.1575],[-121.4925,46.15929],[-121.49162,46.15131],[-121.48565,46.14904],[-121.48663,46.15247],[-121.48247,46.15176],[-121.47887,46.14579],[-121.47144,46.14411],[-121.46953,46.1367],[-121.47491,46.13589],[-121.47448,46.14204],[-121.48473,46.1205],[-121.49015,46.12032],[-121.48913,46.12756],[-121.49157,46.12815],[-121.49494,46.12655],[-121.49006,46.12441],[-121.49035,46.12305],[-121.49652,46.12158],[-121.49619,46.11833],[-121.48369,46.11727],[-121.48772,46.11533],[-121.4842,46.11399],[-121.48821,46.10944],[-121.4886,46.1038],[-121.48576,46.10217],[-121.49013,46.10201],[-121.48229,46.09916],[-121.48369,46.0988],[-121.48769,46.10048],[-121.489,46.10015],[-121.4804,46.09407],[-121.48719,46.09059],[-121.48768,46.08704],[-121.49948,46.0834],[-121.50908,46.08802],[-121.51679,46.08731],[-121.52456,46.09096],[-121.53388,46.10126],[-121.5396,46.10256],[-121.54411,46.09968],[-121.56823,46.10822],[-121.57799,46.11495],[-121.58426,46.11403],[-121.60351,46.12067],[-121.60653,46.1246],[-121.60551,46.14421],[-121.60979,46.15317],[-121.59731,46.15715],[-121.60782,46.17256],[-121.60699,46.1766],[-121.61115,46.17892],[-121.60784,46.18773],[-121.59648,46.18893],[-121.59663,46.19675],[-121.58726,46.20036],[-121.58715,46.20522],[-121.57128,46.21174]],[[-121.4872,46.12142],[-121.48704,46.12141],[-121.4872,46.12144],[-121.4872,46.12142]],[[-121.49139,46.12433],[-121.49133,46.12399],[-121.4913,46.12418],[-121.49139,46.12433]],[[-121.49153,46.1244],[-121.4914,46.12436],[-121.49142,46.12439],[-121.49153,46.1244]],[[-121.49155,46.12372],[-121.49153,46.12354],[-121.49149,46.12358],[-121.49155,46.12372]],[[-121.49202,46.12324],[-121.49214,46.1232],[-121.49198,46.12324],[-121.49202,46.12324]],[[-121.4921,46.1241],[-121.49228,46.1242],[-121.49221,46.12411],[-121.4921,46.1241]],[[-121.49261,46.12459],[-121.49238,46.12433],[-121.49253,46.12454],[-121.49261,46.12459]],[[-121.55744,46.12284],[-121.57219,46.11865],[-121.57654,46.12131],[-121.57691,46.11819],[-121.56615,46.11482],[-121.56767,46.11684],[-121.56378,46.12044],[-121.55704,46.12037],[-121.55744,46.12284]],[[-121.56311,46.11168],[-121.56683,46.11293],[-121.56657,46.11111],[-121.56311,46.11168]],[[-121.60292,46.13856],[-121.59981,46.13882],[-121.59773,46.13795],[-121.60244,46.14166],[-121.60292,46.13856]]],[[[-121.47734,46.11943],[-121.47695,46.11844],[-121.47736,46.11846],[-121.47734,46.11943]]],[[[-121.47939,46.12138],[-121.48021,46.1217],[-121.47957,46.1219],[-121.47939,46.12138]]],[[[-121.47994,46.12543],[-121.4804,46.12479],[-121.48082,46.12535],[-121.47994,46.12543]]],[[[-121.48248,46.12458],[-121.48089,46.1231],[-121.48263,46.12334],[-121.48248,46.12458]]],[[[-121.49663,46.16273],[-121.49446,46.16207],[-121.49676,46.15958],[-121.49663,46.16273]]],[[[-121.52753,46.16042],[-121.52848,46.16083],[-121.52744,46.16111],[-121.52753,46.16042]]],[[[-121.53029,46.16192],[-121.52905,46.16099],[-121.53072,46.16096],[-121.53029,46.16192]]],[[[-121.52971,46.159],[-121.5299,46.1585],[-121.5303,46.15867],[-121.52971,46.159]]],[[[-121.53131,46.15956],[-121.53201,46.15858],[-121.53191,46.15961],[-121.53131,46.15956]]],[[[-121.55842,46.1904],[-121.55886,46.18982],[-121.55873,46.19044],[-121.55842,46.1904]]]]},"bbox":[-121.61115,46.0834,-121.46508,46.21174]},{"type":"Feature","id":28484,"properties":{"y":2015,"n":"Reach","ag":"BLM","ac":56941.6,"c":14,"cl":"Unknown","ad":"2018-01-26","cd":"","st":"WA","se":4},"geometry":{"type":"Polygon","coordinates":[[[-120.13664,48.11362],[-120.12439,48.11132],[-120.10176,48.09524],[-120.10282,48.09149],[-120.08504,48.08922],[-120.08877,48.0865],[-120.08581,48.08455],[-120.08784,48.08237],[-120.07696,48.08058],[-120.06793,48.07228],[-120.07117,48.06321],[-120.08662,48.0594],[-120.0885,48.05503],[-120.09302,48.05487],[-120.09081,48.05132],[-120.07524,48.05102],[-120.06607,48.04563],[-120.06371,48.04896],[-120.05745,48.04954],[-120.06431,48.04448],[-120.06111,48.04227],[-120.06433,48.03708],[-120.06234,48.03198],[-120.05773,48.03398],[-120.05423,48.02907],[-120.04725,48.02851],[-120.04164,48.0341],[-120.03492,48.03336],[-120.03045,48.02596],[-120.01896,48.02448],[-120.01377,48.01467],[-119.99325,48.01381],[-120.00109,48.00472],[-119.99478,47.99604],[-120.00046,47.99786],[-120.00332,47.99434],[-119.9901,47.99093],[-119.99517,47.98907],[-119.99348,47.98704],[-119.98658,47.99092],[-119.98487,47.99605],[-119.9805,47.99111],[-119.96994,47.99118],[-119.96918,47.99576],[-119.96313,47.99374],[-119.96097,47.99955],[-119.95066,48.00095],[-119.94684,47.99556],[-119.93581,47.99613],[-119.93339,47.98838],[-119.89699,47.99316],[-119.89367,47.98996],[-119.88661,47.99039],[-119.89098,47.97702],[-119.87834,47.96258],[-119.87862,47.9498],[-119.86631,47.93733],[-119.89224,47.91815],[-119.90869,47.91009],[-119.91806,47.90108],[-119.91651,47.89031],[-119.91096,47.88038],[-119.92097,47.86251],[-119.93709,47.85457],[-119.96418,47.85307],[-119.97022,47.84943],[-119.97672,47.83741],[-119.9781,47.83059],[-119.97567,47.82748],[-119.98061,47.82442],[-119.98791,47.80499],[-119.99759,47.80325],[-119.99765,47.8076],[-120.00636,47.80795],[-120.03695,47.80684],[-120.04671,47.80359],[-120.05316,47.81229],[-120.04968,47.81945],[-120.04561,47.81296],[-120.04181,47.81804],[-120.03023,47.82027],[-120.04623,47.83436],[-120.02352,47.83445],[-120.01336,47.82912],[-120.00439,47.8369],[-120.00211,47.83173],[-119.98469,47.82923],[-119.98058,47.84419],[-119.9824,47.8567],[-119.98387,47.86091],[-119.99029,47.86119],[-119.99608,47.86737],[-119.9811,47.87654],[-119.9885,47.889],[-119.9779,47.8922],[-119.98659,47.89805],[-119.97493,47.90017],[-119.9841,47.90244],[-119.98688,47.90948],[-119.99048,47.90541],[-119.98651,47.90366],[-119.98994,47.90161],[-119.99625,47.90892],[-120.00802,47.91225],[-120.00838,47.91483],[-119.99881,47.91196],[-119.99511,47.91407],[-120.00027,47.91775],[-120.0081,47.91759],[-120.00561,47.92241],[-120.02198,47.9295],[-120.0276,47.93423],[-120.02665,47.93914],[-120.03409,47.9399],[-120.03585,47.94406],[-120.03208,47.94571],[-120.04053,47.94736],[-120.03668,47.95277],[-120.04251,47.95471],[-120.04231,47.95754],[-120.06977,47.96859],[-120.06383,47.98101],[-120.08089,47.99294],[-120.07888,48.00195],[-120.08225,48.01058],[-120.09653,48.02077],[-120.10543,48.02136],[-120.11219,48.02684],[-120.12293,48.02685],[-120.1187,48.03899],[-120.13084,48.04451],[-120.12858,48.04694],[-120.13081,48.04824],[-120.13861,48.04645],[-120.13942,48.05197],[-120.13307,48.05897],[-120.13983,48.06291],[-120.15534,48.06365],[-120.15585,48.06631],[-120.16613,48.06907],[-120.17413,48.06691],[-120.17204,48.06962],[-120.17555,48.07305],[-120.17129,48.07688],[-120.17527,48.08019],[-120.17368,48.08331],[-120.17822,48.08269],[-120.18387,48.08861],[-120.18228,48.09515],[-120.18554,48.10183],[-120.17454,48.09971],[-120.17345,48.10554],[-120.16577,48.10752],[-120.15049,48.10329],[-120.14384,48.10966],[-120.138,48.10928],[-120.13664,48.11362]]]},"bbox":[-120.18631,47.80323,-119.86631,48.11375]},{"type":"Feature","id":28485,"properties":{"y":2018,"n":"Mm 81","ag":"BLM","ac":848.6,"c":14,"cl":"Unknown","ad":"2018-12-21","cd":"","st":"WA","se":4},"geometry":{"type":"Polygon","coordinates":[[[-119.5102,47.46612],[-119.50448,47.45451],[-119.49721,47.44983],[-119.49657,47.43329],[-119.50186,47.43235],[-119.50349,47.42522],[-119.5128,47.43521],[-119.50785,47.44019],[-119.51241,47.45475],[-119.51919,47.45499],[-119.51865,47.46285],[-119.5102,47.46612]]]},"bbox":[-119.51948,47.42521,-119.49654,47.46635]},{"type":"Feature","id":28486,"properties":{"y":2017,"n":"Hayes Road","ag":"BLM","ac":2199.7,"c":14,"cl":"Unknown","ad":"2018-12-21","cd":"","st":"WA","se":4},"geometry":{"type":"Polygon","coordinates":[[[-119.49061,47.94155],[-119.4796,47.93402],[-119.46936,47.9129],[-119.47129,47.91145],[-119.46866,47.90355],[-119.47676,47.9093],[-119.48112,47.9057],[-119.47649,47.89268],[-119.47773,47.88805],[-119.48202,47.89151],[-119.49615,47.88825],[-119.50058,47.91802],[-119.49532,47.92315],[-119.50009,47.93138],[-119.49061,47.94155]]]},"bbox":[-119.50058,47.88784,-119.46853,47.94155]},{"type":"Feature","id":28487,"properties":{"y":2017,"n":"Crab Creek","ag":"BLM","ac":591.4,"c":14,"cl":"Unknown","ad":"2018-12-21","cd":"","st":"WA","se":4},"geometry":{"type":"Polygon","coordinates":[[[-118.79695,47.33353],[-118.79408,47.33754],[-118.78593,47.33746],[-118.79122,47.33857],[-118.7927,47.34256],[-118.78812,47.34883],[-118.78183,47.35058],[-118.78505,47.35228],[-118.76732,47.35262],[-118.76851,47.34735],[-118.78906,47.33318],[-118.79695,47.33353]]]},"bbox":[-118.79732,47.33197,-118.76701,47.35359]},{"type":"Feature","id":28488,"properties":{"y":2018,"n":"Buckshot","ag":"BLM","ac":908.6,"c":14,"cl":"Unknown","ad":"2018-12-21","cd":"","st":"WA","se":4},"geometry":{"type":"Polygon","coordinates":[[[-119.95453,46.72371],[-119.93834,46.7232],[-119.93785,46.71531],[-119.93295,46.71727],[-119.93177,46.70836],[-119.93696,46.70832],[-119.93823,46.7042],[-119.93362,46.69494],[-119.93893,46.69423],[-119.94155,46.70118],[-119.94917,46.70256],[-119.95136,46.70805],[-119.94926,46.7114],[-119.95068,46.71086],[-119.95245,46.70608],[-119.95159,46.70163],[-119.95653,46.70766],[-119.95319,46.71089],[-119.95976,46.71129],[-119.95441,46.71183],[-119.95453,46.72371]]]},"bbox":[-119.95999,46.69404,-119.93177,46.72431]},{"type":"Feature","id":28489,"properties":{"y":2018,"n":"Salmon Hole","ag":"BLM","ac":21.3,"c":14,"cl":"Unknown","ad":"2018-12-21","cd":"","st":"WA","se":4},"geometry":{"type":"Polygon","coordinates":[[[-119.80242,46.63225],[-119.80233,46.63222],[-119.80979,46.63137],[-119.81057,46.6321],[-119.80242,46.63225]],[[-119.80242,46.63225],[-119.80242,46.63225],[-119.80245,46.63225],[-119.80242,46.63225]]]},"bbox":[-119.81057,46.63137,-119.80168,46.63313]},{"type":"Feature","id":28490,"properties":{"y":2018,"n":"Sage Land","ag":"BLM","ac":0.2,"c":14,"cl":"Unknown","ad":"2018-12-21","cd":"","st":"WA","se":4},"geometry":{"type":"Polygon","coordinates":[[[-120.12473,47.3964],[-120.12465,47.39672],[-120.12421,47.39649],[-120.12473,47.3964]]]},"bbox":[-120.12486,47.39636,-120.1242,47.39672]},{"type":"Feature","id":28491,"properties":{"y":2018,"n":"Petrified 2","ag":"BLM","ac":26.9,"c":14,"cl":"Unknown","ad":"2018-12-21","cd":"","st":"WA","se":4},"geometry":{"type":"Polygon","coordinates":[[[-119.91667,47.41255],[-119.91113,47.41054],[-119.91541,47.40687],[-119.91667,47.41255]]]},"bbox":[-119.91695,47.4068,-119.91113,47.41255]},{"type":"Feature","id":28492,"properties":{"y":2018,"n":"Turtle Rock","ag":"BLM","ac":716.6,"c":14,"cl":"Unknown","ad":"2018-12-21","cd":"","st":"WA","se":4},"geometry":{"type":"Polygon","coordinates":[[[-120.23543,47.53054],[-120.25343,47.53602],[-120.25835,47.54282],[-120.25222,47.54977],[-120.23738,47.5491],[-120.23275,47.53658],[-120.23543,47.53054]]]},"bbox":[-120.25835,47.53049,-120.23275,47.55005]},{"type":"Feature","id":28493,"properties":{"y":2018,"n":"Odessa","ag":"BLM","ac":5.7,"c":14,"cl":"Unknown","ad":"2018-12-21","cd":"","st":"WA","se":4},"geometry":{"type":"Polygon","coordinates":[[[-118.73445,47.32503],[-118.73241,47.32581],[-118.734,47.32445],[-118.73445,47.32503]]]},"bbox":[-118.73445,47.32445,-118.73241,47.32696]},{"type":"Feature","id":28494,"properties":{"y":2017,"n":"Lake Valley","ag":"BLM","ac":0.7,"c":14,"cl":"Unknown","ad":"2018-12-21","cd":"","st":"WA","se":4},"geometry":{"type":"Polygon","coordinates":[[[-117.85391,47.36315],[-117.85426,47.36371],[-117.85353,47.36336],[-117.85391,47.36315]]]},"bbox":[-117.85468,47.36315,-117.85353,47.36371]},{"type":"Feature","id":28495,"properties":{"y":2018,"n":"Sprague Highway","ag":"BLM","ac":5.4,"c":14,"cl":"Unknown","ad":"2018-12-21","cd":"","st":"WA","se":4},"geometry":{"type":"Polygon","coordinates":[[[-117.87784,47.32213],[-117.87513,47.32298],[-117.87475,47.32229],[-117.87784,47.32213]]]},"bbox":[-117.87784,47.32165,-117.87473,47.32306]},{"type":"Feature","id":28496,"properties":{"y":2018,"n":"Lakeview","ag":"BLM","ac":14.0,"c":14,"cl":"Unknown","ad":"2018-12-21","cd":"","st":"WA","se":4},"geometry":{"type":"Polygon","coordinates":[[[-118.76775,47.41631],[-118.76281,47.42045],[-118.76098,47.42077],[-118.76775,47.41631]]]},"bbox":[-118.76777,47.41627,-118.76097,47.42106]},{"type":"Feature","id":28497,"properties":{"y":2018,"n":"Wahluke Slope","ag":"FWS","ac":11468.8,"c":14,"cl":"Unknown","ad":"2018-09-25","cd":"","st":"WA","se":3},"geometry":{"type":"Polygon","coordinates":[[[-119.41785,46.73859],[-119.49716,46.73851],[-119.50759,46.74437],[-119.51676,46.75443],[-119.51862,46.76453],[-119.50253,46.76504],[-119.50262,46.76731],[-119.51874,46.78988],[-119.51798,46.80161],[-119.52286,46.80925],[-119.51731,46.81493],[-119.52075,46.81813],[-119.50347,46.81732],[-119.50558,46.81581],[-119.49537,46.82111],[-119.46119,46.81662],[-119.45408,46.81904],[-119.45799,46.81591],[-119.45173,46.81218],[-119.4457,46.79246],[-119.47012,46.79335],[-119.46318,46.78346],[-119.473,46.76588],[-119.41889,46.76556],[-119.41785,46.73859]],[[-119.50034,46.81682],[-119.50023,46.81679],[-119.50008,46.81721],[-119.50034,46.81682]]]},"bbox":[-119.52286,46.73829,-119.41785,46.82111]},{"type":"Feature","id":28498,"properties":{"y":2018,"n":"Hog Canyon","ag":"BLM","ac":6.9,"c":14,"cl":"Unknown","ad":"2018-12-21","cd":"","st":"WA","se":4},"geometry":{"type":"Polygon","coordinates":[[[-117.81255,47.38004],[-117.81059,47.3795],[-117.81198,47.37847],[-117.81255,47.38004]]]},"bbox":[-117.81258,47.37847,-117.81059,47.3809]},{"type":"Feature","id":28499,"properties":{"y":2018,"n":"Boffer Canyon","ag":"BLM","ac":4998.6,"c":14,"cl":"Unknown","ad":"2018-12-21","cd":"","st":"WA","se":4},"geometry":{"type":"Polygon","coordinates":[[[-119.08514,46.11683],[-119.09535,46.11255],[-119.11733,46.12052],[-119.12402,46.1302],[-119.15321,46.15421],[-119.17053,46.15489],[-119.18326,46.15007],[-119.19502,46.15235],[-119.199,46.15585],[-119.19969,46.16212],[-119.19092,46.16969],[-119.17757,46.17416],[-119.14046,46.16572],[-119.13925,46.15468],[-119.13419,46.15121],[-119.11629,46.1482],[-119.07889,46.1297],[-119.07802,46.12681],[-119.08514,46.11683]]]},"bbox":[-119.19969,46.11255,-119.07802,46.17416]},{"type":"Feature","id":28500,"properties":{"y":2017,"n":"Poison Spring","ag":"BLM","ac":93.4,"c":14,"cl":"Unknown","ad":"2018-12-21","cd":"","st":"WA","se":4},"geometry":{"type":"Polygon","coordinates":[[[-120.24076,46.96281],[-120.24078,46.95657],[-120.24495,46.95665],[-120.24506,46.95912],[-120.25214,46.95798],[-120.25064,46.96082],[-120.24076,46.96281]]]},"bbox":[-120.25219,46.95657,-120.24076,46.96341]},{"type":"Feature","id":28501,"properties":{"y":2018,"n":"Conrad","ag":"BLM","ac":4583.1,"c":14,"cl":"Unknown","ad":"2018-12-21","cd":"","st":"WA","se":4},"geometry":{"type":"Polygon","coordinates":[[[-120.69239,46.77908],[-120.66555,46.77485],[-120.65917,46.76831],[-120.64218,46.76212],[-120.64422,46.75715],[-120.64788,46.75704],[-120.64303,46.75096],[-120.64759,46.74948],[-120.63338,46.73985],[-120.63295,46.72633],[-120.62262,46.72499],[-120.62353,46.71313],[-120.61868,46.70406],[-120.62026,46.70078],[-120.62559,46.69857],[-120.62621,46.70107],[-120.63567,46.70058],[-120.63675,46.70584],[-120.64261,46.70276],[-120.64399,46.70812],[-120.64038,46.71518],[-120.65267,46.74693],[-120.66586,46.75243],[-120.68868,46.74957],[-120.69979,46.75673],[-120.70511,46.76377],[-120.70425,46.76849],[-120.71079,46.77002],[-120.70599,46.77349],[-120.71007,46.77613],[-120.69239,46.77908]]]},"bbox":[-120.71079,46.69857,-120.61868,46.7791]},{"type":"Feature","id":28502,"properties":{"y":2017,"n":"Pine Creek","ag":"BLM","ac":244.0,"c":14,"cl":"Unknown","ad":"2018-12-21","cd":"","st":"WA","se":4},"geometry":{"type":"Polygon","coordinates":[[[-120.05504,45.80205],[-120.08063,45.79306],[-120.07027,45.79752],[-120.07137,45.79967],[-120.06561,45.80348],[-120.05201,45.80678],[-120.05728,45.80279],[-120.05504,45.80205]]]},"bbox":[-120.08064,45.79173,-120.05201,45.80688]},{"type":"Feature","id":28503,"properties":{"y":2017,"n":"Glade 3","ag":"BLM","ac":10408.7,"c":14,"cl":"Unknown","ad":"2018-12-21","cd":"","st":"WA","se":4},"geometry":{"type":"Polygon","coordinates":[[[-120.03579,46.18363],[-120.04444,46.17568],[-120.04994,46.17702],[-120.05364,46.17018],[-120.05263,46.1639],[-120.04152,46.15638],[-120.04208,46.15156],[-120.03676,46.1492],[-120.0349,46.14168],[-120.02612,46.14171],[-120.02347,46.13506],[-120.01056,46.12976],[-120.01011,46.12567],[-120.02418,46.11861],[-120.01744,46.11034],[-120.01842,46.10226],[-120.03894,46.10107],[-120.04657,46.10522],[-120.04904,46.10266],[-120.04837,46.10564],[-120.05779,46.0995],[-120.06606,46.10538],[-120.06194,46.10017],[-120.06295,46.09793],[-120.07024,46.11318],[-120.07713,46.11322],[-120.07697,46.1179],[-120.08516,46.12328],[-120.09818,46.1234],[-120.09552,46.13696],[-120.09829,46.15952],[-120.09369,46.17736],[-120.09811,46.18616],[-120.08647,46.18625],[-120.08794,46.18424],[-120.08422,46.18266],[-120.08757,46.17971],[-120.08286,46.17882],[-120.07704,46.18609],[-120.07069,46.184],[-120.0682,46.1872],[-120.05202,46.18985],[-120.05106,46.1823],[-120.03784,46.18685],[-120.03896,46.1841],[-120.03579,46.18363]]]},"bbox":[-120.09829,46.09793,-120.00984,46.18985]},{"type":"Feature","id":28504,"properties":{"y":2017,"n":"Brown","ag":"BLM","ac":2.2,"c":14,"cl":"Unknown","ad":"2018-12-21","cd":"","st":"WA","se":4},"geometry":{"type":"Polygon","coordinates":[[[-117.88287,47.32442],[-117.88195,47.32543],[-117.88169,47.3255],[-117.88287,47.32442]]]},"bbox":[-117.88359,47.32442,-117.88168,47.3255]},{"type":"Feature","id":28505,"properties":{"y":2018,"n":"Scorpion Coulee","ag":"BLM","ac":142.7,"c":14,"cl":"Unknown","ad":"2018-12-21","cd":"","st":"WA","se":4},"geometry":{"type":"Polygon","coordinates":[[[-120.4522,46.83918],[-120.45768,46.84181],[-120.46293,46.84528],[-120.45949,46.84741],[-120.45806,46.84637],[-120.45742,46.84727],[-120.45652,46.84785],[-120.4563,46.84792],[-120.45604,46.84786],[-120.44827,46.83769],[-120.45446,46.8354],[-120.4522,46.83918]]]},"bbox":[-120.46293,46.83538,-120.44815,46.84792]},{"type":"Feature","id":28506,"properties":{"y":2017,"n":"Cole Ranch","ag":"BLM","ac":43.1,"c":14,"cl":"Unknown","ad":"2018-12-21","cd":"","st":"WA","se":4},"geometry":{"type":"Polygon","coordinates":[[[-118.45243,47.64444],[-118.4465,47.64757],[-118.44797,47.64496],[-118.44521,47.64506],[-118.45067,47.64232],[-118.45243,47.64444]]]},"bbox":[-118.45244,47.64232,-118.44521,47.64757]},{"type":"Feature","id":28507,"properties":{"y":2018,"n":"Overen","ag":"BLM","ac":206.8,"c":14,"cl":"Unknown","ad":"2018-12-21","cd":"","st":"WA","se":4},"geometry":{"type":"Polygon","coordinates":[[[-119.84869,47.30209],[-119.85273,47.2998],[-119.85521,47.2899],[-119.85926,47.30321],[-119.8525,47.30877],[-119.84869,47.30209]]]},"bbox":[-119.85973,47.28986,-119.84831,47.30877]},{"type":"Feature","id":28508,"properties":{"y":2018,"n":"Snowy Mountain","ag":"BLM","ac":33011.4,"c":14,"cl":"Unknown","ad":"2018-12-21","cd":"","st":"WA","se":4},"geometry":{"type":"Polygon","coordinates":[[[-119.82618,49.07226],[-119.8439,49.06738],[-119.8571,49.06784],[-119.84905,49.07196],[-119.85194,49.07686],[-119.84364,49.08287],[-119.85037,49.08551],[-119.87497,49.07544],[-119.8933,49.07462],[-119.89358,49.07787],[-119.90052,49.07966],[-119.90115,49.08248],[-119.89272,49.08813],[-119.89578,49.09129],[-119.8918,49.09403],[-119.90724,49.09959],[-119.89854,49.10707],[-119.90565,49.10899],[-119.90154,49.11335],[-119.93021,49.10944],[-119.93107,49.11251],[-119.94276,49.11353],[-119.94579,49.12449],[-119.94145,49.12921],[-119.9344,49.12936],[-119.93484,49.13379],[-119.91772,49.13328],[-119.9122,49.12803],[-119.91121,49.12044],[-119.90523,49.12488],[-119.88301,49.12157],[-119.88369,49.12701],[-119.86882,49.13435],[-119.86675,49.14085],[-119.8483,49.14846],[-119.8366,49.14907],[-119.82957,49.15595],[-119.83644,49.16435],[-119.82383,49.17326],[-119.78617,49.17665],[-119.77225,49.17226],[-119.76842,49.16954],[-119.7631,49.15267],[-119.76024,49.13586],[-119.76193,49.12443],[-119.75754,49.1119],[-119.7503,49.09779],[-119.73461,49.08211],[-119.72075,49.05729],[-119.72084,49.05146],[-119.73001,49.04401],[-119.73069,49.0352],[-119.73912,49.02555],[-119.76463,49.0238],[-119.77072,49.02792],[-119.78045,49.02661],[-119.79148,49.03156],[-119.80337,49.04645],[-119.82243,49.05537],[-119.82331,49.06302],[-119.81829,49.06963],[-119.82618,49.07226]]]},"bbox":[-119.9458,49.02373,-119.72075,49.17665]},{"type":"Feature","id":28509,"properties":{"y":2018,"n":"Road 15","ag":"BLM","ac":4.3,"c":14,"cl":"Unknown","ad":"2018-12-21","cd":"","st":"WA","se":4},"geometry":{"type":"Polygon","coordinates":[[[-119.83577,46.86022],[-119.83427,46.86153],[-119.83355,46.86122],[-119.83577,46.86022]]]},"bbox":[-119.83664,46.86022,-119.83355,46.86155]},{"type":"Feature","id":28510,"properties":{"y":2018,"n":"Wilson Creek","ag":"BLM","ac":0.3,"c":14,"cl":"Unknown","ad":"2018-12-21","cd":"","st":"WA","se":4},"geometry":{"type":"Polygon","coordinates":[[[-119.16133,47.41967],[-119.15981,47.41932],[-119.15967,47.41926],[-119.16093,47.41946],[-119.16133,47.41967]]]},"bbox":[-119.16133,47.41921,-119.15967,47.41968]},{"type":"Feature","id":28511,"properties":{"y":2018,"n":"Shooting Range","ag":"BLM","ac":206.4,"c":14,"cl":"Unknown","ad":"2018-12-21","cd":"","st":"WA","se":4},"geometry":{"type":"Polygon","coordinates":[[[-119.47802,46.35965],[-119.47429,46.35986],[-119.47099,46.3507],[-119.48473,46.35087],[-119.47802,46.35965]]]},"bbox":[-119.48479,46.34921,-119.4703,46.36016]},{"type":"Feature","id":28512,"properties":{"y":2018,"n":"Mcbee","ag":"BLM","ac":3.2,"c":14,"cl":"Unknown","ad":"2018-12-21","cd":"","st":"WA","se":4},"geometry":{"type":"Polygon","coordinates":[[[-119.5098,46.24041],[-119.51009,46.23955],[-119.51106,46.24025],[-119.5098,46.24041]]]},"bbox":[-119.51106,46.23843,-119.50901,46.24047]},{"type":"Feature","id":28513,"properties":{"y":2018,"n":"South Frontage","ag":"BLM","ac":29.5,"c":14,"cl":"Unknown","ad":"2018-12-21","cd":"","st":"WA","se":4},"geometry":{"type":"Polygon","coordinates":[[[-119.38428,47.08664],[-119.38005,47.08757],[-119.37229,47.08806],[-119.38428,47.08664]]]},"bbox":[-119.38428,47.08589,-119.37229,47.08833]},{"type":"Feature","id":28514,"properties":{"y":2017,"n":"Sutherland Canyon","ag":"BLM","ac":29065.7,"c":14,"cl":"Unknown","ad":"2018-12-21","cd":"","st":"WA","se":4},"geometry":{"type":"Polygon","coordinates":[[[-119.84563,47.34818],[-119.78856,47.34979],[-119.76462,47.34473],[-119.75825,47.34211],[-119.76378,47.34093],[-119.75783,47.33741],[-119.81063,47.33634],[-119.81155,47.3295],[-119.82239,47.33418],[-119.83559,47.33332],[-119.86378,47.34552],[-119.87983,47.32093],[-119.88083,47.3182],[-119.87717,47.31604],[-119.8842,47.31329],[-119.88636,47.30904],[-119.90682,47.30517],[-119.94629,47.28488],[-119.94936,47.27895],[-119.94118,47.27986],[-119.93829,47.27588],[-119.92152,47.27147],[-119.93283,47.26628],[-119.94021,47.27196],[-119.94516,47.27151],[-119.94598,47.26946],[-119.94034,47.26746],[-119.94036,47.26211],[-119.95294,47.26195],[-119.95642,47.25359],[-119.96815,47.25744],[-119.96152,47.27423],[-119.96536,47.27695],[-119.96798,47.28655],[-119.98327,47.29437],[-119.98313,47.30849],[-119.98759,47.31297],[-119.99327,47.31083],[-119.99317,47.30567],[-119.99824,47.3048],[-120.00079,47.30039],[-120.01483,47.2963],[-120.01496,47.29112],[-120.01964,47.28692],[-120.02995,47.28566],[-120.02885,47.28071],[-120.04234,47.2774],[-120.04353,47.27254],[-120.0482,47.27304],[-120.04669,47.26971],[-120.05732,47.26831],[-120.06191,47.27256],[-120.06252,47.27941],[-120.0453,47.28906],[-120.04302,47.29595],[-120.04499,47.30588],[-120.0485,47.30295],[-120.04907,47.30613],[-120.05463,47.30577],[-120.05781,47.29955],[-120.06249,47.30267],[-120.05658,47.31054],[-120.05524,47.31959],[-120.05088,47.32308],[-120.06106,47.3343],[-120.06104,47.34217],[-120.05478,47.34335],[-120.05927,47.34632],[-120.05652,47.34825],[-120.05899,47.35282],[-120.05163,47.35179],[-120.05328,47.3602],[-120.04173,47.34882],[-120.05546,47.36603],[-120.05569,47.37008],[-120.04839,47.36462],[-120.04787,47.36826],[-120.04392,47.36824],[-120.04471,47.36244],[-120.03986,47.36046],[-120.04153,47.35844],[-120.03779,47.35962],[-120.02659,47.35101],[-120.03216,47.35988],[-120.02631,47.36052],[-120.03118,47.36132],[-120.0415,47.37198],[-120.02005,47.37771],[-120.00915,47.36537],[-120.01234,47.35577],[-120.01903,47.35853],[-120.02188,47.35727],[-120.0125,47.35383],[-120.01805,47.34971],[-120.01584,47.34517],[-120.02725,47.34454],[-120.01768,47.34207],[-120.00761,47.34344],[-120.00914,47.34756],[-119.99829,47.36511],[-119.99861,47.36975],[-119.99283,47.36935],[-119.98989,47.36418],[-119.98614,47.36372],[-119.98519,47.36638],[-119.98404,47.36232],[-119.97683,47.35877],[-119.97911,47.35465],[-119.99146,47.3501],[-119.99049,47.34613],[-119.96405,47.35734],[-119.96527,47.36287],[-119.94882,47.37542],[-119.94528,47.37507],[-119.94851,47.37015],[-119.93941,47.37116],[-119.94056,47.3633],[-119.92867,47.36627],[-119.92095,47.35947],[-119.92978,47.35252],[-119.92973,47.34935],[-119.92439,47.34747],[-119.91993,47.34041],[-119.92204,47.34914],[-119.91668,47.34471],[-119.91814,47.35007],[-119.91603,47.35207],[-119.91199,47.34646],[-119.9106,47.35499],[-119.90276,47.35014],[-119.9015,47.35394],[-119.89485,47.35273],[-119.892,47.35735],[-119.88222,47.35333],[-119.8664,47.35343],[-119.86064,47.34976],[-119.84563,47.34818]]]},"bbox":[-120.06275,47.25359,-119.75783,47.37881]},{"type":"Feature","id":28515,"properties":{"y":2018,"n":"Irby","ag":"BLM","ac":0.7,"c":14,"cl":"Unknown","ad":"2018-12-21","cd":"","st":"WA","se":4},"geometry":{"type":"Polygon","coordinates":[[[-118.84139,47.34802],[-118.84101,47.34849],[-118.84063,47.34827],[-118.84139,47.34802]]]},"bbox":[-118.84169,47.34802,-118.84063,47.34849]},{"type":"Feature","id":28516,"properties":{"y":2018,"n":"Crystal","ag":"BLM","ac":2610.5,"c":14,"cl":"Unknown","ad":"2018-12-21","cd":"","st":"WA","se":4},"geometry":{"type":"Polygon","coordinates":[[[-120.17384,47.43291],[-120.14475,47.42557],[-120.1456,47.41955],[-120.15267,47.41722],[-120.17337,47.4273],[-120.18593,47.42723],[-120.1855,47.42422],[-120.19641,47.42654],[-120.19513,47.431],[-120.20069,47.43377],[-120.2077,47.43192],[-120.20201,47.4226],[-120.20763,47.42541],[-120.20671,47.42142],[-120.20969,47.42009],[-120.22286,47.42116],[-120.21988,47.42561],[-120.225,47.42828],[-120.22749,47.42417],[-120.24588,47.42047],[-120.24893,47.42195],[-120.25015,47.42876],[-120.24938,47.43288],[-120.23151,47.43368],[-120.22831,47.43765],[-120.21174,47.44318],[-120.21186,47.44574],[-120.20753,47.44296],[-120.19994,47.4444],[-120.19793,47.4413],[-120.18934,47.44414],[-120.17384,47.43291]]]},"bbox":[-120.25015,47.41722,-120.14457,47.44574]},{"type":"Feature","id":28517,"properties":{"y":2018,"n":"South Jameson Lake","ag":"BLM","ac":47.5,"c":14,"cl":"Unknown","ad":"2018-12-21","cd":"","st":"WA","se":4},"geometry":{"type":"Polygon","coordinates":[[[-119.67513,47.59529],[-119.66712,47.59878],[-119.66844,47.59399],[-119.67513,47.59529]]]},"bbox":[-119.67513,47.59383,-119.66712,47.59945]},{"type":"Feature","id":28518,"properties":{"y":2018,"n":"Baird Springs","ag":"BLM","ac":1104.6,"c":14,"cl":"Unknown","ad":"2018-12-21","cd":"","st":"WA","se":4},"geometry":{"type":"Polygon","coordinates":[[[-120.01202,47.27547],[-120.00266,47.27667],[-119.98122,47.25661],[-119.9857,47.24904],[-120.00612,47.25379],[-120.00369,47.25739],[-120.0147,47.26219],[-120.01703,47.26932],[-120.01236,47.26903],[-120.01202,47.27547]]]},"bbox":[-120.01703,47.24884,-119.98122,47.27684]},{"type":"Feature","id":28519,"properties":{"y":2018,"n":"Rocky Reach","ag":"BLM","ac":3436.6,"c":14,"cl":"Unknown","ad":"2018-12-21","cd":"","st":"WA","se":4},"geometry":{"type":"Polygon","coordinates":[[[-120.29377,47.54407],[-120.30623,47.52562],[-120.31287,47.50375],[-120.33936,47.51535],[-120.35915,47.53504],[-120.35019,47.53861],[-120.34161,47.53753],[-120.34137,47.54415],[-120.33115,47.54535],[-120.32698,47.55053],[-120.29377,47.54407]]]},"bbox":[-120.35918,47.50375,-120.29332,47.55056]},{"type":"Feature","id":28520,"properties":{"y":2018,"n":"Rd L Nw","ag":"BLM","ac":268.7,"c":14,"cl":"Unknown","ad":"2018-12-21","cd":"","st":"WA","se":4},"geometry":{"type":"Polygon","coordinates":[[[-119.76329,47.39549],[-119.74062,47.3959],[-119.73774,47.39187],[-119.74798,47.38393],[-119.74758,47.39086],[-119.76329,47.39549]]]},"bbox":[-119.76329,47.38393,-119.73774,47.39676]},{"type":"Feature","id":28521,"properties":{"y":2018,"n":"Boylston","ag":"BLM","ac":71181.9,"c":14,"cl":"Unknown","ad":"2018-12-21","cd":"","st":"WA","se":4},"geometry":{"type":"Polygon","coordinates":[[[-120.25098,46.95233],[-120.20428,46.94051],[-120.18874,46.93374],[-120.16463,46.93998],[-120.09788,46.93851],[-120.07724,46.93125],[-120.06176,46.92974],[-120.03597,46.93819],[-120.00271,46.94062],[-119.99381,46.93839],[-119.98227,46.92889],[-119.98696,46.90856],[-119.98535,46.88232],[-119.94538,46.82861],[-119.93921,46.81071],[-119.94225,46.79865],[-119.9771,46.74529],[-119.9877,46.74648],[-120.02259,46.76298],[-120.06535,46.76231],[-120.06743,46.76431],[-120.06399,46.77957],[-120.09078,46.78809],[-120.08351,46.79846],[-120.07994,46.81756],[-120.08829,46.82431],[-120.08986,46.83115],[-120.07495,46.83451],[-120.07525,46.83994],[-120.08761,46.84287],[-120.10738,46.84108],[-120.13427,46.85131],[-120.1541,46.84883],[-120.1878,46.86177],[-120.19435,46.87407],[-120.20278,46.88176],[-120.26107,46.91789],[-120.28031,46.95119],[-120.25098,46.95233]]]},"bbox":[-120.28031,46.74497,-119.93904,46.95286]},{"type":"Feature","id":28522,"properties":{"y":2018,"n":"Fruitstand","ag":"BLM","ac":0.7,"c":14,"cl":"Unknown","ad":"2018-12-21","cd":"","st":"WA","se":4},"geometry":{"type":"Polygon","coordinates":[[[-118.07724,48.04434],[-118.07694,48.04486],[-118.07658,48.04453],[-118.07724,48.04434]]]},"bbox":[-118.07757,48.04433,-118.07658,48.04487]},{"type":"Feature","id":28523,"properties":{"y":2017,"n":"Rattlesnake Hills","ag":"BLM","ac":3483.0,"c":14,"cl":"Unknown","ad":"2018-12-21","cd":"","st":"WA","se":4},"geometry":{"type":"Polygon","coordinates":[[[-120.43789,46.51999],[-120.45332,46.5243],[-120.45916,46.52025],[-120.46804,46.52213],[-120.46961,46.53127],[-120.45752,46.53785],[-120.43099,46.53225],[-120.42445,46.53532],[-120.42068,46.53345],[-120.42133,46.52973],[-120.4123,46.52789],[-120.41152,46.53136],[-120.4054,46.53266],[-120.40134,46.53134],[-120.40184,46.51943],[-120.39377,46.51895],[-120.39368,46.50443],[-120.40151,46.50697],[-120.40374,46.49687],[-120.40891,46.49387],[-120.40828,46.49902],[-120.4111,46.4968],[-120.41785,46.50191],[-120.43358,46.50634],[-120.43295,46.50888],[-120.44129,46.5138],[-120.43789,46.51999]]]},"bbox":[-120.47003,46.49333,-120.39368,46.53785]},{"type":"Feature","id":28524,"properties":{"y":2018,"n":"Indian Camp","ag":"BLM","ac":1.4,"c":14,"cl":"Unknown","ad":"2018-12-21","cd":"","st":"WA","se":4},"geometry":{"type":"Polygon","coordinates":[[[-120.15992,47.53804],[-120.16076,47.53869],[-120.15986,47.53826],[-120.15992,47.53804]]]},"bbox":[-120.16107,47.5379,-120.15986,47.53876]},{"type":"Feature","id":28525,"properties":{"y":2018,"n":"Overlook","ag":"BLM","ac":0.4,"c":14,"cl":"Unknown","ad":"2018-12-21","cd":"","st":"WA","se":4},"geometry":{"type":"Polygon","coordinates":[[[-119.97066,46.97269],[-119.97031,46.97225],[-119.97067,46.97262],[-119.97066,46.97269]]]},"bbox":[-119.97067,46.97225,-119.96986,46.97269]},{"type":"Feature","id":28526,"properties":{"y":2017,"n":"Loop","ag":"BLM","ac":7.8,"c":14,"cl":"Unknown","ad":"2018-12-21","cd":"","st":"WA","se":4},"geometry":{"type":"Polygon","coordinates":[[[-117.85848,47.36037],[-117.8565,47.36229],[-117.85525,47.36206],[-117.85579,47.36098],[-117.85848,47.36037]]]},"bbox":[-117.85848,47.36026,-117.85517,47.36251]},{"type":"Feature","id":28527,"properties":{"y":2017,"n":"Lamona Kramer","ag":"BLM","ac":303.2,"c":14,"cl":"Unknown","ad":"2018-12-21","cd":"","st":"WA","se":4},"geometry":{"type":"Polygon","coordinates":[[[-118.43857,47.3045],[-118.42262,47.3104],[-118.40662,47.3057],[-118.4141,47.30215],[-118.43857,47.3045]]]},"bbox":[-118.43865,47.3018,-118.40662,47.3104]},{"type":"Feature","id":28528,"properties":{"y":2018,"n":"Washington Flats","ag":"BLM","ac":384.9,"c":14,"cl":"Unknown","ad":"2018-12-21","cd":"","st":"WA","se":4},"geometry":{"type":"Polygon","coordinates":[[[-118.96269,48.0254],[-118.95258,48.01831],[-118.95584,48.0073],[-118.95917,48.01013],[-118.9574,48.01172],[-118.96186,48.01057],[-118.96288,48.00677],[-118.96626,48.00971],[-118.96363,48.01507],[-118.96804,48.02163],[-118.96269,48.0254]]]},"bbox":[-118.96806,48.00677,-118.95235,48.0254]},{"type":"Feature","id":28529,"properties":{"y":2018,"n":"Buffalo","ag":"BLM","ac":1844.4,"c":14,"cl":"Unknown","ad":"2018-12-21","cd":"","st":"WA","se":4},"geometry":{"type":"Polygon","coordinates":[[[-120.49238,46.73854],[-120.47802,46.74516],[-120.46854,46.73753],[-120.46066,46.73779],[-120.46047,46.73266],[-120.45367,46.72526],[-120.46616,46.71374],[-120.46609,46.71976],[-120.4784,46.71601],[-120.49241,46.71991],[-120.50137,46.71723],[-120.49271,46.73188],[-120.49238,46.73854]]]},"bbox":[-120.50241,46.71374,-120.45341,46.74516]},{"type":"Feature","id":28530,"properties":{"y":2018,"n":"O Road","ag":"BLM","ac":73.2,"c":14,"cl":"Unknown","ad":"2018-12-21","cd":"","st":"WA","se":4},"geometry":{"type":"Polygon","coordinates":[[[-119.8102,46.75854],[-119.80218,46.75625],[-119.79546,46.75252],[-119.81075,46.75431],[-119.8102,46.75854]]]},"bbox":[-119.81075,46.75223,-119.79546,46.75857]},{"type":"Feature","id":28531,"properties":{"y":2018,"n":"Highway 243","ag":"BLM","ac":401.5,"c":14,"cl":"Unknown","ad":"2018-12-21","cd":"","st":"WA","se":4},"geometry":{"type":"Polygon","coordinates":[[[-119.8743,46.64668],[-119.87119,46.64036],[-119.86463,46.64068],[-119.85842,46.63635],[-119.86374,46.62952],[-119.87197,46.63006],[-119.88174,46.64336],[-119.8743,46.64668]]]},"bbox":[-119.88174,46.62927,-119.85842,46.64689]},{"type":"Feature","id":28532,"properties":{"y":2017,"n":"East Saddle","ag":"BOR","ac":17449.1,"c":14,"cl":"Unknown","ad":"2017-08-26","cd":"","st":"WA","se":2},"geometry":{"type":"Polygon","coordinates":[[[-119.45725,46.81634],[-119.39457,46.80816],[-119.37001,46.81032],[-119.33168,46.80361],[-119.33111,46.79885],[-119.35839,46.80233],[-119.36195,46.79768],[-119.35016,46.79532],[-119.35464,46.78519],[-119.34787,46.78317],[-119.34488,46.77779],[-119.34107,46.78084],[-119.33278,46.78048],[-119.34192,46.79318],[-119.33309,46.79272],[-119.2531,46.77249],[-119.24843,46.76781],[-119.22551,46.76044],[-119.22776,46.75889],[-119.2242,46.75646],[-119.25135,46.75422],[-119.28593,46.76217],[-119.30257,46.76111],[-119.30329,46.75873],[-119.29461,46.75585],[-119.29474,46.75155],[-119.29051,46.74984],[-119.3189,46.74861],[-119.34172,46.75402],[-119.35639,46.76261],[-119.38473,46.76643],[-119.4723,46.76542],[-119.46753,46.78088],[-119.46375,46.78413],[-119.47019,46.79371],[-119.44338,46.79271],[-119.45249,46.80825],[-119.45998,46.81342],[-119.45725,46.81634]]]},"bbox":[-119.47354,46.74839,-119.2242,46.8174]},{"type":"Feature","id":28533,"properties":{"y":2018,"n":"Castle Rock","ag":"BLM","ac":20.1,"c":14,"cl":"Unknown","ad":"2018-12-21","cd":"","st":"WA","se":4},"geometry":{"type":"Polygon","coordinates":[[[-119.27494,48.10135],[-119.27817,48.10265],[-119.27806,48.10491],[-119.27511,48.10446],[-119.27494,48.10135]]]},"bbox":[-119.27832,48.10132,-119.27451,48.10529]},{"type":"Feature","id":28534,"properties":{"y":2018,"n":"Les Blair","ag":"BLM","ac":905.8,"c":14,"cl":"Unknown","ad":"2018-12-21","cd":"","st":"WA","se":4},"geometry":{"type":"Polygon","coordinates":[[[-119.003,45.99451],[-119.00958,45.99377],[-119.01112,45.9968],[-119.00964,46.00216],[-119.00388,46.00592],[-119.00188,46.01965],[-118.98949,46.02338],[-118.98652,46.02822],[-118.9752,46.02174],[-118.9802,46.02071],[-118.98308,46.01486],[-118.99795,46.00498],[-119.003,45.99451]]]},"bbox":[-119.01112,45.99377,-118.97512,46.02822]},{"type":"Feature","id":28535,"properties":{"y":2018,"n":"Potholes Island","ag":"BLM","ac":8.4,"c":14,"cl":"Unknown","ad":"2018-12-21","cd":"","st":"WA","se":4},"geometry":{"type":"Polygon","coordinates":[[[-119.37601,47.03337],[-119.37461,47.03482],[-119.37409,47.03248],[-119.37601,47.03337]]]},"bbox":[-119.37666,47.03238,-119.37375,47.03492]},{"type":"Feature","id":28536,"properties":{"y":2018,"n":"Brownhill","ag":"BLM","ac":17.6,"c":14,"cl":"Unknown","ad":"2018-12-21","cd":"","st":"WA","se":4},"geometry":{"type":"Polygon","coordinates":[[[-117.86941,47.3216],[-117.86757,47.3237],[-117.86534,47.32341],[-117.86624,47.32136],[-117.86941,47.3216]]]},"bbox":[-117.87063,47.32073,-117.86533,47.3237]},{"type":"Feature","id":28537,"properties":{"y":2018,"n":"Angel Springs","ag":"NPS","ac":5045.5,"c":14,"cl":"Unknown","ad":"2018-12-21","cd":"","st":"WA","se":4},"geometry":{"type":"MultiPolygon","coordinates":[[[[-118.00996,47.80444],[-117.9974,47.80135],[-118.00526,47.79497],[-118.00888,47.79539],[-118.00129,47.79281],[-118.00213,47.78851],[-118.01324,47.78479],[-118.01472,47.77542],[-117.99973,47.7777],[-117.99066,47.77476],[-117.99113,47.77079],[-117.99897,47.77104],[-117.9948,47.76849],[-118.00191,47.77032],[-118.00124,47.7656],[-118.01267,47.76801],[-118.01552,47.7713],[-118.01429,47.76812],[-118.01978,47.76627],[-118.015,47.76579],[-118.01713,47.76387],[-118.01384,47.76222],[-118.02331,47.76272],[-118.01517,47.75595],[-118.03403,47.74675],[-118.04478,47.74639],[-118.0521,47.75224],[-118.05307,47.76412],[-118.0624,47.78454],[-118.06153,47.79063],[-118.04623,47.79064],[-118.03062,47.79517],[-118.02554,47.80075],[-118.00996,47.80444]]],[[[-118.06218,47.76073],[-118.05643,47.75955],[-118.0564,47.75423],[-118.0611,47.7503],[-118.07712,47.74931],[-118.07354,47.75671],[-118.06218,47.76073]]]]},"bbox":[-118.07732,47.74595,-117.99035,47.80497]},{"type":"Feature","id":28538,"properties":{"y":2018,"n":"Road X","ag":"BLM","ac":34.9,"c":14,"cl":"Unknown","ad":"2018-12-21","cd":"","st":"WA","se":4},"geometry":{"type":"Polygon","coordinates":[[[-118.96122,47.36995],[-118.95537,47.37017],[-118.95323,47.36898],[-118.95548,47.36719],[-118.96122,47.36995]]]},"bbox":[-118.96144,47.36718,-118.95323,47.37039]},{"type":"Feature","id":28539,"properties":{"y":2017,"n":"Monitor","ag":"BLM","ac":1168.8,"c":14,"cl":"Unknown","ad":"2018-12-21","cd":"","st":"WA","se":4},"geometry":{"type":"Polygon","coordinates":[[[-120.40167,47.51273],[-120.39416,47.51262],[-120.39236,47.51817],[-120.38766,47.51641],[-120.3825,47.51336],[-120.37903,47.50232],[-120.38711,47.49782],[-120.40184,47.4983],[-120.40456,47.489],[-120.4188,47.49181],[-120.42036,47.49625],[-120.41298,47.49625],[-120.41255,47.50247],[-120.40167,47.51273]]]},"bbox":[-120.42036,47.48889,-120.37888,47.51817]},{"type":"Feature","id":28540,"properties":{"y":2017,"n":"Spartan","ag":"BLM","ac":8640.4,"c":14,"cl":"Unknown","ad":"2018-12-21","cd":"","st":"WA","se":4},"geometry":{"type":"Polygon","coordinates":[[[-120.13333,47.34788],[-120.12271,47.34382],[-120.11754,47.33685],[-120.10507,47.33245],[-120.09523,47.31073],[-120.09513,47.30393],[-120.11056,47.29699],[-120.13135,47.29947],[-120.14437,47.29634],[-120.15875,47.29835],[-120.16644,47.30547],[-120.17397,47.30644],[-120.17705,47.30504],[-120.17022,47.30517],[-120.17324,47.30251],[-120.16328,47.29772],[-120.1677,47.29311],[-120.18213,47.3038],[-120.18864,47.31283],[-120.17772,47.32133],[-120.1818,47.32257],[-120.18276,47.32669],[-120.21509,47.32846],[-120.2137,47.33299],[-120.19934,47.33953],[-120.17129,47.34727],[-120.13333,47.34788]]]},"bbox":[-120.21511,47.29311,-120.0947,47.34801]},{"type":"Feature","id":28541,"properties":{"y":2017,"n":"Number 2 Canyon","ag":"BLM","ac":1.9,"c":14,"cl":"Unknown","ad":"2018-12-21","cd":"","st":"WA","se":4},"geometry":{"type":"Polygon","coordinates":[[[-120.39763,47.40473],[-120.39658,47.40358],[-120.39796,47.40441],[-120.39763,47.40473]]]},"bbox":[-120.39796,47.40358,-120.39622,47.40473]},{"type":"Feature","id":28542,"properties":{"y":2018,"n":"Slab","ag":"BLM","ac":90.0,"c":14,"cl":"Unknown","ad":"2018-12-21","cd":"","st":"WA","se":4},"geometry":{"type":"Polygon","coordinates":[[[-120.45347,46.7805],[-120.44582,46.78771],[-120.44023,46.78527],[-120.45033,46.78047],[-120.45347,46.7805]]]},"bbox":[-120.45347,46.78042,-120.44023,46.78771]},{"type":"Feature","id":28543,"properties":{"y":2018,"n":"Ancient Lakes","ag":"BLM","ac":73.5,"c":14,"cl":"Unknown","ad":"2018-12-21","cd":"","st":"WA","se":4},"geometry":{"type":"Polygon","coordinates":[[[-119.97131,47.1601],[-119.96414,47.15857],[-119.96421,47.1567],[-119.97745,47.15725],[-119.97131,47.1601]]]},"bbox":[-119.97745,47.15549,-119.96392,47.1601]},{"type":"Feature","id":28544,"properties":{"y":2018,"n":"Johnson Canyon","ag":"BLM","ac":242.5,"c":14,"cl":"Unknown","ad":"2018-12-21","cd":"","st":"WA","se":4},"geometry":{"type":"Polygon","coordinates":[[[-120.26183,46.95065],[-120.27426,46.95222],[-120.26105,46.96091],[-120.25241,46.9599],[-120.26183,46.95065]]]},"bbox":[-120.27426,46.95065,-120.25184,46.96096]},{"type":"Feature","id":28545,"properties":{"y":2018,"n":"Elm","ag":"BLM","ac":2078.8,"c":14,"cl":"Unknown","ad":"2018-12-21","cd":"","st":"WA","se":4},"geometry":{"type":"Polygon","coordinates":[[[-118.99055,46.46409],[-118.97504,46.46783],[-118.96996,46.46598],[-118.97067,46.45873],[-118.96614,46.45519],[-118.96548,46.44519],[-118.97612,46.43299],[-119.00556,46.43429],[-119.00469,46.44134],[-118.99357,46.45001],[-119.00144,46.45692],[-118.99055,46.46409]]]},"bbox":[-119.0061,46.43129,-118.96548,46.46783]},{"type":"Feature","id":28546,"properties":{"y":2018,"n":"Wagon Wheel","ag":"BLM","ac":4046.8,"c":14,"cl":"Unknown","ad":"2018-10-01","cd":"","st":"WA","se":4},"geometry":{"type":"Polygon","coordinates":[[[-119.49327,46.31737],[-119.50724,46.31395],[-119.50938,46.32126],[-119.51978,46.33127],[-119.51159,46.33611],[-119.51257,46.34323],[-119.55404,46.36904],[-119.54437,46.38079],[-119.54863,46.3859],[-119.54098,46.38156],[-119.5351,46.37305],[-119.51991,46.36586],[-119.48702,46.35835],[-119.48378,46.35472],[-119.48488,46.35082],[-119.4798,46.34743],[-119.48145,46.34504],[-119.47414,46.3433],[-119.49286,46.33055],[-119.49327,46.31737]]]},"bbox":[-119.55404,46.31325,-119.47414,46.38608]},{"type":"Feature","id":28547,"properties":{"y":2018,"n":"Weber Canyon","ag":"BLM","ac":543.9,"c":14,"cl":"Unknown","ad":"2018-12-21","cd":"","st":"WA","se":4},"geometry":{"type":"Polygon","coordinates":[[[-119.45942,46.20223],[-119.45787,46.20533],[-119.46609,46.20269],[-119.45819,46.20893],[-119.45965,46.21283],[-119.47096,46.21208],[-119.4653,46.21446],[-119.46623,46.21908],[-119.45329,46.21449],[-119.44171,46.22138],[-119.44107,46.22486],[-119.43696,46.22217],[-119.4376,46.21789],[-119.44747,46.20885],[-119.45466,46.2077],[-119.45913,46.19573],[-119.45942,46.20223]],[[-119.45939,46.20224],[-119.45941,46.20225],[-119.45941,46.20225],[-119.45939,46.20224]]]},"bbox":[-119.47096,46.19573,-119.43636,46.22486]},{"type":"Feature","id":28548,"properties":{"y":2018,"n":"Pateros Hill","ag":"BLM","ac":60.5,"c":14,"cl":"Unknown","ad":"2018-12-21","cd":"","st":"WA","se":4},"geometry":{"type":"Polygon","coordinates":[[[-119.85798,48.07382],[-119.86215,48.07136],[-119.86333,48.07042],[-119.86464,48.07142],[-119.86422,48.07419],[-119.85665,48.07903],[-119.85864,48.08225],[-119.8553,48.08175],[-119.85798,48.07382]]]},"bbox":[-119.86483,48.07042,-119.85524,48.08232]},{"type":"Feature","id":28549,"properties":{"y":2018,"n":"Saddle Mountain","ag":"BLM","ac":1851.8,"c":14,"cl":"Unknown","ad":"2018-12-21","cd":"","st":"WA","se":4},"geometry":{"type":"Polygon","coordinates":[[[-119.35089,46.73804],[-119.34887,46.7385],[-119.35201,46.74286],[-119.34667,46.74782],[-119.34618,46.75353],[-119.32015,46.75453],[-119.32143,46.75165],[-119.31086,46.75495],[-119.30215,46.7512],[-119.30325,46.74839],[-119.28864,46.75001],[-119.28599,46.73815],[-119.35089,46.73804]]]},"bbox":[-119.35203,46.73796,-119.28599,46.75495]},{"type":"Feature","id":28550,"properties":{"y":2018,"n":"Chelan Hills","ag":"BLM","ac":1841.7,"c":14,"cl":"Unknown","ad":"2018-12-21","cd":"","st":"WA","se":4},"geometry":{"type":"Polygon","coordinates":[[[-119.97222,47.8014],[-119.9627,47.80157],[-119.96287,47.78669],[-119.94925,47.78272],[-119.94731,47.77709],[-119.94168,47.7735],[-119.94861,47.77456],[-119.94884,47.77048],[-119.95447,47.76945],[-119.95485,47.76599],[-119.96294,47.76633],[-119.9642,47.761],[-119.97598,47.76503],[-119.97502,47.77038],[-119.98026,47.77368],[-119.98276,47.79081],[-119.97222,47.8014]]]},"bbox":[-119.98276,47.761,-119.94126,47.80229]},{"type":"Feature","id":28551,"properties":{"y":2018,"n":"Hwy 24 Command","ag":"BLM","ac":1124.9,"c":14,"cl":"Unknown","ad":"2018-12-21","cd":"","st":"WA","se":4},"geometry":{"type":"Polygon","coordinates":[[[-120.16352,46.50616],[-120.16001,46.50889],[-120.16515,46.50689],[-120.16651,46.50913],[-120.1501,46.51776],[-120.13064,46.52239],[-120.11809,46.52143],[-120.12067,46.51264],[-120.13759,46.50378],[-120.16352,46.50616]]]},"bbox":[-120.1671,46.5031,-120.11791,46.52239]},{"type":"Feature","id":28552,"properties":{"y":2018,"n":"Soap Lake","ag":"BLM","ac":2063.2,"c":14,"cl":"Unknown","ad":"2018-12-21","cd":"","st":"WA","se":4},"geometry":{"type":"Polygon","coordinates":[[[-119.49721,47.44983],[-119.5111,47.46548],[-119.50422,47.46834],[-119.49962,47.46653],[-119.49058,47.46977],[-119.47851,47.46301],[-119.47767,47.45586],[-119.48097,47.45624],[-119.48189,47.46279],[-119.49002,47.46272],[-119.49008,47.45609],[-119.48525,47.45573],[-119.48959,47.45735],[-119.48572,47.45866],[-119.47827,47.45166],[-119.48526,47.44976],[-119.48429,47.44574],[-119.48698,47.45009],[-119.4857,47.44746],[-119.49564,47.44146],[-119.49034,47.44191],[-119.49018,47.43441],[-119.48359,47.42714],[-119.46927,47.42699],[-119.46907,47.40183],[-119.48327,47.40391],[-119.48382,47.41272],[-119.49846,47.43849],[-119.49721,47.44983]]]},"bbox":[-119.51112,47.40169,-119.46907,47.4698]},{"type":"Feature","id":28553,"properties":{"y":2018,"n":"Central Harris","ag":"BLM","ac":22.5,"c":14,"cl":"Unknown","ad":"2018-12-21","cd":"","st":"WA","se":4},"geometry":{"type":"Polygon","coordinates":[[[-119.66337,48.32911],[-119.66052,48.33201],[-119.6582,48.32707],[-119.66131,48.32773],[-119.66337,48.32911]]]},"bbox":[-119.66343,48.32694,-119.6582,48.33201]},{"type":"Feature","id":28554,"properties":{"y":2017,"n":"Silver Dollar","ag":"BLM","ac":31745.7,"c":14,"cl":"Unknown","ad":"2017-07-20","cd":"","st":"WA","se":4},"geometry":{"type":"Polygon","coordinates":[[[-119.8785,46.5334],[-119.88245,46.54177],[-119.88362,46.53433],[-119.89117,46.53305],[-119.91287,46.53566],[-119.92057,46.54304],[-119.92142,46.5546],[-119.91805,46.56091],[-119.92074,46.57024],[-119.91818,46.57525],[-119.92503,46.58069],[-119.91853,46.59465],[-119.91819,46.60982],[-119.90315,46.62333],[-119.8918,46.62128],[-119.88211,46.62374],[-119.88165,46.61983],[-119.87619,46.62514],[-119.86341,46.62488],[-119.85536,46.61912],[-119.84148,46.62014],[-119.83474,46.6152],[-119.82951,46.61975],[-119.79573,46.62191],[-119.72814,46.61682],[-119.72746,46.6119],[-119.73675,46.6076],[-119.72671,46.60092],[-119.72844,46.57741],[-119.72383,46.56809],[-119.69312,46.55034],[-119.66991,46.55061],[-119.66042,46.54469],[-119.63932,46.54041],[-119.63319,46.53728],[-119.63194,46.53317],[-119.64534,46.53177],[-119.65721,46.53458],[-119.65416,46.53027],[-119.65961,46.53024],[-119.65977,46.52392],[-119.66314,46.5235],[-119.68215,46.53331],[-119.67033,46.5175],[-119.68398,46.51641],[-119.70825,46.53076],[-119.72119,46.55516],[-119.75558,46.5431],[-119.75596,46.54777],[-119.76083,46.54883],[-119.76096,46.55152],[-119.75308,46.55958],[-119.75458,46.5732],[-119.79171,46.56942],[-119.79244,46.5904],[-119.79627,46.5913],[-119.80218,46.59125],[-119.8003,46.58798],[-119.80259,46.58794],[-119.81125,46.59125],[-119.81222,46.58442],[-119.82786,46.58375],[-119.82779,46.58098],[-119.82332,46.58248],[-119.82205,46.57941],[-119.81619,46.58221],[-119.81396,46.57783],[-119.80165,46.57402],[-119.81091,46.56633],[-119.80452,46.56131],[-119.8071,46.55888],[-119.85605,46.53846],[-119.8785,46.5334]]]},"bbox":[-119.92506,46.51491,-119.63194,46.62526]},{"type":"Feature","id":28555,"properties":{"y":2017,"n":"Mitchell","ag":"BLM","ac":634.3,"c":14,"cl":"Unknown","ad":"2018-12-21","cd":"","st":"WA","se":4},"geometry":{"type":"Polygon","coordinates":[[[-120.23413,47.58587],[-120.22379,47.59041],[-120.20978,47.58534],[-120.2035,47.58624],[-120.20778,47.58102],[-120.20605,47.57908],[-120.2151,47.57457],[-120.23564,47.58208],[-120.23413,47.58587]]]},"bbox":[-120.23564,47.57457,-120.2035,47.59041]},{"type":"Feature","id":28556,"properties":{"y":2018,"n":"Harris Mountain","ag":"BLM","ac":6.8,"c":14,"cl":"Unknown","ad":"2018-12-21","cd":"","st":"WA","se":4},"geometry":{"type":"Polygon","coordinates":[[[-119.66393,48.32807],[-119.6678,48.32631],[-119.66789,48.32659],[-119.66764,48.32712],[-119.66775,48.32741],[-119.66689,48.32801],[-119.66393,48.32807]]]},"bbox":[-119.66789,48.32597,-119.6639,48.32822]},{"type":"Feature","id":28557,"properties":{"y":2017,"n":"Diefe Road","ag":"BLM","ac":1400.1,"c":14,"cl":"Unknown","ad":"2018-12-21","cd":"","st":"WA","se":4},"geometry":{"type":"Polygon","coordinates":[[[-118.72192,47.48504],[-118.72059,47.4715],[-118.70959,47.47482],[-118.70926,47.47228],[-118.70208,47.4731],[-118.71158,47.46476],[-118.7191,47.46343],[-118.72048,47.45603],[-118.7333,47.44349],[-118.74103,47.46216],[-118.73308,47.47874],[-118.72595,47.4857],[-118.72523,47.48333],[-118.72192,47.48504]]]},"bbox":[-118.74103,47.44349,-118.70208,47.4857]},{"type":"Feature","id":28558,"properties":{"y":2018,"n":"Petrified Canyon","ag":"BLM","ac":214.6,"c":14,"cl":"Unknown","ad":"2018-12-21","cd":"","st":"WA","se":4},"geometry":{"type":"Polygon","coordinates":[[[-119.91657,47.41241],[-119.90666,47.42466],[-119.90246,47.42483],[-119.90319,47.42242],[-119.89826,47.41921],[-119.90393,47.41632],[-119.90822,47.4178],[-119.91113,47.41054],[-119.91657,47.41241]]]},"bbox":[-119.91667,47.41054,-119.89826,47.42487]},{"type":"Feature","id":28559,"properties":{"y":2017,"n":"Washburn","ag":"BLM","ac":18.6,"c":14,"cl":"Unknown","ad":"2018-12-21","cd":"","st":"WA","se":4},"geometry":{"type":"Polygon","coordinates":[[[-119.59578,48.82251],[-119.59198,48.82237],[-119.59119,48.82104],[-119.59478,48.82032],[-119.59578,48.82251]]]},"bbox":[-119.59654,48.82,-119.59119,48.82251]},{"type":"Feature","id":28560,"properties":{"y":2018,"n":"Trinidad","ag":"BLM","ac":49.3,"c":14,"cl":"Unknown","ad":"2018-12-21","cd":"","st":"WA","se":4},"geometry":{"type":"Polygon","coordinates":[[[-120.03954,47.2358],[-120.03364,47.23643],[-120.0287,47.23347],[-120.03647,47.23303],[-120.03954,47.2358]]]},"bbox":[-120.03959,47.23281,-120.0287,47.23645]},{"type":"Feature","id":28561,"properties":{"y":2018,"n":"Kennewick","ag":"BLM","ac":355.9,"c":14,"cl":"Unknown","ad":"2018-12-21","cd":"","st":"WA","se":4},"geometry":{"type":"Polygon","coordinates":[[[-119.41719,46.21329],[-119.41934,46.2106],[-119.4199,46.21323],[-119.43191,46.21373],[-119.42019,46.2225],[-119.4037,46.21978],[-119.40632,46.21385],[-119.41719,46.21329]]]},"bbox":[-119.43191,46.2106,-119.40351,46.2225]},{"type":"Feature","id":28562,"properties":{"y":2017,"n":"Whitehall","ag":"BLM","ac":3270.6,"c":14,"cl":"Unknown","ad":"2018-12-21","cd":"","st":"WA","se":4},"geometry":{"type":"Polygon","coordinates":[[[-119.52395,47.50804],[-119.52846,47.49045],[-119.53503,47.48076],[-119.53561,47.47259],[-119.53994,47.47484],[-119.53888,47.47695],[-119.55726,47.47795],[-119.58595,47.48644],[-119.59832,47.49402],[-119.59097,47.49947],[-119.56181,47.50751],[-119.54117,47.50768],[-119.54478,47.50479],[-119.54379,47.50417],[-119.53932,47.50773],[-119.52395,47.50804]]]},"bbox":[-119.59832,47.47259,-119.52395,47.50887]},{"type":"Feature","id":28563,"properties":{"y":2018,"n":"Pendall Road","ag":"BLM","ac":220.7,"c":14,"cl":"Unknown","ad":"2018-12-21","cd":"","st":"WA","se":4},"geometry":{"type":"Polygon","coordinates":[[[-119.01592,47.98935],[-119.00538,47.99014],[-119.0009,47.98158],[-119.00854,47.97907],[-119.01592,47.98935]]]},"bbox":[-119.01645,47.97854,-119.00037,47.99054]},{"type":"Feature","id":28564,"properties":{"y":2018,"n":"Babcock Station","ag":"BLM","ac":8.4,"c":14,"cl":"Unknown","ad":"2018-12-21","cd":"","st":"WA","se":4},"geometry":{"type":"Polygon","coordinates":[[[-119.98802,47.05909],[-119.98617,47.06032],[-119.98785,47.05859],[-119.98802,47.05909]]]},"bbox":[-119.98803,47.05859,-119.98617,47.06157]},{"type":"Feature","id":28565,"properties":{"y":2018,"n":"Grass Valley","ag":"BLM","ac":76816.9,"c":14,"cl":"Unknown","ad":"2018-12-21","cd":"","st":"WA","se":4},"geometry":{"type":"Polygon","coordinates":[[[-119.20212,47.87827],[-119.19441,47.84636],[-119.19678,47.83313],[-119.20604,47.81813],[-119.23032,47.82269],[-119.26242,47.81987],[-119.28877,47.82722],[-119.31403,47.82779],[-119.32468,47.82494],[-119.34004,47.82909],[-119.34194,47.83216],[-119.34126,47.89059],[-119.34692,47.91933],[-119.3416,47.93306],[-119.3178,47.93782],[-119.30943,47.95772],[-119.29137,47.97534],[-119.26127,47.9981],[-119.19731,48.03456],[-119.19617,48.03985],[-119.20993,48.05218],[-119.20636,48.05845],[-119.19142,48.05773],[-119.18734,48.05073],[-119.15354,48.03603],[-119.16704,48.02507],[-119.16442,48.02035],[-119.14391,48.02753],[-119.12653,48.02775],[-119.11493,48.03375],[-119.10492,48.0323],[-119.1048,48.01709],[-119.09934,48.0095],[-119.12988,48.01297],[-119.1499,48.00994],[-119.16456,47.99101],[-119.15949,47.97667],[-119.11284,47.97309],[-119.04475,47.97991],[-119.02666,47.97478],[-119.00003,47.9727],[-118.98874,47.96762],[-118.99182,47.96283],[-119.01053,47.95245],[-119.06643,47.95432],[-119.08439,47.94643],[-119.08737,47.94232],[-119.08507,47.934],[-119.10627,47.91754],[-119.10524,47.90575],[-119.09838,47.89828],[-119.10029,47.89368],[-119.10772,47.88944],[-119.11634,47.88985],[-119.11526,47.89575],[-119.10987,47.89825],[-119.11072,47.90204],[-119.1175,47.90134],[-119.12931,47.8923],[-119.12984,47.89608],[-119.1345,47.89727],[-119.12988,47.90004],[-119.13062,47.90296],[-119.1202,47.90758],[-119.12162,47.90955],[-119.13118,47.90447],[-119.14703,47.90924],[-119.18712,47.89311],[-119.20043,47.88135],[-119.20141,47.88002],[-119.20212,47.87827]],[[-119.20458,47.87643],[-119.20208,47.87969],[-119.20517,47.88002],[-119.20458,47.87643]]]},"bbox":[-119.34692,47.81813,-118.98856,48.05983]},{"type":"Feature","id":28566,"properties":{"y":2018,"n":"Ragged Butte","ag":"BLM","ac":1708.0,"c":14,"cl":"Unknown","ad":"2018-12-21","cd":"","st":"WA","se":4},"geometry":{"type":"Polygon","coordinates":[[[-119.47905,47.98254],[-119.4484,47.99277],[-119.45165,47.99036],[-119.44145,47.99],[-119.44073,47.98352],[-119.40873,47.98783],[-119.40884,47.98511],[-119.42717,47.97829],[-119.44102,47.97739],[-119.43574,47.97276],[-119.4564,47.97084],[-119.4797,47.97407],[-119.47905,47.98254]]]},"bbox":[-119.48071,47.97084,-119.40873,47.99277]},{"type":"Feature","id":28567,"properties":{"y":2017,"n":"Juniper Ranch","ag":"BLM","ac":100.0,"c":14,"cl":"Unknown","ad":"2018-12-21","cd":"","st":"WA","se":4},"geometry":{"type":"Polygon","coordinates":[[[-118.84882,46.41897],[-118.83954,46.42419],[-118.82997,46.42558],[-118.84243,46.42107],[-118.84695,46.41524],[-118.84967,46.41545],[-118.84882,46.41897]]]},"bbox":[-118.84979,46.41524,-118.82995,46.42573]},{"type":"Feature","id":28568,"properties":{"y":2017,"n":"Whitaker","ag":"BLM","ac":174.2,"c":14,"cl":"Unknown","ad":"2018-12-21","cd":"","st":"WA","se":4},"geometry":{"type":"Polygon","coordinates":[[[-118.43007,47.61326],[-118.42331,47.60825],[-118.42558,47.60483],[-118.43804,47.60752],[-118.4377,47.6108],[-118.43007,47.61326]]]},"bbox":[-118.43807,47.60412,-118.42331,47.61371]},{"type":"Feature","id":28569,"properties":{"y":2017,"n":"Monument Hill","ag":"BLM","ac":6255.3,"c":14,"cl":"Unknown","ad":"2018-12-21","cd":"","st":"WA","se":4},"geometry":{"type":"Polygon","coordinates":[[[-119.73023,47.33744],[-119.73127,47.32091],[-119.71981,47.31597],[-119.72616,47.3119],[-119.70853,47.30311],[-119.70968,47.29586],[-119.68182,47.29074],[-119.66959,47.27326],[-119.74404,47.27118],[-119.74685,47.27872],[-119.75098,47.27873],[-119.74988,47.29292],[-119.76295,47.2933],[-119.76141,47.29602],[-119.76574,47.30241],[-119.75876,47.30838],[-119.75483,47.31701],[-119.75785,47.32557],[-119.75228,47.32419],[-119.75307,47.32705],[-119.74739,47.32993],[-119.74409,47.32837],[-119.73895,47.33754],[-119.73023,47.33744]]]},"bbox":[-119.76583,47.27118,-119.66957,47.33754]},{"type":"Feature","id":28570,"properties":{"y":2018,"n":"Yakitat","ag":"BLM","ac":31.6,"c":14,"cl":"Unknown","ad":"2018-12-21","cd":"","st":"WA","se":4},"geometry":{"type":"Polygon","coordinates":[[[-119.53278,46.26152],[-119.52963,46.26245],[-119.51693,46.26007],[-119.53278,46.26152]]]},"bbox":[-119.5328,46.25961,-119.51693,46.26254]},{"type":"Feature","id":28571,"properties":{"y":2018,"n":"Lake Valley Loop One","ag":"BLM","ac":2.6,"c":14,"cl":"Unknown","ad":"2018-12-21","cd":"","st":"WA","se":4},"geometry":{"type":"Polygon","coordinates":[[[-117.85852,47.35735],[-117.85723,47.35798],[-117.85411,47.3592],[-117.85362,47.35918],[-117.85852,47.35735]]]},"bbox":[-117.85884,47.35734,-117.85362,47.35922]},{"type":"Feature","id":28572,"properties":{"y":2018,"n":"Burbank Creek","ag":"BLM","ac":32.2,"c":14,"cl":"Unknown","ad":"2018-12-21","cd":"","st":"WA","se":4},"geometry":{"type":"Polygon","coordinates":[[[-120.42589,46.77097],[-120.42171,46.77111],[-120.41897,46.76655],[-120.42419,46.76775],[-120.42589,46.77097]]]},"bbox":[-120.42607,46.76652,-120.41858,46.77281]},{"type":"Feature","id":28573,"properties":{"y":2018,"n":"Luma Creek","ag":"BLM","ac":0.2,"c":14,"cl":"Unknown","ad":"2018-12-21","cd":"","st":"WA","se":4},"geometry":{"type":"Polygon","coordinates":[[[-120.45477,46.83788],[-120.45444,46.83779],[-120.45482,46.83774],[-120.45477,46.83788]]]},"bbox":[-120.45482,46.83774,-120.45444,46.83807]},{"type":"Feature","id":28574,"properties":{"y":2018,"n":"Quincy Lake","ag":"BLM","ac":2325.2,"c":14,"cl":"Unknown","ad":"2018-12-21","cd":"","st":"WA","se":4},"geometry":{"type":"Polygon","coordinates":[[[-119.87486,47.11619],[-119.9009,47.11808],[-119.90197,47.12287],[-119.89411,47.12213],[-119.8995,47.12516],[-119.91141,47.12518],[-119.90825,47.12903],[-119.91402,47.12611],[-119.92703,47.13301],[-119.90959,47.12984],[-119.90128,47.13075],[-119.90028,47.13142],[-119.90871,47.13061],[-119.9288,47.13698],[-119.92233,47.13584],[-119.92372,47.14013],[-119.91149,47.1383],[-119.91951,47.14125],[-119.9186,47.14415],[-119.9268,47.14482],[-119.92239,47.14852],[-119.91464,47.1465],[-119.91291,47.1502],[-119.9036,47.14932],[-119.91205,47.15162],[-119.92149,47.14953],[-119.91757,47.15517],[-119.89722,47.14978],[-119.89728,47.14491],[-119.87532,47.13466],[-119.87486,47.11619]]]},"bbox":[-119.9288,47.11594,-119.87485,47.15517]},{"type":"Feature","id":28575,"properties":{"y":2017,"n":"Spanish Castle","ag":"BLM","ac":58.2,"c":14,"cl":"Unknown","ad":"2018-12-21","cd":"","st":"WA","se":4},"geometry":{"type":"Polygon","coordinates":[[[-120.08527,47.26133],[-120.08159,47.25922],[-120.08468,47.25517],[-120.08809,47.25867],[-120.08527,47.26133]]]},"bbox":[-120.08824,47.25517,-120.08159,47.26165]},{"type":"Feature","id":28576,"properties":{"y":2019,"n":"Wildhorse","ag":"BLM","ac":49.6,"c":14,"cl":"Unknown","ad":"2020-01-08","cd":"","st":"WA","se":4},"geometry":{"type":"Polygon","coordinates":[[[-119.95465,46.97085],[-119.94803,46.96992],[-119.96176,46.96578],[-119.95465,46.97085]]]},"bbox":[-119.96176,46.96506,-119.94803,46.9713]},{"type":"Feature","id":28577,"properties":{"y":2019,"n":"Mcbee","ag":"BLM","ac":56.0,"c":14,"cl":"Unknown","ad":"2020-01-08","cd":"","st":"WA","se":4},"geometry":{"type":"Polygon","coordinates":[[[-119.53692,46.24468],[-119.534,46.24926],[-119.52982,46.25006],[-119.53077,46.24561],[-119.53692,46.24468]]]},"bbox":[-119.53697,46.24396,-119.52982,46.25071]},{"type":"Feature","id":28578,"properties":{"y":2019,"n":"Mile Marker 5","ag":"BLM","ac":0.8,"c":14,"cl":"Unknown","ad":"2020-01-08","cd":"","st":"WA","se":4},"geometry":{"type":"Polygon","coordinates":[[[-119.82634,46.63249],[-119.82654,46.63308],[-119.82634,46.63309],[-119.82634,46.63249]]]},"bbox":[-119.82695,46.63235,-119.82623,46.63309]},{"type":"Feature","id":28579,"properties":{"y":2019,"n":"Hog Lake","ag":"BLM","ac":1.5,"c":14,"cl":"Unknown","ad":"2020-01-08","cd":"","st":"WA","se":4},"geometry":{"type":"Polygon","coordinates":[[[-117.81317,47.37475],[-117.81265,47.37539],[-117.81229,47.37448],[-117.81317,47.37475]]]},"bbox":[-117.81334,47.37429,-117.81218,47.37544]},{"type":"Feature","id":28580,"properties":{"y":2019,"n":"Esquatzel","ag":"BLM","ac":467.4,"c":14,"cl":"Unknown","ad":"2020-01-08","cd":"","st":"WA","se":4},"geometry":{"type":"Polygon","coordinates":[[[-118.98528,46.47321],[-119.00416,46.48426],[-119.0133,46.49228],[-119.00045,46.49143],[-118.98556,46.48402],[-118.98644,46.48025],[-118.9802,46.47756],[-118.98528,46.47321]]]},"bbox":[-119.0133,46.47321,-118.9802,46.49257]},{"type":"Feature","id":28581,"properties":{"y":2019,"n":"Matson Wa","ag":"BLM","ac":8743.1,"c":14,"cl":"Unknown","ad":"2020-01-08","cd":"","st":"WA","se":4},"geometry":{"type":"Polygon","coordinates":[[[-118.89751,46.64922],[-118.85821,46.64872],[-118.85716,46.64541],[-118.92826,46.60194],[-118.96189,46.59013],[-118.96936,46.59184],[-119.00362,46.58186],[-119.00035,46.58808],[-118.99064,46.59189],[-118.99598,46.59858],[-118.99132,46.60846],[-118.99324,46.61339],[-118.98874,46.61252],[-118.98724,46.61529],[-118.98486,46.61114],[-118.97794,46.61012],[-118.97579,46.61675],[-118.95892,46.63211],[-118.93947,46.63477],[-118.9393,46.64456],[-118.93122,46.64374],[-118.91919,46.64897],[-118.91904,46.65296],[-118.90804,46.65619],[-118.89751,46.64922]]]},"bbox":[-119.00383,46.58108,-118.85686,46.65621]},{"type":"Feature","id":28582,"properties":{"y":2019,"n":"Dodson Road","ag":"BLM","ac":131.2,"c":14,"cl":"Unknown","ad":"2020-01-08","cd":"","st":"WA","se":4},"geometry":{"type":"Polygon","coordinates":[[[-119.57786,47.07203],[-119.57261,47.06707],[-119.5828,47.06397],[-119.57979,47.06329],[-119.58224,47.0612],[-119.58749,47.06121],[-119.57786,47.07203]]]},"bbox":[-119.58782,47.0612,-119.57261,47.07224]},{"type":"Feature","id":28583,"properties":{"y":2019,"n":"Washington Creek","ag":"BLM","ac":9.5,"c":14,"cl":"Unknown","ad":"2020-01-08","cd":"","st":"WA","se":4},"geometry":{"type":"Polygon","coordinates":[[[-119.93599,47.92357],[-119.9385,47.92574],[-119.93557,47.925],[-119.93599,47.92357]]]},"bbox":[-119.939,47.92344,-119.93556,47.92574]},{"type":"Feature","id":28584,"properties":{"y":2019,"n":"Saddle Mountain","ag":"BLM","ac":123.9,"c":14,"cl":"Unknown","ad":"2020-01-08","cd":"","st":"WA","se":4},"geometry":{"type":"Polygon","coordinates":[[[-119.89655,46.79268],[-119.89335,46.78383],[-119.89647,46.77516],[-119.90005,46.78515],[-119.89655,46.79268]]]},"bbox":[-119.90005,46.77516,-119.89335,46.79268]},{"type":"Feature","id":28585,"properties":{"y":2019,"n":"Milepost 5","ag":"BLM","ac":33.0,"c":14,"cl":"Unknown","ad":"2020-01-08","cd":"","st":"WA","se":4},"geometry":{"type":"Polygon","coordinates":[[[-119.83791,46.62906],[-119.83929,46.63265],[-119.83473,46.63317],[-119.83543,46.63035],[-119.83791,46.62906]]]},"bbox":[-119.83939,46.62897,-119.83468,46.63326]},{"type":"Feature","id":28586,"properties":{"y":2019,"n":"Cliff","ag":"BLM","ac":62.8,"c":14,"cl":"Unknown","ad":"2020-01-08","cd":"","st":"WA","se":4},"geometry":{"type":"Polygon","coordinates":[[[-119.94649,46.91322],[-119.93938,46.91329],[-119.93867,46.90885],[-119.9465,46.91052],[-119.94649,46.91322]]]},"bbox":[-119.9465,46.90823,-119.93867,46.91335]},{"type":"Feature","id":28587,"properties":{"y":2019,"n":"Mp20","ag":"BLM","ac":1122.2,"c":14,"cl":"Unknown","ad":"2020-01-08","cd":"","st":"WA","se":4},"geometry":{"type":"Polygon","coordinates":[[[-120.0444,47.2397],[-120.06488,47.25837],[-120.06363,47.26513],[-120.04573,47.2674],[-120.04316,47.26571],[-120.05219,47.26421],[-120.03719,47.2598],[-120.03177,47.2512],[-120.03309,47.2419],[-120.0444,47.2397]],[[-120.04438,47.23974],[-120.04439,47.23974],[-120.04439,47.23972],[-120.04438,47.23974]]]},"bbox":[-120.0649,47.23903,-120.03154,47.26759]},{"type":"Feature","id":28588,"properties":{"y":2019,"n":"Lower Goose","ag":"BLM","ac":47.8,"c":14,"cl":"Unknown","ad":"2020-01-08","cd":"","st":"WA","se":4},"geometry":{"type":"Polygon","coordinates":[[[-119.29924,46.91895],[-119.29049,46.91714],[-119.29592,46.91583],[-119.29924,46.91895]]]},"bbox":[-119.29924,46.91569,-119.29048,46.92012]},{"type":"Feature","id":28589,"properties":{"y":2019,"n":"243 Command","ag":"FWS","ac":20196.3,"c":14,"cl":"Unknown","ad":"2019-08-02","cd":"","st":"WA","se":2},"geometry":{"type":"Polygon","coordinates":[[[-119.75693,46.86717],[-119.74735,46.87299],[-119.70339,46.87676],[-119.69948,46.87622],[-119.70211,46.8693],[-119.69966,46.86659],[-119.69089,46.86916],[-119.67499,46.86184],[-119.64903,46.86562],[-119.64543,46.87303],[-119.63777,46.87392],[-119.62945,46.87298],[-119.61646,46.86569],[-119.63529,46.85872],[-119.6354,46.85622],[-119.61302,46.85464],[-119.61881,46.85267],[-119.61958,46.84767],[-119.62897,46.84562],[-119.66851,46.84753],[-119.68793,46.84194],[-119.75676,46.83465],[-119.76753,46.83101],[-119.81526,46.82994],[-119.836,46.8336],[-119.86094,46.83037],[-119.88628,46.83123],[-119.89725,46.83442],[-119.89051,46.84337],[-119.89992,46.8538],[-119.91475,46.85405],[-119.93013,46.85893],[-119.93758,46.84939],[-119.9451,46.86085],[-119.95578,46.86804],[-119.9578,46.87472],[-119.94699,46.87966],[-119.93525,46.87318],[-119.89607,46.86965],[-119.89622,46.85632],[-119.88618,46.85413],[-119.8761,46.85574],[-119.8756,46.86859],[-119.87004,46.86927],[-119.86093,46.87684],[-119.854,46.87561],[-119.85408,46.86918],[-119.84436,46.86889],[-119.84443,46.86365],[-119.83613,46.86146],[-119.78466,46.86925],[-119.77763,46.87635],[-119.77241,46.87679],[-119.76445,46.87507],[-119.75693,46.86717]]]},"bbox":[-119.95782,46.82987,-119.61302,46.87968]},{"type":"Feature","id":28590,"properties":{"y":2019,"n":"Powerline","ag":"BLM","ac":7724.6,"c":14,"cl":"Unknown","ad":"2020-01-08","cd":"","st":"WA","se":4},"geometry":{"type":"Polygon","coordinates":[[[-119.89679,46.79338],[-119.89531,46.79979],[-119.89024,46.80247],[-119.85889,46.8029],[-119.83509,46.7928],[-119.79958,46.78888],[-119.8007,46.78232],[-119.79605,46.76962],[-119.80987,46.76229],[-119.81148,46.76629],[-119.83157,46.76633],[-119.83236,46.75525],[-119.86403,46.75427],[-119.86499,46.75919],[-119.87275,46.75954],[-119.87547,46.75212],[-119.88853,46.75205],[-119.89545,46.75812],[-119.89079,46.76512],[-119.89462,46.76797],[-119.8924,46.77369],[-119.89645,46.77501],[-119.89335,46.78383],[-119.89679,46.79338]]]},"bbox":[-119.89748,46.75169,-119.79605,46.80417]},{"type":"Feature","id":28591,"properties":{"y":2021,"n":"Dennis Rd","ag":"BLM","ac":3.9,"c":14,"cl":"Unknown","ad":"2023-03-14","cd":"","st":"WA","se":1},"geometry":{"type":"Polygon","coordinates":[[[-119.43442,46.21483],[-119.43298,46.21423],[-119.43545,46.21396],[-119.43442,46.21483]]]},"bbox":[-119.43545,46.21391,-119.43252,46.21498]},{"type":"Feature","id":28592,"properties":{"y":2021,"n":"Mcbee Grade","ag":"BLM","ac":87.7,"c":14,"cl":"Unknown","ad":"2023-03-14","cd":"","st":"WA","se":1},"geometry":{"type":"Polygon","coordinates":[[[-119.52081,46.24531],[-119.5136,46.24321],[-119.50038,46.24258],[-119.51201,46.2407],[-119.52081,46.24531]]]},"bbox":[-119.52102,46.24052,-119.50038,46.24531]},{"type":"Feature","id":28593,"properties":{"y":2022,"n":"Punch Bowl","ag":"BLM","ac":0.0,"c":14,"cl":"Unknown","ad":"2023-03-14","cd":"","st":"WA","se":1},"geometry":{"type":"Polygon","coordinates":[[[-119.13043,47.85997],[-119.13027,47.85987],[-119.13056,47.85992],[-119.13043,47.85997]]]},"bbox":[-119.13056,47.85984,-119.13027,47.85997]},{"type":"Feature","id":28594,"properties":{"y":2023,"n":"Sentinal Gap","ag":"BLM","ac":0.0,"c":14,"cl":"Unknown","ad":"2023-11-09","cd":"","st":"WA","se":3},"geometry":{"type":"Polygon","coordinates":[[[-119.92139,46.80682],[-119.92149,46.80683],[-119.92139,46.80685],[-119.92139,46.80682]]]},"bbox":[-119.92152,46.80672,-119.92139,46.80686]},{"type":"Feature","id":28595,"properties":{"y":2024,"n":"Smith Canyon","ag":"BLM","ac":26.4,"c":14,"cl":"Unknown","ad":"2024-12-09","cd":"","st":"WA","se":4},"geometry":{"type":"Polygon","coordinates":[[[-118.94173,46.47246],[-118.94389,46.47516],[-118.94033,46.4779],[-118.94173,46.47246]]]},"bbox":[-118.94428,46.47181,-118.94031,46.47793]},{"type":"Feature","id":28596,"properties":{"y":2022,"n":"Hiawatha West","ag":"BLM","ac":1.5,"c":14,"cl":"Unknown","ad":"2023-03-14","cd":"","st":"WA","se":1},"geometry":{"type":"Polygon","coordinates":[[[-119.4705,47.10942],[-119.46952,47.10954],[-119.46939,47.10898],[-119.4705,47.10942]]]},"bbox":[-119.47051,47.10898,-119.4693,47.10997]},{"type":"Feature","id":28597,"properties":{"y":2022,"n":"Erickson Road","ag":"BLM","ac":6.3,"c":14,"cl":"Unknown","ad":"2023-03-14","cd":"","st":"WA","se":1},"geometry":{"type":"Polygon","coordinates":[[[-118.9467,47.41467],[-118.94814,47.41542],[-118.94672,47.41531],[-118.94629,47.41626],[-118.94382,47.41656],[-118.9467,47.41467]]]},"bbox":[-118.94821,47.41467,-118.94382,47.41677]},{"type":"Feature","id":28598,"properties":{"y":2022,"n":"Sillusi Butte","ag":"BLM","ac":0.7,"c":14,"cl":"Unknown","ad":"2023-03-14","cd":"","st":"WA","se":1},"geometry":{"type":"Polygon","coordinates":[[[-119.32188,45.94183],[-119.32196,45.94223],[-119.32115,45.94187],[-119.32188,45.94183]]]},"bbox":[-119.32281,45.94182,-119.32115,45.94233]},{"type":"Feature","id":28599,"properties":{"y":2022,"n":"Grandview","ag":"BLM","ac":2.7,"c":14,"cl":"Unknown","ad":"2023-03-14","cd":"","st":"WA","se":1},"geometry":{"type":"Polygon","coordinates":[[[-119.66233,48.88602],[-119.66137,48.88452],[-119.66278,48.88505],[-119.66233,48.88602]]]},"bbox":[-119.66279,48.88451,-119.66087,48.88602]},{"type":"Feature","id":28600,"properties":{"y":2021,"n":"Beezley","ag":"BLM","ac":388.0,"c":14,"cl":"Unknown","ad":"2023-03-14","cd":"","st":"WA","se":1},"geometry":{"type":"Polygon","coordinates":[[[-119.76593,47.31548],[-119.77008,47.31421],[-119.76388,47.31265],[-119.76793,47.30589],[-119.75452,47.29346],[-119.76003,47.2933],[-119.76364,47.30069],[-119.77488,47.3091],[-119.77635,47.31621],[-119.773,47.31793],[-119.77734,47.32196],[-119.7727,47.32245],[-119.76593,47.31548]]]},"bbox":[-119.77736,47.29328,-119.75452,47.32299]},{"type":"Feature","id":28601,"properties":{"y":2023,"n":"Burbank Valley","ag":"BLM","ac":54.4,"c":14,"cl":"Unknown","ad":"2023-10-31","cd":"","st":"WA","se":3},"geometry":{"type":"Polygon","coordinates":[[[-120.38909,46.72804],[-120.39249,46.73201],[-120.39191,46.73494],[-120.38564,46.73287],[-120.38909,46.72804]]]},"bbox":[-120.39255,46.72804,-120.38564,46.73498]},{"type":"Feature","id":28602,"properties":{"y":2024,"n":"Square Butte","ag":"BLM","ac":12.6,"c":14,"cl":"Unknown","ad":"2024-12-03","cd":"","st":"WA","se":4},"geometry":{"type":"Polygon","coordinates":[[[-117.85315,47.36207],[-117.85073,47.36383],[-117.84999,47.36312],[-117.85315,47.36207]]]},"bbox":[-117.85454,47.36207,-117.84999,47.36383]},{"type":"Feature","id":28603,"properties":{"y":2024,"n":"Wanapum Cliff","ag":"BLM","ac":0.9,"c":14,"cl":"Unknown","ad":"2024-12-09","cd":"","st":"WA","se":4},"geometry":{"type":"Polygon","coordinates":[[[-119.95236,46.90421],[-119.95219,46.90375],[-119.95194,46.90286],[-119.95236,46.90421]]]},"bbox":[-119.95236,46.90286,-119.95178,46.90461]},{"type":"Feature","id":28604,"properties":{"y":2022,"n":"Little Rocky","ag":"BLM","ac":7.2,"c":14,"cl":"Unknown","ad":"2023-03-14","cd":"","st":"WA","se":1},"geometry":{"type":"Polygon","coordinates":[[[-119.45877,47.26498],[-119.46012,47.26491],[-119.45762,47.26807],[-119.45877,47.26498]]]},"bbox":[-119.46012,47.26404,-119.45762,47.26807]},{"type":"Feature","id":28605,"properties":{"y":2022,"n":"Bailey","ag":"BLM","ac":106.0,"c":14,"cl":"Unknown","ad":"2023-03-14","cd":"","st":"WA","se":1},"geometry":{"type":"Polygon","coordinates":[[[-120.21657,46.45277],[-120.22311,46.44855],[-120.22679,46.45125],[-120.22039,46.45565],[-120.2163,46.45527],[-120.21657,46.45277]],[[-120.21664,46.45282],[-120.21663,46.45281],[-120.21668,46.45284],[-120.21664,46.45282]],[[-120.21663,46.45281],[-120.21657,46.45277],[-120.2166,46.45279],[-120.21663,46.45281]]]},"bbox":[-120.22679,46.44853,-120.21556,46.45581]},{"type":"Feature","id":28606,"properties":{"y":2023,"n":"Bonnie Lake","ag":"BLM","ac":6.8,"c":14,"cl":"Unknown","ad":"2023-10-31","cd":"","st":"WA","se":3},"geometry":{"type":"Polygon","coordinates":[[[-117.57294,47.27023],[-117.57344,47.26785],[-117.57435,47.26938],[-117.57294,47.27023]]]},"bbox":[-117.57437,47.26773,-117.57231,47.27023]},{"type":"Feature","id":28607,"properties":{"y":2023,"n":"Sentinal Bluff","ag":"BLM","ac":0.0,"c":14,"cl":"Unknown","ad":"2023-10-31","cd":"","st":"WA","se":3},"geometry":{"type":"Polygon","coordinates":[[[-119.92191,46.80555],[-119.92187,46.80548],[-119.92192,46.80549],[-119.92191,46.80555]]]},"bbox":[-119.92192,46.80547,-119.92186,46.80557]},{"type":"Feature","id":28608,"properties":{"y":2024,"n":"Roza","ag":"BLM","ac":69.4,"c":14,"cl":"Unknown","ad":"2024-12-03","cd":"","st":"WA","se":4},"geometry":{"type":"Polygon","coordinates":[[[-120.45523,46.73312],[-120.45736,46.73813],[-120.45263,46.73785],[-120.45648,46.74131],[-120.45002,46.74171],[-120.45523,46.73312]]]},"bbox":[-120.45736,46.73312,-120.44957,46.74189]},{"type":"Feature","id":28609,"properties":{"y":2024,"n":"Juniper","ag":"BLM","ac":1.7,"c":14,"cl":"Unknown","ad":"2024-12-03","cd":"","st":"WA","se":4},"geometry":{"type":"Polygon","coordinates":[[[-118.93662,46.34368],[-118.93774,46.34327],[-118.9389,46.34326],[-118.93662,46.34368]]]},"bbox":[-118.9389,46.34318,-118.93655,46.34375]},{"type":"Feature","id":28610,"properties":{"y":2022,"n":"Ruppert Road","ag":"BLM","ac":4.6,"c":14,"cl":"Unknown","ad":"2023-03-14","cd":"","st":"WA","se":1},"geometry":{"type":"Polygon","coordinates":[[[-119.42583,46.30892],[-119.42593,46.31018],[-119.4251,46.30952],[-119.42583,46.30892]]]},"bbox":[-119.42779,46.30876,-119.42509,46.31018]},{"type":"Feature","id":28611,"properties":{"y":2022,"n":"Frenchman Coulee","ag":"BLM","ac":2.0,"c":14,"cl":"Unknown","ad":"2023-03-14","cd":"","st":"WA","se":1},"geometry":{"type":"Polygon","coordinates":[[[-119.96771,47.02835],[-119.96628,47.02928],[-119.96574,47.02885],[-119.96676,47.02835],[-119.96771,47.02835]]]},"bbox":[-119.9678,47.02833,-119.96574,47.02928]},{"type":"Feature","id":28612,"properties":{"y":2022,"n":"Lind Coulee","ag":"BLM","ac":61.0,"c":14,"cl":"Unknown","ad":"2023-03-14","cd":"","st":"WA","se":1},"geometry":{"type":"Polygon","coordinates":[[[-119.16084,46.99087],[-119.15956,46.99471],[-119.15467,47.00035],[-119.15801,46.9888],[-119.16084,46.99087]]]},"bbox":[-119.16084,46.98875,-119.15461,47.00041]},{"type":"Feature","id":28613,"properties":{"y":2024,"n":"Wildhorse","ag":"BLM","ac":0.4,"c":14,"cl":"Unknown","ad":"2024-12-09","cd":"","st":"WA","se":4},"geometry":{"type":"Polygon","coordinates":[[[-119.96835,46.97379],[-119.96895,46.97371],[-119.96883,46.97391],[-119.96835,46.97379]]]},"bbox":[-119.96895,46.97343,-119.96832,46.97392]},{"type":"Feature","id":28614,"properties":{"y":2023,"n":"Mcbee Grade","ag":"BLM","ac":19.1,"c":14,"cl":"Unknown","ad":"2023-10-31","cd":"","st":"WA","se":3},"geometry":{"type":"Polygon","coordinates":[[[-119.51451,46.24115],[-119.51448,46.24114],[-119.51451,46.24107],[-119.51468,46.24106],[-119.51445,46.2409],[-119.51367,46.24089],[-119.51399,46.23911],[-119.51931,46.24327],[-119.51887,46.24411],[-119.51517,46.24129],[-119.51458,46.24127],[-119.51452,46.24121],[-119.51451,46.24115]],[[-119.51451,46.24116],[-119.51452,46.24119],[-119.51451,46.24116],[-119.51451,46.24116]],[[-119.51451,46.24116],[-119.51451,46.24114],[-119.51451,46.24115],[-119.51451,46.24116]]]},"bbox":[-119.51936,46.23894,-119.51342,46.24413]},{"type":"Feature","id":28615,"properties":{"y":2023,"n":"Saddle Dune","ag":"BLM","ac":1.1,"c":14,"cl":"Unknown","ad":"2023-12-07","cd":"","st":"WA","se":4},"geometry":{"type":"Polygon","coordinates":[[[-119.91787,46.81063],[-119.91964,46.81103],[-119.91846,46.81105],[-119.91787,46.81063]]]},"bbox":[-119.91969,46.81042,-119.91787,46.81105]},{"type":"Feature","id":28616,"properties":{"y":2022,"n":"Juniper Wilderness","ag":"BLM","ac":39.9,"c":14,"cl":"Unknown","ad":"2023-03-14","cd":"","st":"WA","se":1},"geometry":{"type":"Polygon","coordinates":[[[-118.8817,46.39359],[-118.87872,46.39799],[-118.87332,46.40187],[-118.87546,46.39723],[-118.8817,46.39359]]]},"bbox":[-118.88257,46.39359,-118.87327,46.40201]},{"type":"Feature","id":28617,"properties":{"y":2024,"n":"Umtanum","ag":"BLM","ac":412.0,"c":14,"cl":"Unknown","ad":"2024-12-09","cd":"","st":"WA","se":4},"geometry":{"type":"MultiPolygon","coordinates":[[[[-120.46819,46.89509],[-120.46998,46.88904],[-120.47708,46.88545],[-120.49026,46.88354],[-120.4948,46.88702],[-120.48884,46.89303],[-120.46819,46.89509]]],[[[-120.49524,46.88755],[-120.49376,46.88556],[-120.49562,46.88781],[-120.49524,46.88755]]]]},"bbox":[-120.49564,46.88349,-120.46744,46.89591]},{"type":"Feature","id":28618,"properties":{"y":2021,"n":"Mcbee","ag":"BLM","ac":7.5,"c":14,"cl":"Unknown","ad":"2023-03-14","cd":"","st":"WA","se":1},"geometry":{"type":"Polygon","coordinates":[[[-119.55754,46.24986],[-119.55521,46.25114],[-119.55504,46.25038],[-119.55754,46.24986]]]},"bbox":[-119.55795,46.24972,-119.5549,46.25153]},{"type":"Feature","id":28619,"properties":{"y":2021,"n":"Lenore Range","ag":"BLM","ac":16.8,"c":14,"cl":"Unknown","ad":"2023-03-14","cd":"","st":"WA","se":1},"geometry":{"type":"Polygon","coordinates":[[[-119.50583,47.46308],[-119.51065,47.46645],[-119.50785,47.46622],[-119.50583,47.46308]]]},"bbox":[-119.51111,47.46307,-119.50583,47.46659]},{"type":"Feature","id":28620,"properties":{"y":2022,"n":"North Mcnary","ag":"BLM","ac":2.1,"c":14,"cl":"Unknown","ad":"2023-03-14","cd":"","st":"WA","se":1},"geometry":{"type":"Polygon","coordinates":[[[-119.32445,45.93964],[-119.32526,45.94052],[-119.32469,45.94064],[-119.32445,45.93964]]]},"bbox":[-119.32541,45.93926,-119.32431,45.94066]},{"type":"Feature","id":28621,"properties":{"y":2021,"n":"Lenore North","ag":"BLM","ac":13.0,"c":14,"cl":"Unknown","ad":"2023-03-14","cd":"","st":"WA","se":1},"geometry":{"type":"Polygon","coordinates":[[[-119.49969,47.52049],[-119.5017,47.51817],[-119.50338,47.51627],[-119.49969,47.52049]]]},"bbox":[-119.50346,47.51627,-119.49969,47.52075]},{"type":"Feature","id":28622,"properties":{"y":2023,"n":"Crab Creek","ag":"BLM","ac":291.4,"c":14,"cl":"Unknown","ad":"2023-10-31","cd":"","st":"WA","se":3},"geometry":{"type":"Polygon","coordinates":[[[-119.7878,46.83066],[-119.77576,46.82525],[-119.80735,46.82521],[-119.80358,46.82924],[-119.7878,46.83066]]]},"bbox":[-119.80735,46.8248,-119.77513,46.83066]},{"type":"Feature","id":28623,"properties":{"y":2023,"n":"Ione Road","ag":"BLM","ac":108.7,"c":14,"cl":"Unknown","ad":"2023-11-03","cd":"","st":"WA","se":3},"geometry":{"type":"Polygon","coordinates":[[[-119.07083,46.40229],[-119.06341,46.40801],[-119.05743,46.40788],[-119.06067,46.40228],[-119.07083,46.40229]]]},"bbox":[-119.07141,46.40189,-119.05743,46.40802]},{"type":"Feature","id":28624,"properties":{"y":2023,"n":"Sillusi Butte","ag":"BLM","ac":253.6,"c":14,"cl":"Unknown","ad":"2023-11-03","cd":"","st":"WA","se":3},"geometry":{"type":"Polygon","coordinates":[[[-119.32469,45.94226],[-119.32188,45.94795],[-119.30908,45.95429],[-119.30726,45.95295],[-119.30929,45.94848],[-119.30556,45.94664],[-119.3092,45.9462],[-119.30489,45.94537],[-119.32469,45.94226]]]},"bbox":[-119.32501,45.94152,-119.30487,45.9543]},{"type":"Feature","id":28625,"properties":{"y":2024,"n":"Carter Rise","ag":"BLM","ac":1.7,"c":14,"cl":"Unknown","ad":"2024-08-02","cd":"","st":"WA","se":2},"geometry":{"type":"MultiPolygon","coordinates":[[[[-119.51534,48.62927],[-119.51604,48.62867],[-119.51676,48.62895],[-119.51534,48.62927]]],[[[-119.51659,48.62903],[-119.51658,48.62905],[-119.51657,48.62904],[-119.51659,48.62903]]]]},"bbox":[-119.51676,48.62824,-119.51512,48.6293]},{"type":"Feature","id":28626,"properties":{"y":2024,"n":"Selah Butte","ag":"BLM","ac":37.0,"c":14,"cl":"Unknown","ad":"2024-10-22","cd":"","st":"WA","se":3},"geometry":{"type":"Polygon","coordinates":[[[-120.44924,46.72052],[-120.44936,46.72603],[-120.44496,46.72458],[-120.44861,46.7218],[-120.44404,46.72275],[-120.44924,46.72052]]]},"bbox":[-120.45108,46.72052,-120.44404,46.72605]},{"type":"Feature","id":28627,"properties":{"y":2024,"n":"Haynes Canyon","ag":"BLM","ac":3.4,"c":14,"cl":"Unknown","ad":"2024-12-09","cd":"","st":"WA","se":4},"geometry":{"type":"Polygon","coordinates":[[[-119.34572,47.61821],[-119.34513,47.6196],[-119.34485,47.61946],[-119.34572,47.61821]]]},"bbox":[-119.3469,47.61808,-119.34484,47.61961]},{"type":"Feature","id":28628,"properties":{"y":2020,"n":"Gibbon","ag":"BLM","ac":845.1,"c":14,"cl":"Unknown","ad":"2023-03-14","cd":"","st":"WA","se":1},"geometry":{"type":"Polygon","coordinates":[[[-119.5815,46.24316],[-119.62563,46.23948],[-119.63023,46.2431],[-119.60624,46.25245],[-119.60249,46.2504],[-119.58363,46.25289],[-119.58219,46.25073],[-119.5815,46.24316]]]},"bbox":[-119.63023,46.23948,-119.5815,46.25289]},{"type":"Feature","id":28629,"properties":{"y":2024,"n":"Yakima River","ag":"BLM","ac":0.3,"c":14,"cl":"Unknown","ad":"2024-11-18","cd":"","st":"WA","se":3},"geometry":{"type":"Polygon","coordinates":[[[-120.44899,46.72601],[-120.44856,46.72623],[-120.44835,46.72614],[-120.44899,46.72601]]]},"bbox":[-120.44927,46.72601,-120.44835,46.72623]},{"type":"Feature","id":28630,"properties":{"y":2020,"n":"Road Sixteen","ag":"BLM","ac":113.0,"c":14,"cl":"Unknown","ad":"2021-05-04","cd":"","st":"WA","se":1},"geometry":{"type":"Polygon","coordinates":[[[-119.31519,47.30897],[-119.31495,47.31517],[-119.31177,47.31924],[-119.3078,47.31864],[-119.31036,47.30914],[-119.31519,47.30897]]]},"bbox":[-119.31591,47.30897,-119.30744,47.31924]},{"type":"Feature","id":28631,"properties":{"y":2022,"n":"Douglas","ag":"BLM","ac":7.8,"c":14,"cl":"Unknown","ad":"2023-03-14","cd":"","st":"WA","se":1},"geometry":{"type":"Polygon","coordinates":[[[-120.15213,47.38356],[-120.14666,47.38308],[-120.14492,47.3825],[-120.15213,47.38356]]]},"bbox":[-120.15213,47.38208,-120.14492,47.38378]},{"type":"Feature","id":28632,"properties":{"y":2023,"n":"Clark Pond","ag":"BLM","ac":111.7,"c":14,"cl":"Unknown","ad":"2023-07-01","cd":"","st":"WA","se":2},"geometry":{"type":"Polygon","coordinates":[[[-119.06643,46.51808],[-119.07016,46.51876],[-119.06924,46.52274],[-119.07309,46.52555],[-119.07133,46.52875],[-119.06144,46.52746],[-119.06611,46.52439],[-119.06643,46.51808]]]},"bbox":[-119.07309,46.51808,-119.06144,46.52875]},{"type":"Feature","id":28633,"properties":{"y":2023,"n":"Selah Cliffs","ag":"BLM","ac":102.8,"c":14,"cl":"Unknown","ad":"2023-10-31","cd":"","st":"WA","se":3},"geometry":{"type":"Polygon","coordinates":[[[-120.46001,46.71598],[-120.44794,46.72014],[-120.45385,46.71674],[-120.45157,46.71272],[-120.45853,46.71304],[-120.45767,46.71643],[-120.46001,46.71598]]]},"bbox":[-120.46001,46.7119,-120.44794,46.72139]},{"type":"Feature","id":28634,"properties":{"y":2023,"n":"South Slope","ag":"BLM","ac":358.4,"c":14,"cl":"Unknown","ad":"2023-10-31","cd":"","st":"WA","se":3},"geometry":{"type":"Polygon","coordinates":[[[-120.44859,46.72473],[-120.45101,46.72874],[-120.44406,46.73438],[-120.43791,46.73716],[-120.43588,46.73722],[-120.43386,46.73658],[-120.43361,46.72355],[-120.44859,46.72473]]]},"bbox":[-120.45101,46.72285,-120.43249,46.73725]},{"type":"Feature","id":28635,"properties":{"y":2024,"n":"Corbaley Drive","ag":"BLM","ac":0.1,"c":14,"cl":"Unknown","ad":"2024-12-09","cd":"","st":"WA","se":4},"geometry":{"type":"Polygon","coordinates":[[[-120.20124,47.63064],[-120.20149,47.63071],[-120.20141,47.63074],[-120.20124,47.63064]]]},"bbox":[-120.20149,47.63041,-120.20122,47.63074]},{"type":"Feature","id":28636,"properties":{"y":2021,"n":"Travis Road","ag":"BLM","ac":0.4,"c":14,"cl":"Unknown","ad":"2023-03-14","cd":"","st":"WA","se":1},"geometry":{"type":"Polygon","coordinates":[[[-119.45644,46.19301],[-119.45678,46.19279],[-119.45662,46.19339],[-119.45644,46.19301]]]},"bbox":[-119.45678,46.19264,-119.45644,46.19339]},{"type":"Feature","id":28637,"properties":{"y":2020,"n":"Grandview","ag":"BLM","ac":60.5,"c":14,"cl":"Unknown","ad":"2023-03-14","cd":"","st":"WA","se":1},"geometry":{"type":"Polygon","coordinates":[[[-119.33135,46.18578],[-119.32131,46.18662],[-119.32033,46.18459],[-119.3221,46.18239],[-119.33135,46.18578]]]},"bbox":[-119.33135,46.18239,-119.32033,46.18693]},{"type":"Feature","id":28638,"properties":{"y":2020,"n":"Mud Flats","ag":"BLM","ac":0.0,"c":14,"cl":"Unknown","ad":"2023-03-14","cd":"","st":"WA","se":1},"geometry":{"type":"Polygon","coordinates":[[[-119.33787,47.0532],[-119.33797,47.05314],[-119.33801,47.0532],[-119.33787,47.0532]]]},"bbox":[-119.33801,47.05313,-119.33786,47.05324]},{"type":"Feature","id":28639,"properties":{"y":2022,"n":"Lower Crab","ag":"BLM","ac":46.6,"c":14,"cl":"Unknown","ad":"2023-03-14","cd":"","st":"WA","se":1},"geometry":{"type":"Polygon","coordinates":[[[-119.81725,46.82367],[-119.8128,46.82764],[-119.81077,46.8242],[-119.81725,46.82367]]]},"bbox":[-119.81813,46.82367,-119.81077,46.82813]},{"type":"Feature","id":28640,"properties":{"y":2023,"n":"Russell","ag":"BLM","ac":178.3,"c":14,"cl":"Unknown","ad":"2023-07-01","cd":"","st":"WA","se":2},"geometry":{"type":"Polygon","coordinates":[[[-119.01398,46.5234],[-119.00582,46.51159],[-119.01492,46.49887],[-119.01123,46.51478],[-119.01398,46.5234]]]},"bbox":[-119.01492,46.49887,-119.00582,46.5234]},{"type":"Feature","id":28641,"properties":{"y":2023,"n":"Cache Butte","ag":"BLM","ac":36.6,"c":14,"cl":"Unknown","ad":"2023-10-31","cd":"","st":"WA","se":3},"geometry":{"type":"Polygon","coordinates":[[[-119.16453,47.90428],[-119.16895,47.90269],[-119.16899,47.90616],[-119.16548,47.90709],[-119.16453,47.90428]]]},"bbox":[-119.16905,47.9026,-119.1642,47.90767]},{"type":"Feature","id":28642,"properties":{"y":2022,"n":"Babcock Lake","ag":"BLM","ac":0.3,"c":14,"cl":"Unknown","ad":"2023-03-14","cd":"","st":"WA","se":1},"geometry":{"type":"Polygon","coordinates":[[[-119.92995,47.23825],[-119.9305,47.23847],[-119.92997,47.2383],[-119.92995,47.23825]]]},"bbox":[-119.93055,47.23809,-119.92995,47.23849]},{"type":"Feature","id":28643,"properties":{"y":2022,"n":"Sand Dune","ag":"BLM","ac":0.1,"c":14,"cl":"Unknown","ad":"2023-03-14","cd":"","st":"WA","se":1},"geometry":{"type":"Polygon","coordinates":[[[-119.33396,47.07872],[-119.3337,47.0787],[-119.33372,47.07867],[-119.33396,47.07872]]]},"bbox":[-119.33398,47.07865,-119.3337,47.07888]},{"type":"Feature","id":28644,"properties":{"y":2023,"n":"Sillusi","ag":"BLM","ac":37.1,"c":14,"cl":"Unknown","ad":"2023-10-31","cd":"","st":"WA","se":3},"geometry":{"type":"Polygon","coordinates":[[[-119.27315,45.94918],[-119.27103,45.95324],[-119.26695,45.95235],[-119.27315,45.94918]]]},"bbox":[-119.27389,45.94918,-119.26695,45.95326]},{"type":"Feature","id":28645,"properties":{"y":2021,"n":"Selah Butte","ag":"BLM","ac":6.9,"c":14,"cl":"Unknown","ad":"2023-03-14","cd":"","st":"WA","se":1},"geometry":{"type":"Polygon","coordinates":[[[-120.4502,46.73603],[-120.44853,46.73699],[-120.44696,46.73509],[-120.4502,46.73603]]]},"bbox":[-120.4502,46.7349,-120.44696,46.73711]},{"type":"Feature","id":28646,"properties":{"y":2022,"n":"Dennis","ag":"BLM","ac":6.9,"c":14,"cl":"Unknown","ad":"2023-03-14","cd":"","st":"WA","se":1},"geometry":{"type":"Polygon","coordinates":[[[-119.43308,46.21301],[-119.4354,46.21105],[-119.43297,46.21417],[-119.43308,46.21301]]]},"bbox":[-119.4354,46.21097,-119.43281,46.21419]},{"type":"Feature","id":28647,"properties":{"y":2022,"n":"Kuch Lake","ag":"BLM","ac":30.9,"c":14,"cl":"Unknown","ad":"2023-03-14","cd":"","st":"WA","se":1},"geometry":{"type":"Polygon","coordinates":[[[-118.91307,47.42418],[-118.91777,47.42087],[-118.92158,47.42143],[-118.91988,47.42297],[-118.91307,47.42418]]]},"bbox":[-118.92159,47.4207,-118.91163,47.42421]},{"type":"Feature","id":28648,"properties":{"y":2022,"n":"Barber Mountain","ag":"BLM","ac":41.4,"c":14,"cl":"Unknown","ad":"2023-03-14","cd":"","st":"WA","se":1},"geometry":{"type":"Polygon","coordinates":[[[-119.68868,48.99413],[-119.69011,48.98908],[-119.69354,48.99117],[-119.68868,48.99413]]]},"bbox":[-119.69354,48.98881,-119.68712,48.99413]},{"type":"Feature","id":28649,"properties":{"y":2022,"n":"Hiawatha South","ag":"BLM","ac":89.5,"c":14,"cl":"Unknown","ad":"2023-03-14","cd":"","st":"WA","se":1},"geometry":{"type":"MultiPolygon","coordinates":[[[[-119.47086,47.10509],[-119.47089,47.10608],[-119.47069,47.10694],[-119.46415,47.10902],[-119.46439,47.111],[-119.45972,47.11051],[-119.45826,47.1073],[-119.46197,47.10746],[-119.46081,47.10648],[-119.46109,47.10619],[-119.46101,47.10602],[-119.46103,47.10586],[-119.46105,47.10584],[-119.46105,47.10584],[-119.46105,47.10583],[-119.46105,47.10583],[-119.46092,47.10574],[-119.46097,47.10564],[-119.46087,47.10551],[-119.46088,47.10542],[-119.46088,47.1054],[-119.46082,47.10529],[-119.46083,47.10517],[-119.46072,47.10488],[-119.46073,47.10487],[-119.46078,47.10477],[-119.46078,47.10465],[-119.46081,47.10463],[-119.46351,47.10459],[-119.46407,47.10462],[-119.46675,47.10459],[-119.46853,47.10462],[-119.46888,47.10459],[-119.46905,47.1046],[-119.4691,47.10463],[-119.46954,47.1046],[-119.4707,47.10459],[-119.47079,47.10464],[-119.47078,47.10468],[-119.47081,47.10474],[-119.47081,47.10495],[-119.47086,47.10509]],[[-119.46105,47.10583],[-119.46105,47.10583],[-119.46106,47.10583],[-119.46105,47.10583]],[[-119.46097,47.10564],[-119.46097,47.10564],[-119.46097,47.10563],[-119.46097,47.10564]],[[-119.46088,47.10542],[-119.46088,47.10542],[-119.46088,47.10542],[-119.46088,47.10542]],[[-119.46105,47.10583],[-119.46105,47.10583],[-119.46105,47.10583],[-119.46105,47.10583]],[[-119.46905,47.10461],[-119.46904,47.10461],[-119.46904,47.10461],[-119.46905,47.10461]],[[-119.46943,47.10461],[-119.46943,47.10461],[-119.46943,47.10461],[-119.46943,47.10461]],[[-119.46944,47.10461],[-119.46944,47.10461],[-119.46944,47.10461],[-119.46944,47.10461]],[[-119.4696,47.10696],[-119.46959,47.10696],[-119.4696,47.10696],[-119.4696,47.10696]],[[-119.47071,47.10678],[-119.47071,47.10677],[-119.47071,47.10677],[-119.47071,47.10678]],[[-119.47081,47.10474],[-119.47081,47.10475],[-119.47081,47.10474],[-119.47081,47.10474]],[[-119.47084,47.10517],[-119.47084,47.10517],[-119.47084,47.10517],[-119.47084,47.10517]],[[-119.47084,47.10524],[-119.47084,47.10524],[-119.47084,47.10524],[-119.47084,47.10524]]],[[[-119.46073,47.10487],[-119.46073,47.10487],[-119.46073,47.10487],[-119.46073,47.10487]]],[[[-119.46088,47.10542],[-119.46088,47.10542],[-119.46087,47.10542],[-119.46088,47.10542]]],[[[-119.46088,47.10542],[-119.46088,47.10542],[-119.46088,47.10542],[-119.46088,47.10542]]],[[[-119.46088,47.10542],[-119.46088,47.10543],[-119.46088,47.10542],[-119.46088,47.10542]]],[[[-119.46104,47.10583],[-119.46104,47.10584],[-119.46104,47.10583],[-119.46104,47.10583],[-119.46104,47.10583],[-119.46104,47.10583],[-119.46104,47.10583],[-119.46104,47.10583]]],[[[-119.46104,47.10583],[-119.46104,47.10583],[-119.46104,47.10583],[-119.46104,47.10583]]],[[[-119.46104,47.10583],[-119.46104,47.10583],[-119.46104,47.10583],[-119.46104,47.10583]]],[[[-119.46104,47.10583],[-119.46104,47.10583],[-119.46104,47.10583],[-119.46104,47.10583]]],[[[-119.46104,47.10583],[-119.46104,47.10583],[-119.46104,47.10583],[-119.46104,47.10583]]],[[[-119.46104,47.10583],[-119.46104,47.10583],[-119.46104,47.10583],[-119.46104,47.10583]]],[[[-119.46104,47.10583],[-119.46104,47.10583],[-119.46104,47.10583],[-119.46104,47.10583]]],[[[-119.46104,47.10583],[-119.46104,47.10583],[-119.46104,47.10583],[-119.46104,47.10583]]],[[[-119.46104,47.10583],[-119.46104,47.10583],[-119.46104,47.10583],[-119.46104,47.10583]]],[[[-119.46105,47.10583],[-119.46104,47.10583],[-119.46104,47.10583],[-119.46105,47.10583]]],[[[-119.46104,47.10583],[-119.46104,47.10583],[-119.46104,47.10583],[-119.46104,47.10583]]],[[[-119.46104,47.10583],[-119.46104,47.10583],[-119.46104,47.10583],[-119.46104,47.10583]]],[[[-119.46104,47.10583],[-119.46104,47.10583],[-119.46104,47.10583],[-119.46104,47.10583]]],[[[-119.46104,47.10583],[-119.46104,47.10584],[-119.46104,47.10584],[-119.46104,47.10583]]],[[[-119.46104,47.10583],[-119.46104,47.10583],[-119.46104,47.10583],[-119.46104,47.10583]]],[[[-119.46104,47.10583],[-119.46104,47.10583],[-119.46104,47.10583],[-119.46104,47.10583]]],[[[-119.46104,47.10583],[-119.46104,47.10583],[-119.46104,47.10583],[-119.46104,47.10583]]],[[[-119.46104,47.10584],[-119.46104,47.10584],[-119.46104,47.10584],[-119.46104,47.10584]]],[[[-119.46105,47.10584],[-119.46105,47.10584],[-119.46105,47.10584],[-119.46105,47.10584]]],[[[-119.46105,47.10584],[-119.46104,47.10583],[-119.46104,47.10583],[-119.46105,47.10584]]],[[[-119.46104,47.10583],[-119.46104,47.10583],[-119.46105,47.10583],[-119.46104,47.10583]]],[[[-119.46105,47.10583],[-119.46105,47.10583],[-119.46105,47.10583],[-119.46105,47.10583]]],[[[-119.46845,47.1046],[-119.46845,47.1046],[-119.46845,47.1046],[-119.46845,47.1046]]],[[[-119.46845,47.1046],[-119.46844,47.1046],[-119.46845,47.1046],[-119.46845,47.1046]]],[[[-119.46845,47.1046],[-119.46845,47.1046],[-119.46845,47.1046],[-119.46845,47.1046]]]]},"bbox":[-119.47089,47.10459,-119.45826,47.111]},{"type":"Feature","id":28650,"properties":{"y":2022,"n":"Hunter Canal","ag":"BLM","ac":45.0,"c":14,"cl":"Unknown","ad":"2023-03-14","cd":"","st":"WA","se":1},"geometry":{"type":"MultiPolygon","coordinates":[[[[-119.58262,47.3499],[-119.58263,47.3499],[-119.58262,47.3499],[-119.58262,47.3499]]],[[[-119.58262,47.3499],[-119.58192,47.34697],[-119.58692,47.34895],[-119.58728,47.35422],[-119.58262,47.3499]],[[-119.58219,47.34736],[-119.58218,47.34736],[-119.58218,47.34736],[-119.58219,47.34736]]]]},"bbox":[-119.58803,47.3469,-119.58191,47.35457]},{"type":"Feature","id":28651,"properties":{"y":2023,"n":"South Frontage","ag":"BLM","ac":1.4,"c":14,"cl":"Unknown","ad":"2023-07-01","cd":"","st":"WA","se":2},"geometry":{"type":"Polygon","coordinates":[[[-119.38304,47.08412],[-119.38387,47.08356],[-119.38422,47.08403],[-119.38304,47.08412]]]},"bbox":[-119.38422,47.08356,-119.38264,47.0842]},{"type":"Feature","id":28652,"properties":{"y":2023,"n":"Juniper Sand Dunes","ag":"BLM","ac":0.1,"c":14,"cl":"Unknown","ad":"2023-10-31","cd":"","st":"WA","se":3},"geometry":{"type":"Polygon","coordinates":[[[-118.91173,46.34856],[-118.91187,46.34864],[-118.91157,46.34861],[-118.91173,46.34856]]]},"bbox":[-118.91209,46.34854,-118.91157,46.34864]},{"type":"Feature","id":28653,"properties":{"y":2024,"n":"Deringer","ag":"BLM","ac":0.6,"c":14,"cl":"Unknown","ad":"2024-08-02","cd":"","st":"WA","se":2},"geometry":{"type":"Polygon","coordinates":[[[-119.28963,47.23278],[-119.2903,47.23292],[-119.29113,47.23361],[-119.28963,47.23278]]]},"bbox":[-119.29113,47.23268,-119.28963,47.23361]},{"type":"Feature","id":28654,"properties":{"y":2022,"n":"Adams","ag":"BLM","ac":181.8,"c":14,"cl":"Unknown","ad":"2023-03-14","cd":"","st":"WA","se":1},"geometry":{"type":"Polygon","coordinates":[[[-119.73927,47.01601],[-119.73984,47.01267],[-119.7525,47.01231],[-119.75695,47.01794],[-119.74135,47.02019],[-119.73883,47.0186],[-119.74469,47.016],[-119.73927,47.01601]]]},"bbox":[-119.75695,47.01199,-119.73883,47.02019]},{"type":"Feature","id":28655,"properties":{"y":2022,"n":"Wanapum Lake","ag":"BLM","ac":0.0,"c":14,"cl":"Unknown","ad":"2023-03-14","cd":"","st":"WA","se":1},"geometry":{"type":"Polygon","coordinates":[[[-119.94849,46.90627],[-119.9485,46.90633],[-119.94846,46.90633],[-119.94849,46.90627]]]},"bbox":[-119.94853,46.90626,-119.94846,46.90634]},{"type":"Feature","id":28656,"properties":{"y":2021,"n":"Barrel","ag":"BLM","ac":0.4,"c":14,"cl":"Unknown","ad":"2023-03-14","cd":"","st":"WA","se":1},"geometry":{"type":"Polygon","coordinates":[[[-119.83592,46.54591],[-119.83621,46.54606],[-119.83582,46.54631],[-119.83592,46.54591]]]},"bbox":[-119.83679,46.54578,-119.8358,46.54631]},{"type":"Feature","id":28657,"properties":{"y":2022,"n":"Babcock Draw","ag":"BLM","ac":0.0,"c":14,"cl":"Unknown","ad":"2023-03-14","cd":"","st":"WA","se":1},"geometry":{"type":"Polygon","coordinates":[[[-119.96937,47.00584],[-119.96935,47.00588],[-119.96932,47.00585],[-119.96937,47.00584]]]},"bbox":[-119.96937,47.00584,-119.96932,47.00588]},{"type":"Feature","id":28658,"properties":{"y":2023,"n":"Miller Ranch","ag":"BLM","ac":9.6,"c":14,"cl":"Unknown","ad":"2023-11-09","cd":"","st":"WA","se":3},"geometry":{"type":"Polygon","coordinates":[[[-117.8628,47.33335],[-117.86143,47.33195],[-117.86353,47.33164],[-117.8628,47.33335]]]},"bbox":[-117.86355,47.33146,-117.86029,47.334]},{"type":"Feature","id":28659,"properties":{"y":2024,"n":"Black Rock Lot","ag":"BLM","ac":0.5,"c":14,"cl":"Unknown","ad":"2024-12-03","cd":"","st":"WA","se":4},"geometry":{"type":"MultiPolygon","coordinates":[[[[-119.20033,47.23303],[-119.19942,47.2329],[-119.20039,47.23292],[-119.20033,47.23303]]],[[[-119.20059,47.23336],[-119.20049,47.23307],[-119.20079,47.23315],[-119.20059,47.23336]]]]},"bbox":[-119.20079,47.2329,-119.19941,47.23342]},{"type":"Feature","id":28660,"properties":{"y":2022,"n":"Miller","ag":"BLM","ac":5.3,"c":14,"cl":"Unknown","ad":"2023-03-14","cd":"","st":"WA","se":1},"geometry":{"type":"Polygon","coordinates":[[[-117.87796,47.3238],[-117.87598,47.32407],[-117.8771,47.32293],[-117.87796,47.3238]]]},"bbox":[-117.87796,47.32293,-117.87595,47.32503]},{"type":"Feature","id":28661,"properties":{"y":2023,"n":"Corbaley Canyon","ag":"BLM","ac":75.7,"c":14,"cl":"Unknown","ad":"2023-10-31","cd":"","st":"WA","se":3},"geometry":{"type":"Polygon","coordinates":[[[-120.20384,47.63233],[-120.2105,47.63344],[-120.21206,47.63833],[-120.20087,47.63559],[-120.20384,47.63233]]]},"bbox":[-120.21237,47.63233,-120.20087,47.63884]},{"type":"Feature","id":28662,"properties":{"y":2023,"n":"O'Sullivan Dam Road","ag":"BLM","ac":1.6,"c":14,"cl":"Unknown","ad":"2023-10-31","cd":"","st":"WA","se":3},"geometry":{"type":"Polygon","coordinates":[[[-119.35667,46.97111],[-119.35412,46.97079],[-119.35704,46.97078],[-119.35667,46.97111]]]},"bbox":[-119.35704,46.97077,-119.35376,46.97112]},{"type":"Feature","id":28663,"properties":{"y":2024,"n":"Folsom","ag":"BLM","ac":0.5,"c":14,"cl":"Unknown","ad":"2024-06-26","cd":"","st":"WA","se":2},"geometry":{"type":"Polygon","coordinates":[[[-117.83076,47.36686],[-117.83054,47.36712],[-117.83,47.3668],[-117.83076,47.36686]]]},"bbox":[-117.83093,47.3668,-117.83,47.36737]},{"type":"Feature","id":28664,"properties":{"y":2024,"n":"Valley Loop","ag":"BLM","ac":0.0,"c":14,"cl":"Unknown","ad":"2024-12-11","cd":"","st":"WA","se":4},"geometry":{"type":"MultiPolygon","coordinates":[[[[-117.84782,47.36371],[-117.8478,47.3638],[-117.84771,47.36378],[-117.84782,47.36371]]],[[[-117.84782,47.36371],[-117.84782,47.3637],[-117.84783,47.36372],[-117.84782,47.36371]]]]},"bbox":[-117.84783,47.36369,-117.84769,47.3638]},{"type":"Feature","id":28665,"properties":{"y":2022,"n":"Scooteney","ag":"BLM","ac":1.8,"c":14,"cl":"Unknown","ad":"2023-03-14","cd":"","st":"WA","se":1},"geometry":{"type":"Polygon","coordinates":[[[-119.0142,46.70821],[-119.01547,46.70869],[-119.01401,46.70868],[-119.0142,46.70821]]]},"bbox":[-119.01585,46.70807,-119.01401,46.70873]},{"type":"Feature","id":28666,"properties":{"y":2020,"n":"Webber","ag":"BLM","ac":37.5,"c":14,"cl":"Unknown","ad":"2023-03-14","cd":"","st":"WA","se":1},"geometry":{"type":"Polygon","coordinates":[[[-119.44206,46.2132],[-119.43788,46.21706],[-119.43324,46.21408],[-119.44206,46.2132]]]},"bbox":[-119.44207,46.21209,-119.43322,46.21706]},{"type":"Feature","id":28667,"properties":{"y":2020,"n":"Beverly Burke","ag":"BLM","ac":788.3,"c":14,"cl":"Unknown","ad":"2023-03-14","cd":"","st":"WA","se":1},"geometry":{"type":"MultiPolygon","coordinates":[[[[-119.90602,46.87333],[-119.90816,46.87377],[-119.9063,46.87662],[-119.89817,46.88015],[-119.90005,46.88325],[-119.88824,46.88345],[-119.88268,46.8905],[-119.8815,46.8834],[-119.87856,46.88028],[-119.87982,46.86994],[-119.87673,46.86877],[-119.89588,46.86776],[-119.89948,46.87264],[-119.90716,46.87075],[-119.91293,46.87333],[-119.90602,46.87333]]],[[[-119.88174,46.88632],[-119.88176,46.88633],[-119.88174,46.88633],[-119.88174,46.88632]]]]},"bbox":[-119.91293,46.86698,-119.87673,46.89054]},{"type":"Feature","id":28668,"properties":{"y":2020,"n":"Palmer","ag":"BLM","ac":17987.8,"c":14,"cl":"Unknown","ad":"2023-03-14","cd":"","st":"WA","se":1},"geometry":{"type":"Polygon","coordinates":[[[-119.53695,48.89319],[-119.5252,48.88193],[-119.51771,48.86427],[-119.52035,48.86005],[-119.52262,48.86256],[-119.52411,48.8563],[-119.52067,48.84007],[-119.52255,48.82006],[-119.55401,48.81284],[-119.58448,48.8213],[-119.58625,48.81787],[-119.59402,48.82022],[-119.59939,48.81755],[-119.61399,48.81811],[-119.64351,48.83634],[-119.64267,48.85155],[-119.63701,48.85839],[-119.63145,48.85939],[-119.62644,48.87077],[-119.59957,48.88149],[-119.59617,48.88555],[-119.58613,48.88633],[-119.58127,48.89624],[-119.58258,48.90193],[-119.57995,48.90297],[-119.58471,48.91291],[-119.58159,48.91646],[-119.58365,48.9182],[-119.57401,48.92578],[-119.56224,48.92722],[-119.55453,48.92099],[-119.55234,48.91497],[-119.54445,48.91492],[-119.54283,48.90903],[-119.53664,48.90778],[-119.536,48.90202],[-119.53896,48.90016],[-119.53608,48.90121],[-119.53184,48.89675],[-119.53695,48.89319]]]},"bbox":[-119.64435,48.81284,-119.5176,48.92725]},{"type":"Feature","id":28669,"properties":{"y":2021,"n":"Fishtrap Road","ag":"BLM","ac":69.9,"c":14,"cl":"Unknown","ad":"2023-03-14","cd":"","st":"WA","se":1},"geometry":{"type":"Polygon","coordinates":[[[-117.85936,47.35809],[-117.85162,47.36125],[-117.84655,47.36015],[-117.8493,47.35758],[-117.85936,47.35809]]]},"bbox":[-117.86,47.35744,-117.84655,47.36125]},{"type":"Feature","id":28670,"properties":{"y":2024,"n":"Vantage Canyon","ag":"BLM","ac":0.3,"c":14,"cl":"Unknown","ad":"2024-12-11","cd":"","st":"WA","se":4},"geometry":{"type":"Polygon","coordinates":[[[-120.225,46.98046],[-120.22557,46.9803],[-120.22557,46.98059],[-120.225,46.98046]]]},"bbox":[-120.22561,46.98021,-120.225,46.9806]},{"type":"Feature","id":28671,"properties":{"y":2022,"n":"Beda Lake","ag":"BLM","ac":0.0,"c":14,"cl":"Unknown","ad":"2023-03-14","cd":"","st":"WA","se":1},"geometry":{"type":"Polygon","coordinates":[[[-119.54667,47.04862],[-119.54679,47.04855],[-119.54685,47.04861],[-119.54667,47.04862]]]},"bbox":[-119.54685,47.04852,-119.54665,47.04865]},{"type":"Feature","id":28672,"properties":{"y":2021,"n":"Rye Grass Coulee","ag":"BLM","ac":7.1,"c":14,"cl":"Unknown","ad":"2023-03-14","cd":"","st":"WA","se":1},"geometry":{"type":"Polygon","coordinates":[[[-118.88536,46.42949],[-118.88864,46.42933],[-118.88822,46.43153],[-118.88536,46.42949]]]},"bbox":[-118.88872,46.42928,-118.88536,46.43153]},{"type":"Feature","id":28673,"properties":{"y":2022,"n":"Crab Creek","ag":"BLM","ac":4.4,"c":14,"cl":"Unknown","ad":"2023-03-14","cd":"","st":"WA","se":1},"geometry":{"type":"Polygon","coordinates":[[[-119.84482,46.82933],[-119.84885,46.83026],[-119.84336,46.83],[-119.84482,46.82933]]]},"bbox":[-119.84885,46.82933,-119.84336,46.83038]},{"type":"Feature","id":28674,"properties":{"y":2022,"n":"Canal","ag":"BLM","ac":0.2,"c":14,"cl":"Unknown","ad":"2023-03-14","cd":"","st":"WA","se":1},"geometry":{"type":"Polygon","coordinates":[[[-119.47023,47.11003],[-119.46962,47.11],[-119.46961,47.10994],[-119.47023,47.11003]]]},"bbox":[-119.47025,47.10991,-119.46961,47.11015]},{"type":"Feature","id":28675,"properties":{"y":2023,"n":"Juniper Road","ag":"BLM","ac":27.4,"c":14,"cl":"Unknown","ad":"2023-10-31","cd":"","st":"WA","se":3},"geometry":{"type":"Polygon","coordinates":[[[-118.95193,46.35126],[-118.95207,46.35724],[-118.94852,46.35668],[-118.94986,46.35222],[-118.95193,46.35126]]]},"bbox":[-118.95207,46.35116,-118.94838,46.35726]},{"type":"Feature","id":28676,"properties":{"y":2022,"n":"Perch Point","ag":"BLM","ac":0.1,"c":14,"cl":"Unknown","ad":"2023-03-14","cd":"","st":"WA","se":1},"geometry":{"type":"Polygon","coordinates":[[[-119.28031,46.99703],[-119.28072,46.99703],[-119.28051,46.99726],[-119.28031,46.99703]]]},"bbox":[-119.28072,46.99703,-119.28031,46.99726]},{"type":"Feature","id":28677,"properties":{"y":2021,"n":"Mission Creek","ag":"BLM","ac":15.8,"c":14,"cl":"Unknown","ad":"2023-03-14","cd":"","st":"WA","se":1},"geometry":{"type":"Polygon","coordinates":[[[-120.48556,47.46593],[-120.4854,47.46836],[-120.48235,47.4671],[-120.48556,47.46593]]]},"bbox":[-120.48727,47.46571,-120.48235,47.46848]},{"type":"Feature","id":28678,"properties":{"y":2021,"n":"Delta","ag":"BLM","ac":208.0,"c":14,"cl":"Unknown","ad":"2023-03-14","cd":"","st":"WA","se":1},"geometry":{"type":"Polygon","coordinates":[[[-119.24417,46.23999],[-119.252,46.24521],[-119.25717,46.25367],[-119.2385,46.24604],[-119.24106,46.24451],[-119.23754,46.24374],[-119.24417,46.23999]]]},"bbox":[-119.25717,46.23999,-119.23754,46.25382]},{"type":"Feature","id":28679,"properties":{"y":2022,"n":"Watermelon Fence","ag":"BLM","ac":15.4,"c":14,"cl":"Unknown","ad":"2023-03-14","cd":"","st":"WA","se":1},"geometry":{"type":"Polygon","coordinates":[[[-117.87362,47.32728],[-117.88045,47.32741],[-117.87271,47.32763],[-117.87362,47.32728]]]},"bbox":[-117.88045,47.32667,-117.87271,47.32831]},{"type":"Feature","id":28680,"properties":{"y":2021,"n":"Sentinel Bluff","ag":"BLM","ac":63.3,"c":14,"cl":"Unknown","ad":"2021-11-10","cd":"","st":"WA","se":3},"geometry":{"type":"Polygon","coordinates":[[[-119.89923,46.77641],[-119.90116,46.77588],[-119.90371,46.78198],[-119.90015,46.78488],[-119.89923,46.77641]],[[-119.90036,46.77621],[-119.90035,46.77621],[-119.90033,46.77622],[-119.90036,46.77621]]]},"bbox":[-119.90371,46.77579,-119.89817,46.78488]},{"type":"Feature","id":28681,"properties":{"y":2022,"n":"Gibbon","ag":"BLM","ac":1756.5,"c":14,"cl":"Unknown","ad":"2022-12-21","cd":"","st":"WA","se":4},"geometry":{"type":"Polygon","coordinates":[[[-119.64259,46.23893],[-119.65981,46.22435],[-119.66368,46.21698],[-119.67723,46.21118],[-119.67909,46.20318],[-119.68306,46.2032],[-119.68028,46.20636],[-119.704,46.20308],[-119.70387,46.20588],[-119.6924,46.21315],[-119.70365,46.21123],[-119.71046,46.20251],[-119.72052,46.20671],[-119.70742,46.2107],[-119.71159,46.21477],[-119.70605,46.21924],[-119.68235,46.2203],[-119.67062,46.22568],[-119.667,46.23103],[-119.64259,46.23893]]]},"bbox":[-119.72052,46.20251,-119.64259,46.23949]},{"type":"Feature","id":28682,"properties":{"y":2022,"n":"Drumheller","ag":"BLM","ac":266.2,"c":14,"cl":"Unknown","ad":"2023-03-14","cd":"","st":"WA","se":1},"geometry":{"type":"MultiPolygon","coordinates":[[[[-119.4912,47.24656],[-119.4913,47.24655],[-119.49146,47.24669],[-119.49145,47.24692],[-119.49325,47.24796],[-119.49661,47.25269],[-119.49642,47.25614],[-119.49264,47.25735],[-119.49167,47.25362],[-119.48597,47.25455],[-119.48634,47.25305],[-119.48429,47.25323],[-119.48111,47.26033],[-119.481,47.24858],[-119.49012,47.24647],[-119.48701,47.24554],[-119.48572,47.24473],[-119.48552,47.24443],[-119.48801,47.24556],[-119.48996,47.24605],[-119.49105,47.24662],[-119.4912,47.24656]],[[-119.49121,47.24656],[-119.4912,47.24657],[-119.4912,47.24657],[-119.49121,47.24656]]],[[[-119.48326,47.25962],[-119.48328,47.25961],[-119.48327,47.25963],[-119.48326,47.25962]]],[[[-119.48432,47.25324],[-119.48433,47.25324],[-119.48432,47.25324],[-119.48432,47.25324]]],[[[-119.4912,47.24656],[-119.4912,47.24656],[-119.49119,47.24656],[-119.4912,47.24656]]]]},"bbox":[-119.49692,47.24442,-119.47996,47.26049]},{"type":"Feature","id":28683,"properties":{"y":2023,"n":"Pleasant Rock","ag":"BLM","ac":9.3,"c":14,"cl":"Unknown","ad":"2023-10-31","cd":"","st":"WA","se":3},"geometry":{"type":"Polygon","coordinates":[[[-119.04186,47.94754],[-119.04063,47.94598],[-119.0436,47.94636],[-119.04186,47.94754]]]},"bbox":[-119.0436,47.94598,-119.0392,47.94754]},{"type":"Feature","id":28684,"properties":{"y":2023,"n":"Saddle Mountain","ag":"BLM","ac":616.7,"c":14,"cl":"Unknown","ad":"2023-10-31","cd":"","st":"WA","se":3},"geometry":{"type":"MultiPolygon","coordinates":[[[[-119.33074,46.71784],[-119.34417,46.71804],[-119.345,46.71767],[-119.34571,46.71694],[-119.34569,46.71523],[-119.34625,46.71568],[-119.34809,46.72849],[-119.3476,46.73189],[-119.34451,46.73208],[-119.34475,46.73773],[-119.32807,46.73152],[-119.32698,46.72636],[-119.33444,46.72271],[-119.33074,46.71784]]],[[[-119.32784,46.731],[-119.32783,46.73101],[-119.32779,46.73099],[-119.32784,46.731]]],[[[-119.32788,46.73105],[-119.32788,46.73104],[-119.32792,46.73104],[-119.32788,46.73105]]],[[[-119.34568,46.71696],[-119.34568,46.71696],[-119.34568,46.71697],[-119.34568,46.71696]]],[[[-119.34568,46.71696],[-119.34568,46.71695],[-119.34568,46.71696],[-119.34568,46.71696]]]]},"bbox":[-119.3481,46.71522,-119.32689,46.7378]},{"type":"Feature","id":28685,"properties":{"y":2024,"n":"Palisades Road","ag":"BLM","ac":694.6,"c":14,"cl":"Unknown","ad":"2024-10-10","cd":"","st":"WA","se":3},"geometry":{"type":"Polygon","coordinates":[[[-120.01797,47.28962],[-120.02478,47.29377],[-120.02475,47.29896],[-120.01706,47.2996],[-120.02388,47.30259],[-120.01891,47.30917],[-119.99767,47.31194],[-119.99263,47.30938],[-119.99388,47.30594],[-119.99939,47.30572],[-120.00047,47.30145],[-120.01525,47.29686],[-120.01797,47.28962]],[[-120.02203,47.29896],[-120.02204,47.29899],[-120.02207,47.29897],[-120.02203,47.29896]]]},"bbox":[-120.02479,47.28962,-119.99255,47.31194]},{"type":"Feature","id":28686,"properties":{"y":2022,"n":"Trinidad Grade","ag":"BLM","ac":0.0,"c":14,"cl":"Unknown","ad":"2023-03-14","cd":"","st":"WA","se":1},"geometry":{"type":"Polygon","coordinates":[[[-119.96782,47.23927],[-119.96765,47.23913],[-119.96787,47.23921],[-119.96782,47.23927]]]},"bbox":[-119.96787,47.23913,-119.96764,47.23927]},{"type":"Feature","id":28687,"properties":{"y":2020,"n":"Juniper Dunes 2","ag":"BLM","ac":0.8,"c":14,"cl":"Unknown","ad":"2023-03-14","cd":"","st":"WA","se":1},"geometry":{"type":"Polygon","coordinates":[[[-118.89582,46.37976],[-118.89534,46.38029],[-118.89481,46.37996],[-118.89582,46.37976]]]},"bbox":[-118.89592,46.37976,-118.89481,46.38029]},{"type":"Feature","id":28688,"properties":{"y":2022,"n":"Evergreen","ag":"BLM","ac":0.1,"c":14,"cl":"Unknown","ad":"2023-03-14","cd":"","st":"WA","se":1},"geometry":{"type":"Polygon","coordinates":[[[-119.93251,47.13069],[-119.93292,47.13069],[-119.93271,47.13092],[-119.93251,47.13069]]]},"bbox":[-119.93292,47.13069,-119.93251,47.13092]},{"type":"Feature","id":28689,"properties":{"y":2022,"n":"Adrian Road","ag":"BLM","ac":988.3,"c":14,"cl":"Unknown","ad":"2023-03-14","cd":"","st":"WA","se":1},"geometry":{"type":"Polygon","coordinates":[[[-119.40816,47.38472],[-119.41791,47.3851],[-119.41632,47.38783],[-119.42037,47.38914],[-119.42858,47.38717],[-119.43766,47.39413],[-119.42583,47.39612],[-119.40431,47.40704],[-119.42046,47.39764],[-119.41533,47.39374],[-119.40807,47.39723],[-119.41023,47.39416],[-119.40531,47.39239],[-119.40407,47.40405],[-119.39814,47.40867],[-119.39468,47.40582],[-119.39855,47.40169],[-119.39515,47.40119],[-119.39473,47.39765],[-119.38904,47.40215],[-119.38402,47.4016],[-119.38345,47.39286],[-119.39048,47.39162],[-119.38314,47.38995],[-119.40916,47.39168],[-119.4123,47.38749],[-119.40816,47.38472]]]},"bbox":[-119.43766,47.38472,-119.38196,47.40867]},{"type":"Feature","id":28690,"properties":{"y":2021,"n":"Paradise Ponds","ag":"BLM","ac":0.0,"c":14,"cl":"Unknown","ad":"2023-03-14","cd":"","st":"WA","se":1},"geometry":{"type":"Polygon","coordinates":[[[-119.79278,48.14337],[-119.79287,48.14318],[-119.79285,48.14333],[-119.79278,48.14337]]]},"bbox":[-119.79287,48.14317,-119.79275,48.14337]},{"type":"Feature","id":28691,"properties":{"y":2021,"n":"Crow Butte","ag":"BLM","ac":51.9,"c":14,"cl":"Unknown","ad":"2023-03-14","cd":"","st":"WA","se":1},"geometry":{"type":"Polygon","coordinates":[[[-119.8518,45.86584],[-119.85835,45.8601],[-119.86146,45.86113],[-119.85653,45.86525],[-119.8518,45.86584]]]},"bbox":[-119.86146,45.86009,-119.85124,45.8659]},{"type":"Feature","id":28692,"properties":{"y":2022,"n":"Upper Goose","ag":"BLM","ac":0.3,"c":14,"cl":"Unknown","ad":"2023-03-14","cd":"","st":"WA","se":1},"geometry":{"type":"Polygon","coordinates":[[[-119.27179,46.9419],[-119.27177,46.94148],[-119.27186,46.94155],[-119.27179,46.9419]]]},"bbox":[-119.27188,46.94148,-119.27135,46.94202]},{"type":"Feature","id":28693,"properties":{"y":2021,"n":"Whitehall Road","ag":"BLM","ac":867.4,"c":14,"cl":"Unknown","ad":"2023-03-14","cd":"","st":"WA","se":1},"geometry":{"type":"MultiPolygon","coordinates":[[[[-119.68637,47.53992],[-119.68619,47.54003],[-119.68621,47.53992],[-119.68637,47.53992]]],[[[-119.68619,47.54003],[-119.69333,47.54267],[-119.69338,47.54523],[-119.67332,47.5516],[-119.66692,47.5485],[-119.63698,47.5495],[-119.63469,47.5485],[-119.63751,47.54572],[-119.6239,47.5433],[-119.63178,47.54158],[-119.67783,47.54141],[-119.683,47.54551],[-119.68275,47.54174],[-119.69146,47.54391],[-119.68612,47.54155],[-119.68573,47.54042],[-119.68599,47.54012],[-119.6861,47.54005],[-119.68614,47.54004],[-119.68618,47.54003],[-119.68619,47.54003]]]]},"bbox":[-119.69398,47.53991,-119.6239,47.5516]},{"type":"Feature","id":28694,"properties":{"y":2023,"n":"Wanapum Slope","ag":"BLM","ac":0.4,"c":14,"cl":"Unknown","ad":"2023-07-01","cd":"","st":"WA","se":2},"geometry":{"type":"Polygon","coordinates":[[[-119.94577,46.87041],[-119.94535,46.87047],[-119.94545,46.87035],[-119.94577,46.87041]]]},"bbox":[-119.94595,46.87034,-119.94535,46.87092]},{"type":"Feature","id":28695,"properties":{"y":2023,"n":"Coulee City","ag":"BLM","ac":10.1,"c":14,"cl":"Unknown","ad":"2023-10-31","cd":"","st":"WA","se":3},"geometry":{"type":"Polygon","coordinates":[[[-119.27587,47.61855],[-119.27635,47.6161],[-119.27804,47.61661],[-119.27829,47.61795],[-119.27587,47.61855]]]},"bbox":[-119.27845,47.61592,-119.27532,47.61858]},{"type":"Feature","id":28696,"properties":{"y":2023,"n":"Roza Slope","ag":"BLM","ac":227.6,"c":14,"cl":"Unknown","ad":"2023-11-03","cd":"","st":"WA","se":3},"geometry":{"type":"Polygon","coordinates":[[[-120.44795,46.76019],[-120.44143,46.75563],[-120.44186,46.74969],[-120.44898,46.74919],[-120.44844,46.75131],[-120.45698,46.75438],[-120.44795,46.76019]]]},"bbox":[-120.45708,46.74919,-120.44002,46.76021]},{"type":"Feature","id":28697,"properties":{"y":2024,"n":"Cox Pond","ag":"BLM","ac":0.8,"c":14,"cl":"Unknown","ad":"2024-12-09","cd":"","st":"WA","se":4},"geometry":{"type":"Polygon","coordinates":[[[-118.98616,46.61253],[-118.98683,46.61234],[-118.98635,46.61274],[-118.98616,46.61253]]]},"bbox":[-118.98683,46.61197,-118.98616,46.61274]},{"type":"Feature","id":28698,"properties":{"y":2021,"n":"100 Acre Rd","ag":"BLM","ac":1.7,"c":14,"cl":"Unknown","ad":"2023-03-14","cd":"","st":"WA","se":1},"geometry":{"type":"Polygon","coordinates":[[[-120.08728,47.26491],[-120.08836,47.26316],[-120.08729,47.26518],[-120.08728,47.26491]]]},"bbox":[-120.08836,47.26294,-120.08723,47.26518]},{"type":"Feature","id":28699,"properties":{"y":2023,"n":"Keystone","ag":"BLM","ac":1.0,"c":14,"cl":"Unknown","ad":"2023-10-31","cd":"","st":"WA","se":3},"geometry":{"type":"Polygon","coordinates":[[[-117.91192,48.19526],[-117.91236,48.19568],[-117.911,48.19578],[-117.91117,48.19536],[-117.91172,48.1952],[-117.91192,48.19526]]]},"bbox":[-117.91236,48.1952,-117.91094,48.1958]},{"type":"Feature","id":28700,"properties":{"y":2023,"n":"Pleasant","ag":"BLM","ac":44.5,"c":14,"cl":"Unknown","ad":"2023-10-31","cd":"","st":"WA","se":3},"geometry":{"type":"Polygon","coordinates":[[[-119.03883,47.95152],[-119.03654,47.95159],[-119.03039,47.94981],[-119.03499,47.94774],[-119.03883,47.95152]]]},"bbox":[-119.04019,47.94772,-119.03039,47.95159]},{"type":"Feature","id":28701,"properties":{"y":2024,"n":"Sand Hollow","ag":"BLM","ac":27.0,"c":14,"cl":"Unknown","ad":"2024-12-09","cd":"","st":"WA","se":4},"geometry":{"type":"Polygon","coordinates":[[[-119.89074,46.943],[-119.89896,46.94298],[-119.8989,46.94454],[-119.89074,46.943]]]},"bbox":[-119.89897,46.94279,-119.89074,46.94477]},{"type":"Feature","id":28702,"properties":{"y":2021,"n":"Webber","ag":"BLM","ac":8.5,"c":14,"cl":"Unknown","ad":"2023-03-14","cd":"","st":"WA","se":1},"geometry":{"type":"Polygon","coordinates":[[[-119.45758,46.19595],[-119.46042,46.19462],[-119.46017,46.19534],[-119.45758,46.19595]]]},"bbox":[-119.46044,46.19382,-119.45688,46.19605]},{"type":"Feature","id":28703,"properties":{"y":2020,"n":"Juniper Dunes 3","ag":"BLM","ac":1.0,"c":14,"cl":"Unknown","ad":"2023-03-14","cd":"","st":"WA","se":1},"geometry":{"type":"Polygon","coordinates":[[[-118.89017,46.39428],[-118.88873,46.39498],[-118.89022,46.394],[-118.89017,46.39428]]]},"bbox":[-118.89022,46.39397,-118.88871,46.3952]},{"type":"Feature","id":28704,"properties":{"y":2023,"n":"Dike Road","ag":"BLM","ac":0.9,"c":14,"cl":"Unknown","ad":"2023-10-31","cd":"","st":"WA","se":3},"geometry":{"type":"Polygon","coordinates":[[[-119.38557,47.08648],[-119.38524,47.08566],[-119.38582,47.08581],[-119.38557,47.08648]]]},"bbox":[-119.38582,47.08559,-119.38497,47.08648]},{"type":"Feature","id":28705,"properties":{"y":2023,"n":"Potholes","ag":"BLM","ac":0.0,"c":14,"cl":"Unknown","ad":"2023-10-31","cd":"","st":"WA","se":3},"geometry":{"type":"Polygon","coordinates":[[[-119.36523,47.06587],[-119.36508,47.06582],[-119.36526,47.06584],[-119.36523,47.06587]]]},"bbox":[-119.36526,47.0658,-119.36508,47.06588]},{"type":"Feature","id":28706,"properties":{"y":2023,"n":"Overlook","ag":"BLM","ac":29.3,"c":14,"cl":"Unknown","ad":"2023-11-09","cd":"","st":"WA","se":3},"geometry":{"type":"Polygon","coordinates":[[[-119.96659,46.98481],[-119.96736,46.99004],[-119.96374,46.98505],[-119.96659,46.98481]]]},"bbox":[-119.96879,46.98462,-119.96374,46.99011]},{"type":"Feature","id":28707,"properties":{"y":2022,"n":"Telford","ag":"BLM","ac":0.9,"c":14,"cl":"Unknown","ad":"2023-03-14","cd":"","st":"WA","se":1},"geometry":{"type":"Polygon","coordinates":[[[-118.39543,47.68527],[-118.39617,47.68489],[-118.3966,47.68499],[-118.39543,47.68527]]]},"bbox":[-118.39661,47.68455,-118.39526,47.68533]},{"type":"Feature","id":28708,"properties":{"y":2022,"n":"Yakima Ditch","ag":"BLM","ac":0.0,"c":14,"cl":"Unknown","ad":"2023-03-14","cd":"","st":"WA","se":1},"geometry":{"type":"Polygon","coordinates":[[[-120.45287,46.73207],[-120.45292,46.73202],[-120.45291,46.73207],[-120.45287,46.73207]]]},"bbox":[-120.45292,46.73201,-120.45287,46.73207]},{"type":"Feature","id":28709,"properties":{"y":2022,"n":"Mcnary Road","ag":"BLM","ac":0.3,"c":14,"cl":"Unknown","ad":"2023-03-14","cd":"","st":"WA","se":1},"geometry":{"type":"Polygon","coordinates":[[[-119.32306,45.9417],[-119.32289,45.94217],[-119.323,45.9417],[-119.32306,45.9417]]]},"bbox":[-119.32324,45.94168,-119.32287,45.9423]},{"type":"Feature","id":28710,"properties":{"y":2020,"n":"Watermelon Hill","ag":"BLM","ac":17.2,"c":14,"cl":"Unknown","ad":"2023-03-14","cd":"","st":"WA","se":1},"geometry":{"type":"Polygon","coordinates":[[[-117.87223,47.32791],[-117.87579,47.32789],[-117.87686,47.32907],[-117.87477,47.33051],[-117.87223,47.32791]]]},"bbox":[-117.87686,47.32786,-117.87223,47.33051]},{"type":"Feature","id":28711,"properties":{"y":2022,"n":"Fh Wasteway","ag":"BLM","ac":1.2,"c":14,"cl":"Unknown","ad":"2023-03-14","cd":"","st":"WA","se":1},"geometry":{"type":"Polygon","coordinates":[[[-119.74087,47.08846],[-119.73976,47.08886],[-119.73916,47.08863],[-119.74087,47.08846]]]},"bbox":[-119.74094,47.08834,-119.73916,47.08887]},{"type":"Feature","id":28712,"properties":{"y":2022,"n":"Hiawatha","ag":"BLM","ac":0.4,"c":14,"cl":"Unknown","ad":"2023-03-14","cd":"","st":"WA","se":1},"geometry":{"type":"Polygon","coordinates":[[[-119.46672,47.10877],[-119.4676,47.10936],[-119.46772,47.1095],[-119.46685,47.10902],[-119.46672,47.10877]]]},"bbox":[-119.46772,47.10876,-119.46672,47.10951]},{"type":"Feature","id":28713,"properties":{"y":2021,"n":"Smith Lake","ag":"BLM","ac":189.2,"c":14,"cl":"Unknown","ad":"2023-03-14","cd":"","st":"WA","se":1},"geometry":{"type":"Polygon","coordinates":[[[-119.11776,47.98917],[-119.13143,47.99072],[-119.13553,47.99428],[-119.1328,47.99559],[-119.12286,47.99634],[-119.11249,47.99258],[-119.11776,47.98917]]]},"bbox":[-119.13566,47.98895,-119.11236,47.99634]},{"type":"Feature","id":28714,"properties":{"y":2022,"n":"Neva","ag":"BLM","ac":7.0,"c":14,"cl":"Unknown","ad":"2023-03-14","cd":"","st":"WA","se":1},"geometry":{"type":"Polygon","coordinates":[[[-119.57168,47.25949],[-119.57037,47.25776],[-119.57227,47.25796],[-119.57168,47.25949]]]},"bbox":[-119.57228,47.25763,-119.56927,47.25951]},{"type":"Feature","id":28715,"properties":{"y":2022,"n":"Marvin Road","ag":"BLM","ac":51.2,"c":14,"cl":"Unknown","ad":"2023-03-14","cd":"","st":"WA","se":1},"geometry":{"type":"Polygon","coordinates":[[[-119.64994,47.28062],[-119.64577,47.28051],[-119.6419,47.27744],[-119.64637,47.27578],[-119.64994,47.28062]]]},"bbox":[-119.65012,47.27573,-119.6419,47.28122]},{"type":"Feature","id":28716,"properties":{"y":2020,"n":"Big Horn","ag":"BLM","ac":397.3,"c":14,"cl":"Unknown","ad":"2023-03-14","cd":"","st":"WA","se":1},"geometry":{"type":"Polygon","coordinates":[[[-120.50416,46.89808],[-120.48007,46.89509],[-120.4777,46.88538],[-120.49117,46.88363],[-120.50416,46.89808]]]},"bbox":[-120.50416,46.8833,-120.47767,46.89854]},{"type":"Feature","id":28717,"properties":{"y":2023,"n":"Hansen Road","ag":"BLM","ac":6169.7,"c":14,"cl":"Unknown","ad":"2023-10-31","cd":"","st":"WA","se":3},"geometry":{"type":"MultiPolygon","coordinates":[[[[-119.59647,46.24147],[-119.60069,46.24031],[-119.60082,46.23579],[-119.61894,46.23576],[-119.62033,46.2318],[-119.62681,46.23231],[-119.63234,46.24034],[-119.62691,46.24075],[-119.6303,46.24313],[-119.61155,46.25113],[-119.58249,46.2537],[-119.57468,46.26029],[-119.55514,46.26054],[-119.55424,46.26354],[-119.54567,46.26384],[-119.5222,46.25938],[-119.52326,46.25488],[-119.51927,46.25346],[-119.50978,46.25762],[-119.50014,46.25611],[-119.50194,46.25414],[-119.49294,46.24621],[-119.48124,46.2431],[-119.48216,46.24035],[-119.47062,46.23766],[-119.44686,46.22502],[-119.44094,46.22513],[-119.43621,46.22032],[-119.44902,46.2082],[-119.45643,46.2165],[-119.49209,46.22991],[-119.51993,46.24537],[-119.53684,46.24385],[-119.54195,46.2508],[-119.55783,46.24363],[-119.55822,46.23663],[-119.57908,46.24305],[-119.59144,46.24304],[-119.59647,46.24147]]],[[[-119.59562,46.24097],[-119.5956,46.24102],[-119.59559,46.24092],[-119.59562,46.24097]]]]},"bbox":[-119.63234,46.2082,-119.4362,46.26398]},{"type":"Feature","id":28718,"properties":{"y":2020,"n":"Mcnary","ag":"BLM","ac":18.4,"c":14,"cl":"Unknown","ad":"2023-03-14","cd":"","st":"WA","se":1},"geometry":{"type":"Polygon","coordinates":[[[-119.27373,45.9495],[-119.27063,45.95121],[-119.26821,45.95042],[-119.26884,45.94929],[-119.27373,45.9495]]]},"bbox":[-119.27373,45.94921,-119.26821,45.95121]},{"type":"Feature","id":28719,"properties":{"y":2024,"n":"Banks Lake","ag":"BLM","ac":5.2,"c":14,"cl":"Unknown","ad":"2024-12-03","cd":"","st":"WA","se":4},"geometry":{"type":"Polygon","coordinates":[[[-119.25631,47.72237],[-119.2556,47.72147],[-119.2571,47.72133],[-119.25631,47.72237]]]},"bbox":[-119.25716,47.72124,-119.25417,47.72368]},{"type":"Feature","id":28720,"properties":{"y":2024,"n":"Range","ag":"BLM","ac":2.3,"c":14,"cl":"Unknown","ad":"2024-12-09","cd":"","st":"WA","se":4},"geometry":{"type":"Polygon","coordinates":[[[-117.85842,47.36019],[-117.85669,47.35985],[-117.85846,47.35966],[-117.85842,47.36019]]]},"bbox":[-117.85846,47.35946,-117.85624,47.36057]},{"type":"Feature","id":28721,"properties":{"y":2022,"n":"Babcock Ridge Lake","ag":"BLM","ac":0.1,"c":14,"cl":"Unknown","ad":"2023-03-14","cd":"","st":"WA","se":1},"geometry":{"type":"Polygon","coordinates":[[[-119.92732,47.23586],[-119.92725,47.23598],[-119.92709,47.23581],[-119.92732,47.23586]]]},"bbox":[-119.92739,47.23579,-119.92709,47.23598]},{"type":"Feature","id":28722,"properties":{"y":2023,"n":"Cayman Place","ag":"BLM","ac":0.1,"c":14,"cl":"Unknown","ad":"2023-10-31","cd":"","st":"WA","se":3},"geometry":{"type":"Polygon","coordinates":[[[-119.14799,47.83117],[-119.14771,47.8312],[-119.14784,47.83109],[-119.14799,47.83117]]]},"bbox":[-119.14799,47.83109,-119.14771,47.83137]},{"type":"Feature","id":28723,"properties":{"y":2023,"n":"Dennis Road","ag":"BLM","ac":0.1,"c":14,"cl":"Unknown","ad":"2023-10-31","cd":"","st":"WA","se":3},"geometry":{"type":"Polygon","coordinates":[[[-119.43735,46.21732],[-119.43775,46.21732],[-119.43755,46.21756],[-119.43735,46.21732]]]},"bbox":[-119.43775,46.21732,-119.43735,46.21756]},{"type":"Feature","id":28724,"properties":{"y":2022,"n":"Mohr","ag":"BLM","ac":6169.0,"c":14,"cl":"Unknown","ad":"2023-03-14","cd":"","st":"WA","se":1},"geometry":{"type":"Polygon","coordinates":[[[-119.84118,47.45851],[-119.84833,47.44769],[-119.86933,47.45238],[-119.86953,47.46214],[-119.88107,47.47521],[-119.89734,47.48357],[-119.90048,47.49044],[-119.91221,47.49882],[-119.91518,47.50977],[-119.90354,47.51129],[-119.90837,47.51391],[-119.90845,47.53149],[-119.8976,47.53569],[-119.88684,47.53572],[-119.88684,47.53914],[-119.87613,47.53917],[-119.87613,47.5246],[-119.88549,47.51729],[-119.88177,47.51723],[-119.87847,47.51224],[-119.87314,47.51543],[-119.86555,47.51175],[-119.86672,47.5079],[-119.86045,47.50607],[-119.85458,47.49906],[-119.85517,47.49459],[-119.85978,47.49343],[-119.85138,47.48197],[-119.85619,47.47098],[-119.86221,47.471],[-119.86646,47.46722],[-119.86054,47.46093],[-119.8572,47.46243],[-119.85622,47.46851],[-119.84745,47.46183],[-119.84291,47.46249],[-119.84118,47.45851]]]},"bbox":[-119.91518,47.44764,-119.84118,47.53917]},{"type":"Feature","id":28725,"properties":{"y":2022,"n":"Sillusi","ag":"BLM","ac":1.1,"c":14,"cl":"Unknown","ad":"2023-03-14","cd":"","st":"WA","se":1},"geometry":{"type":"Polygon","coordinates":[[[-119.31866,45.94191],[-119.31922,45.94233],[-119.31827,45.9424],[-119.31866,45.94191]]]},"bbox":[-119.31957,45.94173,-119.31827,45.9425]},{"type":"Feature","id":28726,"properties":{"y":2023,"n":"Beverly Lake","ag":"BLM","ac":60.4,"c":14,"cl":"Unknown","ad":"2023-10-31","cd":"","st":"WA","se":3},"geometry":{"type":"Polygon","coordinates":[[[-119.90415,46.83293],[-119.91874,46.8328],[-119.91873,46.83463],[-119.90724,46.83504],[-119.90415,46.83293]]]},"bbox":[-119.91875,46.83152,-119.90415,46.83504]},{"type":"Feature","id":28727,"properties":{"y":1997,"n":"Borealis","ag":"NPS","ac":25.9,"c":14,"cl":"Unknown","ad":"2021-01-21","cd":"","st":"WA","se":4},"geometry":{"type":"MultiPolygon","coordinates":[[[[-121.10119,48.60243],[-121.10249,48.60076],[-121.10301,48.60442],[-121.10119,48.60243]]],[[[-121.10605,48.60839],[-121.10371,48.60761],[-121.10372,48.59964],[-121.10605,48.60839]]]]},"bbox":[-121.10605,48.59964,-121.10119,48.60905]},{"type":"Feature","id":28728,"properties":{"y":1965,"n":"Skyline","ag":"NPS","ac":61.5,"c":14,"cl":"Unknown","ad":"2021-01-21","cd":"","st":"WA","se":4},"geometry":{"type":"MultiPolygon","coordinates":[[[[-121.21014,48.63113],[-121.21245,48.62901],[-121.22011,48.62841],[-121.21521,48.63134],[-121.21014,48.63113]]],[[[-121.21635,48.63469],[-121.21532,48.6322],[-121.22016,48.63385],[-121.21635,48.63469]]]]},"bbox":[-121.22016,48.62832,-121.20932,48.63469]},{"type":"Feature","id":28729,"properties":{"y":1978,"n":"Beaver Ps3","ag":"NPS","ac":10.0,"c":14,"cl":"Unknown","ad":"2021-01-21","cd":"","st":"WA","se":4},"geometry":{"type":"Polygon","coordinates":[[[-121.21367,48.83685],[-121.21188,48.83851],[-121.21118,48.8373],[-121.21367,48.83685]]]},"bbox":[-121.2142,48.8366,-121.21111,48.83865]},{"type":"Feature","id":28730,"properties":{"y":1978,"n":"Sourdough","ag":"NPS","ac":439.4,"c":14,"cl":"Unknown","ad":"2021-01-21","cd":"","st":"WA","se":4},"geometry":{"type":"Polygon","coordinates":[[[-121.10318,48.74037],[-121.09131,48.73947],[-121.08846,48.7322],[-121.09548,48.72794],[-121.10475,48.7294],[-121.10853,48.73537],[-121.10318,48.74037]]]},"bbox":[-121.10857,48.72772,-121.08788,48.74115]},{"type":"Feature","id":28731,"properties":{"y":1994,"n":"War Ckpass","ag":"NPS","ac":2595.2,"c":14,"cl":"Unknown","ad":"2021-01-21","cd":"","st":"WA","se":4},"geometry":{"type":"Polygon","coordinates":[[[-120.57932,48.34171],[-120.56183,48.34822],[-120.56138,48.35518],[-120.55562,48.35436],[-120.55543,48.35784],[-120.5492,48.36163],[-120.53297,48.36702],[-120.51552,48.36266],[-120.50605,48.35442],[-120.54948,48.34175],[-120.5862,48.32122],[-120.58926,48.32307],[-120.58361,48.3279],[-120.58498,48.33561],[-120.57932,48.34171]]]},"bbox":[-120.58926,48.32122,-120.50605,48.36702]},{"type":"Feature","id":28732,"properties":{"y":1970,"n":"Thunder 2","ag":"NPS","ac":612.4,"c":14,"cl":"Unknown","ad":"2021-01-21","cd":"","st":"WA","se":4},"geometry":{"type":"Polygon","coordinates":[[[-121.05522,48.62471],[-121.05218,48.62387],[-121.06995,48.61874],[-121.08222,48.61737],[-121.08542,48.62026],[-121.08298,48.6227],[-121.07676,48.6211],[-121.07582,48.62808],[-121.06798,48.62718],[-121.06875,48.63476],[-121.0649,48.63626],[-121.05218,48.63515],[-121.05522,48.62471]]]},"bbox":[-121.08542,48.61737,-121.05194,48.6365]},{"type":"Feature","id":28733,"properties":{"y":1985,"n":"Beaver","ag":"NPS","ac":1061.8,"c":14,"cl":"Unknown","ad":"2021-01-21","cd":"","st":"WA","se":4},"geometry":{"type":"MultiPolygon","coordinates":[[[[-123.36424,47.55473],[-123.36169,47.55114],[-123.35669,47.55192],[-123.35462,47.54699],[-123.34389,47.54719],[-123.34725,47.54062],[-123.33321,47.54336],[-123.35456,47.52879],[-123.37486,47.54122],[-123.37176,47.55049],[-123.36391,47.55198],[-123.36751,47.55372],[-123.36424,47.55473]]],[[[-123.35269,47.5245],[-123.34637,47.5257],[-123.34591,47.52451],[-123.35269,47.5245]]]]},"bbox":[-123.37539,47.52393,-123.33318,47.55475]},{"type":"Feature","id":28734,"properties":{"y":1981,"n":"Chimney","ag":"NPS","ac":402.6,"c":14,"cl":"Unknown","ad":"2021-01-21","cd":"","st":"WA","se":4},"geometry":{"type":"Polygon","coordinates":[[[-123.46531,47.7359],[-123.45671,47.73112],[-123.4595,47.72708],[-123.45456,47.72409],[-123.45727,47.72203],[-123.44971,47.72117],[-123.45311,47.72067],[-123.4494,47.71974],[-123.45105,47.71679],[-123.45589,47.71582],[-123.45221,47.71513],[-123.45674,47.71407],[-123.45034,47.71428],[-123.45577,47.71273],[-123.45447,47.70955],[-123.46787,47.72509],[-123.46824,47.72991],[-123.46048,47.72846],[-123.46753,47.73199],[-123.46531,47.7359]]]},"bbox":[-123.46824,47.70955,-123.4494,47.73598]},{"type":"Feature","id":28735,"properties":{"y":1994,"n":"Rainbow Rg","ag":"NPS","ac":10.2,"c":14,"cl":"Unknown","ad":"2021-01-21","cd":"","st":"WA","se":4},"geometry":{"type":"Polygon","coordinates":[[[-120.67464,48.35812],[-120.67399,48.3559],[-120.67567,48.35585],[-120.67464,48.35812]]]},"bbox":[-120.67567,48.35571,-120.6729,48.35848]},{"type":"Feature","id":28736,"properties":{"y":1997,"n":"Fireweed","ag":"NPS","ac":1604.7,"c":14,"cl":"Unknown","ad":"2021-01-21","cd":"","st":"WA","se":4},"geometry":{"type":"Polygon","coordinates":[[[-120.72581,48.48269],[-120.70924,48.47662],[-120.7134,48.47086],[-120.72411,48.46729],[-120.76351,48.46634],[-120.76519,48.47535],[-120.75998,48.48427],[-120.73689,48.48375],[-120.73402,48.48037],[-120.72581,48.48269]]]},"bbox":[-120.7652,48.46557,-120.70922,48.48567]},{"type":"Feature","id":28737,"properties":{"y":1997,"n":"Redoubt","ag":"NPS","ac":434.5,"c":14,"cl":"Unknown","ad":"2021-01-21","cd":"","st":"WA","se":4},"geometry":{"type":"MultiPolygon","coordinates":[[[[-121.21297,48.92623],[-121.21408,48.92443],[-121.21402,48.92625],[-121.21297,48.92623]]],[[[-121.21453,48.93005],[-121.21583,48.92308],[-121.22178,48.9244],[-121.21453,48.93005]]],[[[-121.21914,48.91886],[-121.21955,48.91652],[-121.22052,48.91888],[-121.21914,48.91886]]],[[[-121.22297,48.92265],[-121.2192,48.91939],[-121.22485,48.9199],[-121.22297,48.92265]]],[[[-121.22255,48.92318],[-121.22357,48.9241],[-121.22261,48.92377],[-121.22255,48.92318]]],[[[-121.22355,48.92464],[-121.22674,48.92164],[-121.22395,48.92496],[-121.22355,48.92464]]],[[[-121.22811,48.92172],[-121.22696,48.92448],[-121.22404,48.92678],[-121.22407,48.92587],[-121.22811,48.92172]]],[[[-121.2247,48.93117],[-121.22561,48.93043],[-121.22568,48.93097],[-121.2247,48.93117]]],[[[-121.2264,48.93098],[-121.2274,48.93035],[-121.22739,48.93073],[-121.2264,48.93098]]],[[[-121.23217,48.92135],[-121.23709,48.91972],[-121.23545,48.92471],[-121.22803,48.9285],[-121.23217,48.92135]]],[[[-121.22935,48.93241],[-121.23051,48.93174],[-121.22983,48.93263],[-121.22935,48.93241]]],[[[-121.22941,48.93087],[-121.22976,48.93012],[-121.22997,48.93082],[-121.22941,48.93087]]],[[[-121.2341,48.93104],[-121.23013,48.93322],[-121.23841,48.92139],[-121.24427,48.92058],[-121.24011,48.92366],[-121.24031,48.92938],[-121.23482,48.93356],[-121.2341,48.93104]]],[[[-121.23067,48.92955],[-121.23156,48.92962],[-121.23073,48.92998],[-121.23067,48.92955]]],[[[-121.23628,48.93337],[-121.23735,48.93296],[-121.23708,48.9337],[-121.23628,48.93337]]],[[[-121.23639,48.93487],[-121.23698,48.93434],[-121.23713,48.93477],[-121.23639,48.93487]]],[[[-121.24479,48.92192],[-121.24998,48.91933],[-121.2443,48.9312],[-121.23818,48.93484],[-121.24479,48.92192]]],[[[-121.24547,48.9325],[-121.24671,48.93182],[-121.24668,48.93262],[-121.24547,48.9325]]],[[[-121.24583,48.93138],[-121.24675,48.9307],[-121.24672,48.93134],[-121.24583,48.93138]]]]},"bbox":[-121.24998,48.91571,-121.21281,48.93496]},{"type":"Feature","id":28738,"properties":{"y":1994,"n":"L.Boulder","ag":"NPS","ac":7271.6,"c":14,"cl":"Unknown","ad":"2021-01-21","cd":"","st":"WA","se":4},"geometry":{"type":"Polygon","coordinates":[[[-120.61581,48.38463],[-120.60361,48.38256],[-120.59942,48.37797],[-120.58874,48.3835],[-120.57723,48.37882],[-120.58488,48.37773],[-120.58764,48.37427],[-120.58213,48.37599],[-120.58461,48.37344],[-120.5769,48.37189],[-120.58503,48.36265],[-120.57853,48.35036],[-120.58674,48.32372],[-120.61125,48.32527],[-120.61345,48.33401],[-120.61722,48.33682],[-120.62117,48.32994],[-120.6369,48.33757],[-120.67494,48.33674],[-120.6699,48.34289],[-120.67433,48.35199],[-120.66928,48.35308],[-120.67055,48.35559],[-120.66388,48.35388],[-120.66838,48.35921],[-120.66161,48.35701],[-120.6621,48.36196],[-120.65165,48.36234],[-120.64046,48.36733],[-120.6272,48.36415],[-120.62775,48.37252],[-120.61581,48.38463]]]},"bbox":[-120.67506,48.32304,-120.5769,48.38467]},{"type":"Feature","id":28739,"properties":{"y":1988,"n":"Deer Park","ag":"NPS","ac":212.3,"c":14,"cl":"Unknown","ad":"2021-01-21","cd":"","st":"WA","se":4},"geometry":{"type":"Polygon","coordinates":[[[-123.27124,47.94722],[-123.25236,47.94586],[-123.25282,47.94172],[-123.27198,47.943],[-123.27124,47.94722]]]},"bbox":[-123.27235,47.94091,-123.25224,47.94845]},{"type":"Feature","id":28740,"properties":{"y":1961,"n":"Bigbeaver1","ag":"NPS","ac":30.8,"c":14,"cl":"Unknown","ad":"2021-01-21","cd":"","st":"WA","se":4},"geometry":{"type":"Polygon","coordinates":[[[-121.15323,48.79441],[-121.1497,48.79262],[-121.14985,48.79129],[-121.1563,48.79169],[-121.15323,48.79441]]]},"bbox":[-121.15708,48.79129,-121.14947,48.79441]},{"type":"Feature","id":28741,"properties":{"y":1985,"n":"Kellerfe","ag":"NPS","ac":1694.5,"c":14,"cl":"Unknown","ad":"2019-11-19","cd":"","st":"WA","se":3},"geometry":{"type":"Polygon","coordinates":[[[-118.70041,47.97118],[-118.71665,47.98944],[-118.72384,47.98993],[-118.72782,47.99366],[-118.72249,48.00153],[-118.7118,48.00874],[-118.69926,48.00811],[-118.68489,48.00131],[-118.69149,47.9975],[-118.69255,47.98401],[-118.70041,47.97118]]]},"bbox":[-118.72788,47.971,-118.68489,48.00874]},{"type":"Feature","id":28742,"properties":{"y":1994,"n":"Tuesday","ag":"NPS","ac":159.2,"c":14,"cl":"Unknown","ad":"2021-01-21","cd":"","st":"WA","se":4},"geometry":{"type":"Polygon","coordinates":[[[-123.37039,47.74912],[-123.37364,47.74589],[-123.36783,47.7429],[-123.37698,47.73973],[-123.37961,47.74145],[-123.37507,47.74479],[-123.37946,47.74414],[-123.38332,47.74801],[-123.37039,47.74912]]]},"bbox":[-123.38332,47.73973,-123.36783,47.74973]},{"type":"Feature","id":28743,"properties":{"y":1970,"n":"Elephant","ag":"NPS","ac":61.5,"c":14,"cl":"Unknown","ad":"2021-01-21","cd":"","st":"WA","se":4},"geometry":{"type":"Polygon","coordinates":[[[-121.21005,48.78726],[-121.20345,48.78048],[-121.20728,48.77705],[-121.2112,48.77866],[-121.21005,48.78726]]]},"bbox":[-121.2112,48.77698,-121.20345,48.78772]},{"type":"Feature","id":28744,"properties":{"y":1967,"n":"Bear","ag":"NPS","ac":192.7,"c":14,"cl":"Unknown","ad":"2021-01-21","cd":"","st":"WA","se":4},"geometry":{"type":"Polygon","coordinates":[[[-121.33585,48.95539],[-121.3228,48.96282],[-121.31502,48.95944],[-121.32976,48.95224],[-121.33585,48.95539]]]},"bbox":[-121.33618,48.95224,-121.31502,48.96282]},{"type":"Feature","id":28745,"properties":{"y":1970,"n":"Silver 7","ag":"NPS","ac":288.3,"c":14,"cl":"Unknown","ad":"2021-01-21","cd":"","st":"WA","se":4},"geometry":{"type":"Polygon","coordinates":[[[-121.08536,48.94858],[-121.08312,48.93925],[-121.10035,48.93718],[-121.09001,48.94047],[-121.10158,48.94905],[-121.10069,48.95235],[-121.08536,48.94858]]]},"bbox":[-121.10244,48.93706,-121.08247,48.95276]},{"type":"Feature","id":28746,"properties":{"y":1984,"n":"Bucket Cr","ag":"NPS","ac":12.2,"c":14,"cl":"Unknown","ad":"2021-01-21","cd":"","st":"WA","se":4},"geometry":{"type":"Polygon","coordinates":[[[-121.16658,48.75173],[-121.16455,48.7539],[-121.16498,48.75133],[-121.16658,48.75173]]]},"bbox":[-121.16724,48.7512,-121.16455,48.75458]},{"type":"Feature","id":28747,"properties":{"y":1978,"n":"Hoh","ag":"NPS","ac":907.9,"c":14,"cl":"Unknown","ad":"2021-01-21","cd":"","st":"WA","se":4},"geometry":{"type":"MultiPolygon","coordinates":[[[[-123.79454,47.8926],[-123.78538,47.8879],[-123.76576,47.88941],[-123.75898,47.88335],[-123.77555,47.87815],[-123.80418,47.88084],[-123.80167,47.88623],[-123.808,47.89394],[-123.79671,47.89233],[-123.79161,47.89583],[-123.79454,47.8926]]],[[[-123.79263,47.89899],[-123.79033,47.89863],[-123.7906,47.89713],[-123.79263,47.89899]]],[[[-123.7916,47.89628],[-123.79049,47.89693],[-123.79035,47.89668],[-123.7916,47.89628]]],[[[-123.79038,47.90026],[-123.79126,47.89936],[-123.7916,47.90041],[-123.79038,47.90026]]]]},"bbox":[-123.808,47.87815,-123.75898,47.90049]},{"type":"Feature","id":28748,"properties":{"y":1970,"n":"Jackass 3","ag":"NPS","ac":58.5,"c":14,"cl":"Unknown","ad":"2021-01-21","cd":"","st":"WA","se":4},"geometry":{"type":"Polygon","coordinates":[[[-121.03815,48.94461],[-121.04199,48.94074],[-121.04689,48.9441],[-121.04101,48.94635],[-121.03815,48.94461]]]},"bbox":[-121.04689,48.94074,-121.03815,48.94635]},{"type":"Feature","id":28749,"properties":{"y":1999,"n":"Pumpkin Mt","ag":"NPS","ac":12.5,"c":14,"cl":"Unknown","ad":"2021-01-21","cd":"","st":"WA","se":4},"geometry":{"type":"Polygon","coordinates":[[[-121.07022,48.78303],[-121.07224,48.78034],[-121.07409,48.7811],[-121.07022,48.78303]]]},"bbox":[-121.07409,48.78033,-121.0702,48.78303]},{"type":"Feature","id":28750,"properties":{"y":1999,"n":"Mcmillian","ag":"NPS","ac":162.1,"c":14,"cl":"Unknown","ad":"2021-01-21","cd":"","st":"WA","se":4},"geometry":{"type":"Polygon","coordinates":[[[-121.21137,48.81014],[-121.20568,48.81073],[-121.19893,48.80136],[-121.20424,48.79902],[-121.21137,48.81014]]]},"bbox":[-121.21137,48.79898,-121.19856,48.81099]},{"type":"Feature","id":28751,"properties":{"y":1970,"n":"Thunder 1","ag":"NPS","ac":55.2,"c":14,"cl":"Unknown","ad":"2021-01-21","cd":"","st":"WA","se":4},"geometry":{"type":"Polygon","coordinates":[[[-121.05247,48.64013],[-121.05653,48.64409],[-121.05756,48.64626],[-121.05012,48.64375],[-121.05247,48.64013]]]},"bbox":[-121.05756,48.63998,-121.05012,48.64626]},{"type":"Feature","id":28752,"properties":{"y":1987,"n":"Kimta","ag":"NPS","ac":144.6,"c":14,"cl":"Unknown","ad":"2021-01-21","cd":"","st":"WA","se":4},"geometry":{"type":"Polygon","coordinates":[[[-123.67333,47.69548],[-123.65856,47.69274],[-123.65625,47.69047],[-123.66249,47.6918],[-123.67211,47.68808],[-123.67479,47.68941],[-123.67333,47.69548]]]},"bbox":[-123.67479,47.68795,-123.65625,47.6956]},{"type":"Feature","id":28753,"properties":{"y":1978,"n":"Lt Beaver1","ag":"NPS","ac":1975.4,"c":14,"cl":"Unknown","ad":"2021-01-21","cd":"","st":"WA","se":4},"geometry":{"type":"Polygon","coordinates":[[[-121.1453,48.92437],[-121.16904,48.91978],[-121.1783,48.92687],[-121.17655,48.93018],[-121.1692,48.93204],[-121.16482,48.94389],[-121.15938,48.94945],[-121.13262,48.94258],[-121.12305,48.93259],[-121.12495,48.92539],[-121.13033,48.92819],[-121.13034,48.92317],[-121.1453,48.92437]]]},"bbox":[-121.1783,48.91978,-121.12274,48.94945]},{"type":"Feature","id":28754,"properties":{"y":1990,"n":"Castle Cr","ag":"NPS","ac":4.5,"c":14,"cl":"Unknown","ad":"2021-01-21","cd":"","st":"WA","se":4},"geometry":{"type":"Polygon","coordinates":[[[-120.68585,48.27466],[-120.68368,48.27564],[-120.68353,48.27513],[-120.68585,48.27466]]]},"bbox":[-120.68601,48.27457,-120.68353,48.27571]},{"type":"Feature","id":28755,"properties":{"y":1983,"n":"Perry Ck","ag":"NPS","ac":27.3,"c":14,"cl":"Unknown","ad":"2021-01-21","cd":"","st":"WA","se":4},"geometry":{"type":"Polygon","coordinates":[[[-121.18991,48.9459],[-121.18926,48.94939],[-121.18602,48.95073],[-121.18618,48.94616],[-121.18991,48.9459]]]},"bbox":[-121.19077,48.9459,-121.18561,48.95073]},{"type":"Feature","id":28756,"properties":{"y":1999,"n":"2-Rivers","ag":"NPS","ac":3144.7,"c":14,"cl":"Unknown","ad":"2019-11-19","cd":"","st":"WA","se":3},"geometry":{"type":"Polygon","coordinates":[[[-118.33961,47.93437],[-118.31335,47.94655],[-118.30703,47.95372],[-118.30263,47.95379],[-118.30328,47.95092],[-118.29635,47.95493],[-118.29252,47.95266],[-118.28365,47.95629],[-118.28686,47.95778],[-118.28408,47.95877],[-118.27392,47.95599],[-118.25762,47.95722],[-118.27028,47.94954],[-118.2709,47.94139],[-118.28223,47.93332],[-118.28646,47.93583],[-118.30501,47.93162],[-118.30685,47.92599],[-118.31046,47.92764],[-118.33077,47.91658],[-118.34149,47.91897],[-118.33961,47.93437]]]},"bbox":[-118.34193,47.91653,-118.25762,47.95884]},{"type":"Feature","id":28757,"properties":{"y":1992,"n":"Beaverpass","ag":"NPS","ac":12.2,"c":14,"cl":"Unknown","ad":"2021-01-21","cd":"","st":"WA","se":4},"geometry":{"type":"Polygon","coordinates":[[[-121.26919,48.86855],[-121.2666,48.86799],[-121.26639,48.86661],[-121.26875,48.86625],[-121.26919,48.86855]]]},"bbox":[-121.2694,48.86607,-121.2661,48.86855]},{"type":"Feature","id":28758,"properties":{"y":1977,"n":"Bear Mtn","ag":"NPS","ac":151.1,"c":14,"cl":"Unknown","ad":"2021-01-21","cd":"","st":"WA","se":4},"geometry":{"type":"Polygon","coordinates":[[[-121.34318,48.92325],[-121.33354,48.92529],[-121.33673,48.91971],[-121.35139,48.91469],[-121.34318,48.92325]]]},"bbox":[-121.35139,48.91436,-121.33354,48.92558]},{"type":"Feature","id":28759,"properties":{"y":1961,"n":"Bigbeaver2","ag":"NPS","ac":43.5,"c":14,"cl":"Unknown","ad":"2021-01-21","cd":"","st":"WA","se":4},"geometry":{"type":"Polygon","coordinates":[[[-121.14313,48.78702],[-121.13173,48.78837],[-121.13161,48.78698],[-121.14264,48.78499],[-121.14313,48.78702]]]},"bbox":[-121.14313,48.78499,-121.13161,48.78837]},{"type":"Feature","id":28760,"properties":{"y":1984,"n":"Maple Cree","ag":"NPS","ac":120.6,"c":14,"cl":"Unknown","ad":"2021-01-21","cd":"","st":"WA","se":4},"geometry":{"type":"Polygon","coordinates":[[[-120.8175,48.46552],[-120.82062,48.46789],[-120.81468,48.4697],[-120.81899,48.47425],[-120.81033,48.476],[-120.81189,48.47343],[-120.80856,48.46987],[-120.8175,48.46552]]]},"bbox":[-120.82062,48.46552,-120.80856,48.47609]},{"type":"Feature","id":28761,"properties":{"y":1990,"n":"Mcallister","ag":"NPS","ac":1556.7,"c":14,"cl":"Unknown","ad":"2021-01-21","cd":"","st":"WA","se":4},"geometry":{"type":"MultiPolygon","coordinates":[[[[-121.04587,48.63809],[-121.04963,48.63756],[-121.05132,48.64237],[-121.0459,48.64253],[-121.04587,48.63809]]],[[[-121.05335,48.63603],[-121.05614,48.62497],[-121.06829,48.61923],[-121.10213,48.6149],[-121.10827,48.6197],[-121.10232,48.63308],[-121.08433,48.62963],[-121.05773,48.63699],[-121.05335,48.63603]]]]},"bbox":[-121.10827,48.61481,-121.04491,48.64319]},{"type":"Feature","id":28762,"properties":{"y":1990,"n":"Crystal","ag":"NPS","ac":9.9,"c":14,"cl":"Unknown","ad":"2021-01-21","cd":"","st":"WA","se":4},"geometry":{"type":"Polygon","coordinates":[[[-121.47995,48.80662],[-121.47871,48.80828],[-121.47798,48.80738],[-121.47995,48.80662]]]},"bbox":[-121.48154,48.80662,-121.47798,48.80831]},{"type":"Feature","id":28763,"properties":{"y":1994,"n":"Falls Ck","ag":"NPS","ac":118.1,"c":14,"cl":"Unknown","ad":"2021-01-21","cd":"","st":"WA","se":4},"geometry":{"type":"Polygon","coordinates":[[[-120.82122,48.50306],[-120.84307,48.50353],[-120.8376,48.5063],[-120.82122,48.50306]]]},"bbox":[-120.84307,48.50148,-120.82122,48.5063]},{"type":"Feature","id":28764,"properties":{"y":1980,"n":"Mcmillan C","ag":"NPS","ac":24.4,"c":14,"cl":"Unknown","ad":"2021-01-21","cd":"","st":"WA","se":4},"geometry":{"type":"Polygon","coordinates":[[[-121.22772,48.81919],[-121.22482,48.81944],[-121.22368,48.81767],[-121.22723,48.81667],[-121.22772,48.81919]]]},"bbox":[-121.22844,48.81646,-121.22361,48.81965]},{"type":"Feature","id":28765,"properties":{"y":1977,"n":"Hidden Lk","ag":"NPS","ac":34.8,"c":14,"cl":"Unknown","ad":"2021-01-21","cd":"","st":"WA","se":4},"geometry":{"type":"Polygon","coordinates":[[[-121.17428,48.51349],[-121.17124,48.51235],[-121.17485,48.5086],[-121.17612,48.51012],[-121.17428,48.51349]]]},"bbox":[-121.17612,48.5086,-121.17121,48.51372]},{"type":"Feature","id":28766,"properties":{"y":1994,"n":"Fisher Ck","ag":"NPS","ac":15.3,"c":14,"cl":"Unknown","ad":"2021-01-21","cd":"","st":"WA","se":4},"geometry":{"type":"Polygon","coordinates":[[[-120.95893,48.56869],[-120.95917,48.57208],[-120.95701,48.57229],[-120.95668,48.57125],[-120.95893,48.56869]]]},"bbox":[-120.9596,48.56869,-120.95665,48.57242]},{"type":"Feature","id":28767,"properties":{"y":2014,"n":"Enterprise","ag":"NPS","ac":141.0,"c":14,"cl":"Unknown","ad":"2021-01-21","cd":"","st":"WA","se":4},"geometry":{"type":"Polygon","coordinates":[[[-118.27652,48.0365],[-118.29665,48.03419],[-118.30018,48.0378],[-118.29799,48.03862],[-118.27652,48.0365]]]},"bbox":[-118.30018,48.03401,-118.27652,48.03862]},{"type":"Feature","id":28768,"properties":{"y":2009,"n":"Elija","ag":"NPS","ac":423.0,"c":14,"cl":"Unknown","ad":"2021-01-21","cd":"","st":"WA","se":4},"geometry":{"type":"Polygon","coordinates":[[[-121.00115,48.65724],[-120.9855,48.65595],[-120.98706,48.64866],[-120.98215,48.64855],[-120.99362,48.64502],[-121.00637,48.65303],[-121.00115,48.65724]]]},"bbox":[-121.0064,48.6448,-120.98213,48.65795]},{"type":"Feature","id":28769,"properties":{"y":2003,"n":"Tricouni","ag":"NPS","ac":204.2,"c":14,"cl":"Unknown","ad":"2021-01-21","cd":"","st":"WA","se":4},"geometry":{"type":"Polygon","coordinates":[[[-121.05647,48.57701],[-121.05644,48.58209],[-121.05099,48.58604],[-121.04145,48.58753],[-121.04094,48.58245],[-121.05647,48.57701]]]},"bbox":[-121.05786,48.57691,-121.03945,48.58819]},{"type":"Feature","id":28770,"properties":{"y":2008,"n":"Park Creek Ridge","ag":"NPS","ac":47.4,"c":14,"cl":"Unknown","ad":"2021-01-21","cd":"","st":"WA","se":4},"geometry":{"type":"Polygon","coordinates":[[[-120.93709,48.45804],[-120.94126,48.45317],[-120.94465,48.45533],[-120.9414,48.45847],[-120.93709,48.45804]]]},"bbox":[-120.94465,48.45284,-120.9366,48.4586]},{"type":"Feature","id":28771,"properties":{"y":2015,"n":"Goodell","ag":"NPS","ac":7109.7,"c":14,"cl":"Unknown","ad":"2021-01-21","cd":"","st":"WA","se":4},"geometry":{"type":"MultiPolygon","coordinates":[[[[-121.19204,48.70201],[-121.21247,48.69939],[-121.20656,48.69638],[-121.18239,48.70115],[-121.17893,48.69302],[-121.18348,48.68788],[-121.19915,48.683],[-121.21935,48.68323],[-121.2178,48.6796],[-121.22063,48.68037],[-121.22235,48.67686],[-121.21999,48.67485],[-121.23064,48.67406],[-121.22777,48.67275],[-121.22943,48.66649],[-121.22692,48.66616],[-121.23082,48.66414],[-121.20808,48.65671],[-121.21701,48.64877],[-121.2251,48.64859],[-121.23419,48.65513],[-121.23807,48.65263],[-121.23176,48.6469],[-121.23338,48.64428],[-121.2526,48.6437],[-121.26026,48.64652],[-121.26577,48.64444],[-121.27792,48.66308],[-121.27097,48.66962],[-121.26896,48.66591],[-121.26415,48.66615],[-121.23934,48.67425],[-121.25325,48.67248],[-121.2639,48.6747],[-121.27146,48.68064],[-121.2694,48.6828],[-121.27326,48.68867],[-121.27296,48.69491],[-121.24374,48.69293],[-121.24225,48.69735],[-121.23396,48.69959],[-121.23208,48.70524],[-121.22328,48.71221],[-121.20666,48.71534],[-121.19481,48.71468],[-121.19204,48.70201]]],[[[-121.18464,48.72039],[-121.17903,48.71856],[-121.18607,48.71443],[-121.19027,48.71449],[-121.18581,48.71619],[-121.18464,48.72039]]],[[[-121.20783,48.66336],[-121.21004,48.66303],[-121.20972,48.66474],[-121.20783,48.66336]]],[[[-121.20923,48.67544],[-121.21415,48.67238],[-121.21569,48.67371],[-121.20923,48.67544]]]]},"bbox":[-121.27792,48.64319,-121.17893,48.72073]},{"type":"Feature","id":28772,"properties":{"y":2008,"n":"Terror Creek","ag":"NPS","ac":8.0,"c":14,"cl":"Unknown","ad":"2021-01-21","cd":"","st":"WA","se":4},"geometry":{"type":"Polygon","coordinates":[[[-121.28666,48.72347],[-121.28946,48.72344],[-121.289,48.72528],[-121.28798,48.72553],[-121.28666,48.72347]]]},"bbox":[-121.28954,48.72288,-121.28626,48.7256]},{"type":"Feature","id":28773,"properties":{"y":2016,"n":"Godkin Fire","ag":"NPS","ac":824.5,"c":14,"cl":"Unknown","ad":"2021-01-21","cd":"","st":"WA","se":4},"geometry":{"type":"Polygon","coordinates":[[[-123.45934,47.77152],[-123.47178,47.75514],[-123.48105,47.75906],[-123.48028,47.7646],[-123.48457,47.76535],[-123.48517,47.75895],[-123.47856,47.75525],[-123.48096,47.75197],[-123.49324,47.75612],[-123.49084,47.76443],[-123.48611,47.76662],[-123.48732,47.77222],[-123.47367,47.76703],[-123.468,47.76933],[-123.46938,47.77256],[-123.46655,47.7747],[-123.45934,47.77152]]]},"bbox":[-123.49324,47.7515,-123.45899,47.7747]},{"type":"Feature","id":28774,"properties":{"y":2014,"n":"Lone Mountain 1","ag":"NPS","ac":2774.2,"c":14,"cl":"Unknown","ad":"2021-01-21","cd":"","st":"WA","se":4},"geometry":{"type":"Polygon","coordinates":[[[-120.6099,48.38947],[-120.60665,48.38482],[-120.60777,48.37995],[-120.60263,48.38089],[-120.602,48.37759],[-120.60755,48.37625],[-120.61747,48.36611],[-120.59711,48.36869],[-120.6011,48.37515],[-120.59238,48.38058],[-120.59442,48.37759],[-120.59148,48.37517],[-120.58695,48.37788],[-120.59515,48.36847],[-120.58898,48.36704],[-120.58305,48.37045],[-120.57762,48.36853],[-120.58041,48.36737],[-120.57638,48.36481],[-120.59219,48.36246],[-120.59078,48.36047],[-120.59387,48.35832],[-120.60255,48.35882],[-120.59002,48.34714],[-120.58767,48.33849],[-120.59126,48.3332],[-120.59908,48.33877],[-120.6053,48.33865],[-120.61108,48.34426],[-120.62184,48.34663],[-120.62434,48.35216],[-120.63336,48.35809],[-120.62725,48.36459],[-120.63528,48.37503],[-120.63205,48.37522],[-120.63231,48.37802],[-120.62736,48.37718],[-120.627,48.37328],[-120.62255,48.37378],[-120.62097,48.37745],[-120.62802,48.38235],[-120.62587,48.38275],[-120.62007,48.38039],[-120.61507,48.37234],[-120.61207,48.37672],[-120.61751,48.38377],[-120.6099,48.38947]]]},"bbox":[-120.63534,48.3332,-120.57636,48.39015]},{"type":"Feature","id":28775,"properties":{"y":2012,"n":"Four Stream","ag":"NPS","ac":0.7,"c":14,"cl":"Unknown","ad":"2021-01-21","cd":"","st":"WA","se":4},"geometry":{"type":"Polygon","coordinates":[[[-123.3653,47.53082],[-123.36507,47.53166],[-123.36469,47.53112],[-123.3653,47.53082]]]},"bbox":[-123.36537,47.53082,-123.36469,47.53166]},{"type":"Feature","id":28776,"properties":{"y":2015,"n":"Thursday Creek","ag":"NPS","ac":669.1,"c":14,"cl":"Unknown","ad":"2021-01-21","cd":"","st":"WA","se":4},"geometry":{"type":"MultiPolygon","coordinates":[[[[-121.02977,48.59183],[-121.03383,48.58963],[-121.04141,48.59607],[-121.0381,48.59737],[-121.02977,48.59183]]],[[[-121.07257,48.82473],[-121.06377,48.831],[-121.05302,48.83095],[-121.05779,48.80524],[-121.05854,48.80963],[-121.07132,48.81175],[-121.0641,48.81886],[-121.07257,48.82473]]]]},"bbox":[-121.07257,48.58909,-121.02933,48.83173]},{"type":"Feature","id":28777,"properties":{"y":2015,"n":"No Name 15","ag":"NPS","ac":343.7,"c":14,"cl":"Unknown","ad":"2021-01-21","cd":"","st":"WA","se":4},"geometry":{"type":"Polygon","coordinates":[[[-121.09981,48.84864],[-121.11053,48.85373],[-121.10449,48.86395],[-121.09215,48.8704],[-121.09189,48.86514],[-121.09695,48.86626],[-121.09557,48.86153],[-121.1016,48.85957],[-121.0991,48.85542],[-121.10165,48.85191],[-121.09741,48.85048],[-121.09981,48.84864]]]},"bbox":[-121.11053,48.84821,-121.09048,48.87056]},{"type":"Feature","id":28778,"properties":{"y":2003,"n":"Griff","ag":"NPS","ac":821.9,"c":14,"cl":"Unknown","ad":"2021-01-21","cd":"","st":"WA","se":4},"geometry":{"type":"Polygon","coordinates":[[[-123.53049,48.01347],[-123.51782,48.00615],[-123.50994,48.00739],[-123.50374,48.00379],[-123.49502,48.00823],[-123.49165,48.00413],[-123.49696,47.99769],[-123.5089,47.99885],[-123.51714,47.99449],[-123.52402,47.99758],[-123.5317,48.00893],[-123.53807,48.01024],[-123.53049,48.01347]]]},"bbox":[-123.53807,47.99447,-123.49165,48.01362]},{"type":"Feature","id":28779,"properties":{"y":2009,"n":"10 Mile","ag":"NPS","ac":491.8,"c":14,"cl":"Unknown","ad":"2021-01-21","cd":"","st":"WA","se":4},"geometry":{"type":"Polygon","coordinates":[[[-123.17234,47.69314],[-123.16483,47.68909],[-123.17442,47.68382],[-123.18454,47.684],[-123.19928,47.67874],[-123.20463,47.68336],[-123.19533,47.68318],[-123.18719,47.69195],[-123.17991,47.69044],[-123.17234,47.69314]]]},"bbox":[-123.20463,47.67874,-123.16483,47.69314]},{"type":"Feature","id":28780,"properties":{"y":2003,"n":"Bigbeaver","ag":"NPS","ac":2301.5,"c":14,"cl":"Unknown","ad":"2021-01-21","cd":"","st":"WA","se":4},"geometry":{"type":"MultiPolygon","coordinates":[[[[-121.14068,48.80011],[-121.13116,48.79814],[-121.12599,48.80003],[-121.09418,48.78888],[-121.10209,48.78171],[-121.10585,48.77332],[-121.12732,48.77864],[-121.13196,48.77003],[-121.13818,48.76925],[-121.14401,48.7724],[-121.14344,48.77602],[-121.14713,48.77698],[-121.15075,48.78385],[-121.14528,48.79168],[-121.14832,48.79214],[-121.14789,48.79507],[-121.14068,48.80011]]],[[[-121.13006,48.8],[-121.13165,48.79898],[-121.13326,48.79959],[-121.13006,48.8]]]]},"bbox":[-121.15075,48.76915,-121.09418,48.80054]},{"type":"Feature","id":28781,"properties":{"y":2015,"n":"Cat Island","ag":"NPS","ac":147.6,"c":14,"cl":"Unknown","ad":"2021-01-21","cd":"","st":"WA","se":4},"geometry":{"type":"Polygon","coordinates":[[[-121.06121,48.88326],[-121.05199,48.87842],[-121.06507,48.87288],[-121.06121,48.88326]]]},"bbox":[-121.06535,48.87274,-121.05199,48.88416]},{"type":"Feature","id":28782,"properties":{"y":2009,"n":"Buckinghorse","ag":"NPS","ac":324.1,"c":14,"cl":"Unknown","ad":"2021-01-21","cd":"","st":"WA","se":4},"geometry":{"type":"Polygon","coordinates":[[[-123.48725,47.73629],[-123.48792,47.72413],[-123.49291,47.71985],[-123.5017,47.72097],[-123.49591,47.73254],[-123.48725,47.73629]]]},"bbox":[-123.5021,47.71842,-123.48537,47.73633]},{"type":"Feature","id":28783,"properties":{"y":2005,"n":"Davis Peak","ag":"NPS","ac":17.2,"c":14,"cl":"Unknown","ad":"2021-01-21","cd":"","st":"WA","se":4},"geometry":{"type":"Polygon","coordinates":[[[-121.17772,48.70292],[-121.17474,48.70557],[-121.1733,48.70433],[-121.17772,48.70292]]]},"bbox":[-121.17884,48.70292,-121.1733,48.70557]},{"type":"Feature","id":28784,"properties":{"y":2009,"n":"Panther Creek","ag":"NPS","ac":243.0,"c":14,"cl":"Unknown","ad":"2021-01-21","cd":"","st":"WA","se":4},"geometry":{"type":"Polygon","coordinates":[[[-120.99979,48.69995],[-120.98262,48.69448],[-120.9886,48.68936],[-121.00136,48.69276],[-120.99979,48.69995]]]},"bbox":[-121.00136,48.68924,-120.98262,48.70011]},{"type":"Feature","id":28785,"properties":{"y":2008,"n":"Arctic","ag":"NPS","ac":143.6,"c":14,"cl":"Unknown","ad":"2021-01-21","cd":"","st":"WA","se":4},"geometry":{"type":"MultiPolygon","coordinates":[[[[-121.1334,48.90568],[-121.13372,48.90533],[-121.1338,48.90556],[-121.1334,48.90568]]],[[[-121.13911,48.90617],[-121.13427,48.90548],[-121.13979,48.90357],[-121.13911,48.90617]]],[[[-121.1345,48.90636],[-121.13619,48.90628],[-121.13428,48.90678],[-121.1345,48.90636]]],[[[-121.14338,48.90345],[-121.13982,48.90114],[-121.14424,48.89977],[-121.14694,48.89519],[-121.15212,48.89691],[-121.14338,48.90345]]],[[[-121.14316,48.90822],[-121.14104,48.90701],[-121.14383,48.90759],[-121.14316,48.90822]]],[[[-121.14132,48.90959],[-121.14223,48.90952],[-121.14185,48.90998],[-121.14132,48.90959]]],[[[-121.14179,48.90588],[-121.14251,48.90515],[-121.14272,48.90558],[-121.14179,48.90588]]],[[[-121.14358,48.90476],[-121.14511,48.90445],[-121.1438,48.90513],[-121.14358,48.90476]]],[[[-121.1451,48.89648],[-121.14579,48.89597],[-121.14589,48.89645],[-121.1451,48.89648]]],[[[-121.1469,48.90173],[-121.14797,48.90157],[-121.14672,48.90193],[-121.1469,48.90173]]],[[[-121.14765,48.89459],[-121.1493,48.89416],[-121.152,48.89609],[-121.14765,48.89459]]]]},"bbox":[-121.15255,48.89381,-121.13328,48.90998]},{"type":"Feature","id":28786,"properties":{"y":2009,"n":"Solduc","ag":"NPS","ac":4.1,"c":14,"cl":"Unknown","ad":"2021-01-21","cd":"","st":"WA","se":4},"geometry":{"type":"Polygon","coordinates":[[[-123.78849,47.92688],[-123.78873,47.92586],[-123.78959,47.92628],[-123.78849,47.92688]]]},"bbox":[-123.78959,47.92562,-123.78686,47.92688]},{"type":"Feature","id":28787,"properties":{"y":2015,"n":"Glory","ag":"NPS","ac":39.4,"c":14,"cl":"Unknown","ad":"2021-01-21","cd":"","st":"WA","se":4},"geometry":{"type":"Polygon","coordinates":[[[-120.99149,48.44669],[-120.9888,48.44074],[-120.99591,48.4437],[-120.99149,48.44669]]]},"bbox":[-120.99591,48.44074,-120.9885,48.44686]},{"type":"Feature","id":28788,"properties":{"y":2004,"n":"Perry","ag":"NPS","ac":52.2,"c":14,"cl":"Unknown","ad":"2021-01-21","cd":"","st":"WA","se":4},"geometry":{"type":"Polygon","coordinates":[[[-121.15689,48.93483],[-121.15202,48.93862],[-121.14746,48.93729],[-121.15428,48.93267],[-121.15689,48.93483]]]},"bbox":[-121.15689,48.93267,-121.14744,48.93869]},{"type":"Feature","id":28789,"properties":{"y":2016,"n":"Cox Valley","ag":"NPS","ac":61.7,"c":14,"cl":"Unknown","ad":"2021-01-21","cd":"","st":"WA","se":4},"geometry":{"type":"Polygon","coordinates":[[[-123.45283,47.96652],[-123.44562,47.96784],[-123.44249,47.96575],[-123.45339,47.96279],[-123.44691,47.96609],[-123.45283,47.96652]]]},"bbox":[-123.45339,47.96279,-123.44249,47.96784]},{"type":"Feature","id":28790,"properties":{"y":2015,"n":"Snowfield","ag":"NPS","ac":183.8,"c":14,"cl":"Unknown","ad":"2021-01-21","cd":"","st":"WA","se":4},"geometry":{"type":"MultiPolygon","coordinates":[[[[-121.16602,48.62727],[-121.16538,48.6265],[-121.16739,48.62669],[-121.16602,48.62727]]],[[[-121.17103,48.63219],[-121.17176,48.62918],[-121.17903,48.62715],[-121.16871,48.6267],[-121.17683,48.6224],[-121.18923,48.62755],[-121.17103,48.63219]]]]},"bbox":[-121.18923,48.62211,-121.16513,48.6324]},{"type":"Feature","id":28791,"properties":{"y":2015,"n":"Goode","ag":"NPS","ac":616.3,"c":14,"cl":"Unknown","ad":"2021-01-21","cd":"","st":"WA","se":4},"geometry":{"type":"MultiPolygon","coordinates":[[[[-120.91385,48.47088],[-120.92616,48.46422],[-120.93179,48.46516],[-120.93598,48.46178],[-120.94372,48.47244],[-120.93893,48.47731],[-120.92553,48.47911],[-120.91795,48.47516],[-120.9219,48.47145],[-120.91385,48.47088]]],[[[-120.91665,48.47244],[-120.91644,48.47213],[-120.91705,48.47228],[-120.91665,48.47244]]]]},"bbox":[-120.94372,48.46145,-120.91385,48.47912]},{"type":"Feature","id":28792,"properties":{"y":2015,"n":"Klawatti","ag":"NPS","ac":125.5,"c":14,"cl":"Unknown","ad":"2021-01-21","cd":"","st":"WA","se":4},"geometry":{"type":"Polygon","coordinates":[[[-121.06352,48.5973],[-121.05137,48.59792],[-121.04905,48.5963],[-121.05825,48.59144],[-121.06352,48.5973]]]},"bbox":[-121.06359,48.59143,-121.04904,48.59806]},{"type":"Feature","id":28793,"properties":{"y":2016,"n":"Ignar Creek","ag":"NPS","ac":154.0,"c":14,"cl":"Unknown","ad":"2021-01-21","cd":"","st":"WA","se":4},"geometry":{"type":"Polygon","coordinates":[[[-123.42244,47.63389],[-123.43677,47.63181],[-123.43883,47.63384],[-123.41424,47.6413],[-123.42325,47.6369],[-123.42244,47.63389]]]},"bbox":[-123.43883,47.63181,-123.41424,47.64135]},{"type":"Feature","id":28794,"properties":{"y":2015,"n":"Trapline","ag":"NPS","ac":25.5,"c":14,"cl":"Unknown","ad":"2021-01-21","cd":"","st":"WA","se":4},"geometry":{"type":"Polygon","coordinates":[[[-120.94583,48.43706],[-120.94343,48.43564],[-120.94414,48.43345],[-120.94815,48.43433],[-120.94583,48.43706]]]},"bbox":[-120.94823,48.43323,-120.94331,48.43706]},{"type":"Feature","id":28795,"properties":{"y":2009,"n":"Constance","ag":"NPS","ac":456.6,"c":14,"cl":"Unknown","ad":"2021-01-21","cd":"","st":"WA","se":4},"geometry":{"type":"Polygon","coordinates":[[[-123.13588,47.74047],[-123.12899,47.7291],[-123.13557,47.72636],[-123.1458,47.72833],[-123.1595,47.73676],[-123.14526,47.73932],[-123.1408,47.73541],[-123.13588,47.74047]]]},"bbox":[-123.1595,47.72636,-123.12899,47.74047]},{"type":"Feature","id":28796,"properties":{"y":2016,"n":"Hayes Fire","ag":"NPS","ac":2467.1,"c":14,"cl":"Unknown","ad":"2021-01-21","cd":"","st":"WA","se":4},"geometry":{"type":"Polygon","coordinates":[[[-123.41676,47.83253],[-123.39513,47.81605],[-123.40028,47.81489],[-123.39925,47.81236],[-123.39084,47.80982],[-123.38638,47.81178],[-123.39118,47.8059],[-123.38672,47.80463],[-123.38672,47.8006],[-123.38106,47.79921],[-123.37917,47.79529],[-123.37608,47.79668],[-123.37539,47.79252],[-123.37161,47.79495],[-123.36818,47.78895],[-123.36183,47.78987],[-123.35617,47.78664],[-123.34947,47.78007],[-123.3493,47.77545],[-123.36355,47.77707],[-123.36955,47.78145],[-123.37264,47.77649],[-123.37694,47.77707],[-123.37591,47.78111],[-123.38243,47.78307],[-123.39067,47.77857],[-123.38672,47.78906],[-123.40372,47.79264],[-123.40114,47.80117],[-123.41264,47.80348],[-123.41196,47.8074],[-123.40681,47.80947],[-123.41247,47.81305],[-123.41299,47.81731],[-123.41985,47.81858],[-123.41745,47.82215],[-123.42157,47.82411],[-123.42964,47.82215],[-123.43084,47.82688],[-123.41676,47.83253]]]},"bbox":[-123.43101,47.77465,-123.3493,47.83253]},{"type":"Feature","id":28797,"properties":{"y":2007,"n":"Tolo","ag":"NPS","ac":349.8,"c":14,"cl":"Unknown","ad":"2021-01-21","cd":"","st":"WA","se":4},"geometry":{"type":"Polygon","coordinates":[[[-120.89031,48.41576],[-120.91051,48.4219],[-120.91172,48.42533],[-120.88191,48.42602],[-120.88412,48.42133],[-120.89352,48.42091],[-120.88868,48.41759],[-120.89031,48.41576]]]},"bbox":[-120.91173,48.41567,-120.88191,48.42777]},{"type":"Feature","id":28798,"properties":{"y":2004,"n":"Mcmillan","ag":"NPS","ac":241.4,"c":14,"cl":"Unknown","ad":"2021-01-21","cd":"","st":"WA","se":4},"geometry":{"type":"MultiPolygon","coordinates":[[[[-121.24556,48.82118],[-121.23459,48.82434],[-121.23917,48.81185],[-121.24544,48.81282],[-121.24846,48.80988],[-121.24556,48.82118]]],[[[-121.23698,48.82578],[-121.23673,48.82561],[-121.23724,48.82562],[-121.23698,48.82578]]],[[[-121.24144,48.82474],[-121.24106,48.82496],[-121.24096,48.82483],[-121.24144,48.82474]]]]},"bbox":[-121.24852,48.80988,-121.23459,48.82578]},{"type":"Feature","id":28799,"properties":{"y":2016,"n":"Hart","ag":"NPS","ac":23176.3,"c":14,"cl":"Unknown","ad":"2021-01-21","cd":"","st":"WA","se":4},"geometry":{"type":"MultiPolygon","coordinates":[[[[-118.01507,47.88114],[-118.00227,47.8729],[-117.98923,47.87206],[-117.98868,47.86749],[-117.99582,47.86094],[-117.99152,47.85485],[-117.97473,47.85031],[-117.96531,47.85458],[-117.96026,47.8521],[-117.94813,47.85396],[-117.94661,47.85901],[-117.94201,47.85972],[-117.92481,47.85349],[-117.9261,47.84415],[-117.92354,47.84166],[-117.92923,47.84004],[-117.92869,47.83595],[-117.939,47.83813],[-117.95818,47.83184],[-117.9898,47.83562],[-118.00767,47.82425],[-118.01763,47.81394],[-118.04094,47.80146],[-118.06209,47.79952],[-118.07272,47.80231],[-118.0856,47.81638],[-118.09579,47.82187],[-118.09306,47.82992],[-118.11687,47.83577],[-118.11694,47.84582],[-118.122,47.85982],[-118.13133,47.86915],[-118.12389,47.87465],[-118.10415,47.87112],[-118.09435,47.87672],[-118.07883,47.87756],[-118.07147,47.87671],[-118.06636,47.87063],[-118.05954,47.86854],[-118.04872,47.87385],[-118.03283,47.87232],[-118.02917,47.87844],[-118.02115,47.87756],[-118.01507,47.88114]]],[[[-118.12572,47.83436],[-118.09873,47.82718],[-118.099,47.82084],[-118.08235,47.80508],[-118.08045,47.7983],[-118.08994,47.80083],[-118.0936,47.80997],[-118.10184,47.80868],[-118.10806,47.81457],[-118.1259,47.8087],[-118.13402,47.80043],[-118.13925,47.80195],[-118.15234,47.79619],[-118.17348,47.79406],[-118.16552,47.80147],[-118.17196,47.80991],[-118.17218,47.8213],[-118.16116,47.81863],[-118.16393,47.824],[-118.15673,47.83169],[-118.15709,47.83726],[-118.14745,47.84042],[-118.13915,47.83426],[-118.1237,47.85394],[-118.11988,47.84484],[-118.12572,47.83436]]]]},"bbox":[-118.17358,47.79393,-117.92347,47.8815]},{"type":"Feature","id":28800,"properties":{"y":2015,"n":"Rocky Beaver","ag":"NPS","ac":140.8,"c":14,"cl":"Unknown","ad":"2021-01-21","cd":"","st":"WA","se":4},"geometry":{"type":"Polygon","coordinates":[[[-121.18673,48.92809],[-121.1895,48.92265],[-121.198,48.92631],[-121.19469,48.93129],[-121.18904,48.93132],[-121.18673,48.92809]]]},"bbox":[-121.198,48.92261,-121.18672,48.93179]},{"type":"Feature","id":28801,"properties":{"y":2004,"n":"Newhalem","ag":"NPS","ac":58.5,"c":14,"cl":"Unknown","ad":"2021-01-21","cd":"","st":"WA","se":4},"geometry":{"type":"Polygon","coordinates":[[[-121.22849,48.63487],[-121.22438,48.6338],[-121.22474,48.63058],[-121.23484,48.63109],[-121.22849,48.63487]]]},"bbox":[-121.23488,48.63052,-121.22435,48.63514]},{"type":"Feature","id":28802,"properties":{"y":2001,"n":"Glory Mtn","ag":"NPS","ac":1244.2,"c":14,"cl":"Unknown","ad":"2021-01-21","cd":"","st":"WA","se":4},"geometry":{"type":"Polygon","coordinates":[[[-120.96736,48.43396],[-120.92608,48.43396],[-120.91595,48.42543],[-120.93364,48.4253],[-120.95573,48.41542],[-120.97346,48.42687],[-120.96736,48.43396]]]},"bbox":[-120.97346,48.41542,-120.91595,48.43487]},{"type":"Feature","id":28803,"properties":{"y":2018,"n":"Little Fork","ag":"NPS","ac":426.0,"c":14,"cl":"Unknown","ad":"2021-01-21","cd":"","st":"WA","se":4},"geometry":{"type":"Polygon","coordinates":[[[-121.44154,48.96058],[-121.46466,48.95529],[-121.4704,48.95673],[-121.46644,48.96165],[-121.45962,48.96178],[-121.44436,48.97045],[-121.4368,48.96626],[-121.44154,48.96058]]]},"bbox":[-121.4704,48.95529,-121.4368,48.97045]},{"type":"Feature","id":28804,"properties":{"y":2004,"n":"Littlebeav","ag":"NPS","ac":71.9,"c":14,"cl":"Unknown","ad":"2021-01-21","cd":"","st":"WA","se":4},"geometry":{"type":"MultiPolygon","coordinates":[[[[-121.25514,48.91805],[-121.24646,48.91598],[-121.25312,48.91421],[-121.25202,48.91162],[-121.25719,48.91292],[-121.25514,48.91805]]],[[[-121.25176,48.91771],[-121.25175,48.91754],[-121.25191,48.91767],[-121.25176,48.91771]]]]},"bbox":[-121.25719,48.91161,-121.24646,48.9182]},{"type":"Feature","id":28805,"properties":{"y":2018,"n":"American Camp","ag":"NPS","ac":6.8,"c":14,"cl":"Unknown","ad":"2021-01-21","cd":"","st":"WA","se":4},"geometry":{"type":"Polygon","coordinates":[[[-123.01946,48.46401],[-123.0185,48.46566],[-123.01663,48.46546],[-123.01946,48.46401]]]},"bbox":[-123.02099,48.46398,-123.01663,48.46571]},{"type":"Feature","id":28806,"properties":{"y":2003,"n":"No Name","ag":"NPS","ac":1015.5,"c":14,"cl":"Unknown","ad":"2021-01-21","cd":"","st":"WA","se":4},"geometry":{"type":"Polygon","coordinates":[[[-121.07867,48.86845],[-121.08298,48.85872],[-121.09507,48.85415],[-121.08981,48.85272],[-121.08679,48.84323],[-121.09967,48.84243],[-121.10547,48.84517],[-121.10785,48.85385],[-121.09991,48.86524],[-121.08134,48.87315],[-121.07867,48.86845]]]},"bbox":[-121.10804,48.84236,-121.07853,48.87315]},{"type":"Feature","id":28807,"properties":{"y":2013,"n":"Artic Dan","ag":"NPS","ac":253.6,"c":14,"cl":"Unknown","ad":"2021-01-21","cd":"","st":"WA","se":4},"geometry":{"type":"Polygon","coordinates":[[[-121.11461,48.89171],[-121.11067,48.88969],[-121.11409,48.88896],[-121.11113,48.88122],[-121.11872,48.88113],[-121.12728,48.88544],[-121.1192,48.89415],[-121.11438,48.89522],[-121.11461,48.89171]]]},"bbox":[-121.12742,48.88113,-121.11059,48.89527]},{"type":"Feature","id":28808,"properties":{"y":2021,"n":"Bear Creek","ag":"NPS","ac":857.0,"c":14,"cl":"Unknown","ad":"2023-03-14","cd":"","st":"WA","se":1},"geometry":{"type":"Polygon","coordinates":[[[-121.37407,48.96614],[-121.36119,48.97323],[-121.36565,48.96674],[-121.36128,48.9711],[-121.36221,48.96821],[-121.3577,48.96832],[-121.35355,48.97332],[-121.35034,48.96864],[-121.36585,48.96192],[-121.36998,48.95413],[-121.38103,48.95014],[-121.37996,48.94631],[-121.38896,48.94725],[-121.38551,48.96509],[-121.37234,48.96191],[-121.37407,48.96614]]]},"bbox":[-121.38956,48.94631,-121.35034,48.97364]},{"type":"Feature","id":28809,"properties":{"y":2018,"n":"Arctic Jim","ag":"NPS","ac":883.7,"c":14,"cl":"Unknown","ad":"2021-01-21","cd":"","st":"WA","se":4},"geometry":{"type":"Polygon","coordinates":[[[-121.1633,48.8911],[-121.13456,48.9061],[-121.12493,48.90502],[-121.12093,48.90784],[-121.11928,48.90558],[-121.12259,48.90552],[-121.11899,48.90247],[-121.13238,48.89141],[-121.13819,48.88845],[-121.14335,48.88968],[-121.14088,48.885],[-121.1633,48.8911]]]},"bbox":[-121.16376,48.88497,-121.11896,48.90784]},{"type":"Feature","id":28810,"properties":{"y":2009,"n":"Knife","ag":"NPS","ac":140.6,"c":14,"cl":"Unknown","ad":"2021-01-21","cd":"","st":"WA","se":4},"geometry":{"type":"Polygon","coordinates":[[[-123.45876,47.73841],[-123.45449,47.7321],[-123.45818,47.73054],[-123.46771,47.73394],[-123.45876,47.73841]]]},"bbox":[-123.46771,47.73001,-123.45449,47.73846]},{"type":"Feature","id":28811,"properties":{"y":2021,"n":"Moraine Lake 2","ag":"NPS","ac":166.9,"c":14,"cl":"Unknown","ad":"2021-08-20","cd":"","st":"WA","se":2},"geometry":{"type":"Polygon","coordinates":[[[-121.08047,48.54142],[-121.06871,48.54321],[-121.06264,48.54049],[-121.07407,48.53625],[-121.08047,48.54142]]]},"bbox":[-121.08047,48.53625,-121.06264,48.54383]},{"type":"Feature","id":28812,"properties":{"y":2022,"n":"Chilliwack Complex","ag":"NPS","ac":660.4,"c":14,"cl":"Unknown","ad":"2022-09-19","cd":"","st":"WA","se":3},"geometry":{"type":"MultiPolygon","coordinates":[[[[-121.48975,48.94579],[-121.49229,48.93863],[-121.47674,48.93931],[-121.47199,48.9328],[-121.47425,48.929],[-121.48702,48.92672],[-121.49759,48.9345],[-121.49633,48.94001],[-121.49905,48.94314],[-121.48975,48.94579]]],[[[-121.50096,48.92774],[-121.49069,48.92558],[-121.48675,48.91984],[-121.50024,48.92434],[-121.50096,48.92774]]],[[[-121.48693,48.9232],[-121.48707,48.92274],[-121.48712,48.92304],[-121.48693,48.9232]]],[[[-121.49526,48.94533],[-121.49653,48.9456],[-121.49537,48.94604],[-121.49526,48.94533]]],[[[-121.49886,48.94671],[-121.49705,48.94552],[-121.49978,48.94547],[-121.49886,48.94671]]]]},"bbox":[-121.50109,48.91981,-121.47199,48.94693]},{"type":"Feature","id":28813,"properties":{"y":2022,"n":"Silesia","ag":"NPS","ac":2421.9,"c":14,"cl":"Unknown","ad":"2023-03-14","cd":"","st":"WA","se":1},"geometry":{"type":"MultiPolygon","coordinates":[[[[-121.54926,48.96173],[-121.53346,48.96576],[-121.52826,48.95872],[-121.51636,48.95997],[-121.52216,48.9537],[-121.51176,48.95133],[-121.51029,48.95274],[-121.50981,48.95522],[-121.50352,48.95374],[-121.50701,48.95055],[-121.50584,48.94975],[-121.4975,48.95235],[-121.49437,48.94772],[-121.48801,48.94586],[-121.48902,48.9421],[-121.48426,48.93804],[-121.47674,48.93931],[-121.47199,48.9328],[-121.47425,48.929],[-121.49019,48.92488],[-121.48733,48.92202],[-121.48477,48.92256],[-121.48289,48.91619],[-121.48781,48.91752],[-121.48991,48.92209],[-121.50058,48.92373],[-121.50096,48.92774],[-121.49193,48.92971],[-121.49917,48.93514],[-121.51996,48.94016],[-121.53215,48.94911],[-121.53387,48.9458],[-121.53819,48.9468],[-121.53867,48.95087],[-121.54926,48.96173]]],[[[-121.47754,48.94034],[-121.47874,48.94044],[-121.47782,48.9413],[-121.47754,48.94034]]],[[[-121.48408,48.94867],[-121.48313,48.94891],[-121.48316,48.94865],[-121.48408,48.94867]]],[[[-121.48403,48.94834],[-121.48472,48.94844],[-121.48457,48.94862],[-121.48403,48.94834]]],[[[-121.48461,48.94965],[-121.48476,48.94909],[-121.48486,48.94961],[-121.48461,48.94965]]],[[[-121.48658,48.94664],[-121.48688,48.9464],[-121.48699,48.94651],[-121.48658,48.94664]]],[[[-121.48693,48.9232],[-121.48707,48.92274],[-121.48712,48.92304],[-121.48693,48.9232]]],[[[-121.50791,48.95542],[-121.50825,48.95527],[-121.50827,48.95542],[-121.50791,48.95542]]],[[[-121.51117,48.95516],[-121.51093,48.95473],[-121.51129,48.95477],[-121.51117,48.95516]]],[[[-121.51135,48.95264],[-121.51095,48.95254],[-121.51126,48.95246],[-121.51135,48.95264]]],[[[-121.51169,48.95331],[-121.51242,48.95341],[-121.51203,48.95371],[-121.51169,48.95331]]],[[[-121.51371,48.9585],[-121.51584,48.95608],[-121.51886,48.95636],[-121.51371,48.9585]]],[[[-121.51378,48.95284],[-121.51381,48.95235],[-121.51413,48.95275],[-121.51378,48.95284]]],[[[-121.51524,48.95249],[-121.51564,48.95241],[-121.5156,48.95275],[-121.51524,48.95249]]],[[[-121.5159,48.95264],[-121.51627,48.95271],[-121.51587,48.95278],[-121.5159,48.95264]]],[[[-121.55019,48.96543],[-121.54798,48.96858],[-121.54644,48.96545],[-121.55019,48.96543]]]]},"bbox":[-121.55031,48.91611,-121.47199,48.96924]},{"type":"Feature","id":28814,"properties":{"y":2021,"n":"Moraine Lake","ag":"NPS","ac":248.9,"c":14,"cl":"Unknown","ad":"2023-03-14","cd":"","st":"WA","se":1},"geometry":{"type":"Polygon","coordinates":[[[-121.07749,48.5445],[-121.07232,48.54202],[-121.06153,48.54408],[-121.06044,48.54198],[-121.06514,48.53647],[-121.07718,48.53562],[-121.07605,48.53772],[-121.08338,48.54132],[-121.0819,48.54313],[-121.07734,48.54039],[-121.07749,48.5445]]]},"bbox":[-121.08338,48.53504,-121.06044,48.54451]},{"type":"Feature","id":28815,"properties":{"y":2022,"n":"Brush Creek 2","ag":"NPS","ac":3393.4,"c":14,"cl":"Unknown","ad":"2023-03-14","cd":"","st":"WA","se":1},"geometry":{"type":"MultiPolygon","coordinates":[[[[-121.34883,48.87929],[-121.34879,48.88227],[-121.34578,48.88111],[-121.3454,48.87894],[-121.34883,48.87929]]],[[[-121.42146,48.91417],[-121.41664,48.91991],[-121.40908,48.91599],[-121.40793,48.9199],[-121.41512,48.92236],[-121.40569,48.92466],[-121.40528,48.92806],[-121.3952,48.93422],[-121.39003,48.9333],[-121.38534,48.92694],[-121.39474,48.91534],[-121.39506,48.9098],[-121.38687,48.90668],[-121.38987,48.90248],[-121.38706,48.90096],[-121.38829,48.89807],[-121.39556,48.89697],[-121.39332,48.8949],[-121.39485,48.88992],[-121.39165,48.88935],[-121.39621,48.8841],[-121.38932,48.88224],[-121.37591,48.88613],[-121.37627,48.88399],[-121.36752,48.883],[-121.36298,48.87703],[-121.36733,48.87524],[-121.36329,48.87367],[-121.37211,48.87414],[-121.3695,48.87212],[-121.37315,48.87035],[-121.37147,48.86648],[-121.40167,48.8712],[-121.40408,48.87412],[-121.40828,48.8728],[-121.4076,48.87667],[-121.41455,48.88177],[-121.41536,48.88539],[-121.41195,48.88607],[-121.41619,48.89137],[-121.41377,48.90007],[-121.42171,48.90586],[-121.42146,48.91417]]],[[[-121.4066,48.92587],[-121.40714,48.92554],[-121.4072,48.92581],[-121.4066,48.92587]]],[[[-121.41373,48.91934],[-121.41456,48.91955],[-121.41369,48.91956],[-121.41373,48.91934]]],[[[-121.41416,48.92014],[-121.41452,48.91986],[-121.4148,48.92009],[-121.41416,48.92014]]]]},"bbox":[-121.4227,48.86648,-121.34534,48.93437]},{"type":"Feature","id":28816,"properties":{"y":2022,"n":"Little Chill","ag":"NPS","ac":1817.2,"c":14,"cl":"Unknown","ad":"2023-03-14","cd":"","st":"WA","se":1},"geometry":{"type":"MultiPolygon","coordinates":[[[[-121.48194,48.95921],[-121.49471,48.9576],[-121.49525,48.96517],[-121.4901,48.97003],[-121.49014,48.97225],[-121.48458,48.97057],[-121.4849,48.97359],[-121.47837,48.9776],[-121.4786,48.97815],[-121.48433,48.97958],[-121.48817,48.97916],[-121.48595,48.98277],[-121.47341,48.9802],[-121.46523,48.98648],[-121.45526,48.98506],[-121.45752,48.98831],[-121.44935,48.987],[-121.44726,48.99347],[-121.44507,48.99135],[-121.43243,48.99442],[-121.42781,48.99155],[-121.43454,48.98487],[-121.43129,48.97971],[-121.44322,48.97919],[-121.44689,48.9761],[-121.4503,48.97786],[-121.46465,48.97284],[-121.48194,48.95921]]],[[[-121.46083,48.98834],[-121.46115,48.98811],[-121.46123,48.98815],[-121.46083,48.98834]]],[[[-121.4651,48.98961],[-121.46535,48.98824],[-121.46655,48.9893],[-121.4651,48.98961]]],[[[-121.47234,48.9868],[-121.47119,48.98668],[-121.47127,48.9863],[-121.47234,48.9868]]],[[[-121.47407,48.98461],[-121.4743,48.98341],[-121.47469,48.98406],[-121.47407,48.98461]]],[[[-121.47429,48.98711],[-121.47439,48.98685],[-121.47446,48.9869],[-121.47429,48.98711]]],[[[-121.47481,48.98758],[-121.47539,48.98594],[-121.47617,48.98605],[-121.47481,48.98758]]],[[[-121.47676,48.98729],[-121.47735,48.98634],[-121.4774,48.9874],[-121.47676,48.98729]]],[[[-121.47846,48.98626],[-121.47979,48.98739],[-121.47802,48.9872],[-121.47846,48.98626]]],[[[-121.47914,48.97812],[-121.47922,48.97798],[-121.47934,48.97805],[-121.47914,48.97812]]],[[[-121.47993,48.98312],[-121.48034,48.98296],[-121.48012,48.9833],[-121.47993,48.98312]]],[[[-121.48058,48.9771],[-121.48082,48.97675],[-121.48089,48.97699],[-121.48058,48.9771]]],[[[-121.48335,48.97738],[-121.48344,48.9769],[-121.48354,48.97727],[-121.48335,48.97738]]],[[[-121.48817,48.97591],[-121.48622,48.97664],[-121.48617,48.97579],[-121.48817,48.97591]]],[[[-121.48804,48.97812],[-121.48737,48.97785],[-121.48729,48.97753],[-121.48804,48.97812]]],[[[-121.48876,48.97908],[-121.48925,48.97838],[-121.48964,48.97877],[-121.48876,48.97908]]],[[[-121.48995,48.97961],[-121.48966,48.97912],[-121.49009,48.97921],[-121.48995,48.97961]]],[[[-121.49395,48.97053],[-121.49149,48.97096],[-121.49124,48.97034],[-121.49395,48.97053]]],[[[-121.49595,48.95488],[-121.49443,48.9549],[-121.49581,48.95374],[-121.49595,48.95488]]]]},"bbox":[-121.49601,48.95371,-121.4278,48.99442]},{"type":"Feature","id":28817,"properties":{"y":2022,"n":"Mcallister Creek","ag":"NPS","ac":2289.5,"c":14,"cl":"Unknown","ad":"2023-03-14","cd":"","st":"WA","se":1},"geometry":{"type":"MultiPolygon","coordinates":[[[[-121.08248,48.64598],[-121.06763,48.64354],[-121.05404,48.63168],[-121.05796,48.62867],[-121.06776,48.63279],[-121.06382,48.62896],[-121.06887,48.62592],[-121.06309,48.62561],[-121.06668,48.62338],[-121.06675,48.62094],[-121.07073,48.62201],[-121.0709,48.61964],[-121.0823,48.61672],[-121.09055,48.61819],[-121.09126,48.61555],[-121.09191,48.61788],[-121.10066,48.61542],[-121.11196,48.61758],[-121.10867,48.61513],[-121.11884,48.61429],[-121.12415,48.61757],[-121.12166,48.61973],[-121.12852,48.62254],[-121.1193,48.62374],[-121.11896,48.62918],[-121.11285,48.62266],[-121.10583,48.62445],[-121.09997,48.63354],[-121.08957,48.6351],[-121.08991,48.63889],[-121.08405,48.6364],[-121.08941,48.6438],[-121.08248,48.64598]]],[[[-121.06395,48.62782],[-121.06374,48.62759],[-121.06405,48.62785],[-121.06395,48.62782]]],[[[-121.06433,48.62779],[-121.06438,48.62767],[-121.06443,48.62779],[-121.06433,48.62779]]],[[[-121.066,48.62267],[-121.06592,48.62243],[-121.06615,48.62266],[-121.066,48.62267]]],[[[-121.08965,48.6398],[-121.08986,48.63966],[-121.08985,48.63986],[-121.08965,48.6398]]],[[[-121.10766,48.62584],[-121.10805,48.62532],[-121.10823,48.62555],[-121.10766,48.62584]]]]},"bbox":[-121.12852,48.61398,-121.05404,48.64655]},{"type":"Feature","id":28818,"properties":{"y":2022,"n":"Boundary","ag":"NPS","ac":0.0,"c":14,"cl":"Unknown","ad":"2023-03-14","cd":"","st":"WA","se":1},"geometry":{"type":"Polygon","coordinates":[[[-121.51636,48.89428],[-121.51619,48.89425],[-121.51624,48.89408],[-121.51636,48.89428]]]},"bbox":[-121.51636,48.89408,-121.51619,48.8944]},{"type":"Feature","id":28819,"properties":{"y":2020,"n":"East Beach Road","ag":"NPS","ac":84.8,"c":14,"cl":"Unknown","ad":"2023-03-14","cd":"","st":"WA","se":1},"geometry":{"type":"Polygon","coordinates":[[[-123.76994,48.09501],[-123.77818,48.09359],[-123.78319,48.09728],[-123.77651,48.09781],[-123.76994,48.09501]]]},"bbox":[-123.78321,48.09312,-123.76903,48.09785]},{"type":"Feature","id":28820,"properties":{"y":2022,"n":"North Fork","ag":"NPS","ac":340.1,"c":14,"cl":"Unknown","ad":"2023-03-14","cd":"","st":"WA","se":1},"geometry":{"type":"MultiPolygon","coordinates":[[[[-121.43641,48.99226],[-121.43848,48.98033],[-121.44507,48.97792],[-121.45036,48.98095],[-121.44881,48.97704],[-121.46193,48.98617],[-121.45669,48.98463],[-121.45719,48.98838],[-121.45024,48.98671],[-121.44904,48.98916],[-121.44836,48.9873],[-121.45085,48.98619],[-121.44165,48.97933],[-121.43964,48.98048],[-121.44748,48.98617],[-121.44814,48.99278],[-121.44263,48.99117],[-121.44462,48.98857],[-121.44151,48.98664],[-121.43747,48.99209],[-121.43975,48.9925],[-121.43641,48.99226]]],[[[-121.44085,48.98776],[-121.44207,48.99106],[-121.44054,48.98808],[-121.44085,48.98776]]],[[[-121.44356,48.98954],[-121.44346,48.98917],[-121.4437,48.98946],[-121.44356,48.98954]]]]},"bbox":[-121.46193,48.97704,-121.43641,48.99347]},{"type":"Feature","id":28821,"properties":{"y":2022,"n":"Desolation","ag":"NPS","ac":363.5,"c":14,"cl":"Unknown","ad":"2023-03-14","cd":"","st":"WA","se":1},"geometry":{"type":"Polygon","coordinates":[[[-121.04649,48.91887],[-121.0421,48.91916],[-121.03843,48.91929],[-121.02864,48.91483],[-121.03301,48.91312],[-121.03135,48.91047],[-121.03589,48.91104],[-121.03697,48.91048],[-121.03347,48.90934],[-121.03511,48.90624],[-121.03903,48.90587],[-121.0506,48.91304],[-121.04649,48.91887]]]},"bbox":[-121.0506,48.90559,-121.02864,48.91957]},{"type":"Feature","id":28822,"properties":{"y":2020,"n":"Aurora Ridge","ag":"NPS","ac":0.3,"c":14,"cl":"Unknown","ad":"2023-03-14","cd":"","st":"WA","se":1},"geometry":{"type":"Polygon","coordinates":[[[-123.92743,48.05104],[-123.92774,48.05085],[-123.92711,48.05139],[-123.92743,48.05104]]]},"bbox":[-123.92774,48.0508,-123.92698,48.05139]},{"type":"Feature","id":28823,"properties":{"y":2022,"n":"Brush Creek 1","ag":"NPS","ac":5.3,"c":14,"cl":"Unknown","ad":"2023-03-14","cd":"","st":"WA","se":1},"geometry":{"type":"Polygon","coordinates":[[[-121.4085,48.89644],[-121.41004,48.89564],[-121.41115,48.89602],[-121.4085,48.89644]]]},"bbox":[-121.41115,48.8956,-121.4066,48.89644]},{"type":"Feature","id":28824,"properties":{"y":2022,"n":"Copper Ridge","ag":"NPS","ac":10.7,"c":14,"cl":"Unknown","ad":"2023-03-14","cd":"","st":"WA","se":1},"geometry":{"type":"Polygon","coordinates":[[[-121.45205,48.93],[-121.44885,48.92932],[-121.45203,48.92929],[-121.45205,48.93]]]},"bbox":[-121.45205,48.92905,-121.44823,48.93121]},{"type":"Feature","id":28825,"properties":{"y":2022,"n":"Copper Lake","ag":"NPS","ac":3159.5,"c":14,"cl":"Unknown","ad":"2023-03-14","cd":"","st":"WA","se":1},"geometry":{"type":"MultiPolygon","coordinates":[[[[-121.39919,48.97889],[-121.395,48.97486],[-121.40076,48.97167],[-121.39766,48.96784],[-121.41477,48.96654],[-121.41765,48.95829],[-121.41529,48.95468],[-121.41988,48.9509],[-121.41916,48.94844],[-121.41217,48.94905],[-121.41,48.95212],[-121.40075,48.95039],[-121.40013,48.94441],[-121.40451,48.93863],[-121.40243,48.93778],[-121.40209,48.93347],[-121.40543,48.93366],[-121.42943,48.91381],[-121.43407,48.91614],[-121.43519,48.92179],[-121.44416,48.92469],[-121.44178,48.92777],[-121.45203,48.92929],[-121.44597,48.93095],[-121.43786,48.92721],[-121.4411,48.93241],[-121.43101,48.93167],[-121.43606,48.93522],[-121.44246,48.93322],[-121.44224,48.93564],[-121.42523,48.93985],[-121.42702,48.94663],[-121.43428,48.94536],[-121.44068,48.95036],[-121.43679,48.95429],[-121.43588,48.95181],[-121.42518,48.95335],[-121.42346,48.95743],[-121.43222,48.96175],[-121.43066,48.97011],[-121.42636,48.97177],[-121.42832,48.97594],[-121.42322,48.97544],[-121.42424,48.97844],[-121.42147,48.97854],[-121.41673,48.97582],[-121.41769,48.96954],[-121.41428,48.96966],[-121.4101,48.97463],[-121.41913,48.9786],[-121.41973,48.98216],[-121.41634,48.98459],[-121.41264,48.97848],[-121.40914,48.97749],[-121.40344,48.98388],[-121.3962,48.98073],[-121.39919,48.97889]]],[[[-121.41479,48.95901],[-121.41529,48.95827],[-121.41716,48.95837],[-121.41479,48.95901]]],[[[-121.41686,48.95076],[-121.41579,48.9514],[-121.41555,48.95121],[-121.41686,48.95076]]],[[[-121.43193,48.94346],[-121.43296,48.94202],[-121.4322,48.94359],[-121.43193,48.94346]]],[[[-121.43871,48.92168],[-121.43941,48.92145],[-121.43932,48.92168],[-121.43871,48.92168]]],[[[-121.44724,48.92621],[-121.44543,48.92575],[-121.4475,48.9259],[-121.44724,48.92621]]],[[[-121.44712,48.92678],[-121.44716,48.92651],[-121.44742,48.92656],[-121.44712,48.92678]]]]},"bbox":[-121.45205,48.91376,-121.395,48.98464]},{"type":"Feature","id":28826,"properties":{"y":2023,"n":"Orchard Rainbow Rx","ag":"NPS","ac":22.3,"c":14,"cl":"Unknown","ad":"2023-09-30","cd":"","st":"WA","se":3},"geometry":{"type":"Polygon","coordinates":[[[-120.69431,48.33941],[-120.69692,48.33798],[-120.69872,48.34073],[-120.69733,48.34109],[-120.69431,48.33941]]]},"bbox":[-120.69881,48.33764,-120.69324,48.34109]},{"type":"Feature","id":28827,"properties":{"y":2023,"n":"Low Divide","ag":"NPS","ac":340.8,"c":14,"cl":"Unknown","ad":"2023-12-06","cd":"","st":"WA","se":4},"geometry":{"type":"Polygon","coordinates":[[[-123.57742,47.71272],[-123.58982,47.70232],[-123.59296,47.70349],[-123.58551,47.72225],[-123.57846,47.72154],[-123.58229,47.71623],[-123.57742,47.71272]]]},"bbox":[-123.59296,47.70229,-123.57742,47.7224]},{"type":"Feature","id":28828,"properties":{"y":2023,"n":"Diamond Mtn","ag":"NPS","ac":29.9,"c":14,"cl":"Unknown","ad":"2023-12-06","cd":"","st":"WA","se":4},"geometry":{"type":"Polygon","coordinates":[[[-123.31921,47.74445],[-123.31877,47.74698],[-123.31334,47.74614],[-123.31434,47.74379],[-123.31921,47.74445]]]},"bbox":[-123.32038,47.74368,-123.31332,47.74703]},{"type":"Feature","id":28829,"properties":{"y":2023,"n":"Mt. Queets","ag":"NPS","ac":7.0,"c":14,"cl":"Unknown","ad":"2023-12-06","cd":"","st":"WA","se":4},"geometry":{"type":"Polygon","coordinates":[[[-123.62011,47.77041],[-123.62271,47.76799],[-123.62422,47.76881],[-123.62011,47.77041]]]},"bbox":[-123.62422,47.76799,-123.62002,47.77043]},{"type":"Feature","id":28830,"properties":{"y":2023,"n":"Delabarre","ag":"NPS","ac":4168.1,"c":14,"cl":"Unknown","ad":"2023-12-06","cd":"","st":"WA","se":4},"geometry":{"type":"MultiPolygon","coordinates":[[[[-123.40334,47.82924],[-123.41004,47.82294],[-123.41748,47.82359],[-123.41402,47.82618],[-123.40334,47.82924]]],[[[-123.42898,47.76861],[-123.42299,47.77114],[-123.42223,47.76987],[-123.42898,47.76861]]],[[[-123.44099,47.80884],[-123.43947,47.80873],[-123.44021,47.8083],[-123.44099,47.80884]]],[[[-123.44001,47.78688],[-123.44239,47.78469],[-123.44205,47.78679],[-123.44001,47.78688]]],[[[-123.44385,47.80137],[-123.44401,47.79876],[-123.44688,47.79952],[-123.44669,47.8011],[-123.44385,47.80137]]],[[[-123.46535,47.80258],[-123.4537,47.80489],[-123.45397,47.79954],[-123.44985,47.79881],[-123.45695,47.79385],[-123.45511,47.78572],[-123.45912,47.78342],[-123.45968,47.77792],[-123.46354,47.77714],[-123.45732,47.77037],[-123.44608,47.76974],[-123.44938,47.76435],[-123.4527,47.76583],[-123.46091,47.76074],[-123.45668,47.75858],[-123.4606,47.75667],[-123.47476,47.75282],[-123.48002,47.7544],[-123.48553,47.75814],[-123.48118,47.7594],[-123.48891,47.76634],[-123.49023,47.77277],[-123.48669,47.77297],[-123.49016,47.77859],[-123.48318,47.7826],[-123.48532,47.78427],[-123.48345,47.79045],[-123.47408,47.79603],[-123.46297,47.7962],[-123.46515,47.79725],[-123.46139,47.79908],[-123.46535,47.80258]]],[[[-123.45033,47.7551],[-123.4498,47.75336],[-123.45105,47.75385],[-123.45033,47.7551]]],[[[-123.45615,47.74592],[-123.45541,47.74277],[-123.45057,47.74238],[-123.4546,47.74003],[-123.45167,47.73948],[-123.45558,47.7372],[-123.45238,47.73568],[-123.45403,47.73288],[-123.46288,47.73486],[-123.46913,47.7309],[-123.46957,47.73508],[-123.48258,47.7367],[-123.48461,47.73224],[-123.47895,47.72945],[-123.48722,47.72712],[-123.49181,47.72005],[-123.50953,47.72238],[-123.4969,47.73519],[-123.49283,47.73535],[-123.49144,47.73607],[-123.49659,47.73658],[-123.49624,47.73979],[-123.48701,47.74089],[-123.4802,47.74566],[-123.47152,47.74312],[-123.45615,47.74592]]],[[[-123.46303,47.82266],[-123.46463,47.81867],[-123.46175,47.81905],[-123.45978,47.81485],[-123.4625,47.81113],[-123.46663,47.81712],[-123.46303,47.82266]]],[[[-123.46738,47.73092],[-123.46762,47.73045],[-123.46801,47.73071],[-123.46738,47.73092]]]]},"bbox":[-123.50953,47.71862,-123.40334,47.82956]},{"type":"Feature","id":28831,"properties":{"y":2023,"n":"Eagle Point","ag":"NPS","ac":122.8,"c":14,"cl":"Unknown","ad":"2023-12-06","cd":"","st":"WA","se":4},"geometry":{"type":"Polygon","coordinates":[[[-123.42833,47.93528],[-123.41899,47.94107],[-123.41381,47.936],[-123.42094,47.93336],[-123.42833,47.93528]]]},"bbox":[-123.42875,47.93336,-123.41381,47.94109]},{"type":"Feature","id":28832,"properties":{"y":2023,"n":"Hurricane","ag":"NPS","ac":4.2,"c":14,"cl":"Unknown","ad":"2023-12-06","cd":"","st":"WA","se":4},"geometry":{"type":"Polygon","coordinates":[[[-123.49861,47.96496],[-123.49803,47.96309],[-123.49931,47.96435],[-123.49861,47.96496]]]},"bbox":[-123.49931,47.96309,-123.49675,47.96496]},{"type":"Feature","id":28833,"properties":{"y":2023,"n":"Sourdough","ag":"NPS","ac":7336.9,"c":14,"cl":"Unknown","ad":"2024-02-06","cd":"","st":"WA","se":4},"geometry":{"type":"MultiPolygon","coordinates":[[[[-121.19315,48.76688],[-121.18268,48.7801],[-121.17174,48.78309],[-121.16006,48.77187],[-121.16285,48.7648],[-121.15889,48.76289],[-121.15222,48.76462],[-121.14745,48.75981],[-121.13529,48.75442],[-121.13531,48.75151],[-121.1293,48.74395],[-121.13079,48.74203],[-121.12632,48.73925],[-121.12955,48.73843],[-121.12834,48.73195],[-121.12242,48.73337],[-121.11622,48.72294],[-121.137,48.71416],[-121.14858,48.71973],[-121.17727,48.70493],[-121.19922,48.7017],[-121.19344,48.71234],[-121.19494,48.71302],[-121.19837,48.7129],[-121.19783,48.71562],[-121.19603,48.71393],[-121.19445,48.71441],[-121.19672,48.7169],[-121.19593,48.71962],[-121.19535,48.71769],[-121.19218,48.71993],[-121.19225,48.72196],[-121.18336,48.72066],[-121.18135,48.72503],[-121.1805,48.72286],[-121.17969,48.72277],[-121.17915,48.72371],[-121.18102,48.72683],[-121.1889,48.72823],[-121.18681,48.7294],[-121.19033,48.73073],[-121.19034,48.73515],[-121.18344,48.73834],[-121.1774,48.73676],[-121.18148,48.74015],[-121.18509,48.73911],[-121.18215,48.74179],[-121.19664,48.7541],[-121.19315,48.76688]],[[-121.18135,48.73482],[-121.17836,48.73241],[-121.17555,48.73485],[-121.17686,48.73642],[-121.18135,48.73482]]],[[[-121.12567,48.7349],[-121.12448,48.73535],[-121.12331,48.73477],[-121.12567,48.7349]]],[[[-121.12607,48.73481],[-121.12502,48.73407],[-121.12679,48.73478],[-121.12607,48.73481]]],[[[-121.12592,48.73549],[-121.12648,48.73529],[-121.12643,48.73553],[-121.12592,48.73549]]],[[[-121.13007,48.75066],[-121.12985,48.75059],[-121.12998,48.75053],[-121.13007,48.75066]]],[[[-121.13067,48.75188],[-121.13096,48.75103],[-121.13113,48.75183],[-121.13067,48.75188]]],[[[-121.1309,48.7509],[-121.13108,48.75041],[-121.13118,48.75086],[-121.1309,48.7509]]],[[[-121.13115,48.74725],[-121.13157,48.74717],[-121.13127,48.74736],[-121.13115,48.74725]]],[[[-121.13146,48.75259],[-121.13173,48.75275],[-121.13142,48.75273],[-121.13146,48.75259]]],[[[-121.13319,48.75262],[-121.13302,48.75232],[-121.13356,48.75267],[-121.13319,48.75262]]],[[[-121.13322,48.75069],[-121.13322,48.75043],[-121.13357,48.75054],[-121.13322,48.75069]]],[[[-121.13326,48.75154],[-121.13338,48.75125],[-121.13355,48.75155],[-121.13326,48.75154]]],[[[-121.13697,48.75697],[-121.13732,48.75696],[-121.13725,48.7574],[-121.13697,48.75697]]],[[[-121.13787,48.75773],[-121.13778,48.75729],[-121.13831,48.75767],[-121.13787,48.75773]]],[[[-121.14572,48.76046],[-121.1456,48.76027],[-121.14567,48.76028],[-121.14572,48.76046]]],[[[-121.1509,48.7642],[-121.15043,48.76404],[-121.15096,48.76408],[-121.1509,48.7642]]],[[[-121.15635,48.76414],[-121.15658,48.7639],[-121.15687,48.76392],[-121.15635,48.76414]]],[[[-121.16003,48.76539],[-121.15726,48.76488],[-121.15769,48.76404],[-121.16003,48.76539]]],[[[-121.15998,48.76657],[-121.1601,48.76602],[-121.16028,48.76653],[-121.15998,48.76657]]],[[[-121.16202,48.76527],[-121.16178,48.76503],[-121.16217,48.7651],[-121.16202,48.76527]]],[[[-121.17976,48.72302],[-121.17982,48.72287],[-121.1799,48.72289],[-121.17976,48.72302]]],[[[-121.18015,48.72476],[-121.18019,48.72457],[-121.18027,48.72475],[-121.18015,48.72476]]],[[[-121.18819,48.73722],[-121.18703,48.73763],[-121.18694,48.73717],[-121.18819,48.73722]]],[[[-121.19036,48.73613],[-121.19099,48.73544],[-121.19159,48.73582],[-121.19036,48.73613]]],[[[-121.1935,48.72003],[-121.19386,48.7197],[-121.19387,48.72014],[-121.1935,48.72003]]],[[[-121.19555,48.71193],[-121.19558,48.71177],[-121.19567,48.71176],[-121.19555,48.71193]]],[[[-121.19581,48.71237],[-121.1957,48.71224],[-121.19613,48.71225],[-121.19581,48.71237]]],[[[-121.19683,48.71274],[-121.19765,48.71217],[-121.19837,48.71251],[-121.19683,48.71274]]]]},"bbox":[-121.19922,48.70149,-121.11585,48.78338]},{"type":"Feature","id":28834,"properties":{"y":2023,"n":"Martin Lake","ag":"NPS","ac":121.8,"c":14,"cl":"Unknown","ad":"2024-06-03","cd":"","st":"WA","se":2},"geometry":{"type":"Polygon","coordinates":[[[-123.53635,47.71999],[-123.5282,47.71698],[-123.52914,47.71074],[-123.53949,47.71644],[-123.53538,47.71785],[-123.53635,47.71999]]]},"bbox":[-123.53949,47.71074,-123.52736,47.71999]},{"type":"Feature","id":28835,"properties":{"y":2024,"n":"Rennie Creek","ag":"NPS","ac":99.8,"c":14,"cl":"Unknown","ad":"2025-02-10","cd":"","st":"WA","se":4},"geometry":{"type":"Polygon","coordinates":[[[-120.61965,48.38777],[-120.62744,48.3909],[-120.62659,48.3948],[-120.61583,48.38968],[-120.61965,48.38777]]]},"bbox":[-120.62777,48.38678,-120.61583,48.39574]},{"type":"Feature","id":28836,"properties":{"y":2024,"n":"Ruby","ag":"NPS","ac":1336.4,"c":14,"cl":"Unknown","ad":"2025-02-10","cd":"","st":"WA","se":4},"geometry":{"type":"MultiPolygon","coordinates":[[[[-121.01011,48.68019],[-121.00791,48.68189],[-121.00803,48.68021],[-121.01011,48.68019]]],[[[-121.04622,48.69392],[-121.02872,48.67995],[-121.02265,48.67986],[-121.02825,48.68337],[-121.02925,48.68632],[-121.026,48.68546],[-121.03023,48.68995],[-121.02149,48.68763],[-121.02446,48.68982],[-121.02299,48.69058],[-121.02283,48.69158],[-121.01011,48.68337],[-121.02125,48.68342],[-121.01298,48.67765],[-121.01686,48.67815],[-121.01758,48.67355],[-121.0233,48.67616],[-121.02048,48.67444],[-121.02282,48.67182],[-121.0328,48.67507],[-121.03778,48.6745],[-121.04135,48.67112],[-121.05542,48.67856],[-121.05896,48.67512],[-121.06327,48.67597],[-121.05835,48.67758],[-121.06139,48.67877],[-121.05932,48.68074],[-121.06135,48.68304],[-121.05777,48.68358],[-121.05742,48.68583],[-121.06085,48.68543],[-121.06083,48.69263],[-121.05474,48.69046],[-121.04622,48.69392]],[[-121.01803,48.67819],[-121.01749,48.67787],[-121.0171,48.67832],[-121.01803,48.67819]],[[-121.02875,48.67605],[-121.02984,48.67554],[-121.0286,48.67563],[-121.02875,48.67605]],[[-121.04137,48.67549],[-121.04233,48.67607],[-121.04266,48.676],[-121.04258,48.67518],[-121.04137,48.67549]]],[[[-121.01093,48.6805],[-121.01029,48.68034],[-121.01029,48.68019],[-121.01065,48.68015],[-121.01093,48.6805]]],[[[-121.01358,48.68014],[-121.01199,48.67974],[-121.01365,48.67995],[-121.01358,48.68014]]],[[[-121.0121,48.68642],[-121.01286,48.68606],[-121.01315,48.68642],[-121.0121,48.68642]]],[[[-121.01685,48.68855],[-121.01518,48.68886],[-121.01489,48.68875],[-121.01685,48.68855]]],[[[-121.01611,48.6895],[-121.01619,48.68941],[-121.01624,48.68947],[-121.01611,48.6895]]],[[[-121.01623,48.68943],[-121.01651,48.68932],[-121.01651,48.6895],[-121.01623,48.68943]]],[[[-121.02396,48.69089],[-121.0233,48.69056],[-121.02423,48.69088],[-121.02396,48.69089]]],[[[-121.02433,48.69188],[-121.02433,48.69162],[-121.02451,48.69167],[-121.02433,48.69188]]],[[[-121.02643,48.68111],[-121.02659,48.68064],[-121.02668,48.68089],[-121.02643,48.68111]]],[[[-121.03062,48.6894],[-121.02991,48.68912],[-121.03063,48.68934],[-121.03062,48.6894]]],[[[-121.03295,48.67415],[-121.03252,48.67348],[-121.03392,48.67373],[-121.03295,48.67415]]],[[[-121.03757,48.67344],[-121.03766,48.6729],[-121.03796,48.67334],[-121.03757,48.67344]]],[[[-121.03808,48.67369],[-121.03828,48.67366],[-121.03828,48.67372],[-121.03808,48.67369]]],[[[-121.04174,48.69228],[-121.04208,48.69191],[-121.04254,48.69233],[-121.04174,48.69228]]],[[[-121.05302,48.6943],[-121.05538,48.69211],[-121.05578,48.69242],[-121.05302,48.6943]]],[[[-121.06177,48.68484],[-121.06019,48.68368],[-121.06171,48.68421],[-121.06177,48.68484]]],[[[-121.06209,48.68158],[-121.06065,48.68057],[-121.06262,48.68149],[-121.06209,48.68158]]],[[[-121.06138,48.69285],[-121.0613,48.69291],[-121.0613,48.69288],[-121.06138,48.69285]]],[[[-121.06175,48.6829],[-121.06211,48.68296],[-121.06193,48.68311],[-121.06175,48.6829]]],[[[-121.06272,48.68027],[-121.06281,48.68008],[-121.06335,48.68049],[-121.06272,48.68027]]],[[[-121.06324,48.67945],[-121.06436,48.67956],[-121.06484,48.68011],[-121.06324,48.67945]]],[[[-121.06369,48.68851],[-121.06445,48.68854],[-121.06463,48.68881],[-121.06369,48.68851]]],[[[-121.06523,48.68825],[-121.06512,48.68804],[-121.06554,48.68825],[-121.06523,48.68825]]]]},"bbox":[-121.06555,48.67112,-121.00751,48.6943]},{"type":"Feature","id":28837,"properties":{"y":2024,"n":"Red Mountain","ag":"NPS","ac":107.5,"c":14,"cl":"Unknown","ad":"2025-02-10","cd":"","st":"WA","se":4},"geometry":{"type":"MultiPolygon","coordinates":[[[[-120.97983,48.63084],[-120.97379,48.62737],[-120.97336,48.62402],[-120.98386,48.62463],[-120.97983,48.63084]]],[[[-120.97373,48.62175],[-120.97542,48.62089],[-120.9735,48.62247],[-120.97373,48.62175]]]]},"bbox":[-120.98397,48.62086,-120.97317,48.63107]},{"type":"Feature","id":28838,"properties":{"y":2020,"n":"Tule Road","ag":"BIA","ac":698.6,"c":14,"cl":"Unknown","ad":"2021-05-04","cd":"","st":"WA","se":1},"geometry":{"type":"Polygon","coordinates":[[[-120.23463,46.28787],[-120.2398,46.27323],[-120.25777,46.27472],[-120.25709,46.28349],[-120.2509,46.28786],[-120.24202,46.29066],[-120.24012,46.2878],[-120.22929,46.29279],[-120.23463,46.28787]]]},"bbox":[-120.25878,46.27226,-120.2291,46.29325]},{"type":"Feature","id":28839,"properties":{"y":2022,"n":"743 Yost Rd","ag":"BIA","ac":0.5,"c":14,"cl":"Unknown","ad":"2022-11-21","cd":"","st":"WA","se":3},"geometry":{"type":"Polygon","coordinates":[[[-120.33609,46.3467],[-120.33669,46.34631],[-120.33666,46.3467],[-120.33609,46.3467]]]},"bbox":[-120.33669,46.34631,-120.33609,46.3467]},{"type":"Feature","id":28840,"properties":{"y":2020,"n":"Fry","ag":"BIA","ac":481.1,"c":14,"cl":"Unknown","ad":"2021-05-04","cd":"","st":"WA","se":1},"geometry":{"type":"Polygon","coordinates":[[[-118.34532,48.2601],[-118.33816,48.25935],[-118.34099,48.26487],[-118.33414,48.26365],[-118.32381,48.25917],[-118.32066,48.25125],[-118.34492,48.2526],[-118.34532,48.2601]]]},"bbox":[-118.34675,48.24966,-118.32066,48.26487]},{"type":"Feature","id":28841,"properties":{"y":2022,"n":"3750 Brownstown Rd","ag":"BIA","ac":9.0,"c":14,"cl":"Unknown","ad":"2022-07-31","cd":"","st":"WA","se":2},"geometry":{"type":"MultiPolygon","coordinates":[[[[-120.60861,46.39381],[-120.60862,46.39381],[-120.60862,46.39383],[-120.60861,46.39381]]],[[[-120.60863,46.39382],[-120.61088,46.39259],[-120.61097,46.39379],[-120.60863,46.39382]]]]},"bbox":[-120.61113,46.3921,-120.60794,46.39395]},{"type":"Feature","id":28842,"properties":{"y":2022,"n":"1791 Wesley Rd.","ag":"BIA","ac":0.0,"c":14,"cl":"Unknown","ad":"2022-07-10","cd":"","st":"WA","se":2},"geometry":{"type":"Polygon","coordinates":[[[-120.75481,46.4078],[-120.75482,46.40778],[-120.75483,46.40781],[-120.75481,46.4078]]]},"bbox":[-120.75483,46.40778,-120.7548,46.40781]},{"type":"Feature","id":28843,"properties":{"y":2022,"n":"S. Wapato Hop Fire","ag":"BIA","ac":0.0,"c":14,"cl":"Unknown","ad":"2022-07-10","cd":"","st":"WA","se":2},"geometry":{"type":"Polygon","coordinates":[[[-120.42848,46.36767],[-120.42856,46.36755],[-120.42854,46.36769],[-120.42848,46.36767]]]},"bbox":[-120.42856,46.36755,-120.42848,46.36769]},{"type":"Feature","id":28844,"properties":{"y":2022,"n":"Spring Creek","ag":"BIA","ac":0.2,"c":14,"cl":"Unknown","ad":"2022-07-10","cd":"","st":"WA","se":2},"geometry":{"type":"Polygon","coordinates":[[[-120.7354,46.10549],[-120.73504,46.10569],[-120.73498,46.10555],[-120.7354,46.10549]]]},"bbox":[-120.73541,46.10542,-120.73498,46.10578]},{"type":"Feature","id":28845,"properties":{"y":2022,"n":"5200 Kays Rd","ag":"BIA","ac":68.0,"c":14,"cl":"Unknown","ad":"2022-12-09","cd":"","st":"WA","se":4},"geometry":{"type":"MultiPolygon","coordinates":[[[[-120.57114,46.48933],[-120.57115,46.48932],[-120.57112,46.48941],[-120.57112,46.48938],[-120.57114,46.48933]]],[[[-120.57119,46.48919],[-120.57118,46.48927],[-120.57116,46.4893],[-120.57119,46.48919]]],[[[-120.58462,46.48493],[-120.58421,46.48726],[-120.57315,46.49055],[-120.57178,46.49062],[-120.57123,46.49018],[-120.58462,46.48493]]]]},"bbox":[-120.58552,46.48493,-120.57112,46.49067]},{"type":"Feature","id":28846,"properties":{"y":2022,"n":"Pearne Rd 2","ag":"BIA","ac":11.0,"c":14,"cl":"Unknown","ad":"2022-12-13","cd":"","st":"WA","se":4},"geometry":{"type":"Polygon","coordinates":[[[-120.77667,46.43079],[-120.77975,46.42983],[-120.78067,46.43044],[-120.77667,46.43079]]]},"bbox":[-120.78067,46.42934,-120.77511,46.4309]},{"type":"Feature","id":28847,"properties":{"y":2020,"n":"Peters Road","ag":"BIA","ac":95.7,"c":14,"cl":"Unknown","ad":"2021-05-04","cd":"","st":"WA","se":1},"geometry":{"type":"Polygon","coordinates":[[[-118.29392,47.95105],[-118.28758,47.95792],[-118.2821,47.95683],[-118.28829,47.95158],[-118.29392,47.95105]]]},"bbox":[-118.29489,47.95082,-118.2821,47.95802]},{"type":"Feature","id":28848,"properties":{"y":2022,"n":"62Nd & Meadowbrook","ag":"BIA","ac":0.0,"c":14,"cl":"Unknown","ad":"2022-07-08","cd":"","st":"WA","se":2},"geometry":{"type":"Polygon","coordinates":[[[-120.58301,46.54271],[-120.5831,46.54268],[-120.5833,46.54269],[-120.58301,46.54271]]]},"bbox":[-120.5833,46.54268,-120.58301,46.54272]},{"type":"Feature","id":28849,"properties":{"y":2022,"n":"Mckinley Hay Field","ag":"BIA","ac":1.3,"c":14,"cl":"Unknown","ad":"2022-08-12","cd":"","st":"WA","se":2},"geometry":{"type":"Polygon","coordinates":[[[-120.39691,46.38523],[-120.39772,46.38491],[-120.39742,46.38534],[-120.39704,46.38528],[-120.39694,46.38525],[-120.39691,46.38523]]]},"bbox":[-120.39773,46.38433,-120.39691,46.38534]},{"type":"Feature","id":28850,"properties":{"y":2022,"n":"Wesley","ag":"BIA","ac":4.4,"c":14,"cl":"Unknown","ad":"2022-07-31","cd":"","st":"WA","se":2},"geometry":{"type":"Polygon","coordinates":[[[-120.75498,46.42971],[-120.75645,46.42874],[-120.75663,46.42967],[-120.75498,46.42971]]]},"bbox":[-120.7568,46.42835,-120.75497,46.42986]},{"type":"Feature","id":28851,"properties":{"y":2022,"n":"551 Mckinley Rd","ag":"BIA","ac":1.3,"c":14,"cl":"Unknown","ad":"2022-07-10","cd":"","st":"WA","se":2},"geometry":{"type":"Polygon","coordinates":[[[-120.39352,46.41193],[-120.39425,46.41196],[-120.3937,46.41263],[-120.39352,46.41193]]]},"bbox":[-120.39425,46.41156,-120.39352,46.41263]},{"type":"Feature","id":28852,"properties":{"y":2018,"n":"White Swan","ag":"BIA","ac":681.8,"c":14,"cl":"Unknown","ad":"2018-12-30","cd":"","st":"WA","se":4},"geometry":{"type":"Polygon","coordinates":[[[-120.75342,46.37191],[-120.74763,46.37183],[-120.74832,46.3797],[-120.73551,46.38249],[-120.73459,46.37894],[-120.74261,46.37152],[-120.76372,46.36172],[-120.76798,46.35543],[-120.77476,46.35565],[-120.77194,46.36613],[-120.76418,46.3683],[-120.75534,46.37618],[-120.75342,46.37191]]]},"bbox":[-120.77517,46.35543,-120.73423,46.38253]},{"type":"Feature","id":28853,"properties":{"y":2022,"n":"West Satus Fire","ag":"BIA","ac":0.1,"c":14,"cl":"Unknown","ad":"2022-07-31","cd":"","st":"WA","se":2},"geometry":{"type":"Polygon","coordinates":[[[-120.17785,46.28152],[-120.17759,46.28132],[-120.1779,46.28142],[-120.17785,46.28152]]]},"bbox":[-120.1779,46.2813,-120.17746,46.28152]},{"type":"Feature","id":28854,"properties":{"y":2022,"n":"1720 Wesley Rd","ag":"BIA","ac":5.9,"c":14,"cl":"Unknown","ad":"2022-07-08","cd":"","st":"WA","se":2},"geometry":{"type":"Polygon","coordinates":[[[-120.75477,46.40937],[-120.75861,46.40977],[-120.75891,46.41016],[-120.75477,46.40937]]]},"bbox":[-120.75891,46.40889,-120.75474,46.41035]},{"type":"Feature","id":28855,"properties":{"y":2022,"n":"1670 E. Wapato Rd","ag":"BIA","ac":0.1,"c":14,"cl":"Unknown","ad":"2022-07-10","cd":"","st":"WA","se":2},"geometry":{"type":"Polygon","coordinates":[[[-120.38022,46.44792],[-120.38045,46.44771],[-120.38044,46.44794],[-120.38022,46.44792]]]},"bbox":[-120.38045,46.44771,-120.38002,46.44795]},{"type":"Feature","id":28856,"properties":{"y":2022,"n":"Larue & Division","ag":"BIA","ac":0.0,"c":14,"cl":"Unknown","ad":"2022-07-31","cd":"","st":"WA","se":2},"geometry":{"type":"Polygon","coordinates":[[[-120.30958,46.36139],[-120.30965,46.36128],[-120.30966,46.36139],[-120.30958,46.36139]]]},"bbox":[-120.30966,46.36127,-120.30956,46.36139]},{"type":"Feature","id":28857,"properties":{"y":2020,"n":"Kewa Field","ag":"BIA","ac":11737.3,"c":14,"cl":"Unknown","ad":"2021-05-04","cd":"","st":"WA","se":1},"geometry":{"type":"Polygon","coordinates":[[[-118.24677,48.21669],[-118.23971,48.20608],[-118.2348,48.20454],[-118.23614,48.19839],[-118.24487,48.20027],[-118.24946,48.19438],[-118.26013,48.19417],[-118.24919,48.18239],[-118.25342,48.17436],[-118.24858,48.17248],[-118.2545,48.16311],[-118.26573,48.15594],[-118.27509,48.15242],[-118.31806,48.15137],[-118.32785,48.13606],[-118.33898,48.14107],[-118.37485,48.13347],[-118.38128,48.13536],[-118.38909,48.13135],[-118.39174,48.13457],[-118.38442,48.13969],[-118.39313,48.14525],[-118.39443,48.15342],[-118.37471,48.15975],[-118.35249,48.16034],[-118.34907,48.16504],[-118.35568,48.17205],[-118.36546,48.1759],[-118.36563,48.18095],[-118.35915,48.18944],[-118.35399,48.18667],[-118.34707,48.19015],[-118.34022,48.18417],[-118.32908,48.18213],[-118.31543,48.18828],[-118.30157,48.18613],[-118.29731,48.19197],[-118.28441,48.19054],[-118.28189,48.1932],[-118.28586,48.19485],[-118.27517,48.19482],[-118.27484,48.2037],[-118.26657,48.20979],[-118.26214,48.20937],[-118.25898,48.21935],[-118.25169,48.22147],[-118.25173,48.21753],[-118.24677,48.21669]]]},"bbox":[-118.39443,48.13135,-118.2348,48.22153]},{"type":"Feature","id":28858,"properties":{"y":2022,"n":"Coburn Loop 1","ag":"BIA","ac":0.0,"c":14,"cl":"Unknown","ad":"2022-07-10","cd":"","st":"WA","se":2},"geometry":{"type":"Polygon","coordinates":[[[-120.73795,46.3755],[-120.73801,46.37543],[-120.73795,46.37558],[-120.73795,46.3755]]]},"bbox":[-120.73801,46.37532,-120.73794,46.37558]},{"type":"Feature","id":28859,"properties":{"y":2022,"n":"301 E. Progressive","ag":"BIA","ac":0.4,"c":14,"cl":"Unknown","ad":"2022-07-10","cd":"","st":"WA","se":2},"geometry":{"type":"Polygon","coordinates":[[[-120.39225,46.41908],[-120.39308,46.41889],[-120.39311,46.41909],[-120.39225,46.41908]]]},"bbox":[-120.39311,46.41886,-120.39224,46.41914]},{"type":"Feature","id":28860,"properties":{"y":2022,"n":"700 Block E. Wapato","ag":"BIA","ac":0.3,"c":14,"cl":"Unknown","ad":"2022-07-31","cd":"","st":"WA","se":2},"geometry":{"type":"Polygon","coordinates":[[[-120.40137,46.44639],[-120.4015,46.446],[-120.40162,46.44646],[-120.40137,46.44639]]]},"bbox":[-120.40164,46.446,-120.40114,46.44646]},{"type":"Feature","id":28861,"properties":{"y":2022,"n":"Birch & Curtis","ag":"BIA","ac":0.0,"c":14,"cl":"Unknown","ad":"2022-07-31","cd":"","st":"WA","se":2},"geometry":{"type":"Polygon","coordinates":[[[-120.7297,46.38293],[-120.72975,46.38291],[-120.72975,46.38299],[-120.7297,46.38293]]]},"bbox":[-120.72975,46.38291,-120.72969,46.38299]},{"type":"Feature","id":28862,"properties":{"y":2020,"n":"North Brownstown 2","ag":"BIA","ac":884.1,"c":14,"cl":"Unknown","ad":"2021-05-04","cd":"","st":"WA","se":1},"geometry":{"type":"Polygon","coordinates":[[[-120.65932,46.47326],[-120.66268,46.49556],[-120.65784,46.50003],[-120.65027,46.4953],[-120.65418,46.49223],[-120.64695,46.48717],[-120.64155,46.48862],[-120.62521,46.48384],[-120.63033,46.48011],[-120.64938,46.47796],[-120.64993,46.4751],[-120.65932,46.47326]]]},"bbox":[-120.66268,46.47326,-120.62521,46.50003]},{"type":"Feature","id":28863,"properties":{"y":2020,"n":"Inchelium  Hiway","ag":"BIA","ac":7104.0,"c":14,"cl":"Unknown","ad":"2021-05-04","cd":"","st":"WA","se":1},"geometry":{"type":"Polygon","coordinates":[[[-118.24179,48.37048],[-118.2325,48.3681],[-118.23475,48.36345],[-118.23173,48.35961],[-118.23624,48.35513],[-118.23168,48.35472],[-118.23359,48.35299],[-118.2269,48.34961],[-118.22805,48.34766],[-118.21539,48.34397],[-118.21313,48.34613],[-118.21072,48.34347],[-118.20219,48.34494],[-118.20096,48.33655],[-118.19572,48.3311],[-118.19845,48.32411],[-118.19447,48.32327],[-118.20733,48.31286],[-118.21377,48.3116],[-118.20963,48.30851],[-118.21096,48.3063],[-118.21489,48.30849],[-118.2272,48.30078],[-118.23612,48.28786],[-118.25029,48.29117],[-118.26064,48.28894],[-118.26587,48.30355],[-118.26003,48.30245],[-118.26302,48.30601],[-118.25994,48.3111],[-118.26421,48.31187],[-118.2652,48.31564],[-118.26023,48.31974],[-118.26604,48.32501],[-118.25874,48.32997],[-118.24902,48.32666],[-118.25253,48.33404],[-118.24917,48.33865],[-118.26399,48.35419],[-118.25989,48.35936],[-118.25512,48.35781],[-118.25224,48.36079],[-118.25545,48.36548],[-118.25135,48.37507],[-118.24367,48.37477],[-118.2427,48.37705],[-118.24179,48.37048]]]},"bbox":[-118.26604,48.28725,-118.19441,48.37705]},{"type":"Feature","id":28864,"properties":{"y":2022,"n":"White Swan Ag Barn","ag":"BIA","ac":0.1,"c":14,"cl":"Unknown","ad":"2022-07-10","cd":"","st":"WA","se":2},"geometry":{"type":"Polygon","coordinates":[[[-120.7279,46.37533],[-120.72807,46.37556],[-120.72779,46.37545],[-120.7279,46.37533]]]},"bbox":[-120.72807,46.37531,-120.72779,46.37556]},{"type":"Feature","id":28865,"properties":{"y":2022,"n":"1801 W. Gilbert Rd.","ag":"BIA","ac":0.2,"c":14,"cl":"Unknown","ad":"2022-07-08","cd":"","st":"WA","se":2},"geometry":{"type":"Polygon","coordinates":[[[-120.53375,46.55099],[-120.53387,46.5506],[-120.53416,46.55077],[-120.53375,46.55099]]]},"bbox":[-120.53416,46.5506,-120.53375,46.55099]},{"type":"Feature","id":28866,"properties":{"y":2022,"n":"Campbell","ag":"BIA","ac":0.4,"c":14,"cl":"Unknown","ad":"2022-07-31","cd":"","st":"WA","se":2},"geometry":{"type":"Polygon","coordinates":[[[-120.42141,46.42805],[-120.42261,46.42802],[-120.42235,46.42823],[-120.42141,46.42805]]]},"bbox":[-120.42261,46.42802,-120.42141,46.42825]},{"type":"Feature","id":28867,"properties":{"y":2022,"n":"700 Block E. Wapato 2","ag":"BIA","ac":0.3,"c":14,"cl":"Unknown","ad":"2022-07-31","cd":"","st":"WA","se":2},"geometry":{"type":"Polygon","coordinates":[[[-120.4011,46.446],[-120.40143,46.44579],[-120.40154,46.44608],[-120.4011,46.446]]]},"bbox":[-120.40154,46.44568,-120.40108,46.44608]},{"type":"Feature","id":28868,"properties":{"y":2020,"n":"North Brownstown","ag":"BIA","ac":344.3,"c":14,"cl":"Unknown","ad":"2021-05-04","cd":"","st":"WA","se":1},"geometry":{"type":"Polygon","coordinates":[[[-120.65427,46.49334],[-120.62476,46.49115],[-120.62177,46.48477],[-120.64695,46.48717],[-120.65427,46.49334]]]},"bbox":[-120.65427,46.48384,-120.62177,46.4953]},{"type":"Feature","id":28869,"properties":{"y":2022,"n":"325 Rocky Ford Rd","ag":"BIA","ac":6.5,"c":14,"cl":"Unknown","ad":"2022-07-10","cd":"","st":"WA","se":2},"geometry":{"type":"Polygon","coordinates":[[[-120.30009,46.34113],[-120.30034,46.3387],[-120.30172,46.34048],[-120.30009,46.34113]]]},"bbox":[-120.30172,46.3387,-120.29893,46.34114]},{"type":"Feature","id":28870,"properties":{"y":2022,"n":"Renegade","ag":"BIA","ac":8.2,"c":14,"cl":"Unknown","ad":"2022-07-08","cd":"","st":"WA","se":2},"geometry":{"type":"MultiPolygon","coordinates":[[[[-120.45192,46.49602],[-120.45191,46.49603],[-120.45189,46.49602],[-120.45192,46.49602]]],[[[-120.45189,46.49602],[-120.45187,46.49602],[-120.45187,46.49602],[-120.45189,46.49602]]],[[[-120.45187,46.49602],[-120.45187,46.49628],[-120.45099,46.49602],[-120.45187,46.49602]]],[[[-120.45099,46.49602],[-120.4508,46.49603],[-120.45074,46.49602],[-120.45086,46.496],[-120.45097,46.49601],[-120.45099,46.49602]],[[-120.45079,46.49602],[-120.45079,46.49602],[-120.45079,46.49602],[-120.45079,46.49602]]],[[[-120.45097,46.49601],[-120.45097,46.49597],[-120.45102,46.49601],[-120.45097,46.49601]]],[[[-120.4508,46.49603],[-120.45145,46.49636],[-120.4498,46.49737],[-120.4468,46.496],[-120.4508,46.49603]]],[[[-120.45187,46.49629],[-120.45189,46.49628],[-120.45189,46.49628],[-120.45187,46.49629]]]]},"bbox":[-120.45196,46.49597,-120.44653,46.49737]},{"type":"Feature","id":28871,"properties":{"y":2022,"n":"Poisel Butte","ag":"BIA","ac":21.4,"c":14,"cl":"Unknown","ad":"2022-12-13","cd":"","st":"WA","se":4},"geometry":{"type":"Polygon","coordinates":[[[-120.3513,46.24179],[-120.35736,46.23963],[-120.35171,46.24378],[-120.3513,46.24179]]]},"bbox":[-120.35771,46.23871,-120.35116,46.24395]},{"type":"Feature","id":28872,"properties":{"y":2022,"n":"Donald Fire","ag":"BIA","ac":1.5,"c":14,"cl":"Unknown","ad":"2022-07-31","cd":"","st":"WA","se":2},"geometry":{"type":"Polygon","coordinates":[[[-120.4065,46.45772],[-120.40783,46.45731],[-120.4072,46.45807],[-120.4065,46.45772]]]},"bbox":[-120.40783,46.45703,-120.4065,46.45807]},{"type":"Feature","id":28873,"properties":{"y":2020,"n":"North Brownstown 3","ag":"BIA","ac":5967.5,"c":14,"cl":"Unknown","ad":"2021-05-04","cd":"","st":"WA","se":1},"geometry":{"type":"Polygon","coordinates":[[[-120.56189,46.53897],[-120.5513,46.53535],[-120.54695,46.5369],[-120.5464,46.5321],[-120.54175,46.52984],[-120.54971,46.52306],[-120.54783,46.51695],[-120.55369,46.51333],[-120.55703,46.52991],[-120.56896,46.52943],[-120.56385,46.51754],[-120.56595,46.51483],[-120.56383,46.50749],[-120.56697,46.50221],[-120.58289,46.49654],[-120.59593,46.49936],[-120.60506,46.49298],[-120.61237,46.49593],[-120.62381,46.492],[-120.6308,46.49666],[-120.64639,46.4945],[-120.65636,46.49802],[-120.65224,46.50371],[-120.63686,46.50827],[-120.63929,46.51225],[-120.63611,46.51498],[-120.62521,46.5135],[-120.62347,46.50946],[-120.62019,46.51148],[-120.6155,46.53511],[-120.61006,46.54049],[-120.60945,46.53589],[-120.60183,46.53505],[-120.60178,46.5323],[-120.60702,46.53135],[-120.60584,46.52844],[-120.58687,46.53038],[-120.58036,46.53895],[-120.57086,46.54381],[-120.5731,46.54662],[-120.56948,46.54955],[-120.55947,46.54589],[-120.56189,46.53897]]]},"bbox":[-120.65658,46.492,-120.54175,46.54963]},{"type":"Feature","id":28874,"properties":{"y":2021,"n":"Hamilton","ag":"BIA","ac":5035.4,"c":14,"cl":"Unknown","ad":"2023-03-14","cd":"","st":"WA","se":1},"geometry":{"type":"Polygon","coordinates":[[[-119.12894,48.15587],[-119.15654,48.15257],[-119.17866,48.14442],[-119.18338,48.15328],[-119.17945,48.16204],[-119.19035,48.17387],[-119.18592,48.18338],[-119.19145,48.18485],[-119.19274,48.19244],[-119.18484,48.19619],[-119.14381,48.18263],[-119.13052,48.17289],[-119.10417,48.16486],[-119.10174,48.15815],[-119.10161,48.15205],[-119.10657,48.151],[-119.12086,48.15142],[-119.12894,48.15587]]]},"bbox":[-119.19301,48.14442,-119.10161,48.19634]},{"type":"Feature","id":28875,"properties":{"y":2022,"n":"Flett Loop","ag":"BIA","ac":30.2,"c":14,"cl":"Unknown","ad":"2023-03-14","cd":"","st":"WA","se":1},"geometry":{"type":"Polygon","coordinates":[[[-118.03926,47.85577],[-118.03987,47.85066],[-118.04373,47.85396],[-118.03926,47.85577]]]},"bbox":[-118.04373,47.85066,-118.03899,47.85601]},{"type":"Feature","id":28876,"properties":{"y":2022,"n":"Nespelem Creek","ag":"BIA","ac":443.2,"c":14,"cl":"Unknown","ad":"2023-03-14","cd":"","st":"WA","se":1},"geometry":{"type":"MultiPolygon","coordinates":[[[[-118.97174,48.18707],[-118.97597,48.19146],[-118.97845,48.18923],[-118.98995,48.19225],[-118.98759,48.19618],[-118.98465,48.1938],[-118.97529,48.202],[-118.97128,48.20334],[-118.9717,48.20395],[-118.97159,48.20412],[-118.97167,48.20429],[-118.97164,48.2043],[-118.97163,48.20431],[-118.97163,48.20433],[-118.97163,48.20433],[-118.97164,48.20435],[-118.97171,48.20433],[-118.97138,48.2046],[-118.96907,48.20413],[-118.96412,48.19828],[-118.96538,48.19718],[-118.96569,48.19684],[-118.96611,48.19605],[-118.9669,48.19271],[-118.97074,48.19131],[-118.96877,48.18968],[-118.97174,48.18707]],[[-118.97163,48.20431],[-118.97162,48.20431],[-118.97163,48.20431],[-118.97163,48.20431]],[[-118.97163,48.20431],[-118.97162,48.20432],[-118.97163,48.20433],[-118.97163,48.20431]]],[[[-118.97163,48.20433],[-118.97163,48.20433],[-118.97163,48.20433],[-118.97163,48.20433]]],[[[-118.97163,48.20433],[-118.97164,48.20432],[-118.97164,48.20432],[-118.97163,48.20433]]],[[[-118.97164,48.20432],[-118.97164,48.20432],[-118.97164,48.20432],[-118.97164,48.20432]]],[[[-118.97163,48.20433],[-118.97163,48.20433],[-118.97163,48.20433],[-118.97163,48.20433]]],[[[-118.97138,48.2046],[-118.97139,48.2046],[-118.97138,48.2046],[-118.97138,48.2046]]],[[[-118.9653,48.19723],[-118.9653,48.19723],[-118.9653,48.19723],[-118.9653,48.19723]]],[[[-118.96598,48.19537],[-118.96598,48.19538],[-118.96596,48.19538],[-118.96598,48.19537]]],[[[-118.97165,48.20431],[-118.97164,48.20432],[-118.97164,48.20431],[-118.97165,48.20431]]]]},"bbox":[-118.98995,48.18707,-118.96412,48.2046]},{"type":"Feature","id":28877,"properties":{"y":2021,"n":"Ford","ag":"BIA","ac":18.0,"c":14,"cl":"Unknown","ad":"2023-03-14","cd":"","st":"WA","se":1},"geometry":{"type":"Polygon","coordinates":[[[-117.79375,47.92353],[-117.79705,47.92069],[-117.79804,47.92132],[-117.79375,47.92353]]]},"bbox":[-117.79804,47.92069,-117.79297,47.92353]},{"type":"Feature","id":28878,"properties":{"y":2022,"n":"Peter Dan Dump Rd","ag":"BIA","ac":102.2,"c":14,"cl":"Unknown","ad":"2023-03-14","cd":"","st":"WA","se":1},"geometry":{"type":"Polygon","coordinates":[[[-118.92262,48.02173],[-118.92099,48.01721],[-118.92921,48.01647],[-118.92714,48.02103],[-118.92912,48.02314],[-118.92262,48.02173]]]},"bbox":[-118.92922,48.01591,-118.92022,48.02424]},{"type":"Feature","id":28879,"properties":{"y":2021,"n":"Coulee Dam Hill","ag":"BIA","ac":10.1,"c":14,"cl":"Unknown","ad":"2023-03-14","cd":"","st":"WA","se":1},"geometry":{"type":"Polygon","coordinates":[[[-118.94465,47.98278],[-118.94517,47.98307],[-118.94465,47.98396],[-118.94271,47.98363],[-118.94162,47.98134],[-118.94465,47.98278]],[[-118.94463,47.98285],[-118.94464,47.9828],[-118.94461,47.98286],[-118.94463,47.98285]]]},"bbox":[-118.94517,47.98132,-118.94161,47.98409]},{"type":"Feature","id":28880,"properties":{"y":2022,"n":"Swawilla","ag":"BIA","ac":15.5,"c":14,"cl":"Unknown","ad":"2023-03-14","cd":"","st":"WA","se":1},"geometry":{"type":"MultiPolygon","coordinates":[[[[-118.73137,47.91728],[-118.72991,47.92037],[-118.72713,47.91985],[-118.72724,47.9193],[-118.72803,47.91861],[-118.73137,47.91728]],[[-118.72753,47.91919],[-118.72757,47.91922],[-118.72756,47.91918],[-118.72753,47.91919]]],[[[-118.73004,47.9203],[-118.73004,47.92034],[-118.72986,47.92041],[-118.72927,47.92047],[-118.72987,47.92039],[-118.72991,47.92037],[-118.73004,47.9203]]],[[[-118.72927,47.92047],[-118.72906,47.9205],[-118.72908,47.92049],[-118.72927,47.92047]]],[[[-118.73037,47.92006],[-118.73037,47.92007],[-118.73037,47.92007],[-118.73037,47.92006]]],[[[-118.7305,47.91988],[-118.73054,47.91993],[-118.73037,47.92006],[-118.7305,47.91988]]],[[[-118.7307,47.9197],[-118.73075,47.91984],[-118.73062,47.91981],[-118.7307,47.9197]]],[[[-118.73062,47.91981],[-118.73062,47.91981],[-118.73061,47.91981],[-118.73062,47.91981]]],[[[-118.73066,47.91752],[-118.73066,47.91752],[-118.73066,47.9175],[-118.73066,47.91752]]],[[[-118.73066,47.91752],[-118.73064,47.91753],[-118.73065,47.9175],[-118.73066,47.91752]]]]},"bbox":[-118.73166,47.91728,-118.7271,47.9205]},{"type":"Feature","id":28881,"properties":{"y":2020,"n":"Mill Pond","ag":"BIA","ac":15.4,"c":14,"cl":"Unknown","ad":"2023-03-14","cd":"","st":"WA","se":1},"geometry":{"type":"Polygon","coordinates":[[[-117.84408,47.91239],[-117.84768,47.91019],[-117.84774,47.91245],[-117.84408,47.91239]]]},"bbox":[-117.84803,47.91019,-117.84395,47.91285]},{"type":"Feature","id":28882,"properties":{"y":2021,"n":"Central Peak","ag":"BIA","ac":205.7,"c":14,"cl":"Unknown","ad":"2023-03-14","cd":"","st":"WA","se":1},"geometry":{"type":"Polygon","coordinates":[[[-118.76206,48.24655],[-118.75745,48.25487],[-118.74996,48.25173],[-118.7529,48.2431],[-118.75842,48.24234],[-118.75673,48.24488],[-118.76206,48.24655]]]},"bbox":[-118.76206,48.24213,-118.74943,48.2549]},{"type":"Feature","id":28883,"properties":{"y":2021,"n":"Johnson Lake","ag":"BIA","ac":127.8,"c":14,"cl":"Unknown","ad":"2023-03-14","cd":"","st":"WA","se":1},"geometry":{"type":"Polygon","coordinates":[[[-118.91798,48.24541],[-118.90821,48.2433],[-118.90914,48.2402],[-118.91967,48.2391],[-118.91798,48.24541]]]},"bbox":[-118.91971,48.23763,-118.90821,48.24661]},{"type":"Feature","id":28884,"properties":{"y":2020,"n":"Flett Loop","ag":"BIA","ac":142.0,"c":14,"cl":"Unknown","ad":"2023-03-14","cd":"","st":"WA","se":1},"geometry":{"type":"Polygon","coordinates":[[[-117.99303,47.86563],[-117.98556,47.86961],[-117.98485,47.86938],[-117.9891,47.86493],[-117.98859,47.85995],[-117.99642,47.86003],[-117.99661,47.86727],[-117.99296,47.86966],[-117.99303,47.86563]]]},"bbox":[-117.99693,47.85901,-117.98485,47.86966]},{"type":"Feature","id":28885,"properties":{"y":2021,"n":"Upper Lime Creek","ag":"BIA","ac":376.5,"c":14,"cl":"Unknown","ad":"2023-03-14","cd":"","st":"WA","se":1},"geometry":{"type":"Polygon","coordinates":[[[-118.71644,48.15964],[-118.69892,48.1543],[-118.69847,48.15028],[-118.72957,48.1558],[-118.71644,48.15964]]]},"bbox":[-118.72957,48.15013,-118.69772,48.15964]},{"type":"Feature","id":28886,"properties":{"y":2022,"n":"Timm Ranch","ag":"BIA","ac":0.3,"c":14,"cl":"Unknown","ad":"2023-03-14","cd":"","st":"WA","se":1},"geometry":{"type":"Polygon","coordinates":[[[-119.31482,48.11124],[-119.31422,48.11145],[-119.31487,48.11105],[-119.31482,48.11124]]]},"bbox":[-119.31488,48.11101,-119.31422,48.1115]},{"type":"Feature","id":28887,"properties":{"y":2021,"n":"Rock Church","ag":"BIA","ac":10.6,"c":14,"cl":"Unknown","ad":"2023-03-14","cd":"","st":"WA","se":1},"geometry":{"type":"Polygon","coordinates":[[[-118.21077,47.97379],[-118.21223,47.97184],[-118.21269,47.97334],[-118.21077,47.97379]]]},"bbox":[-118.21275,47.9709,-118.20975,47.97398]},{"type":"Feature","id":28888,"properties":{"y":2021,"n":"Jones Creek","ag":"BIA","ac":11.7,"c":14,"cl":"Unknown","ad":"2023-03-14","cd":"","st":"WA","se":1},"geometry":{"type":"Polygon","coordinates":[[[-118.54934,48.16478],[-118.5494,48.16771],[-118.5471,48.16469],[-118.54934,48.16478]]]},"bbox":[-118.55024,48.16412,-118.5471,48.16771]},{"type":"Feature","id":28889,"properties":{"y":2021,"n":"17 Mile","ag":"BIA","ac":22.8,"c":14,"cl":"Unknown","ad":"2023-03-14","cd":"","st":"WA","se":1},"geometry":{"type":"Polygon","coordinates":[[[-118.66076,48.46102],[-118.66073,48.45764],[-118.66532,48.45904],[-118.66076,48.46102]]]},"bbox":[-118.66533,48.45747,-118.65984,48.46102]},{"type":"Feature","id":28890,"properties":{"y":2022,"n":"Midnight","ag":"BIA","ac":9.8,"c":14,"cl":"Unknown","ad":"2023-03-14","cd":"","st":"WA","se":1},"geometry":{"type":"Polygon","coordinates":[[[-118.13137,47.93264],[-118.13212,47.93007],[-118.13534,47.93251],[-118.13137,47.93264]]]},"bbox":[-118.13534,47.93007,-118.13135,47.93268]},{"type":"Feature","id":28891,"properties":{"y":2020,"n":"Mathews Lake","ag":"BIA","ac":74.9,"c":14,"cl":"Unknown","ad":"2023-03-14","cd":"","st":"WA","se":1},"geometry":{"type":"Polygon","coordinates":[[[-117.92277,47.85836],[-117.92973,47.85566],[-117.93331,47.85712],[-117.93168,47.86153],[-117.92277,47.85836]]]},"bbox":[-117.93331,47.85566,-117.92277,47.86163]},{"type":"Feature","id":28892,"properties":{"y":2022,"n":"Pearne Rd","ag":"BIA","ac":313.4,"c":14,"cl":"Unknown","ad":"2022-12-13","cd":"","st":"WA","se":4},"geometry":{"type":"Polygon","coordinates":[[[-120.76262,46.42437],[-120.78229,46.42279],[-120.7991,46.42557],[-120.78592,46.43026],[-120.76262,46.42437]]]},"bbox":[-120.7991,46.42256,-120.76262,46.43027]},{"type":"Feature","id":28893,"properties":{"y":2022,"n":"Medicine Valley","ag":"BIA","ac":386.8,"c":14,"cl":"Unknown","ad":"2022-08-28","cd":"","st":"WA","se":2},"geometry":{"type":"Polygon","coordinates":[[[-120.79577,46.39749],[-120.80804,46.40641],[-120.79677,46.40323],[-120.78316,46.40448],[-120.77576,46.4006],[-120.77596,46.39715],[-120.79577,46.39749]]]},"bbox":[-120.80834,46.39639,-120.77576,46.40652]},{"type":"Feature","id":28894,"properties":{"y":2020,"n":"Greenhouse","ag":"BIA","ac":5168.0,"c":14,"cl":"Unknown","ad":"2023-03-14","cd":"","st":"WA","se":1},"geometry":{"type":"Polygon","coordinates":[[[-119.01429,48.13032],[-119.04804,48.14062],[-119.05794,48.14899],[-119.05753,48.15794],[-119.06133,48.16453],[-119.05922,48.16849],[-119.04225,48.1787],[-119.00563,48.1817],[-118.99437,48.18621],[-118.98832,48.17977],[-118.99043,48.17595],[-119.00827,48.17057],[-119.01144,48.15969],[-118.9949,48.16163],[-118.99757,48.15639],[-118.99434,48.15451],[-119.00668,48.14871],[-118.99972,48.14927],[-118.99637,48.15295],[-118.99737,48.1496],[-118.99427,48.1473],[-119.00185,48.14371],[-119.00367,48.13924],[-118.99878,48.13757],[-119.01429,48.13032]]]},"bbox":[-119.06133,48.13032,-118.98832,48.18632]},{"type":"Feature","id":28895,"properties":{"y":2021,"n":"The Bone Place","ag":"BIA","ac":340.0,"c":14,"cl":"Unknown","ad":"2023-03-14","cd":"","st":"WA","se":1},"geometry":{"type":"MultiPolygon","coordinates":[[[[-118.38818,48.08911],[-118.38644,48.09137],[-118.38084,48.0897],[-118.38502,48.08401],[-118.38374,48.08121],[-118.40178,48.07212],[-118.39866,48.08415],[-118.3934,48.08427],[-118.38904,48.0874],[-118.39051,48.08902],[-118.38938,48.08955],[-118.38951,48.08873],[-118.38897,48.08927],[-118.3884,48.08909],[-118.38818,48.08911]]],[[[-118.38402,48.08091],[-118.38401,48.08091],[-118.384,48.08089],[-118.38402,48.08091]]],[[[-118.38809,48.08951],[-118.38808,48.0895],[-118.38811,48.0895],[-118.38809,48.08951]]],[[[-118.38816,48.08919],[-118.38815,48.08919],[-118.38816,48.08918],[-118.38816,48.08919]]]]},"bbox":[-118.40184,48.07193,-118.3808,48.09137]},{"type":"Feature","id":28896,"properties":{"y":2020,"n":"Pothole","ag":"BIA","ac":351.5,"c":14,"cl":"Unknown","ad":"2023-03-14","cd":"","st":"WA","se":1},"geometry":{"type":"MultiPolygon","coordinates":[[[[-119.45464,48.45906],[-119.45068,48.46165],[-119.44411,48.4635],[-119.4392,48.459],[-119.4357,48.45806],[-119.43642,48.45555],[-119.438,48.45304],[-119.43893,48.45295],[-119.43975,48.45245],[-119.44172,48.45032],[-119.45502,48.45292],[-119.45666,48.45448],[-119.45422,48.45616],[-119.45469,48.45816],[-119.4547,48.45869],[-119.45464,48.459],[-119.45464,48.45906]],[[-119.43631,48.45629],[-119.43631,48.45629],[-119.43631,48.45629],[-119.43631,48.45629]],[[-119.4469,48.46239],[-119.44688,48.46239],[-119.4469,48.46239],[-119.4469,48.46239]],[[-119.44743,48.46202],[-119.44743,48.46203],[-119.44744,48.46203],[-119.44743,48.46202]],[[-119.44761,48.46183],[-119.44761,48.46181],[-119.44759,48.46181],[-119.44761,48.46183]],[[-119.44765,48.46183],[-119.44764,48.46182],[-119.44763,48.46182],[-119.44765,48.46183]],[[-119.44991,48.46148],[-119.44991,48.46147],[-119.44991,48.46148],[-119.44991,48.46148]],[[-119.45066,48.46129],[-119.45065,48.4613],[-119.45067,48.4613],[-119.45066,48.46129]],[[-119.45164,48.46063],[-119.45163,48.46063],[-119.45163,48.46063],[-119.45164,48.46063]]],[[[-119.43691,48.45985],[-119.43688,48.45985],[-119.43691,48.45985],[-119.43691,48.45985]]],[[[-119.43804,48.45303],[-119.43804,48.45303],[-119.43804,48.45303],[-119.43804,48.45303]]],[[[-119.43804,48.45303],[-119.43804,48.45303],[-119.43804,48.45302],[-119.43804,48.45303]]],[[[-119.43804,48.45303],[-119.43803,48.45303],[-119.43803,48.45302],[-119.43804,48.45303]]],[[[-119.43803,48.45302],[-119.43803,48.45302],[-119.43803,48.45302],[-119.43803,48.45302]]],[[[-119.43803,48.45302],[-119.43804,48.45302],[-119.43804,48.45302],[-119.43803,48.45302]]],[[[-119.43804,48.45302],[-119.43805,48.45302],[-119.43804,48.45302],[-119.43804,48.45302]]],[[[-119.44407,48.46347],[-119.44406,48.46347],[-119.44407,48.46346],[-119.44407,48.46347]]],[[[-119.44407,48.46348],[-119.44407,48.46348],[-119.44407,48.46348],[-119.44407,48.46348]]],[[[-119.44407,48.46348],[-119.44406,48.46348],[-119.44406,48.46347],[-119.44407,48.46348]]],[[[-119.45291,48.46067],[-119.45291,48.46067],[-119.45289,48.46067],[-119.45291,48.46067]]],[[[-119.45467,48.45904],[-119.45465,48.45906],[-119.45466,48.45904],[-119.45467,48.45904]]],[[[-119.45465,48.45906],[-119.45465,48.45906],[-119.45465,48.45906],[-119.45465,48.45906]]],[[[-119.45465,48.45906],[-119.45466,48.45906],[-119.45465,48.45906],[-119.45465,48.45906]]],[[[-119.45465,48.45906],[-119.45464,48.45906],[-119.45464,48.45906],[-119.45465,48.45906]]]]},"bbox":[-119.45666,48.45032,-119.4357,48.4635]},{"type":"Feature","id":28897,"properties":{"y":2020,"n":"Lower Coyote Creek","ag":"BIA","ac":2582.3,"c":14,"cl":"Unknown","ad":"2023-03-14","cd":"","st":"WA","se":1},"geometry":{"type":"Polygon","coordinates":[[[-119.06959,48.18185],[-119.05287,48.18578],[-119.05496,48.1869],[-119.051,48.18786],[-119.05233,48.19229],[-119.03965,48.19382],[-119.03733,48.18827],[-119.04368,48.18382],[-119.04249,48.17862],[-119.06123,48.16521],[-119.05753,48.15794],[-119.05794,48.14899],[-119.04834,48.14088],[-119.08874,48.14233],[-119.08839,48.15182],[-119.09077,48.1535],[-119.08299,48.15998],[-119.08243,48.16577],[-119.07009,48.17534],[-119.06959,48.18185]]]},"bbox":[-119.09077,48.14088,-119.03733,48.195]},{"type":"Feature","id":28898,"properties":{"y":2020,"n":"Cold Springs","ag":"BIA","ac":189911.2,"c":14,"cl":"Unknown","ad":"2023-03-14","cd":"","st":"WA","se":1},"geometry":{"type":"Polygon","coordinates":[[[-119.38534,48.28346],[-119.39088,48.28911],[-119.39482,48.28846],[-119.4055,48.29522],[-119.41361,48.30699],[-119.43163,48.3139],[-119.42915,48.32185],[-119.44166,48.31339],[-119.42916,48.30531],[-119.42012,48.29032],[-119.38479,48.2536],[-119.38527,48.24651],[-119.36616,48.2252],[-119.36686,48.20569],[-119.36381,48.19438],[-119.39174,48.1854],[-119.38366,48.16653],[-119.3777,48.16134],[-119.34906,48.15187],[-119.33859,48.15136],[-119.31607,48.11985],[-119.32045,48.10801],[-119.33302,48.09725],[-119.34008,48.08513],[-119.34693,48.0832],[-119.35279,48.07105],[-119.3544,48.05573],[-119.34588,48.05366],[-119.3365,48.05711],[-119.33368,48.06144],[-119.3381,48.05281],[-119.34639,48.05097],[-119.36618,48.0543],[-119.39932,48.05091],[-119.42439,48.06483],[-119.43112,48.07395],[-119.43997,48.07956],[-119.47761,48.07995],[-119.50477,48.08496],[-119.51607,48.07782],[-119.53141,48.05797],[-119.55038,48.04915],[-119.53118,48.06047],[-119.5267,48.07328],[-119.52768,48.08038],[-119.53204,48.07451],[-119.53976,48.07657],[-119.54169,48.07331],[-119.54776,48.07447],[-119.54886,48.06731],[-119.55395,48.06966],[-119.553,48.07641],[-119.56246,48.07675],[-119.56218,48.07285],[-119.55468,48.07044],[-119.55186,48.06354],[-119.56701,48.05799],[-119.5734,48.0521],[-119.58065,48.05384],[-119.58515,48.04156],[-119.59205,48.04368],[-119.59633,48.04121],[-119.60069,48.04758],[-119.60625,48.04818],[-119.59836,48.04055],[-119.61346,48.02563],[-119.62131,48.02907],[-119.63159,48.02415],[-119.63924,48.02796],[-119.63815,48.03909],[-119.64203,48.04135],[-119.64549,48.03453],[-119.65779,48.03352],[-119.65204,48.02516],[-119.66263,48.01848],[-119.66251,48.0149],[-119.66904,48.02135],[-119.6768,48.01841],[-119.68732,48.02551],[-119.68849,48.03013],[-119.67466,48.03575],[-119.66208,48.05613],[-119.65352,48.06178],[-119.65173,48.07947],[-119.64231,48.0891],[-119.64046,48.09535],[-119.61968,48.09511],[-119.62061,48.10368],[-119.6168,48.11532],[-119.62062,48.11848],[-119.62738,48.11754],[-119.63872,48.10668],[-119.64254,48.10996],[-119.64042,48.11632],[-119.64291,48.12795],[-119.65402,48.12241],[-119.67608,48.12042],[-119.67267,48.1371],[-119.66539,48.15167],[-119.67356,48.1593],[-119.6749,48.16862],[-119.68247,48.18094],[-119.67848,48.18584],[-119.67987,48.19048],[-119.71245,48.21223],[-119.71078,48.22812],[-119.71518,48.23685],[-119.70786,48.23651],[-119.70604,48.24059],[-119.71404,48.2472],[-119.71282,48.25893],[-119.71774,48.27191],[-119.70716,48.27929],[-119.64091,48.30244],[-119.61058,48.31789],[-119.60456,48.32562],[-119.6062,48.3358],[-119.59783,48.34433],[-119.56553,48.36664],[-119.53664,48.37434],[-119.52879,48.38037],[-119.53183,48.3857],[-119.52619,48.3922],[-119.5163,48.40137],[-119.50737,48.40184],[-119.50315,48.40708],[-119.49779,48.40557],[-119.48889,48.39005],[-119.46204,48.38185],[-119.44629,48.3675],[-119.42749,48.37673],[-119.41717,48.37741],[-119.39956,48.37351],[-119.38766,48.36695],[-119.37098,48.36647],[-119.37416,48.35963],[-119.38147,48.35784],[-119.3684,48.35225],[-119.36983,48.34891],[-119.39132,48.34938],[-119.39997,48.35303],[-119.40693,48.34883],[-119.40432,48.32975],[-119.40924,48.32432],[-119.40796,48.32041],[-119.39778,48.3129],[-119.37649,48.31718],[-119.37084,48.31244],[-119.37158,48.30684],[-119.37501,48.30519],[-119.37248,48.29633],[-119.37044,48.29951],[-119.36696,48.29424],[-119.36073,48.29282],[-119.36228,48.28925],[-119.36543,48.28956],[-119.36645,48.28457],[-119.37496,48.27991],[-119.38534,48.28346]]]},"bbox":[-119.71833,48.0149,-119.31562,48.40708]},{"type":"Feature","id":28899,"properties":{"y":2021,"n":"Summit Trail","ag":"BIA","ac":49553.9,"c":14,"cl":"Unknown","ad":"2023-03-14","cd":"","st":"WA","se":1},"geometry":{"type":"MultiPolygon","coordinates":[[[[-118.30767,48.43875],[-118.28681,48.44035],[-118.28538,48.42774],[-118.28195,48.42709],[-118.27452,48.41502],[-118.28943,48.41043],[-118.29901,48.41089],[-118.30294,48.41458],[-118.30466,48.43484],[-118.30767,48.43875]]],[[[-118.28057,48.42623],[-118.27892,48.42595],[-118.28084,48.42579],[-118.28057,48.42623]]],[[[-118.42343,48.46832],[-118.41406,48.46483],[-118.41719,48.46372],[-118.41249,48.46167],[-118.41352,48.4526],[-118.41157,48.44943],[-118.41044,48.4517],[-118.39697,48.45046],[-118.38764,48.45485],[-118.38255,48.45209],[-118.37469,48.45374],[-118.37183,48.45002],[-118.3389,48.44066],[-118.34681,48.43762],[-118.33722,48.43176],[-118.34087,48.42958],[-118.33805,48.42732],[-118.34198,48.42208],[-118.33578,48.41535],[-118.33706,48.41331],[-118.32796,48.40797],[-118.34392,48.40706],[-118.33844,48.39695],[-118.34557,48.40181],[-118.35424,48.40386],[-118.35626,48.40887],[-118.35751,48.40403],[-118.37321,48.40782],[-118.35738,48.40265],[-118.34957,48.39526],[-118.35844,48.39189],[-118.36418,48.3948],[-118.37682,48.39246],[-118.38642,48.39492],[-118.38897,48.39154],[-118.40241,48.38768],[-118.40912,48.37528],[-118.41638,48.37491],[-118.42089,48.38655],[-118.43825,48.38326],[-118.43806,48.38019],[-118.44397,48.3789],[-118.44178,48.37423],[-118.43536,48.3736],[-118.43739,48.37189],[-118.43521,48.36985],[-118.42998,48.37208],[-118.43185,48.37462],[-118.42583,48.37995],[-118.42015,48.38058],[-118.42897,48.37186],[-118.43306,48.37011],[-118.42373,48.36599],[-118.42056,48.35825],[-118.41336,48.35513],[-118.42364,48.35028],[-118.43565,48.35291],[-118.43513,48.34983],[-118.44998,48.34685],[-118.44115,48.34584],[-118.4401,48.33769],[-118.43186,48.33642],[-118.43334,48.33435],[-118.43702,48.33637],[-118.43538,48.33401],[-118.43806,48.33175],[-118.43054,48.32933],[-118.43584,48.32156],[-118.43104,48.3166],[-118.43356,48.31073],[-118.44291,48.31342],[-118.44786,48.30581],[-118.45777,48.30789],[-118.46073,48.30296],[-118.46767,48.3066],[-118.47595,48.30227],[-118.48211,48.3047],[-118.49535,48.30285],[-118.49681,48.29808],[-118.51217,48.28954],[-118.51914,48.29256],[-118.52334,48.28949],[-118.5304,48.29059],[-118.53504,48.28677],[-118.53119,48.28598],[-118.53477,48.2774],[-118.55393,48.27608],[-118.55594,48.28628],[-118.55988,48.28823],[-118.55194,48.29192],[-118.56029,48.29308],[-118.56026,48.29968],[-118.55384,48.30279],[-118.55473,48.3106],[-118.54683,48.32306],[-118.54654,48.33],[-118.54234,48.33346],[-118.54146,48.34992],[-118.53369,48.35471],[-118.53049,48.3633],[-118.53547,48.37427],[-118.55137,48.37488],[-118.56742,48.38045],[-118.5785,48.37691],[-118.584,48.38195],[-118.58324,48.38617],[-118.58871,48.3874],[-118.5843,48.40008],[-118.57598,48.4071],[-118.5693,48.40301],[-118.56479,48.40462],[-118.57121,48.41102],[-118.55866,48.41858],[-118.55178,48.44018],[-118.53519,48.45697],[-118.51176,48.46354],[-118.50096,48.46318],[-118.5171,48.4617],[-118.53848,48.4533],[-118.54586,48.44121],[-118.55166,48.43836],[-118.55187,48.43473],[-118.54755,48.43459],[-118.54678,48.43121],[-118.5347,48.43379],[-118.53428,48.43645],[-118.53041,48.43121],[-118.5229,48.45306],[-118.50657,48.46033],[-118.50201,48.4576],[-118.48411,48.45925],[-118.48314,48.44892],[-118.47651,48.44812],[-118.47012,48.45154],[-118.46194,48.44979],[-118.46044,48.44605],[-118.44509,48.44569],[-118.44077,48.4407],[-118.43701,48.4408],[-118.43179,48.44424],[-118.42687,48.44262],[-118.41842,48.44615],[-118.42202,48.45146],[-118.41983,48.4531],[-118.42645,48.45934],[-118.42012,48.46052],[-118.42816,48.46579],[-118.42343,48.46832]],[[-118.37801,48.39401],[-118.37801,48.39401],[-118.37801,48.39401],[-118.37801,48.39401]],[[-118.43112,48.42363],[-118.43568,48.41877],[-118.44274,48.42281],[-118.44617,48.42076],[-118.445,48.4114],[-118.45774,48.41074],[-118.45382,48.40693],[-118.4563,48.40462],[-118.44922,48.40447],[-118.44027,48.41005],[-118.43056,48.40272],[-118.42395,48.40172],[-118.43549,48.39807],[-118.43743,48.40196],[-118.44227,48.40037],[-118.43714,48.39839],[-118.43984,48.39258],[-118.42827,48.39762],[-118.41329,48.39588],[-118.41292,48.39975],[-118.40787,48.39804],[-118.39993,48.40311],[-118.39627,48.40113],[-118.39704,48.40377],[-118.38848,48.40498],[-118.38414,48.40933],[-118.40297,48.40428],[-118.41849,48.40428],[-118.42599,48.41077],[-118.42398,48.4141],[-118.42705,48.42341],[-118.43112,48.42363]],[[-118.4088,48.38244],[-118.4134,48.38087],[-118.41364,48.37924],[-118.40983,48.37816],[-118.4088,48.38244]],[[-118.54794,48.43099],[-118.54905,48.42817],[-118.55337,48.42601],[-118.54446,48.4277],[-118.54794,48.43099]]],[[[-118.33719,48.42391],[-118.33708,48.42354],[-118.33745,48.42376],[-118.33719,48.42391]]],[[[-118.34682,48.40111],[-118.34637,48.40137],[-118.34638,48.40095],[-118.34682,48.40111]]],[[[-118.35542,48.40205],[-118.35453,48.40217],[-118.35436,48.40195],[-118.35542,48.40205]]],[[[-118.36164,48.44952],[-118.36118,48.44795],[-118.36266,48.44902],[-118.36164,48.44952]]],[[[-118.38114,48.45517],[-118.38084,48.45484],[-118.38135,48.45495],[-118.38114,48.45517]]],[[[-118.41248,48.4535],[-118.41178,48.45342],[-118.41166,48.45268],[-118.41248,48.4535]]],[[[-118.42208,48.37787],[-118.41842,48.37873],[-118.41819,48.37846],[-118.42208,48.37787]]],[[[-118.42437,48.41396],[-118.42461,48.4137],[-118.42478,48.41397],[-118.42437,48.41396]]],[[[-118.43596,48.34687],[-118.43126,48.34605],[-118.4352,48.34229],[-118.43596,48.34687]]],[[[-118.43497,48.44306],[-118.43455,48.443],[-118.43494,48.44298],[-118.43497,48.44306]]],[[[-118.52919,48.43895],[-118.52892,48.43841],[-118.52928,48.43861],[-118.52919,48.43895]]],[[[-118.53111,48.43651],[-118.52946,48.43674],[-118.53167,48.43488],[-118.53111,48.43651]]]]},"bbox":[-118.58905,48.27584,-118.27452,48.46835]},{"type":"Feature","id":28900,"properties":{"y":2021,"n":"Sherwood","ag":"BIA","ac":1256.8,"c":14,"cl":"Unknown","ad":"2023-03-14","cd":"","st":"WA","se":1},"geometry":{"type":"MultiPolygon","coordinates":[[[[-117.9325,47.91354],[-117.93274,47.91468],[-117.93187,47.91393],[-117.9325,47.91354]]],[[[-117.95812,47.92036],[-117.94322,47.9151],[-117.94451,47.90455],[-117.95754,47.90425],[-117.96396,47.91278],[-117.97016,47.91022],[-117.96775,47.91455],[-117.97191,47.91642],[-117.98602,47.91234],[-117.98822,47.91517],[-117.98464,47.9237],[-117.96449,47.93023],[-117.96228,47.92606],[-117.95667,47.92589],[-117.95812,47.92036]],[[-117.94437,47.90811],[-117.94437,47.90808],[-117.94437,47.90808],[-117.94437,47.90811]]],[[[-117.98852,47.92659],[-117.98595,47.92849],[-117.98604,47.92659],[-117.98852,47.92659]]]]},"bbox":[-117.98855,47.90392,-117.93187,47.93023]},{"type":"Feature","id":28901,"properties":{"y":2021,"n":"Whitmore","ag":"BIA","ac":58242.3,"c":14,"cl":"Unknown","ad":"2023-03-14","cd":"","st":"WA","se":1},"geometry":{"type":"MultiPolygon","coordinates":[[[[-119.16614,48.26587],[-119.16011,48.24623],[-119.1693,48.23425],[-119.16613,48.23146],[-119.17136,48.21981],[-119.1687,48.21835],[-119.17201,48.21374],[-119.17602,48.21529],[-119.1817,48.21226],[-119.18011,48.20585],[-119.17161,48.2044],[-119.17375,48.19867],[-119.15286,48.18755],[-119.14659,48.19551],[-119.13767,48.19284],[-119.13735,48.18852],[-119.14324,48.18387],[-119.13686,48.17595],[-119.10387,48.16468],[-119.10165,48.15192],[-119.11741,48.15447],[-119.12112,48.15154],[-119.13019,48.15489],[-119.16087,48.14419],[-119.17306,48.13325],[-119.17816,48.13553],[-119.18016,48.13124],[-119.2152,48.12194],[-119.21832,48.12836],[-119.22185,48.12906],[-119.23333,48.12523],[-119.28189,48.1212],[-119.28767,48.12538],[-119.30775,48.12764],[-119.31968,48.13239],[-119.32134,48.13775],[-119.32949,48.1428],[-119.34129,48.15813],[-119.35601,48.16306],[-119.36322,48.17385],[-119.38375,48.18935],[-119.36305,48.19392],[-119.36716,48.20545],[-119.36611,48.22497],[-119.37197,48.23077],[-119.37336,48.2383],[-119.36345,48.24946],[-119.34618,48.24296],[-119.32729,48.24474],[-119.32924,48.25245],[-119.32299,48.25888],[-119.31852,48.25789],[-119.31914,48.26116],[-119.31491,48.26277],[-119.2903,48.26728],[-119.28212,48.27618],[-119.27269,48.27885],[-119.26464,48.28993],[-119.25086,48.29491],[-119.24943,48.29018],[-119.25177,48.28853],[-119.24693,48.28685],[-119.25669,48.28028],[-119.25843,48.27364],[-119.26769,48.26933],[-119.26826,48.26446],[-119.25422,48.26284],[-119.24951,48.26627],[-119.25428,48.26787],[-119.24911,48.27122],[-119.24022,48.27066],[-119.23139,48.2762],[-119.21834,48.27908],[-119.21759,48.28532],[-119.21041,48.28904],[-119.20664,48.29857],[-119.1962,48.29191],[-119.19635,48.28756],[-119.1888,48.28452],[-119.1888,48.28313],[-119.18756,48.2815],[-119.18756,48.27486],[-119.18539,48.27412],[-119.18712,48.27187],[-119.18423,48.26905],[-119.16614,48.26587]],[[-119.28719,48.20971],[-119.29945,48.19993],[-119.31649,48.19493],[-119.31608,48.19214],[-119.30166,48.19405],[-119.2996,48.19754],[-119.29524,48.19588],[-119.27276,48.21443],[-119.24785,48.21193],[-119.24611,48.21482],[-119.2568,48.21551],[-119.26721,48.21921],[-119.26801,48.224],[-119.27139,48.22211],[-119.29252,48.22918],[-119.29309,48.22582],[-119.28681,48.22204],[-119.28719,48.20971]],[[-119.27258,48.128],[-119.27393,48.12546],[-119.26971,48.12608],[-119.27258,48.128]],[[-119.32254,48.14928],[-119.32143,48.15028],[-119.32476,48.15025],[-119.32254,48.14928]],[[-119.32661,48.14322],[-119.3247,48.14576],[-119.32672,48.14743],[-119.32806,48.14558],[-119.32661,48.14322]]],[[[-119.15841,48.25281],[-119.15718,48.25261],[-119.15856,48.25246],[-119.15841,48.25281]]],[[[-119.16082,48.26029],[-119.16093,48.26021],[-119.16104,48.26024],[-119.16082,48.26029]]],[[[-119.16435,48.26372],[-119.1643,48.26361],[-119.16438,48.26371],[-119.16435,48.26372]]],[[[-119.18861,48.28308],[-119.18862,48.28302],[-119.18867,48.28304],[-119.18861,48.28308]]]]},"bbox":[-119.38375,48.1212,-119.10096,48.29857]},{"type":"Feature","id":28902,"properties":{"y":2021,"n":"Chuweah Creek Fire","ag":"BIA","ac":36732.0,"c":14,"cl":"Unknown","ad":"2023-03-14","cd":"","st":"WA","se":1},"geometry":{"type":"MultiPolygon","coordinates":[[[[-118.75712,48.25468],[-118.74955,48.24992],[-118.75329,48.24328],[-118.75798,48.24231],[-118.75687,48.24528],[-118.76159,48.24622],[-118.76181,48.25063],[-118.75712,48.25468]]],[[[-118.7768,48.19627],[-118.78449,48.18974],[-118.78312,48.18126],[-118.78902,48.17268],[-118.7865,48.16191],[-118.79184,48.14907],[-118.78889,48.14551],[-118.79446,48.13885],[-118.79628,48.13202],[-118.79403,48.12939],[-118.79991,48.12535],[-118.7911,48.12497],[-118.78919,48.11747],[-118.79823,48.11263],[-118.79436,48.10304],[-118.80385,48.10533],[-118.79766,48.10037],[-118.79797,48.08994],[-118.79449,48.08259],[-118.80432,48.0803],[-118.82345,48.08311],[-118.83473,48.07983],[-118.83933,48.08415],[-118.87045,48.06395],[-118.8956,48.06852],[-118.89382,48.07418],[-118.89906,48.07213],[-118.9014,48.0759],[-118.9062,48.07187],[-118.90955,48.07433],[-118.90943,48.08181],[-118.92316,48.08802],[-118.9383,48.11235],[-118.94591,48.11434],[-118.94342,48.1172],[-118.94879,48.12269],[-118.94736,48.12963],[-118.9591,48.12842],[-118.96178,48.13351],[-118.9762,48.13509],[-118.9753,48.14923],[-118.97748,48.14796],[-118.9763,48.15161],[-118.98066,48.15232],[-118.98025,48.16215],[-118.96438,48.16908],[-118.96457,48.17192],[-118.97039,48.17294],[-118.96796,48.1759],[-118.93703,48.18118],[-118.9309,48.18513],[-118.91828,48.17906],[-118.90921,48.18355],[-118.88753,48.17648],[-118.88766,48.17365],[-118.87854,48.17483],[-118.87128,48.17167],[-118.87499,48.16551],[-118.86253,48.16835],[-118.83388,48.16229],[-118.8343,48.16971],[-118.84021,48.17442],[-118.82258,48.1843],[-118.82021,48.19313],[-118.81531,48.19466],[-118.81801,48.19657],[-118.8076,48.20012],[-118.81003,48.20398],[-118.80427,48.21801],[-118.80268,48.23403],[-118.785,48.23375],[-118.78938,48.2315],[-118.78533,48.2255],[-118.77579,48.22086],[-118.7772,48.21239],[-118.76748,48.2098],[-118.76907,48.20541],[-118.76514,48.20317],[-118.76972,48.2028],[-118.76712,48.20145],[-118.76913,48.19891],[-118.77349,48.20093],[-118.78063,48.19851],[-118.7768,48.19627]]],[[[-118.76664,48.20966],[-118.76631,48.20908],[-118.76681,48.20946],[-118.76664,48.20966]]],[[[-118.77359,48.21482],[-118.77386,48.21376],[-118.77454,48.21438],[-118.77359,48.21482]]],[[[-118.79438,48.08606],[-118.7939,48.08549],[-118.79464,48.08568],[-118.79491,48.08549],[-118.79565,48.08554],[-118.79438,48.08606]]]]},"bbox":[-118.98077,48.06364,-118.74955,48.25506]},{"type":"Feature","id":28903,"properties":{"y":2023,"n":"Sandbar","ag":"BIA","ac":38.9,"c":14,"cl":"Unknown","ad":"2023-06-01","cd":"","st":"WA","se":2},"geometry":{"type":"Polygon","coordinates":[[[-118.03594,47.80567],[-118.04636,47.80268],[-118.05272,47.80431],[-118.03594,47.80567]]]},"bbox":[-118.05272,47.80268,-118.03594,47.80584]},{"type":"Feature","id":28904,"properties":{"y":2020,"n":"9011 Harrah Rd","ag":"BIA","ac":47.2,"c":14,"cl":"Unknown","ad":"2023-06-02","cd":"","st":"WA","se":2},"geometry":{"type":"MultiPolygon","coordinates":[[[[-120.53817,46.33236],[-120.53969,46.33135],[-120.54035,46.33152],[-120.54193,46.33152],[-120.54384,46.33469],[-120.53346,46.3336],[-120.53817,46.33236]]],[[[-120.53774,46.33173],[-120.53775,46.33172],[-120.53776,46.33174],[-120.53774,46.33173]]],[[[-120.53975,46.33131],[-120.53977,46.33132],[-120.53976,46.33133],[-120.53975,46.33131]]]]},"bbox":[-120.54384,46.33104,-120.53339,46.33483]},{"type":"Feature","id":28905,"properties":{"y":2023,"n":"South Satus","ag":"BIA","ac":996.7,"c":14,"cl":"Unknown","ad":"2023-06-13","cd":"","st":"WA","se":2},"geometry":{"type":"MultiPolygon","coordinates":[[[[-120.15892,46.21995],[-120.15903,46.22006],[-120.15894,46.21998],[-120.15892,46.21995]]],[[[-120.15892,46.21995],[-120.15439,46.21727],[-120.1593,46.20755],[-120.16548,46.20302],[-120.16935,46.20441],[-120.17225,46.19599],[-120.17482,46.19657],[-120.17633,46.19386],[-120.17799,46.19313],[-120.1797,46.19175],[-120.18047,46.19144],[-120.18487,46.19977],[-120.18121,46.2094],[-120.17487,46.21242],[-120.1636,46.22635],[-120.1593,46.22663],[-120.15989,46.22472],[-120.15911,46.22016],[-120.15903,46.22005],[-120.15892,46.21995]],[[-120.15886,46.21989],[-120.15876,46.2198],[-120.1589,46.21994],[-120.15886,46.21989]]]]},"bbox":[-120.18487,46.19143,-120.15439,46.22704]},{"type":"Feature","id":28906,"properties":{"y":2023,"n":"Sandpiper","ag":"BIA","ac":18.2,"c":14,"cl":"Unknown","ad":"2023-06-17","cd":"","st":"WA","se":2},"geometry":{"type":"Polygon","coordinates":[[[-117.89515,47.85748],[-117.8992,47.85932],[-117.89905,47.8602],[-117.89507,47.86017],[-117.89515,47.85748]]]},"bbox":[-117.8993,47.85748,-117.89452,47.86075]},{"type":"Feature","id":28907,"properties":{"y":2023,"n":"Hubbard Lane 3","ag":"BIA","ac":18.8,"c":14,"cl":"Unknown","ad":"2023-06-27","cd":"","st":"WA","se":2},"geometry":{"type":"Polygon","coordinates":[[[-120.76581,46.40297],[-120.77193,46.4027],[-120.77365,46.40356],[-120.76581,46.40297]]]},"bbox":[-120.77365,46.4023,-120.76581,46.40397]},{"type":"Feature","id":28908,"properties":{"y":2023,"n":"Mill","ag":"BIA","ac":3.0,"c":14,"cl":"Unknown","ad":"2023-08-08","cd":"","st":"WA","se":2},"geometry":{"type":"Polygon","coordinates":[[[-119.51231,48.394],[-119.51122,48.39322],[-119.51335,48.39357],[-119.51231,48.394]]]},"bbox":[-119.51335,48.39311,-119.51109,48.394]},{"type":"Feature","id":28909,"properties":{"y":2023,"n":"Manila Van","ag":"BIA","ac":0.1,"c":14,"cl":"Unknown","ad":"2023-11-14","cd":"","st":"WA","se":3},"geometry":{"type":"Polygon","coordinates":[[[-118.79867,48.00687],[-118.79908,48.00687],[-118.79887,48.00711],[-118.79867,48.00687]]]},"bbox":[-118.79908,48.00687,-118.79867,48.00711]},{"type":"Feature","id":28910,"properties":{"y":2023,"n":"Falls Creek","ag":"BIA","ac":30.7,"c":14,"cl":"Unknown","ad":"2023-11-14","cd":"","st":"WA","se":3},"geometry":{"type":"Polygon","coordinates":[[[-118.26077,48.14795],[-118.25653,48.14607],[-118.2575,48.14432],[-118.2615,48.14537],[-118.26077,48.14795]]]},"bbox":[-118.26191,48.14368,-118.25653,48.14889]},{"type":"Feature","id":28911,"properties":{"y":2023,"n":"2330 Signal Peak Rd","ag":"BIA","ac":27.1,"c":14,"cl":"Unknown","ad":"2023-12-04","cd":"","st":"WA","se":4},"geometry":{"type":"Polygon","coordinates":[[[-120.7354,46.34636],[-120.74426,46.34641],[-120.74024,46.34843],[-120.7354,46.34636]]]},"bbox":[-120.74426,46.34636,-120.73499,46.34843]},{"type":"Feature","id":28912,"properties":{"y":2023,"n":"Yakima River","ag":"BIA","ac":171.5,"c":14,"cl":"Unknown","ad":"2023-12-04","cd":"","st":"WA","se":4},"geometry":{"type":"Polygon","coordinates":[[[-120.40162,46.47517],[-120.39848,46.46708],[-120.41221,46.47085],[-120.40699,46.47562],[-120.40162,46.47517]]]},"bbox":[-120.41221,46.46688,-120.39758,46.47622]},{"type":"Feature","id":28913,"properties":{"y":2023,"n":"Old Maids 1","ag":"BIA","ac":60.8,"c":14,"cl":"Unknown","ad":"2023-12-04","cd":"","st":"WA","se":4},"geometry":{"type":"Polygon","coordinates":[[[-120.75606,46.4354],[-120.7636,46.43478],[-120.77179,46.43647],[-120.76128,46.43726],[-120.75606,46.4354]]]},"bbox":[-120.77179,46.4347,-120.75559,46.43739]},{"type":"Feature","id":28914,"properties":{"y":2023,"n":"Old Maids 2","ag":"BIA","ac":11.1,"c":14,"cl":"Unknown","ad":"2023-12-04","cd":"","st":"WA","se":4},"geometry":{"type":"Polygon","coordinates":[[[-120.75516,46.44082],[-120.76345,46.44077],[-120.7651,46.4414],[-120.75516,46.44082]]]},"bbox":[-120.7651,46.44023,-120.75515,46.44154]},{"type":"Feature","id":28915,"properties":{"y":2023,"n":"2801 Hawk Rd","ag":"BIA","ac":15.4,"c":14,"cl":"Unknown","ad":"2023-12-04","cd":"","st":"WA","se":4},"geometry":{"type":"Polygon","coordinates":[[[-120.77001,46.36651],[-120.77459,46.36586],[-120.76988,46.3671],[-120.77001,46.36651]]]},"bbox":[-120.77481,46.36404,-120.76987,46.36712]},{"type":"Feature","id":28916,"properties":{"y":2023,"n":"Highbridge Springs","ag":"BIA","ac":22.5,"c":14,"cl":"Unknown","ad":"2023-12-04","cd":"","st":"WA","se":4},"geometry":{"type":"Polygon","coordinates":[[[-120.55425,46.08009],[-120.55577,46.07076],[-120.55759,46.07092],[-120.5581,46.0731],[-120.55607,46.07582],[-120.55453,46.07991],[-120.55425,46.08009]]]},"bbox":[-120.5581,46.07067,-120.5542,46.08009]},{"type":"Feature","id":28917,"properties":{"y":2023,"n":"Highline Canal","ag":"BIA","ac":62.1,"c":14,"cl":"Unknown","ad":"2023-12-04","cd":"","st":"WA","se":4},"geometry":{"type":"Polygon","coordinates":[[[-120.5861,46.47613],[-120.5905,46.48041],[-120.58841,46.48351],[-120.58434,46.48073],[-120.5861,46.47613]]]},"bbox":[-120.5905,46.47611,-120.58424,46.48352]},{"type":"Feature","id":28918,"properties":{"y":2023,"n":"Old Weigh Station","ag":"BIA","ac":11.0,"c":14,"cl":"Unknown","ad":"2023-12-04","cd":"","st":"WA","se":4},"geometry":{"type":"Polygon","coordinates":[[[-120.81262,46.28029],[-120.81719,46.28097],[-120.81218,46.28093],[-120.81262,46.28029]]]},"bbox":[-120.81721,46.27958,-120.81215,46.28119]},{"type":"Feature","id":28919,"properties":{"y":2023,"n":"Horse Heaven Hills","ag":"BIA","ac":162.5,"c":14,"cl":"Unknown","ad":"2023-12-04","cd":"","st":"WA","se":4},"geometry":{"type":"MultiPolygon","coordinates":[[[[-120.26371,46.06219],[-120.26373,46.06219],[-120.26386,46.06225],[-120.26409,46.06241],[-120.26444,46.06287],[-120.26306,46.06593],[-120.26403,46.06778],[-120.26162,46.07003],[-120.24869,46.06959],[-120.26053,46.06137],[-120.26367,46.06217],[-120.26368,46.06218],[-120.26371,46.06219]],[[-120.26377,46.06222],[-120.26381,46.06224],[-120.26379,46.06222],[-120.26377,46.06222]],[[-120.26383,46.06225],[-120.26384,46.06226],[-120.26385,46.06226],[-120.26383,46.06225]],[[-120.26399,46.06235],[-120.26401,46.06238],[-120.26404,46.0624],[-120.26399,46.06235]]],[[[-120.26371,46.06219],[-120.26367,46.06217],[-120.2637,46.06218],[-120.26371,46.06219]]]]},"bbox":[-120.26444,46.06125,-120.24865,46.07107]},{"type":"Feature","id":28920,"properties":{"y":2023,"n":"East Wapato","ag":"BIA","ac":46.6,"c":14,"cl":"Unknown","ad":"2023-12-04","cd":"","st":"WA","se":4},"geometry":{"type":"Polygon","coordinates":[[[-120.40159,46.44633],[-120.39677,46.44399],[-120.39636,46.44026],[-120.40173,46.44241],[-120.40159,46.44633]]]},"bbox":[-120.40217,46.44006,-120.3962,46.44669]},{"type":"Feature","id":28921,"properties":{"y":2023,"n":"Medicine Valley 3","ag":"BIA","ac":96.4,"c":14,"cl":"Unknown","ad":"2023-12-04","cd":"","st":"WA","se":4},"geometry":{"type":"Polygon","coordinates":[[[-120.77686,46.41441],[-120.79354,46.41052],[-120.78792,46.41654],[-120.77686,46.41441]]]},"bbox":[-120.79354,46.40974,-120.77686,46.41684]},{"type":"Feature","id":28922,"properties":{"y":2023,"n":"6563 Wesley Rd","ag":"BIA","ac":18.4,"c":14,"cl":"Unknown","ad":"2023-12-04","cd":"","st":"WA","se":4},"geometry":{"type":"Polygon","coordinates":[[[-120.75401,46.33794],[-120.75369,46.34074],[-120.74997,46.33852],[-120.75012,46.33811],[-120.75401,46.33794]]]},"bbox":[-120.75446,46.33792,-120.74997,46.34074]},{"type":"Feature","id":28923,"properties":{"y":2023,"n":"4508 Main St","ag":"BIA","ac":11.9,"c":14,"cl":"Unknown","ad":"2023-12-04","cd":"","st":"WA","se":4},"geometry":{"type":"Polygon","coordinates":[[[-120.48454,46.53862],[-120.48973,46.53921],[-120.49072,46.54103],[-120.48454,46.53862]]]},"bbox":[-120.49072,46.53848,-120.48454,46.54123]},{"type":"Feature","id":28924,"properties":{"y":2023,"n":"Gold Mountain Ridge","ag":"BIA","ac":28.8,"c":14,"cl":"Unknown","ad":"2024-01-02","cd":"","st":"WA","se":4},"geometry":{"type":"Polygon","coordinates":[[[-118.42778,48.12762],[-118.43332,48.12485],[-118.43491,48.12812],[-118.43128,48.12892],[-118.42778,48.12762]]]},"bbox":[-118.43491,48.12485,-118.42776,48.12892]},{"type":"Feature","id":28925,"properties":{"y":2023,"n":"Agency Butte","ag":"BIA","ac":662.2,"c":14,"cl":"Unknown","ad":"2024-01-03","cd":"","st":"WA","se":4},"geometry":{"type":"Polygon","coordinates":[[[-118.88758,48.17653],[-118.90214,48.16211],[-118.92216,48.16985],[-118.90452,48.17796],[-118.88758,48.17653]]]},"bbox":[-118.92216,48.1619,-118.8875,48.17796]},{"type":"Feature","id":28926,"properties":{"y":2023,"n":"Copper Creek","ag":"BIA","ac":11.6,"c":14,"cl":"Unknown","ad":"2024-01-03","cd":"","st":"WA","se":4},"geometry":{"type":"Polygon","coordinates":[[[-118.65605,48.07237],[-118.65299,48.07162],[-118.65735,48.07194],[-118.65605,48.07237]]]},"bbox":[-118.65735,48.07101,-118.65299,48.07306]},{"type":"Feature","id":28927,"properties":{"y":2023,"n":"Airport Road","ag":"BIA","ac":14.6,"c":14,"cl":"Unknown","ad":"2024-01-03","cd":"","st":"WA","se":4},"geometry":{"type":"Polygon","coordinates":[[[-119.56978,48.36365],[-119.57321,48.36085],[-119.57395,48.36101],[-119.56978,48.36365]]]},"bbox":[-119.57395,48.36085,-119.56913,48.36365]},{"type":"Feature","id":28928,"properties":{"y":2023,"n":"Kewa","ag":"BIA","ac":12.2,"c":14,"cl":"Unknown","ad":"2024-01-03","cd":"","st":"WA","se":4},"geometry":{"type":"Polygon","coordinates":[[[-118.2715,48.16599],[-118.26841,48.16624],[-118.27204,48.16372],[-118.2715,48.16599]]]},"bbox":[-118.27224,48.1637,-118.26841,48.16703]},{"type":"Feature","id":28929,"properties":{"y":2022,"n":"Paradise Peak","ag":"USFS","ac":1.5,"c":14,"cl":"Unknown","ad":"2023-03-14","cd":"","st":"WA","se":1},"geometry":{"type":"Polygon","coordinates":[[[-118.40161,48.60209],[-118.40172,48.60158],[-118.40292,48.602],[-118.40161,48.60209]]]},"bbox":[-118.40292,48.60158,-118.401,48.60219]},{"type":"Feature","id":28930,"properties":{"y":2021,"n":"Bulldog Mountain","ag":"USFS","ac":7202.8,"c":14,"cl":"Unknown","ad":"2023-03-14","cd":"","st":"WA","se":1},"geometry":{"type":"Polygon","coordinates":[[[-118.24729,48.764],[-118.25918,48.74956],[-118.27397,48.74469],[-118.29561,48.7494],[-118.29647,48.75204],[-118.29915,48.74849],[-118.30934,48.75367],[-118.30202,48.76873],[-118.30788,48.78516],[-118.30162,48.79377],[-118.2893,48.79498],[-118.29258,48.79667],[-118.28958,48.8002],[-118.29658,48.80616],[-118.29469,48.81001],[-118.30248,48.81048],[-118.29703,48.81162],[-118.29348,48.82046],[-118.28692,48.82118],[-118.28751,48.81863],[-118.28176,48.81551],[-118.2745,48.81576],[-118.27576,48.81039],[-118.27083,48.80983],[-118.27007,48.81085],[-118.2713,48.81087],[-118.27302,48.81227],[-118.27257,48.81259],[-118.26765,48.81037],[-118.27138,48.807],[-118.25374,48.80348],[-118.24713,48.80774],[-118.2339,48.8026],[-118.24111,48.79488],[-118.24729,48.764]]]},"bbox":[-118.30934,48.74469,-118.2339,48.82149]},{"type":"Feature","id":28931,"properties":{"y":2020,"n":"Big Hollow","ag":"USFS","ac":24996.3,"c":14,"cl":"Unknown","ad":"2023-03-14","cd":"","st":"WA","se":1},"geometry":{"type":"MultiPolygon","coordinates":[[[[-121.98273,45.89844],[-121.98239,45.89336],[-121.99273,45.8937],[-122.00179,45.89638],[-122.00212,45.90173],[-122.00991,45.89968],[-122.01279,45.90311],[-122.02789,45.90408],[-122.04662,45.91078],[-122.04661,45.91496],[-122.04166,45.91883],[-122.03567,45.91767],[-122.0229,45.9218],[-122.01524,45.91891],[-122.01295,45.91993],[-122.02081,45.92333],[-122.01469,45.92639],[-122.01899,45.93133],[-122.02268,45.92882],[-122.02586,45.93268],[-122.02174,45.9368],[-122.02715,45.93987],[-122.02537,45.93469],[-122.02794,45.93273],[-122.04343,45.93943],[-122.05346,45.93287],[-122.06232,45.93275],[-122.06546,45.93021],[-122.0578,45.92625],[-122.06928,45.91982],[-122.07179,45.91429],[-122.08379,45.91505],[-122.08829,45.92352],[-122.09827,45.91177],[-122.1028,45.91165],[-122.11615,45.91559],[-122.11603,45.92511],[-122.12489,45.92213],[-122.1313,45.92643],[-122.15273,45.92902],[-122.15553,45.93247],[-122.16283,45.92969],[-122.1651,45.93545],[-122.17225,45.938],[-122.17431,45.93146],[-122.17648,45.93802],[-122.19175,45.9471],[-122.19398,45.95642],[-122.18975,45.95821],[-122.19735,45.95754],[-122.20153,45.95023],[-122.20427,45.95603],[-122.19941,45.96002],[-122.18951,45.96055],[-122.18729,45.96488],[-122.18204,45.96631],[-122.18188,45.97483],[-122.17755,45.9769],[-122.17127,45.97353],[-122.16689,45.98143],[-122.17009,45.98445],[-122.16741,45.98885],[-122.16252,45.98738],[-122.16114,45.98272],[-122.15502,45.98905],[-122.14863,45.98103],[-122.14217,45.97916],[-122.13506,45.98321],[-122.13001,45.97587],[-122.12434,45.97381],[-122.11798,45.97743],[-122.11771,45.98933],[-122.11302,45.99215],[-122.10948,45.99145],[-122.11002,45.9853],[-122.10664,45.98346],[-122.10865,45.98223],[-122.1041,45.98029],[-122.10006,45.98437],[-122.09962,45.97964],[-122.0934,45.98098],[-122.07845,45.96661],[-122.07401,45.96967],[-122.06478,45.96521],[-122.0634,45.96877],[-122.06605,45.97099],[-122.05929,45.96856],[-122.06231,45.97084],[-122.05727,45.97494],[-122.04617,45.97678],[-122.04427,45.97553],[-122.04707,45.97415],[-122.03678,45.97445],[-122.03029,45.97193],[-122.03081,45.96966],[-122.02352,45.96616],[-122.03481,45.9777],[-122.03673,45.97581],[-122.0535,45.9825],[-122.0659,45.98315],[-122.06483,45.99228],[-122.0605,45.9946],[-122.06212,45.99818],[-122.05124,46.00071],[-122.0453,45.99236],[-122.03363,45.98628],[-122.02861,45.98823],[-122.02815,45.97888],[-122.01979,45.97891],[-122.01342,45.97535],[-122.01242,45.97054],[-122.00592,45.97037],[-122.00295,45.96669],[-121.99746,45.96766],[-121.99083,45.96367],[-121.98679,45.96703],[-121.98482,45.96194],[-121.9809,45.96206],[-121.97995,45.95645],[-121.97169,45.95268],[-121.97752,45.95342],[-121.97679,45.94798],[-121.98218,45.94766],[-121.9821,45.94536],[-121.9856,45.94789],[-121.9782,45.94157],[-121.98159,45.93681],[-121.97941,45.93498],[-121.97284,45.93485],[-121.97639,45.94413],[-121.9697,45.94882],[-121.96611,45.94784],[-121.96683,45.94379],[-121.96329,45.93969],[-121.9567,45.94032],[-121.94704,45.93501],[-121.95285,45.93009],[-121.95105,45.92666],[-121.95383,45.92426],[-121.94973,45.92173],[-121.95291,45.91514],[-121.96379,45.91828],[-121.96682,45.92606],[-121.97012,45.92144],[-121.97291,45.92341],[-121.97462,45.91722],[-121.97841,45.91532],[-121.97233,45.90528],[-121.98016,45.90574],[-121.97882,45.89918],[-121.98273,45.89844]],[[-122.12206,45.95227],[-122.12614,45.94914],[-122.13031,45.95046],[-122.13177,45.94575],[-122.14431,45.94886],[-122.14848,45.94609],[-122.14422,45.94132],[-122.12181,45.93464],[-122.11163,45.93472],[-122.10785,45.939],[-122.10667,45.93528],[-122.11016,45.93197],[-122.10653,45.92927],[-122.11239,45.92232],[-122.11166,45.91715],[-122.10169,45.91721],[-122.10368,45.92007],[-122.09843,45.92209],[-122.09479,45.93117],[-122.09383,45.93016],[-122.09632,45.92658],[-122.09565,45.92448],[-122.08844,45.92819],[-122.07607,45.92185],[-122.07698,45.93188],[-122.07259,45.93047],[-122.06696,45.94013],[-122.05401,45.93911],[-122.0554,45.94388],[-122.06551,45.94461],[-122.06741,45.94746],[-122.07054,45.94553],[-122.07544,45.94787],[-122.08051,45.94388],[-122.07655,45.94013],[-122.08056,45.9396],[-122.09762,45.94534],[-122.1004,45.95084],[-122.10003,45.94428],[-122.10987,45.95071],[-122.11153,45.94691],[-122.12206,45.95227]],[[-122.13055,45.96186],[-122.13346,45.96131],[-122.14181,45.96078],[-122.13865,45.95406],[-122.13476,45.95367],[-122.13042,45.95448],[-122.13434,45.95806],[-122.13055,45.96186]]],[[[-122.04517,45.93105],[-122.04769,45.93123],[-122.04814,45.93209],[-122.04671,45.93309],[-122.04517,45.93105]]],[[[-122.17512,45.98136],[-122.17576,45.97971],[-122.17617,45.97997],[-122.17512,45.98136]]],[[[-122.17797,45.99167],[-122.17876,45.9907],[-122.17865,45.99167],[-122.17797,45.99167]]],[[[-122.17966,45.99576],[-122.17936,45.9943],[-122.1803,45.99479],[-122.17966,45.99576]]],[[[-122.18353,45.98631],[-122.1827,45.98545],[-122.1836,45.9856],[-122.18353,45.98631]]],[[[-122.19558,45.99772],[-122.18325,45.99299],[-122.1858,45.97916],[-122.19643,45.97982],[-122.19384,45.98627],[-122.20134,45.98481],[-122.20025,45.99388],[-122.19558,45.99772]]],[[[-122.18875,45.97531],[-122.188,45.97092],[-122.19458,45.97303],[-122.1933,45.97474],[-122.18875,45.97531]]]]},"bbox":[-122.20441,45.89336,-121.94673,46.00092]},{"type":"Feature","id":28932,"properties":{"y":2022,"n":"Alligator","ag":"USFS","ac":926.6,"c":14,"cl":"Unknown","ad":"2023-03-14","cd":"","st":"WA","se":1},"geometry":{"type":"Polygon","coordinates":[[[-118.30098,48.73044],[-118.29995,48.7266],[-118.29477,48.72718],[-118.30094,48.72353],[-118.30658,48.72482],[-118.30664,48.72102],[-118.31202,48.7202],[-118.31476,48.71422],[-118.32729,48.71554],[-118.33408,48.72202],[-118.33013,48.72336],[-118.32769,48.73574],[-118.30098,48.73044]]]},"bbox":[-118.3342,48.7142,-118.29477,48.73602]},{"type":"Feature","id":28933,"properties":{"y":2020,"n":"Sitkum","ag":"USFS","ac":0.7,"c":14,"cl":"Unknown","ad":"2023-03-14","cd":"","st":"WA","se":1},"geometry":{"type":"Polygon","coordinates":[[[-123.99902,47.96003],[-123.99867,47.96076],[-123.99814,47.96049],[-123.99902,47.96003]]]},"bbox":[-123.99966,47.96,-123.99814,47.96079]},{"type":"Feature","id":28934,"properties":{"y":2021,"n":"Varden","ag":"USFS","ac":1710.2,"c":14,"cl":"Unknown","ad":"2023-03-14","cd":"","st":"WA","se":1},"geometry":{"type":"Polygon","coordinates":[[[-120.5253,48.59244],[-120.50291,48.58049],[-120.50107,48.57819],[-120.50642,48.57653],[-120.50332,48.57398],[-120.5275,48.56786],[-120.53042,48.56973],[-120.5274,48.57523],[-120.53632,48.57868],[-120.53476,48.58578],[-120.54204,48.57787],[-120.55009,48.57665],[-120.55698,48.57866],[-120.55212,48.58198],[-120.55901,48.58484],[-120.55738,48.59161],[-120.55176,48.59542],[-120.5253,48.59244]]]},"bbox":[-120.55901,48.56776,-120.50107,48.59542]},{"type":"Feature","id":28935,"properties":{"y":2021,"n":"Windy Pass","ag":"USFS","ac":88.8,"c":14,"cl":"Unknown","ad":"2023-03-14","cd":"","st":"WA","se":1},"geometry":{"type":"MultiPolygon","coordinates":[[[[-121.12916,47.10903],[-121.1292,47.1093],[-121.12899,47.10916],[-121.12916,47.10903]]],[[[-121.13374,47.10903],[-121.13552,47.10402],[-121.13971,47.10632],[-121.14075,47.11176],[-121.13082,47.10931],[-121.13374,47.10903]]]]},"bbox":[-121.14097,47.10402,-121.12899,47.11242]},{"type":"Feature","id":28936,"properties":{"y":2022,"n":"Meander","ag":"USFS","ac":154.9,"c":14,"cl":"Unknown","ad":"2023-03-14","cd":"","st":"WA","se":1},"geometry":{"type":"MultiPolygon","coordinates":[[[[-121.11248,47.93133],[-121.1091,47.92671],[-121.11735,47.92573],[-121.12111,47.93018],[-121.10676,47.93683],[-121.11001,47.93417],[-121.10407,47.93274],[-121.11248,47.93133]]],[[[-121.12833,47.91779],[-121.12902,47.91771],[-121.12854,47.91808],[-121.12833,47.91779]]]]},"bbox":[-121.12902,47.91735,-121.10407,47.93699]},{"type":"Feature","id":28937,"properties":{"y":2022,"n":"Slate Creek","ag":"USFS","ac":1321.3,"c":14,"cl":"Unknown","ad":"2023-03-14","cd":"","st":"WA","se":1},"geometry":{"type":"Polygon","coordinates":[[[-117.23876,48.95344],[-117.22626,48.95004],[-117.22222,48.94392],[-117.21644,48.94808],[-117.2079,48.94781],[-117.2104,48.94321],[-117.20367,48.94013],[-117.20409,48.93519],[-117.21664,48.93078],[-117.24852,48.93373],[-117.24594,48.93811],[-117.24876,48.94057],[-117.24175,48.94154],[-117.24594,48.94447],[-117.23876,48.95344]]]},"bbox":[-117.24905,48.93078,-117.20367,48.95344]},{"type":"Feature","id":28938,"properties":{"y":2020,"n":"Marsh Unit 3","ag":"FWS","ac":175.9,"c":14,"cl":"Unknown","ad":"2020-06-10","cd":"","st":"WA","se":2},"geometry":{"type":"MultiPolygon","coordinates":[[[[-119.27112,46.89614],[-119.27112,46.89616],[-119.27111,46.89615],[-119.27112,46.89614]]],[[[-119.27112,46.89614],[-119.27111,46.89613],[-119.27112,46.89614],[-119.27112,46.89614]]],[[[-119.27111,46.89615],[-119.27112,46.89616],[-119.27116,46.89618],[-119.27114,46.89614],[-119.2712,46.89614],[-119.27083,46.89697],[-119.2692,46.89839],[-119.27015,46.89894],[-119.2691,46.89925],[-119.27087,46.89887],[-119.27011,46.89983],[-119.2703,46.89987],[-119.27069,46.89983],[-119.2716,46.90048],[-119.27226,46.90169],[-119.26244,46.90064],[-119.26634,46.89774],[-119.26374,46.89256],[-119.27353,46.8914],[-119.2717,46.89286],[-119.27173,46.89294],[-119.2718,46.89297],[-119.27186,46.89306],[-119.27193,46.89308],[-119.27192,46.89316],[-119.27114,46.89513],[-119.27156,46.89584],[-119.2711,46.89607],[-119.27109,46.8961],[-119.2711,46.89613],[-119.2711,46.89614],[-119.27111,46.89615]],[[-119.26938,46.89823],[-119.26937,46.89823],[-119.26935,46.89825],[-119.26938,46.89823]],[[-119.27021,46.89985],[-119.27018,46.89987],[-119.27021,46.89985],[-119.27021,46.89985]],[[-119.27056,46.89711],[-119.27052,46.89708],[-119.2705,46.89708],[-119.27056,46.89711]],[[-119.27063,46.8971],[-119.27061,46.8971],[-119.27059,46.89711],[-119.27063,46.8971]],[[-119.27169,46.90101],[-119.27169,46.90103],[-119.2717,46.90102],[-119.27169,46.90101]],[[-119.27174,46.89296],[-119.27176,46.89297],[-119.27176,46.89296],[-119.27174,46.89296]],[[-119.2719,46.89311],[-119.27188,46.89312],[-119.2719,46.89312],[-119.2719,46.89311]]],[[[-119.27031,46.89983],[-119.27033,46.89983],[-119.2703,46.89983],[-119.27031,46.89983]]],[[[-119.2703,46.89983],[-119.27022,46.89985],[-119.27027,46.89983],[-119.2703,46.89983]]],[[[-119.27031,46.89981],[-119.27033,46.8998],[-119.27032,46.89981],[-119.27031,46.89981]]],[[[-119.27113,46.89616],[-119.27113,46.89614],[-119.27114,46.89615],[-119.27113,46.89616]]],[[[-119.27176,46.89294],[-119.27176,46.89294],[-119.27176,46.89294],[-119.27176,46.89294]]],[[[-119.27176,46.89294],[-119.27173,46.89294],[-119.27175,46.89293],[-119.27176,46.89294]]]]},"bbox":[-119.2736,46.89008,-119.26193,46.90278]},{"type":"Feature","id":28939,"properties":{"y":2020,"n":"Horse","ag":"USFS","ac":0.0,"c":14,"cl":"Unknown","ad":"2023-03-14","cd":"","st":"WA","se":1},"geometry":{"type":"MultiPolygon","coordinates":[[[[-121.82731,46.72669],[-121.82714,46.72679],[-121.82728,46.72669],[-121.82731,46.72669]]],[[[-121.82731,46.7267],[-121.82732,46.72669],[-121.82732,46.7267],[-121.82731,46.7267]]]]},"bbox":[-121.82732,46.72669,-121.82714,46.72679]},{"type":"Feature","id":28940,"properties":{"y":2022,"n":"Elbow","ag":"USFS","ac":43.5,"c":14,"cl":"Unknown","ad":"2023-03-14","cd":"","st":"WA","se":1},"geometry":{"type":"Polygon","coordinates":[[[-120.92548,48.92407],[-120.91608,48.92299],[-120.92085,48.9202],[-120.92548,48.92407]]]},"bbox":[-120.92548,48.9202,-120.91608,48.92502]},{"type":"Feature","id":28941,"properties":{"y":2020,"n":"Chikamin","ag":"USFS","ac":2150.4,"c":14,"cl":"Unknown","ad":"2023-03-14","cd":"","st":"WA","se":1},"geometry":{"type":"MultiPolygon","coordinates":[[[[-120.6738,48.00817],[-120.68039,48.00061],[-120.6793,47.99957],[-120.68101,47.99927],[-120.68123,47.99629],[-120.68763,47.994],[-120.6905,47.99593],[-120.68863,47.99189],[-120.69244,47.99207],[-120.69694,47.98863],[-120.69796,47.98953],[-120.70044,47.98821],[-120.69973,47.9867],[-120.70077,47.98734],[-120.7053,47.98748],[-120.70913,47.98432],[-120.71335,47.98507],[-120.71342,47.99258],[-120.71947,47.99776],[-120.72444,47.99862],[-120.72977,47.99341],[-120.73261,48.00164],[-120.72747,48.00714],[-120.71159,48.01113],[-120.70352,48.00878],[-120.6997,48.01442],[-120.6873,48.00979],[-120.67323,48.01815],[-120.66764,48.01483],[-120.67153,48.01042],[-120.66737,48.0091],[-120.6738,48.00817]]],[[[-120.67673,48.00257],[-120.67683,48.00258],[-120.67681,48.00266],[-120.67673,48.00257]]],[[[-120.67769,48.00173],[-120.6778,48.00171],[-120.6778,48.00177],[-120.67769,48.00173]]],[[[-120.67894,47.99981],[-120.67914,47.9998],[-120.67904,47.99985],[-120.67894,47.99981]]],[[[-120.67916,47.99878],[-120.67932,47.99852],[-120.67931,47.99877],[-120.67916,47.99878]]],[[[-120.67928,48.00004],[-120.67933,48.00004],[-120.67932,48.00009],[-120.67928,48.00004]]],[[[-120.68087,47.99809],[-120.67932,47.9984],[-120.6793,47.99806],[-120.68087,47.99809]]],[[[-120.68013,47.99761],[-120.67985,47.99677],[-120.68042,47.997],[-120.68013,47.99761]]],[[[-120.69192,47.99121],[-120.69192,47.99103],[-120.69201,47.99115],[-120.69192,47.99121]]],[[[-120.69935,47.98727],[-120.69953,47.98729],[-120.69939,47.98736],[-120.69935,47.98727]]],[[[-120.70074,47.98708],[-120.70079,47.98706],[-120.70078,47.98709],[-120.70074,47.98708]]],[[[-120.70432,47.98676],[-120.70436,47.98671],[-120.7044,47.98679],[-120.70432,47.98676]]],[[[-120.70504,47.98668],[-120.70521,47.98669],[-120.70511,47.98681],[-120.70504,47.98668]]],[[[-120.70525,47.98693],[-120.70541,47.98691],[-120.7053,47.98699],[-120.70525,47.98693]]]]},"bbox":[-120.73261,47.98432,-120.66698,48.01815]},{"type":"Feature","id":28942,"properties":{"y":2021,"n":"Mack Mountain","ag":"USFS","ac":1432.8,"c":14,"cl":"Unknown","ad":"2023-03-14","cd":"","st":"WA","se":1},"geometry":{"type":"Polygon","coordinates":[[[-118.35788,48.67364],[-118.35963,48.67892],[-118.36819,48.68135],[-118.37121,48.69098],[-118.35405,48.69466],[-118.3423,48.68942],[-118.34277,48.687],[-118.33244,48.68545],[-118.33491,48.67431],[-118.34037,48.67339],[-118.32326,48.65913],[-118.32877,48.65797],[-118.34159,48.66919],[-118.35788,48.67364]]]},"bbox":[-118.37126,48.65772,-118.32326,48.69509]},{"type":"Feature","id":28943,"properties":{"y":2021,"n":"Cedar Creek","ag":"USFS","ac":55181.2,"c":14,"cl":"Unknown","ad":"2023-03-14","cd":"","st":"WA","se":1},"geometry":{"type":"MultiPolygon","coordinates":[[[[-120.49976,48.49666],[-120.48603,48.49411],[-120.48745,48.49791],[-120.48558,48.49902],[-120.4776,48.49397],[-120.47371,48.49678],[-120.47694,48.49784],[-120.4746,48.5004],[-120.47192,48.49748],[-120.47527,48.49366],[-120.46538,48.49429],[-120.46265,48.48832],[-120.46057,48.49444],[-120.45785,48.4909],[-120.43768,48.50114],[-120.41332,48.49866],[-120.41865,48.50181],[-120.41872,48.49991],[-120.43422,48.50227],[-120.43367,48.50457],[-120.42694,48.50194],[-120.42152,48.50403],[-120.43632,48.50759],[-120.4401,48.51109],[-120.43773,48.51213],[-120.44192,48.51373],[-120.44553,48.51261],[-120.4428,48.51508],[-120.44619,48.5169],[-120.44435,48.51992],[-120.44893,48.51771],[-120.44996,48.52194],[-120.45472,48.52172],[-120.45451,48.51782],[-120.45812,48.518],[-120.46028,48.51382],[-120.46381,48.51769],[-120.46127,48.52227],[-120.46761,48.51808],[-120.46531,48.51685],[-120.48563,48.51545],[-120.48828,48.52136],[-120.48123,48.52044],[-120.48418,48.52321],[-120.46828,48.52778],[-120.4854,48.52854],[-120.48552,48.5317],[-120.47498,48.53442],[-120.47924,48.53536],[-120.48228,48.54151],[-120.49093,48.53637],[-120.48653,48.54115],[-120.49688,48.5443],[-120.49543,48.53806],[-120.49925,48.53605],[-120.51937,48.54007],[-120.52829,48.53564],[-120.52837,48.5393],[-120.53205,48.54001],[-120.52466,48.54499],[-120.54319,48.54395],[-120.53801,48.54917],[-120.54485,48.55313],[-120.52932,48.5611],[-120.54013,48.56641],[-120.53357,48.56122],[-120.54143,48.56127],[-120.54374,48.56648],[-120.54049,48.56689],[-120.54494,48.57516],[-120.56414,48.56482],[-120.57031,48.56804],[-120.56894,48.57176],[-120.57803,48.57306],[-120.57599,48.57118],[-120.5788,48.56861],[-120.58537,48.57205],[-120.59536,48.56807],[-120.59472,48.5715],[-120.6,48.57444],[-120.59417,48.58415],[-120.59616,48.58537],[-120.59115,48.58818],[-120.59315,48.59648],[-120.5571,48.60107],[-120.52789,48.5983],[-120.51119,48.59083],[-120.48323,48.58649],[-120.46497,48.58816],[-120.44462,48.59535],[-120.41615,48.588],[-120.4156,48.58353],[-120.39526,48.57375],[-120.38279,48.56263],[-120.35603,48.55193],[-120.35429,48.54984],[-120.35676,48.54741],[-120.34823,48.53674],[-120.33552,48.52829],[-120.30814,48.52302],[-120.28919,48.51004],[-120.27709,48.49706],[-120.27473,48.48774],[-120.27667,48.48345],[-120.25794,48.46907],[-120.27025,48.46913],[-120.26201,48.46578],[-120.26642,48.46405],[-120.26109,48.45762],[-120.26852,48.45475],[-120.27145,48.44807],[-120.27026,48.44265],[-120.26897,48.44469],[-120.26052,48.43981],[-120.26456,48.43063],[-120.26111,48.42764],[-120.26433,48.42053],[-120.26945,48.41691],[-120.274,48.41769],[-120.27614,48.41428],[-120.27842,48.41822],[-120.28416,48.4162],[-120.29359,48.41817],[-120.29987,48.42267],[-120.29637,48.42916],[-120.30851,48.43778],[-120.31501,48.45029],[-120.32043,48.4533],[-120.33026,48.45012],[-120.33108,48.44163],[-120.32672,48.44042],[-120.32951,48.42901],[-120.34151,48.41737],[-120.35447,48.42638],[-120.3629,48.44285],[-120.38742,48.45879],[-120.39333,48.45777],[-120.39518,48.4639],[-120.40593,48.46077],[-120.41568,48.46458],[-120.42153,48.46315],[-120.4194,48.45999],[-120.42463,48.46131],[-120.4355,48.45755],[-120.44375,48.46281],[-120.44482,48.46756],[-120.44955,48.46008],[-120.44228,48.4564],[-120.44587,48.45253],[-120.46126,48.45122],[-120.44521,48.44044],[-120.45574,48.44095],[-120.45491,48.44393],[-120.46025,48.44637],[-120.46654,48.44722],[-120.46982,48.44454],[-120.46898,48.45122],[-120.48104,48.44937],[-120.48451,48.45514],[-120.46627,48.46294],[-120.4578,48.4591],[-120.45605,48.45991],[-120.45563,48.46189],[-120.46015,48.46067],[-120.45907,48.46561],[-120.45428,48.46466],[-120.45244,48.46648],[-120.46163,48.46739],[-120.4597,48.46936],[-120.46923,48.47802],[-120.464,48.48134],[-120.46665,48.48519],[-120.48561,48.48503],[-120.48796,48.48813],[-120.4989,48.48991],[-120.5017,48.49495],[-120.49976,48.49666]],[[-120.46851,48.45076],[-120.46733,48.45072],[-120.4681,48.45136],[-120.46851,48.45076]],[[-120.49195,48.49438],[-120.49156,48.4947],[-120.49215,48.49465],[-120.49195,48.49438]]],[[[-120.46854,48.4846],[-120.46733,48.48431],[-120.46736,48.48424],[-120.46854,48.4846]]],[[[-120.59633,48.5714],[-120.5964,48.57117],[-120.59655,48.57143],[-120.59633,48.5714]]]]},"bbox":[-120.6,48.41428,-120.25789,48.60107]},{"type":"Feature","id":28944,"properties":{"y":2020,"n":"Green Mountain","ag":"USFS","ac":12.2,"c":14,"cl":"Unknown","ad":"2023-03-14","cd":"","st":"WA","se":1},"geometry":{"type":"MultiPolygon","coordinates":[[[[-122.23075,46.07128],[-122.23074,46.07128],[-122.23074,46.07128],[-122.23075,46.07128]]],[[[-122.23074,46.07128],[-122.23219,46.07337],[-122.22907,46.07333],[-122.22904,46.0714],[-122.23006,46.07089],[-122.23074,46.07128]]]]},"bbox":[-122.23219,46.07089,-122.22876,46.07374]},{"type":"Feature","id":28945,"properties":{"y":2021,"n":"Spur","ag":"USFS","ac":12662.1,"c":14,"cl":"Unknown","ad":"2023-03-14","cd":"","st":"WA","se":1},"geometry":{"type":"MultiPolygon","coordinates":[[[[-119.08441,48.83124],[-119.07002,48.84769],[-119.0607,48.84453],[-119.05795,48.83393],[-119.04694,48.83597],[-119.03747,48.82923],[-119.02993,48.81585],[-119.03774,48.80842],[-119.0434,48.81051],[-119.03762,48.81427],[-119.04784,48.81173],[-119.04837,48.80711],[-119.06195,48.79701],[-119.05879,48.77807],[-119.06481,48.77276],[-119.06088,48.77188],[-119.05435,48.77761],[-119.05172,48.76718],[-119.05632,48.76156],[-119.05514,48.74282],[-119.05981,48.74143],[-119.0611,48.73398],[-119.05765,48.732],[-119.05971,48.72739],[-119.07056,48.72399],[-119.07317,48.72708],[-119.06891,48.7394],[-119.07175,48.74727],[-119.0812,48.74811],[-119.08164,48.75378],[-119.0862,48.75512],[-119.09816,48.75637],[-119.10151,48.75403],[-119.09972,48.75187],[-119.10526,48.75266],[-119.10173,48.75716],[-119.1054,48.75863],[-119.10611,48.75546],[-119.10849,48.7633],[-119.11103,48.76373],[-119.11233,48.75619],[-119.10905,48.75093],[-119.11921,48.74455],[-119.1286,48.74783],[-119.13647,48.74563],[-119.1372,48.74262],[-119.14201,48.74362],[-119.14572,48.74881],[-119.14092,48.74509],[-119.13585,48.7481],[-119.13603,48.75148],[-119.13792,48.74933],[-119.14635,48.7532],[-119.15395,48.75113],[-119.15784,48.76103],[-119.17029,48.76391],[-119.15964,48.77166],[-119.13276,48.77616],[-119.12229,48.78542],[-119.10088,48.78561],[-119.09038,48.79385],[-119.09088,48.79849],[-119.10137,48.80985],[-119.09904,48.8224],[-119.09444,48.82332],[-119.0901,48.81999],[-119.08997,48.82222],[-119.08426,48.81841],[-119.08205,48.8192],[-119.084,48.81949],[-119.08546,48.82178],[-119.08255,48.81976],[-119.07727,48.8244],[-119.08257,48.82609],[-119.08441,48.83124]]],[[[-119.04308,48.75115],[-119.04136,48.73358],[-119.03546,48.72683],[-119.04498,48.72199],[-119.04551,48.72629],[-119.04919,48.72495],[-119.04999,48.72736],[-119.04649,48.73446],[-119.04761,48.7431],[-119.04308,48.75115]]],[[[-119.11926,48.74386],[-119.12002,48.74167],[-119.12553,48.74246],[-119.11926,48.74386]]]]},"bbox":[-119.17043,48.72199,-119.02993,48.84769]},{"type":"Feature","id":28946,"properties":{"y":2020,"n":"Dry Creek","ag":"USFS","ac":0.9,"c":14,"cl":"Unknown","ad":"2023-03-14","cd":"","st":"WA","se":1},"geometry":{"type":"Polygon","coordinates":[[[-121.97163,45.89663],[-121.97215,45.89725],[-121.97156,45.89721],[-121.97163,45.89663]]]},"bbox":[-121.97252,45.89658,-121.97156,45.89727]},{"type":"Feature","id":28947,"properties":{"y":2022,"n":"Kid","ag":"USFS","ac":5099.5,"c":14,"cl":"Unknown","ad":"2023-03-14","cd":"","st":"WA","se":1},"geometry":{"type":"MultiPolygon","coordinates":[[[[-120.62432,48.92645],[-120.62235,48.92491],[-120.62492,48.92424],[-120.62432,48.92645]]],[[[-120.63464,48.94073],[-120.63067,48.93912],[-120.62622,48.92734],[-120.62782,48.91668],[-120.63515,48.89981],[-120.64333,48.89645],[-120.65236,48.87993],[-120.67184,48.87401],[-120.67952,48.87874],[-120.69513,48.87948],[-120.69754,48.87642],[-120.69626,48.87989],[-120.69866,48.87835],[-120.70347,48.89211],[-120.69638,48.90006],[-120.69275,48.91336],[-120.68258,48.91245],[-120.67679,48.9182],[-120.67693,48.91452],[-120.67363,48.91356],[-120.66744,48.91803],[-120.66508,48.9136],[-120.66076,48.91366],[-120.64236,48.92432],[-120.65012,48.92679],[-120.64157,48.92633],[-120.64112,48.93286],[-120.63464,48.94073]]]]},"bbox":[-120.70349,48.87401,-120.62219,48.94098]},{"type":"Feature","id":28948,"properties":{"y":2021,"n":"North Fork","ag":"USFS","ac":0.1,"c":14,"cl":"Unknown","ad":"2023-03-14","cd":"","st":"WA","se":1},"geometry":{"type":"Polygon","coordinates":[[[-117.38505,48.57923],[-117.3849,48.57894],[-117.38519,48.57894],[-117.38505,48.57923]]]},"bbox":[-117.38519,48.57891,-117.38489,48.57923]},{"type":"Feature","id":28949,"properties":{"y":2022,"n":"Skagit","ag":"USFS","ac":706.6,"c":14,"cl":"Unknown","ad":"2023-03-14","cd":"","st":"WA","se":1},"geometry":{"type":"Polygon","coordinates":[[[-120.92883,48.94987],[-120.90897,48.94396],[-120.90536,48.9407],[-120.90744,48.93796],[-120.90438,48.93276],[-120.92067,48.93254],[-120.93196,48.93983],[-120.93455,48.94551],[-120.92883,48.94987]]]},"bbox":[-120.9347,48.9316,-120.90433,48.95082]},{"type":"Feature","id":28950,"properties":{"y":2022,"n":"Shull Creek","ag":"USFS","ac":532.8,"c":14,"cl":"Unknown","ad":"2023-03-14","cd":"","st":"WA","se":1},"geometry":{"type":"Polygon","coordinates":[[[-120.79511,48.83089],[-120.80575,48.83106],[-120.81712,48.84001],[-120.81278,48.84835],[-120.80293,48.84815],[-120.8036,48.84499],[-120.7927,48.83343],[-120.79511,48.83089]]]},"bbox":[-120.8173,48.83029,-120.79267,48.85002]},{"type":"Feature","id":28951,"properties":{"y":2022,"n":"Thompson Lake","ag":"USFS","ac":0.6,"c":14,"cl":"Unknown","ad":"2023-03-14","cd":"","st":"WA","se":1},"geometry":{"type":"Polygon","coordinates":[[[-121.58741,47.45613],[-121.58777,47.45549],[-121.58796,47.45568],[-121.58741,47.45613]]]},"bbox":[-121.58796,47.45549,-121.58717,47.45613]},{"type":"Feature","id":28952,"properties":{"y":2022,"n":"Murphy Lake","ag":"USFS","ac":444.2,"c":14,"cl":"Unknown","ad":"2023-03-14","cd":"","st":"WA","se":1},"geometry":{"type":"MultiPolygon","coordinates":[[[[-121.1262,47.67608],[-121.12646,47.6757],[-121.12664,47.67598],[-121.1262,47.67608]]],[[[-121.1268,47.67577],[-121.12702,47.67562],[-121.12697,47.6758],[-121.1268,47.67577]]],[[[-121.12738,47.67541],[-121.12754,47.67521],[-121.1276,47.67534],[-121.12738,47.67541]]],[[[-121.1494,47.69756],[-121.14361,47.69548],[-121.14264,47.69017],[-121.13479,47.68462],[-121.13442,47.67989],[-121.12755,47.67576],[-121.13352,47.67629],[-121.13791,47.67485],[-121.14502,47.67902],[-121.14878,47.68595],[-121.14297,47.68804],[-121.14578,47.68963],[-121.15054,47.6898],[-121.15265,47.69428],[-121.1494,47.69756]],[[-121.1443,47.69],[-121.14506,47.69087],[-121.14571,47.68981],[-121.1443,47.69]]],[[[-121.13136,47.67966],[-121.13138,47.67949],[-121.13147,47.67961],[-121.13136,47.67966]]],[[[-121.13268,47.67589],[-121.13278,47.67579],[-121.13275,47.67592],[-121.13268,47.67589]]],[[[-121.13743,47.68954],[-121.13757,47.68916],[-121.13787,47.68931],[-121.13743,47.68954]]],[[[-121.14097,47.67563],[-121.14092,47.67542],[-121.14113,47.67544],[-121.14097,47.67563]]],[[[-121.14253,47.69446],[-121.14307,47.69451],[-121.14274,47.69489],[-121.14253,47.69446]]],[[[-121.14634,47.69651],[-121.14428,47.69633],[-121.14409,47.696],[-121.14634,47.69651]]],[[[-121.14678,47.6894],[-121.14697,47.68921],[-121.14702,47.68931],[-121.14678,47.6894]]]]},"bbox":[-121.15265,47.67469,-121.126,47.69759]},{"type":"Feature","id":28953,"properties":{"y":2022,"n":"Salmo","ag":"USFS","ac":356.8,"c":14,"cl":"Unknown","ad":"2023-03-14","cd":"","st":"WA","se":1},"geometry":{"type":"Polygon","coordinates":[[[-117.03198,48.96684],[-117.02987,48.96233],[-117.03393,48.9502],[-117.04263,48.94792],[-117.04459,48.95238],[-117.04161,48.95479],[-117.0418,48.96087],[-117.03198,48.96684]]]},"bbox":[-117.04459,48.94761,-117.02987,48.96756]},{"type":"Feature","id":28954,"properties":{"y":2022,"n":"Taylor Ridge","ag":"USFS","ac":159.8,"c":14,"cl":"Unknown","ad":"2023-03-14","cd":"","st":"WA","se":1},"geometry":{"type":"Polygon","coordinates":[[[-118.32735,48.77787],[-118.33052,48.77879],[-118.32915,48.78674],[-118.32465,48.78484],[-118.3167,48.78729],[-118.32735,48.77787]]]},"bbox":[-118.3307,48.77764,-118.3161,48.78819]},{"type":"Feature","id":28955,"properties":{"y":2022,"n":"Thor","ag":"USFS","ac":2017.2,"c":14,"cl":"Unknown","ad":"2023-03-14","cd":"","st":"WA","se":1},"geometry":{"type":"MultiPolygon","coordinates":[[[[-117.11347,48.80502],[-117.11359,48.80497],[-117.11365,48.80509],[-117.11347,48.80502]]],[[[-117.11529,48.80541],[-117.11582,48.80526],[-117.11581,48.80551],[-117.11529,48.80541]]],[[[-117.12206,48.80575],[-117.11765,48.80635],[-117.11619,48.80588],[-117.12206,48.80575]]],[[[-117.17735,48.83776],[-117.16326,48.83538],[-117.1644,48.83382],[-117.16312,48.83362],[-117.16219,48.83472],[-117.16117,48.83436],[-117.16115,48.832],[-117.15328,48.83179],[-117.1525,48.82758],[-117.15801,48.82804],[-117.15906,48.82555],[-117.16328,48.82603],[-117.16626,48.82448],[-117.15741,48.81583],[-117.14913,48.81424],[-117.14806,48.81701],[-117.14293,48.81381],[-117.1417,48.82104],[-117.13505,48.81189],[-117.12367,48.80882],[-117.1297,48.81011],[-117.13611,48.80633],[-117.13816,48.81162],[-117.14232,48.81158],[-117.15094,48.80527],[-117.17419,48.8096],[-117.16531,48.81103],[-117.16328,48.815],[-117.17543,48.81806],[-117.1844,48.81486],[-117.18526,48.81812],[-117.19263,48.82002],[-117.19749,48.82842],[-117.20891,48.83141],[-117.20662,48.83464],[-117.202,48.83281],[-117.20329,48.83595],[-117.19773,48.83443],[-117.19906,48.83194],[-117.18953,48.83682],[-117.18461,48.83285],[-117.18288,48.83522],[-117.17629,48.83297],[-117.17735,48.83776]]],[[[-117.14199,48.80814],[-117.14223,48.80775],[-117.14237,48.80785],[-117.14199,48.80814]]],[[[-117.14418,48.80874],[-117.14501,48.80734],[-117.14507,48.80745],[-117.14418,48.80874]]],[[[-117.14744,48.80694],[-117.14772,48.8068],[-117.14779,48.80693],[-117.14744,48.80694]]],[[[-117.14793,48.80694],[-117.14819,48.80664],[-117.14828,48.80681],[-117.14793,48.80694]]],[[[-117.15045,48.8161],[-117.15079,48.81577],[-117.15085,48.81604],[-117.15045,48.8161]]],[[[-117.15886,48.81871],[-117.15908,48.81844],[-117.15913,48.81864],[-117.15886,48.81871]]],[[[-117.16145,48.82394],[-117.16146,48.82382],[-117.16213,48.82394],[-117.16145,48.82394]]],[[[-117.16333,48.83416],[-117.16377,48.83387],[-117.16407,48.83421],[-117.16333,48.83416]]],[[[-117.16426,48.82486],[-117.16454,48.82479],[-117.16464,48.82524],[-117.16426,48.82486]]],[[[-117.19599,48.83706],[-117.1963,48.83675],[-117.19649,48.83705],[-117.19599,48.83706]]]]},"bbox":[-117.20891,48.80448,-117.11347,48.83776]},{"type":"Feature","id":28956,"properties":{"y":2022,"n":"Irving Peak","ag":"USFS","ac":3305.0,"c":14,"cl":"Unknown","ad":"2023-03-14","cd":"","st":"WA","se":1},"geometry":{"type":"MultiPolygon","coordinates":[[[[-121.07048,47.91429],[-121.07007,47.91066],[-121.06131,47.91455],[-121.04002,47.90205],[-121.02451,47.90078],[-121.02288,47.89791],[-121.01777,47.90037],[-121.003,47.89222],[-120.99105,47.89182],[-120.9909,47.89053],[-120.98872,47.88929],[-120.97527,47.89126],[-120.97833,47.89284],[-120.97206,47.89122],[-120.97208,47.89388],[-120.96755,47.89458],[-120.96259,47.89231],[-120.96733,47.88993],[-120.96571,47.88665],[-120.96265,47.88583],[-120.95426,47.88839],[-120.94945,47.88628],[-120.95049,47.88272],[-120.94768,47.88135],[-120.95451,47.87808],[-120.95047,47.87678],[-120.9504,47.876],[-120.97231,47.87574],[-120.97482,47.87977],[-120.98163,47.87789],[-120.9843,47.88028],[-120.99255,47.87495],[-120.99069,47.87757],[-120.99509,47.87589],[-121.00138,47.87998],[-121.02178,47.88267],[-121.03812,47.88801],[-121.03883,47.89131],[-121.0443,47.89207],[-121.04556,47.89447],[-121.04131,47.89511],[-121.04413,47.89668],[-121.04704,47.89448],[-121.05924,47.90082],[-121.06065,47.89822],[-121.06487,47.90369],[-121.07139,47.90455],[-121.06871,47.90743],[-121.07371,47.90898],[-121.07156,47.91345],[-121.07459,47.91162],[-121.07629,47.91228],[-121.07048,47.91429]]],[[[-120.94842,47.88055],[-120.94866,47.88043],[-120.94872,47.88052],[-120.94842,47.88055]]],[[[-120.95129,47.87562],[-120.95121,47.87546],[-120.95145,47.8756],[-120.95129,47.87562]]],[[[-120.96382,47.88648],[-120.96409,47.88635],[-120.96405,47.88651],[-120.96382,47.88648]]],[[[-120.96405,47.8944],[-120.96454,47.89408],[-120.96449,47.8945],[-120.96405,47.8944]]],[[[-120.97996,47.89143],[-120.97966,47.89123],[-120.97995,47.89123],[-120.97996,47.89143]]],[[[-121.02194,47.90054],[-121.02035,47.90016],[-121.02272,47.90071],[-121.02194,47.90054]]],[[[-121.02201,47.89966],[-121.02201,47.89959],[-121.0224,47.89978],[-121.02201,47.89966]]],[[[-121.0231,47.90033],[-121.02338,47.9002],[-121.02335,47.90033],[-121.0231,47.90033]]],[[[-121.04998,47.89529],[-121.05018,47.89476],[-121.05059,47.89535],[-121.04998,47.89529]]],[[[-121.05215,47.89645],[-121.05171,47.89607],[-121.0521,47.89603],[-121.05215,47.89645]]],[[[-121.05868,47.89871],[-121.05815,47.89842],[-121.0588,47.89857],[-121.05868,47.89871]]],[[[-121.07957,47.91344],[-121.07753,47.91262],[-121.08096,47.91293],[-121.07957,47.91344]]]]},"bbox":[-121.08096,47.87495,-120.94768,47.91525]},{"type":"Feature","id":28957,"properties":{"y":2022,"n":"Morse Creek","ag":"USFS","ac":8.3,"c":14,"cl":"Unknown","ad":"2023-03-14","cd":"","st":"WA","se":1},"geometry":{"type":"MultiPolygon","coordinates":[[[[-121.45113,46.91364],[-121.44888,46.91457],[-121.44835,46.91299],[-121.45113,46.91364]]],[[[-121.4526,46.91582],[-121.45333,46.91578],[-121.45272,46.91603],[-121.4526,46.91582]]],[[[-121.45319,46.9155],[-121.45319,46.9155],[-121.45318,46.9155],[-121.45319,46.9155]]]]},"bbox":[-121.45333,46.91298,-121.44835,46.91609]},{"type":"Feature","id":28958,"properties":{"y":2022,"n":"Grasshopper Meadow","ag":"USFS","ac":0.4,"c":14,"cl":"Unknown","ad":"2023-03-14","cd":"","st":"WA","se":1},"geometry":{"type":"Polygon","coordinates":[[[-120.90761,47.93031],[-120.90806,47.93081],[-120.90738,47.93078],[-120.90761,47.93031]]]},"bbox":[-120.90808,47.93027,-120.90737,47.93085]},{"type":"Feature","id":28959,"properties":{"y":2020,"n":"Soup Creek","ag":"USFS","ac":11.4,"c":14,"cl":"Unknown","ad":"2023-03-14","cd":"","st":"WA","se":1},"geometry":{"type":"Polygon","coordinates":[[[-121.09529,46.68416],[-121.09666,46.68266],[-121.09999,46.68434],[-121.09922,46.6853],[-121.09529,46.68416]]]},"bbox":[-121.09999,46.68266,-121.09529,46.6853]},{"type":"Feature","id":28960,"properties":{"y":2022,"n":"Bandera","ag":"USFS","ac":0.0,"c":14,"cl":"Unknown","ad":"2023-03-14","cd":"","st":"WA","se":1},"geometry":{"type":"Polygon","coordinates":[[[-121.5261,47.3944],[-121.52632,47.39439],[-121.52614,47.39445],[-121.5261,47.3944]]]},"bbox":[-121.52632,47.39439,-121.5261,47.39445]},{"type":"Feature","id":28961,"properties":{"y":2022,"n":"Minnow Ridge","ag":"USFS","ac":5130.0,"c":14,"cl":"Unknown","ad":"2023-03-14","cd":"","st":"WA","se":1},"geometry":{"type":"MultiPolygon","coordinates":[[[[-120.69695,47.97641],[-120.68716,47.98042],[-120.68822,47.97465],[-120.68669,47.97244],[-120.68614,47.97482],[-120.68331,47.97334],[-120.68932,47.96943],[-120.67684,47.97055],[-120.67976,47.96862],[-120.67746,47.96636],[-120.68152,47.9676],[-120.67877,47.96516],[-120.68464,47.96672],[-120.68834,47.96391],[-120.67928,47.96391],[-120.68104,47.96167],[-120.67815,47.96147],[-120.68216,47.95772],[-120.6668,47.95644],[-120.66767,47.95221],[-120.65863,47.95083],[-120.66024,47.94698],[-120.65663,47.94486],[-120.66098,47.94476],[-120.66444,47.93966],[-120.66832,47.94094],[-120.66608,47.93644],[-120.66815,47.9355],[-120.65666,47.93074],[-120.6604,47.92867],[-120.65646,47.92581],[-120.6592,47.92277],[-120.66454,47.92596],[-120.66793,47.92447],[-120.65914,47.9212],[-120.6558,47.9236],[-120.65111,47.92228],[-120.65657,47.92068],[-120.65538,47.91866],[-120.66487,47.92047],[-120.66382,47.91873],[-120.66973,47.91701],[-120.68306,47.92037],[-120.68483,47.92428],[-120.69047,47.92605],[-120.69701,47.92532],[-120.68986,47.9327],[-120.70263,47.92782],[-120.70876,47.91966],[-120.71211,47.9211],[-120.70944,47.92932],[-120.71494,47.93849],[-120.7101,47.94037],[-120.71772,47.93925],[-120.72289,47.94604],[-120.72145,47.96124],[-120.71849,47.96497],[-120.71834,47.9669],[-120.71997,47.96766],[-120.71509,47.97069],[-120.70177,47.9698],[-120.70459,47.97361],[-120.69884,47.97162],[-120.69369,47.97376],[-120.69695,47.97641]]],[[[-120.65513,47.94608],[-120.65397,47.9465],[-120.65435,47.94571],[-120.65513,47.94608]]],[[[-120.65528,47.93109],[-120.65536,47.93079],[-120.65549,47.93098],[-120.65528,47.93109]]],[[[-120.65772,47.94774],[-120.65835,47.94735],[-120.65811,47.94892],[-120.65772,47.94774]]],[[[-120.66232,47.91853],[-120.6625,47.91815],[-120.6627,47.91836],[-120.66232,47.91853]]],[[[-120.66334,47.9181],[-120.6635,47.91792],[-120.6635,47.91804],[-120.66334,47.9181]]],[[[-120.66412,47.95209],[-120.66426,47.95184],[-120.66429,47.95203],[-120.66412,47.95209]]],[[[-120.66485,47.91801],[-120.66509,47.91775],[-120.66526,47.91792],[-120.66485,47.91801]]],[[[-120.6743,47.96876],[-120.67449,47.96846],[-120.67466,47.96865],[-120.6743,47.96876]]],[[[-120.67655,47.96989],[-120.67674,47.96936],[-120.67706,47.96942],[-120.67655,47.96989]]],[[[-120.6784,47.96871],[-120.67776,47.96914],[-120.67774,47.96886],[-120.6784,47.96871]]],[[[-120.68095,47.9582],[-120.68096,47.95806],[-120.68119,47.95816],[-120.68095,47.9582]]],[[[-120.68377,47.97946],[-120.68396,47.97926],[-120.68404,47.97946],[-120.68377,47.97946]]],[[[-120.68401,47.97878],[-120.68437,47.97848],[-120.68442,47.97876],[-120.68401,47.97878]]],[[[-120.68514,47.96461],[-120.68434,47.96506],[-120.6842,47.9647],[-120.68514,47.96461]]],[[[-120.68686,47.97754],[-120.68623,47.97846],[-120.68617,47.9776],[-120.68686,47.97754]]],[[[-120.68633,47.97974],[-120.68675,47.97924],[-120.68678,47.97963],[-120.68633,47.97974]]],[[[-120.71902,47.96668],[-120.71931,47.96647],[-120.71952,47.96681],[-120.71902,47.96668]]]]},"bbox":[-120.72289,47.91701,-120.65107,47.98139]},{"type":"Feature","id":28962,"properties":{"y":2021,"n":"Muckamuck","ag":"USFS","ac":13297.4,"c":14,"cl":"Unknown","ad":"2023-03-14","cd":"","st":"WA","se":1},"geometry":{"type":"MultiPolygon","coordinates":[[[[-119.76118,48.61606],[-119.74764,48.60936],[-119.74061,48.60979],[-119.74016,48.60738],[-119.73357,48.60885],[-119.73068,48.59795],[-119.73571,48.59659],[-119.73675,48.59016],[-119.72375,48.58613],[-119.72448,48.58239],[-119.7208,48.5786],[-119.70824,48.58185],[-119.70258,48.5796],[-119.70398,48.57441],[-119.70042,48.57458],[-119.70452,48.57208],[-119.70246,48.56989],[-119.71735,48.56471],[-119.73603,48.56578],[-119.74924,48.56131],[-119.74905,48.56982],[-119.7517,48.57009],[-119.75318,48.56065],[-119.76017,48.55364],[-119.77321,48.55811],[-119.79395,48.55555],[-119.80122,48.56109],[-119.80846,48.55909],[-119.81699,48.56165],[-119.83321,48.58062],[-119.83208,48.58655],[-119.8515,48.59093],[-119.84995,48.59957],[-119.85907,48.60352],[-119.85304,48.60977],[-119.85316,48.61763],[-119.84401,48.61639],[-119.84644,48.62145],[-119.82926,48.62051],[-119.82804,48.62311],[-119.83226,48.62634],[-119.82028,48.63205],[-119.79521,48.61894],[-119.7906,48.61281],[-119.78058,48.61489],[-119.78027,48.6089],[-119.76118,48.61606]],[[-119.73868,48.58994],[-119.74098,48.58575],[-119.73931,48.58423],[-119.73868,48.58994]],[[-119.74234,48.58286],[-119.74669,48.58613],[-119.7543,48.5836],[-119.74987,48.58339],[-119.74548,48.57746],[-119.74703,48.57987],[-119.74234,48.58286]],[[-119.74992,48.59552],[-119.76245,48.59489],[-119.76013,48.58715],[-119.74992,48.59552]],[[-119.75969,48.60241],[-119.76675,48.60016],[-119.76738,48.59692],[-119.76441,48.59648],[-119.75969,48.60241]],[[-119.76487,48.58092],[-119.77232,48.58022],[-119.76976,48.58244],[-119.77413,48.58019],[-119.76584,48.57833],[-119.76487,48.58092]],[[-119.80178,48.60051],[-119.79797,48.60021],[-119.79693,48.60073],[-119.80039,48.60231],[-119.80178,48.60051]]],[[[-119.72314,48.60222],[-119.72316,48.60299],[-119.72186,48.60232],[-119.72314,48.60222]]],[[[-119.82475,48.63297],[-119.82619,48.63276],[-119.82489,48.63323],[-119.82475,48.63297]]]]},"bbox":[-119.85907,48.55364,-119.70042,48.63345]},{"type":"Feature","id":28963,"properties":{"y":2022,"n":"Loch Katrine","ag":"USFS","ac":1918.0,"c":14,"cl":"Unknown","ad":"2023-03-14","cd":"","st":"WA","se":1},"geometry":{"type":"MultiPolygon","coordinates":[[[[-121.6353,47.64799],[-121.62539,47.6501],[-121.62308,47.64591],[-121.61857,47.64922],[-121.609,47.64918],[-121.59758,47.64492],[-121.59093,47.63814],[-121.60189,47.63418],[-121.60422,47.63886],[-121.61191,47.64096],[-121.61125,47.64342],[-121.61756,47.64208],[-121.6138,47.63648],[-121.61167,47.63747],[-121.60857,47.63698],[-121.61433,47.6337],[-121.61467,47.62837],[-121.62214,47.6277],[-121.62802,47.63243],[-121.62017,47.63765],[-121.62731,47.63856],[-121.63148,47.64759],[-121.6353,47.64799]]],[[[-121.65518,47.64568],[-121.6356,47.64389],[-121.63173,47.6356],[-121.64165,47.63364],[-121.63878,47.63567],[-121.64362,47.64036],[-121.65019,47.63437],[-121.6638,47.63318],[-121.66486,47.62853],[-121.67946,47.63076],[-121.677,47.63281],[-121.68086,47.63422],[-121.67932,47.63832],[-121.67481,47.63808],[-121.67287,47.63359],[-121.67355,47.63935],[-121.65518,47.64568]]],[[[-121.63753,47.64793],[-121.63739,47.64763],[-121.63762,47.64776],[-121.63753,47.64793]]],[[[-121.6375,47.64873],[-121.63881,47.64861],[-121.63819,47.64911],[-121.6375,47.64873]]]]},"bbox":[-121.68134,47.6277,-121.59093,47.65069]},{"type":"Feature","id":28964,"properties":{"y":2022,"n":"South Fork","ag":"USFS","ac":0.1,"c":14,"cl":"Unknown","ad":"2023-03-14","cd":"","st":"WA","se":1},"geometry":{"type":"Polygon","coordinates":[[[-121.50795,47.39239],[-121.50756,47.39257],[-121.50755,47.39239],[-121.50795,47.39239]]]},"bbox":[-121.50795,47.39239,-121.50755,47.39257]},{"type":"Feature","id":28965,"properties":{"y":2021,"n":"Pincer Creek","ag":"USFS","ac":762.0,"c":14,"cl":"Unknown","ad":"2023-03-14","cd":"","st":"WA","se":1},"geometry":{"type":"Polygon","coordinates":[[[-121.13198,48.46306],[-121.12283,48.45923],[-121.13044,48.4572],[-121.11787,48.45615],[-121.10893,48.44919],[-121.10682,48.44924],[-121.10893,48.45267],[-121.10526,48.4519],[-121.09685,48.44478],[-121.11328,48.44157],[-121.11797,48.44541],[-121.1223,48.44275],[-121.12408,48.44897],[-121.14077,48.45739],[-121.13991,48.46042],[-121.13198,48.46306]]]},"bbox":[-121.14117,48.44157,-121.09685,48.46306]},{"type":"Feature","id":28966,"properties":{"y":2022,"n":"Betty Creek","ag":"USFS","ac":8.8,"c":14,"cl":"Unknown","ad":"2023-03-14","cd":"","st":"WA","se":1},"geometry":{"type":"Polygon","coordinates":[[[-118.31805,48.72574],[-118.31439,48.72573],[-118.31553,48.72368],[-118.31805,48.72574]]]},"bbox":[-118.31805,48.72368,-118.31439,48.72621]},{"type":"Feature","id":28967,"properties":{"y":2021,"n":"Nason","ag":"USFS","ac":1318.1,"c":14,"cl":"Unknown","ad":"2023-03-14","cd":"","st":"WA","se":1},"geometry":{"type":"Polygon","coordinates":[[[-120.97001,47.82762],[-120.96761,47.83304],[-120.97347,47.82992],[-120.97775,47.8313],[-120.95721,47.84524],[-120.94251,47.84548],[-120.92989,47.8389],[-120.9334,47.83315],[-120.93879,47.83586],[-120.94301,47.83334],[-120.94633,47.83565],[-120.95731,47.83439],[-120.95268,47.82756],[-120.95597,47.8281],[-120.95771,47.82695],[-120.95463,47.82297],[-120.96106,47.82202],[-120.95875,47.82027],[-120.96098,47.81905],[-120.95732,47.82006],[-120.95905,47.81752],[-120.95567,47.817],[-120.96287,47.81518],[-120.96156,47.81178],[-120.96337,47.81171],[-120.97101,47.81948],[-120.97419,47.82698],[-120.97001,47.82762]],[[-120.95939,47.82021],[-120.95965,47.82023],[-120.95938,47.82018],[-120.95939,47.82021]],[[-120.96247,47.81256],[-120.96265,47.8135],[-120.96327,47.81344],[-120.96247,47.81256]],[[-120.96247,47.81256],[-120.96251,47.81243],[-120.96208,47.81206],[-120.96247,47.81256]],[[-120.96367,47.81262],[-120.96373,47.81267],[-120.96397,47.81263],[-120.96367,47.81262]],[[-120.96367,47.81262],[-120.96336,47.81256],[-120.96373,47.81314],[-120.96367,47.81262]]]},"bbox":[-120.97775,47.81167,-120.9298,47.84639]},{"type":"Feature","id":28968,"properties":{"y":2020,"n":"Carlton","ag":"USFS","ac":6.1,"c":14,"cl":"Unknown","ad":"2023-03-14","cd":"","st":"WA","se":1},"geometry":{"type":"Polygon","coordinates":[[[-121.5332,46.71587],[-121.53509,46.71653],[-121.5341,46.71706],[-121.5332,46.71587]]]},"bbox":[-121.53515,46.71495,-121.53319,46.71707]},{"type":"Feature","id":28969,"properties":{"y":2021,"n":"Twentyfive Mile","ag":"USFS","ac":22289.5,"c":14,"cl":"Unknown","ad":"2023-03-14","cd":"","st":"WA","se":1},"geometry":{"type":"Polygon","coordinates":[[[-120.38155,47.93249],[-120.37517,47.92968],[-120.38056,47.92896],[-120.37794,47.92796],[-120.38021,47.92317],[-120.37179,47.92296],[-120.37678,47.91665],[-120.37106,47.91927],[-120.37076,47.91624],[-120.36465,47.91748],[-120.36544,47.91147],[-120.36195,47.90994],[-120.36021,47.90227],[-120.35206,47.90049],[-120.34785,47.90545],[-120.3404,47.907],[-120.34455,47.9088],[-120.3404,47.90888],[-120.34042,47.91328],[-120.34567,47.91178],[-120.34394,47.91713],[-120.34759,47.91826],[-120.34341,47.91974],[-120.34533,47.92325],[-120.34294,47.92342],[-120.34862,47.92648],[-120.34414,47.93032],[-120.34041,47.92911],[-120.34292,47.92494],[-120.33747,47.9277],[-120.33811,47.93424],[-120.34757,47.92926],[-120.35075,47.93382],[-120.36465,47.92403],[-120.36664,47.92878],[-120.3642,47.9328],[-120.36908,47.93288],[-120.36593,47.93397],[-120.37284,47.9376],[-120.36301,47.93971],[-120.3629,47.9476],[-120.36896,47.94578],[-120.36887,47.94209],[-120.3755,47.94151],[-120.3808,47.94622],[-120.37857,47.9455],[-120.37865,47.94845],[-120.38555,47.94664],[-120.38284,47.95392],[-120.39,47.95307],[-120.39861,47.95899],[-120.40229,47.95832],[-120.39697,47.96135],[-120.40336,47.9642],[-120.40229,47.96603],[-120.39378,47.9629],[-120.3906,47.9685],[-120.40258,47.97732],[-120.39771,47.97638],[-120.39987,47.97903],[-120.39103,47.98428],[-120.3978,47.98202],[-120.40137,47.98581],[-120.40762,47.98427],[-120.40185,47.98331],[-120.40945,47.9806],[-120.40493,47.97799],[-120.41164,47.97465],[-120.41749,47.97658],[-120.41392,47.97823],[-120.41227,47.98432],[-120.40179,47.98893],[-120.40158,47.99297],[-120.38827,47.99871],[-120.36444,47.99836],[-120.35274,47.99371],[-120.33501,47.99363],[-120.33241,47.98986],[-120.31011,47.98875],[-120.30179,47.99215],[-120.29455,47.98846],[-120.29298,47.99439],[-120.2749,47.99763],[-120.26277,47.98919],[-120.25462,47.99016],[-120.25403,47.98571],[-120.24061,47.98508],[-120.24369,47.97711],[-120.24841,47.97901],[-120.25219,47.97513],[-120.26986,47.97349],[-120.27201,47.96304],[-120.26134,47.96489],[-120.25125,47.96263],[-120.2474,47.95813],[-120.24088,47.95731],[-120.23863,47.95242],[-120.2433,47.94817],[-120.24988,47.94927],[-120.24772,47.94739],[-120.24971,47.9444],[-120.2542,47.94613],[-120.2508,47.94231],[-120.25229,47.94006],[-120.26195,47.94286],[-120.26073,47.94096],[-120.26554,47.94022],[-120.26006,47.93604],[-120.25343,47.93609],[-120.25256,47.93391],[-120.2583,47.93365],[-120.25082,47.92957],[-120.25544,47.92356],[-120.25306,47.92217],[-120.26129,47.9228],[-120.26452,47.91733],[-120.2727,47.91867],[-120.27695,47.912],[-120.31723,47.90937],[-120.32172,47.90453],[-120.34312,47.89355],[-120.36189,47.90233],[-120.37271,47.91362],[-120.38324,47.91827],[-120.38494,47.92769],[-120.39034,47.93058],[-120.38155,47.93249]],[[-120.34627,47.89979],[-120.34086,47.89981],[-120.34448,47.89556],[-120.3366,47.89704],[-120.33491,47.90264],[-120.34807,47.9036],[-120.34627,47.89979]]]},"bbox":[-120.41749,47.89352,-120.23863,47.99975]},{"type":"Feature","id":28970,"properties":{"y":2020,"n":"Rock Bluff","ag":"FWS","ac":26.1,"c":14,"cl":"Unknown","ad":"2020-06-05","cd":"","st":"WA","se":2},"geometry":{"type":"Polygon","coordinates":[[[-119.2804,46.89256],[-119.28444,46.89231],[-119.28422,46.89516],[-119.2804,46.89256]]]},"bbox":[-119.28491,46.89051,-119.27977,46.89522]},{"type":"Feature","id":28971,"properties":{"y":2022,"n":"Scout Lake","ag":"USFS","ac":0.0,"c":14,"cl":"Unknown","ad":"2023-03-14","cd":"","st":"WA","se":1},"geometry":{"type":"Polygon","coordinates":[[[-121.51787,47.37922],[-121.51789,47.3792],[-121.51789,47.37921],[-121.51787,47.37922]]]},"bbox":[-121.51789,47.3792,-121.51785,47.37922]},{"type":"Feature","id":28972,"properties":{"y":2020,"n":"Jungle Creek","ag":"USFS","ac":540.7,"c":14,"cl":"Unknown","ad":"2023-03-14","cd":"","st":"WA","se":1},"geometry":{"type":"Polygon","coordinates":[[[-121.14335,47.05973],[-121.13879,47.05442],[-121.14035,47.04645],[-121.14618,47.04162],[-121.15098,47.04181],[-121.16039,47.05476],[-121.14335,47.05973]]]},"bbox":[-121.16039,47.04149,-121.13879,47.06006]},{"type":"Feature","id":28973,"properties":{"y":2022,"n":"Three Fools","ag":"USFS","ac":2339.1,"c":14,"cl":"Unknown","ad":"2023-03-14","cd":"","st":"WA","se":1},"geometry":{"type":"Polygon","coordinates":[[[-120.92193,48.90333],[-120.928,48.91194],[-120.923,48.92201],[-120.928,48.92547],[-120.91931,48.9245],[-120.91756,48.92858],[-120.91424,48.92],[-120.91599,48.91394],[-120.9115,48.9121],[-120.912,48.90958],[-120.88622,48.91099],[-120.8784,48.91425],[-120.87904,48.91208],[-120.8773,48.9151],[-120.8724,48.9114],[-120.87538,48.91085],[-120.87525,48.90275],[-120.86573,48.90114],[-120.87491,48.90106],[-120.87469,48.89721],[-120.87185,48.89683],[-120.87478,48.89677],[-120.87233,48.89541],[-120.87802,48.88989],[-120.90029,48.88933],[-120.92312,48.89388],[-120.92537,48.89669],[-120.92193,48.90333]]]},"bbox":[-120.92816,48.88883,-120.86573,48.92858]},{"type":"Feature","id":28974,"properties":{"y":2022,"n":"Gypsy Ridge","ag":"USFS","ac":130.8,"c":14,"cl":"Unknown","ad":"2023-03-14","cd":"","st":"WA","se":1},"geometry":{"type":"Polygon","coordinates":[[[-117.1695,48.97016],[-117.15618,48.9708],[-117.15413,48.96829],[-117.1616,48.96577],[-117.1695,48.97016]]]},"bbox":[-117.1695,48.9657,-117.15413,48.97409]},{"type":"Feature","id":28975,"properties":{"y":2021,"n":"Schneider Springs","ag":"USFS","ac":107352.9,"c":14,"cl":"Unknown","ad":"2023-03-14","cd":"","st":"WA","se":1},"geometry":{"type":"MultiPolygon","coordinates":[[[[-120.91511,46.78205],[-120.91853,46.77851],[-120.9108,46.77114],[-120.91323,46.7696],[-120.94177,46.77022],[-120.95364,46.76103],[-120.95942,46.76203],[-120.99575,46.75153],[-121.00249,46.75215],[-121.01997,46.74327],[-121.0241,46.738],[-121.03205,46.73628],[-121.05076,46.72125],[-121.06135,46.7219],[-121.0947,46.71334],[-121.10144,46.71341],[-121.09938,46.71697],[-121.10199,46.71772],[-121.1056,46.71399],[-121.12045,46.71717],[-121.12202,46.71541],[-121.1196,46.71624],[-121.1151,46.71466],[-121.12208,46.71269],[-121.12984,46.71582],[-121.14488,46.71226],[-121.14612,46.71655],[-121.14933,46.71455],[-121.15126,46.71694],[-121.17755,46.71314],[-121.18017,46.71415],[-121.17749,46.71373],[-121.17761,46.71819],[-121.1838,46.71733],[-121.18427,46.72419],[-121.19428,46.72137],[-121.19841,46.71608],[-121.20469,46.71724],[-121.20425,46.72074],[-121.20941,46.72465],[-121.2208,46.72195],[-121.22201,46.72491],[-121.22753,46.72018],[-121.23051,46.72522],[-121.22808,46.7311],[-121.24563,46.72792],[-121.26582,46.73494],[-121.2769,46.73548],[-121.28893,46.74395],[-121.2853,46.74669],[-121.28747,46.7505],[-121.28343,46.75287],[-121.27906,46.75019],[-121.27803,46.75499],[-121.27725,46.75167],[-121.28059,46.74724],[-121.27257,46.74687],[-121.26842,46.75402],[-121.25795,46.76009],[-121.25264,46.75726],[-121.26159,46.7414],[-121.25583,46.74728],[-121.25674,46.74243],[-121.24836,46.74019],[-121.24622,46.74396],[-121.2465,46.7413],[-121.24027,46.73982],[-121.2417,46.7422],[-121.23691,46.74276],[-121.23942,46.74599],[-121.23064,46.74538],[-121.2256,46.74824],[-121.22558,46.75389],[-121.22935,46.75571],[-121.22596,46.75794],[-121.21274,46.75643],[-121.20895,46.74473],[-121.20451,46.75306],[-121.20704,46.75442],[-121.19888,46.75685],[-121.20579,46.76055],[-121.2028,46.76313],[-121.205,46.7668],[-121.1979,46.76696],[-121.20269,46.77078],[-121.21377,46.76726],[-121.21364,46.76336],[-121.22327,46.76413],[-121.22886,46.76036],[-121.23943,46.76257],[-121.23232,46.7703],[-121.23544,46.77192],[-121.23444,46.76867],[-121.23783,46.76495],[-121.24214,46.76596],[-121.24034,46.76867],[-121.24191,46.77094],[-121.24515,46.76811],[-121.24454,46.76414],[-121.24596,46.76699],[-121.25057,46.76394],[-121.26095,46.76713],[-121.25024,46.77341],[-121.24633,46.76804],[-121.24265,46.77337],[-121.26269,46.7749],[-121.26097,46.77735],[-121.26779,46.7812],[-121.26369,46.78732],[-121.26863,46.78708],[-121.2631,46.79189],[-121.26753,46.79108],[-121.2684,46.79474],[-121.26117,46.79526],[-121.26091,46.79091],[-121.25405,46.7873],[-121.25565,46.78354],[-121.25076,46.78349],[-121.25118,46.78127],[-121.2453,46.78225],[-121.24532,46.78961],[-121.23989,46.78602],[-121.2385,46.7888],[-121.23514,46.78493],[-121.22313,46.78556],[-121.22758,46.79168],[-121.23241,46.79112],[-121.22927,46.79368],[-121.23316,46.79354],[-121.23183,46.79699],[-121.2179,46.79113],[-121.21395,46.79375],[-121.21701,46.79324],[-121.21673,46.79615],[-121.20428,46.7926],[-121.20679,46.79654],[-121.21084,46.79531],[-121.21387,46.80268],[-121.21727,46.80249],[-121.22265,46.79521],[-121.23258,46.79822],[-121.23894,46.79643],[-121.24059,46.80164],[-121.24924,46.799],[-121.24712,46.80283],[-121.24919,46.80363],[-121.24583,46.80459],[-121.24845,46.80446],[-121.24037,46.80771],[-121.2472,46.81535],[-121.24878,46.81246],[-121.25383,46.81348],[-121.24872,46.8112],[-121.25476,46.80875],[-121.25405,46.8053],[-121.25669,46.80889],[-121.26203,46.80877],[-121.2589,46.81293],[-121.26593,46.81505],[-121.25962,46.81819],[-121.26378,46.82004],[-121.25757,46.82643],[-121.26587,46.82603],[-121.26786,46.82771],[-121.26138,46.8328],[-121.25481,46.83546],[-121.24942,46.83365],[-121.24841,46.8378],[-121.24325,46.83775],[-121.24322,46.84468],[-121.25097,46.84439],[-121.2446,46.8468],[-121.24313,46.85058],[-121.23771,46.85396],[-121.22452,46.85184],[-121.2218,46.85719],[-121.23118,46.85436],[-121.23264,46.86118],[-121.23718,46.86326],[-121.23296,46.86685],[-121.23638,46.86746],[-121.23296,46.86768],[-121.23356,46.87413],[-121.23777,46.87223],[-121.23471,46.87569],[-121.24058,46.87322],[-121.24337,46.87615],[-121.24019,46.87652],[-121.24614,46.877],[-121.24314,46.86903],[-121.25129,46.86766],[-121.24276,46.86682],[-121.25123,46.86572],[-121.24585,46.86259],[-121.2518,46.86145],[-121.25587,46.8617],[-121.25589,46.86849],[-121.26092,46.87176],[-121.25911,46.86968],[-121.26832,46.8665],[-121.2721,46.87288],[-121.27035,46.87422],[-121.27537,46.87663],[-121.2708,46.88178],[-121.27365,46.88403],[-121.26968,46.89282],[-121.2529,46.90021],[-121.24443,46.90077],[-121.24094,46.91305],[-121.2318,46.9169],[-121.22617,46.91468],[-121.21585,46.92179],[-121.20641,46.93451],[-121.2005,46.93724],[-121.19911,46.93462],[-121.19687,46.94091],[-121.21143,46.93853],[-121.21759,46.94276],[-121.20822,46.94083],[-121.21345,46.94619],[-121.21151,46.94819],[-121.21834,46.95087],[-121.20958,46.95448],[-121.20803,46.95738],[-121.21277,46.96132],[-121.20901,46.96344],[-121.19199,46.96109],[-121.20046,46.96471],[-121.19592,46.965],[-121.19715,46.96779],[-121.19351,46.96632],[-121.19222,46.96909],[-121.19766,46.96931],[-121.18983,46.97253],[-121.18412,46.96527],[-121.17295,46.97149],[-121.16837,46.96936],[-121.17524,46.95778],[-121.18076,46.95791],[-121.19134,46.95189],[-121.19336,46.94934],[-121.19129,46.94592],[-121.1877,46.94689],[-121.18914,46.95115],[-121.18519,46.95479],[-121.17203,46.95677],[-121.16778,46.95351],[-121.16403,46.95463],[-121.16051,46.9543],[-121.16154,46.95067],[-121.16965,46.95087],[-121.16944,46.94512],[-121.17259,46.9432],[-121.16706,46.94567],[-121.16527,46.94267],[-121.16938,46.94236],[-121.16686,46.93979],[-121.17069,46.93709],[-121.1626,46.93467],[-121.164,46.93282],[-121.15729,46.92886],[-121.15829,46.92171],[-121.15265,46.92007],[-121.15052,46.92676],[-121.14689,46.92113],[-121.13927,46.92161],[-121.14426,46.91889],[-121.14057,46.91535],[-121.14282,46.91124],[-121.13614,46.91233],[-121.13117,46.91004],[-121.13295,46.90842],[-121.12703,46.9116],[-121.12843,46.91613],[-121.12339,46.91803],[-121.09566,46.91937],[-121.09243,46.91744],[-121.08861,46.92273],[-121.0796,46.92354],[-121.07428,46.93258],[-121.07392,46.93939],[-121.0775,46.94396],[-121.07334,46.94856],[-121.07625,46.94349],[-121.07199,46.94711],[-121.05225,46.93028],[-121.05586,46.91956],[-121.05249,46.91848],[-121.05203,46.91281],[-121.04715,46.91318],[-121.04955,46.90631],[-121.04468,46.89708],[-121.04978,46.89181],[-121.04411,46.88512],[-121.0461,46.87981],[-121.03552,46.88013],[-121.02988,46.8724],[-121.01513,46.86351],[-121.00722,46.8491],[-120.98004,46.83652],[-120.95598,46.83439],[-120.94855,46.82819],[-120.95071,46.82585],[-120.9447,46.82438],[-120.95129,46.81979],[-120.95392,46.81322],[-120.94236,46.81086],[-120.93029,46.79646],[-120.92711,46.78696],[-120.91569,46.7876],[-120.91292,46.78414],[-120.91511,46.78205]],[[-121.00668,46.78379],[-121.01888,46.78386],[-121.01046,46.7927],[-121.01518,46.80152],[-121.02584,46.7966],[-121.02494,46.80697],[-121.04033,46.80914],[-121.04529,46.80272],[-121.05551,46.80393],[-121.05918,46.79958],[-121.05742,46.80368],[-121.06525,46.80379],[-121.06662,46.80194],[-121.06155,46.79958],[-121.06793,46.80042],[-121.06749,46.79588],[-121.07368,46.79124],[-121.07951,46.79274],[-121.07739,46.7882],[-121.08665,46.78454],[-121.08657,46.77863],[-121.09029,46.77478],[-121.08852,46.77295],[-121.09078,46.7728],[-121.08665,46.76977],[-121.08625,46.7603],[-121.0808,46.75904],[-121.07906,46.76449],[-121.08266,46.76566],[-121.08386,46.77276],[-121.07732,46.77988],[-121.0814,46.77154],[-121.07714,46.77428],[-121.07176,46.77195],[-121.07245,46.77534],[-121.06696,46.77707],[-121.07424,46.78123],[-121.07021,46.78316],[-121.05845,46.78241],[-121.06603,46.78054],[-121.06401,46.77256],[-121.06603,46.7701],[-121.05317,46.77474],[-121.04969,46.7711],[-121.05199,46.77015],[-121.04749,46.7681],[-121.05008,46.77525],[-121.04057,46.76894],[-121.02352,46.77444],[-121.00625,46.77263],[-121.0046,46.77403],[-121.01074,46.77397],[-121.01514,46.77807],[-121.00577,46.7806],[-121.00668,46.78379]],[[-121.02431,46.77053],[-121.02045,46.76741],[-121.02619,46.76793],[-121.02382,46.76593],[-121.02023,46.76567],[-121.01731,46.76901],[-121.02431,46.77053]],[[-121.0247,46.76171],[-121.02576,46.75938],[-121.02658,46.76],[-121.0296,46.75975],[-121.03547,46.75636],[-121.03333,46.75443],[-121.02848,46.75451],[-121.02751,46.75938],[-121.02434,46.75824],[-121.0247,46.76171]],[[-121.0328,46.76507],[-121.03506,46.76787],[-121.03762,46.76569],[-121.04702,46.76763],[-121.05205,46.76474],[-121.04802,46.76321],[-121.04573,46.76556],[-121.04679,46.76253],[-121.04196,46.76136],[-121.04148,46.75836],[-121.03835,46.76271],[-121.04274,46.76363],[-121.0328,46.76507]],[[-121.11716,46.90534],[-121.11017,46.90587],[-121.10941,46.9096],[-121.08904,46.90987],[-121.10413,46.91695],[-121.12627,46.91608],[-121.12407,46.91234],[-121.12674,46.90954],[-121.11555,46.90918],[-121.11716,46.90534]],[[-121.12872,46.7259],[-121.13459,46.71893],[-121.1322,46.71645],[-121.12648,46.72283],[-121.12872,46.7259]],[[-121.15581,46.91099],[-121.15244,46.91195],[-121.15581,46.91459],[-121.15394,46.91751],[-121.15828,46.91531],[-121.16565,46.9209],[-121.17156,46.91666],[-121.16544,46.91446],[-121.16857,46.91358],[-121.16754,46.9117],[-121.15678,46.91369],[-121.15405,46.91259],[-121.15581,46.91099]],[[-121.15961,46.9249],[-121.175,46.92169],[-121.17276,46.92068],[-121.15961,46.9249]],[[-121.19498,46.91761],[-121.1872,46.91727],[-121.17731,46.92316],[-121.18503,46.92537],[-121.18331,46.92355],[-121.19016,46.91928],[-121.19569,46.92111],[-121.19498,46.91761]],[[-121.242,46.81106],[-121.23187,46.81324],[-121.23041,46.8171],[-121.23477,46.81696],[-121.23262,46.81849],[-121.19727,46.82085],[-121.19282,46.82631],[-121.19721,46.82706],[-121.19512,46.8298],[-121.20154,46.83133],[-121.20354,46.83607],[-121.20655,46.82831],[-121.22441,46.82899],[-121.22363,46.8239],[-121.23308,46.82137],[-121.23601,46.81716],[-121.23422,46.8139],[-121.23851,46.81476],[-121.242,46.81106]],[[-121.26355,46.7822],[-121.25979,46.78116],[-121.25962,46.78324],[-121.26303,46.78381],[-121.26068,46.78188],[-121.26355,46.7822]]],[[[-120.91495,46.78197],[-120.91497,46.78199],[-120.91494,46.78198],[-120.91495,46.78197]]],[[[-121.03343,46.75547],[-121.03267,46.75693],[-121.03192,46.75605],[-121.03343,46.75547]]],[[[-121.13204,46.72031],[-121.13069,46.71966],[-121.13254,46.71866],[-121.13204,46.72031]]],[[[-121.15906,46.9397],[-121.1595,46.9393],[-121.15953,46.93968],[-121.15906,46.9397]]],[[[-121.16014,46.95135],[-121.16042,46.95044],[-121.16082,46.95074],[-121.16014,46.95135]]],[[[-121.18053,46.71527],[-121.1824,46.71483],[-121.18166,46.71558],[-121.18053,46.71527]]],[[[-121.19009,46.71415],[-121.18511,46.7129],[-121.1955,46.70808],[-121.19531,46.71126],[-121.19009,46.71415]]],[[[-121.21352,46.94414],[-121.21262,46.94485],[-121.21189,46.94392],[-121.21352,46.94414]]]]},"bbox":[-121.28893,46.70804,-120.9108,46.97253]},{"type":"Feature","id":28976,"properties":{"y":2022,"n":"Parks","ag":"USFS","ac":31588.8,"c":14,"cl":"Unknown","ad":"2023-01-05","cd":"","st":"WA","se":4},"geometry":{"type":"MultiPolygon","coordinates":[[[[-120.63488,49.03707],[-120.62824,49.03789],[-120.61941,49.03311],[-120.6247,49.03185],[-120.62627,49.03561],[-120.64452,49.0297],[-120.64893,49.03082],[-120.6483,49.0337],[-120.65129,49.03039],[-120.6765,49.02731],[-120.68413,49.03143],[-120.68509,49.02698],[-120.66705,49.01887],[-120.6621,49.02593],[-120.66196,49.02143],[-120.66269,49.02011],[-120.66381,49.02113],[-120.66542,49.01957],[-120.66064,49.01871],[-120.66029,49.01513],[-120.6678,49.01784],[-120.67468,49.0121],[-120.66286,49.01244],[-120.66414,49.01079],[-120.65449,49.00391],[-120.64454,49.00498],[-120.64629,49.0124],[-120.65251,49.00829],[-120.65788,49.01349],[-120.64263,49.01648],[-120.6508,49.02202],[-120.62444,49.02629],[-120.62308,49.02391],[-120.62907,49.01955],[-120.61903,49.0201],[-120.61885,49.0173],[-120.63198,49.01644],[-120.62873,49.0151],[-120.63415,49.00895],[-120.63406,49.00105],[-120.62928,49.00405],[-120.6286,49.00029],[-120.62401,49.00099],[-120.62228,48.99723],[-120.60666,48.99249],[-120.60847,48.99519],[-120.60611,48.99585],[-120.60169,48.99177],[-120.59899,48.99322],[-120.59683,48.98989],[-120.60049,48.98782],[-120.5935,48.98401],[-120.59878,48.98401],[-120.59652,48.97997],[-120.59975,48.97847],[-120.58925,48.97707],[-120.58427,48.97285],[-120.58793,48.97004],[-120.60337,48.97082],[-120.61119,48.97922],[-120.62894,48.97908],[-120.62534,48.98209],[-120.6312,48.97902],[-120.63908,48.98274],[-120.63452,48.97617],[-120.64296,48.97393],[-120.6444,48.96436],[-120.64938,48.96333],[-120.64996,48.95929],[-120.654,48.96054],[-120.64727,48.95178],[-120.65142,48.94823],[-120.643,48.93312],[-120.64301,48.92945],[-120.64488,48.92967],[-120.64573,48.92907],[-120.64633,48.92815],[-120.64157,48.92633],[-120.63697,48.94029],[-120.63344,48.94081],[-120.62189,48.92123],[-120.62807,48.9159],[-120.63056,48.90392],[-120.64333,48.89645],[-120.65399,48.87852],[-120.66662,48.87632],[-120.67543,48.87019],[-120.69372,48.87025],[-120.70349,48.89179],[-120.69638,48.90006],[-120.69275,48.91336],[-120.68258,48.91245],[-120.67679,48.9182],[-120.67693,48.91452],[-120.67164,48.91349],[-120.66744,48.91803],[-120.66317,48.91297],[-120.64205,48.9251],[-120.65272,48.92681],[-120.66788,48.9206],[-120.69451,48.91589],[-120.70314,48.9261],[-120.70899,48.94249],[-120.72774,48.93569],[-120.74344,48.9377],[-120.7428,48.94266],[-120.73592,48.94518],[-120.74185,48.94978],[-120.74744,48.94832],[-120.74182,48.95021],[-120.74411,48.95209],[-120.74075,48.95474],[-120.73653,48.95448],[-120.73414,48.95806],[-120.72534,48.95967],[-120.72701,48.95016],[-120.73393,48.9458],[-120.72459,48.94471],[-120.72237,48.94822],[-120.726,48.95237],[-120.72275,48.95394],[-120.72451,48.95863],[-120.71827,48.95583],[-120.71396,48.95916],[-120.72104,48.96117],[-120.72321,48.96381],[-120.72112,48.96555],[-120.72856,48.96589],[-120.7482,48.96054],[-120.74357,48.95906],[-120.75404,48.96084],[-120.75319,48.95785],[-120.75795,48.95709],[-120.76044,48.95997],[-120.76314,48.95739],[-120.764,48.95844],[-120.75517,48.96271],[-120.75579,48.96825],[-120.75176,48.97084],[-120.73589,48.97205],[-120.73884,48.97504],[-120.74908,48.97584],[-120.75326,48.98071],[-120.74754,48.9805],[-120.74761,48.98339],[-120.75786,48.98486],[-120.74473,48.98909],[-120.75314,48.98835],[-120.7546,48.99069],[-120.75948,48.98389],[-120.76526,48.98242],[-120.77327,48.98828],[-120.76593,48.99297],[-120.76891,48.99738],[-120.75544,49.0167],[-120.74342,49.02218],[-120.73274,49.02299],[-120.73286,49.02685],[-120.73547,49.02386],[-120.73749,49.0274],[-120.73323,49.03019],[-120.7317,49.02821],[-120.7291,49.02967],[-120.73162,49.03474],[-120.72715,49.0344],[-120.72574,49.03053],[-120.71757,49.03322],[-120.7223,49.04001],[-120.71884,49.04436],[-120.71231,49.04251],[-120.70765,49.04675],[-120.70952,49.0509],[-120.70436,49.05781],[-120.70457,49.05082],[-120.7013,49.05826],[-120.69287,49.05672],[-120.68787,49.04476],[-120.6866,49.05118],[-120.67854,49.04345],[-120.67068,49.04685],[-120.66641,49.04421],[-120.6442,49.04744],[-120.64367,49.04382],[-120.65607,49.03982],[-120.64856,49.04102],[-120.63724,49.04065],[-120.64212,49.04041],[-120.64244,49.03851],[-120.63488,49.03707]]],[[[-120.63488,49.03707],[-120.63492,49.03737],[-120.63477,49.03734],[-120.63488,49.03707]]],[[[-120.63477,49.03734],[-120.63459,49.03732],[-120.63457,49.0373],[-120.63477,49.03734]]],[[[-120.58717,49.03927],[-120.58689,49.0388],[-120.58726,49.03904],[-120.58717,49.03927]]],[[[-120.58819,48.99322],[-120.58832,48.99298],[-120.58837,48.99305],[-120.58819,48.99322]]],[[[-120.58951,48.98311],[-120.58898,48.98322],[-120.58898,48.98314],[-120.58951,48.98311]]],[[[-120.60041,49.02764],[-120.60189,49.02991],[-120.59967,49.03046],[-120.59829,49.02943],[-120.60041,49.02764]]],[[[-120.60041,49.03319],[-120.60024,49.03167],[-120.60166,49.03243],[-120.60041,49.03319]]],[[[-120.60793,49.0301],[-120.60474,49.03171],[-120.60489,49.03059],[-120.60793,49.0301]]],[[[-120.60667,49.03357],[-120.60587,49.03305],[-120.6061,49.03295],[-120.60667,49.03357]]],[[[-120.60598,49.02675],[-120.60837,49.02502],[-120.60868,49.02552],[-120.60598,49.02675]]],[[[-120.61697,49.0352],[-120.61557,49.03505],[-120.61695,49.03463],[-120.61697,49.0352]]],[[[-120.61813,49.03298],[-120.61735,49.03315],[-120.61743,49.033],[-120.61813,49.03298]]],[[[-120.61936,49.03489],[-120.6175,49.03583],[-120.61778,49.03478],[-120.61936,49.03489]]],[[[-120.62372,49.00914],[-120.62337,49.00651],[-120.62908,49.00496],[-120.62833,49.00829],[-120.62372,49.00914]]],[[[-120.62599,48.97633],[-120.62651,48.97624],[-120.62619,48.97651],[-120.62599,48.97633]]],[[[-120.63846,48.97479],[-120.63739,48.97446],[-120.63598,48.97457],[-120.63747,48.97431],[-120.63846,48.97479]]],[[[-120.63935,48.97415],[-120.63995,48.97269],[-120.64013,48.97271],[-120.63935,48.97415]]],[[[-120.64514,48.92915],[-120.64552,48.92894],[-120.6455,48.92916],[-120.64514,48.92915]]],[[[-120.64849,48.95988],[-120.6484,48.95895],[-120.64942,48.95968],[-120.64849,48.95988]]],[[[-120.73698,48.95593],[-120.73736,48.95578],[-120.73736,48.95596],[-120.73698,48.95593]]],[[[-120.7371,48.95563],[-120.73726,48.95544],[-120.73735,48.95557],[-120.7371,48.95563]]],[[[-120.74312,48.96077],[-120.74233,48.96112],[-120.74208,48.96113],[-120.74312,48.96077]]],[[[-120.74499,48.93517],[-120.746,48.93419],[-120.74696,48.93482],[-120.74499,48.93517]]]]},"bbox":[-120.77327,48.86974,-120.58415,49.05868]},{"type":"Feature","id":28977,"properties":{"y":2020,"n":"Ponderosa","ag":"USFS","ac":0.0,"c":14,"cl":"Unknown","ad":"2023-03-14","cd":"","st":"WA","se":1},"geometry":{"type":"Polygon","coordinates":[[[-121.5382,46.44633],[-121.53842,46.44643],[-121.53838,46.44649],[-121.5382,46.44633]]]},"bbox":[-121.53842,46.44628,-121.5382,46.44649]},{"type":"Feature","id":28978,"properties":{"y":2020,"n":"Downey Creek","ag":"USFS","ac":2570.8,"c":14,"cl":"Unknown","ad":"2023-03-14","cd":"","st":"WA","se":1},"geometry":{"type":"Polygon","coordinates":[[[-121.18089,48.2386],[-121.2087,48.25735],[-121.22189,48.25821],[-121.22374,48.26278],[-121.21102,48.27556],[-121.19544,48.26976],[-121.16675,48.2732],[-121.16217,48.26522],[-121.15022,48.26226],[-121.17214,48.25812],[-121.16566,48.25491],[-121.16748,48.25088],[-121.17492,48.25015],[-121.18089,48.2386]]]},"bbox":[-121.22428,48.23849,-121.15022,48.27556]},{"type":"Feature","id":28979,"properties":{"y":2020,"n":"Cold Creek","ag":"USFS","ac":565.3,"c":14,"cl":"Unknown","ad":"2023-03-14","cd":"","st":"WA","se":1},"geometry":{"type":"MultiPolygon","coordinates":[[[[-121.28778,46.64799],[-121.30322,46.65067],[-121.30197,46.65402],[-121.30708,46.65643],[-121.30881,46.65687],[-121.30502,46.66403],[-121.289,46.6611],[-121.28669,46.65633],[-121.2783,46.65281],[-121.29163,46.65145],[-121.28778,46.64799]]],[[[-121.30961,46.65583],[-121.30691,46.65547],[-121.30867,46.65473],[-121.30961,46.65583]]]]},"bbox":[-121.30961,46.64609,-121.27823,46.66464]},{"type":"Feature","id":28980,"properties":{"y":2022,"n":"Power Peak","ag":"USFS","ac":6.2,"c":14,"cl":"Unknown","ad":"2023-03-14","cd":"","st":"WA","se":1},"geometry":{"type":"Polygon","coordinates":[[[-117.41021,48.23713],[-117.41246,48.23664],[-117.41286,48.23785],[-117.41021,48.23713]]]},"bbox":[-117.41287,48.23618,-117.41005,48.23787]},{"type":"Feature","id":28981,"properties":{"y":2021,"n":"Penders Canyon","ag":"USFS","ac":29.5,"c":14,"cl":"Unknown","ad":"2023-03-14","cd":"","st":"WA","se":1},"geometry":{"type":"Polygon","coordinates":[[[-121.35083,48.10375],[-121.35441,48.09849],[-121.35578,48.10047],[-121.35083,48.10375]]]},"bbox":[-121.35578,48.09849,-121.35037,48.10375]},{"type":"Feature","id":28982,"properties":{"y":2021,"n":"Molybdenite","ag":"USFS","ac":54.8,"c":14,"cl":"Unknown","ad":"2023-03-14","cd":"","st":"WA","se":1},"geometry":{"type":"MultiPolygon","coordinates":[[[[-117.27174,48.67159],[-117.2721,48.67157],[-117.27178,48.67171],[-117.27174,48.67159]]],[[[-117.27179,48.67357],[-117.2734,48.67063],[-117.28089,48.67103],[-117.2795,48.67371],[-117.27179,48.67357]]]]},"bbox":[-117.28098,48.66991,-117.27098,48.6747]},{"type":"Feature","id":28983,"properties":{"y":2021,"n":"Dodd","ag":"FWS","ac":19.5,"c":14,"cl":"Unknown","ad":"2021-06-24","cd":"","st":"WA","se":2},"geometry":{"type":"Polygon","coordinates":[[[-118.93383,46.1294],[-118.93734,46.13313],[-118.93688,46.1366],[-118.93628,46.13642],[-118.93383,46.1294]]]},"bbox":[-118.93735,46.12939,-118.93367,46.13665]},{"type":"Feature","id":28984,"properties":{"y":2021,"n":"Hanson Loop","ag":"FWS","ac":122.8,"c":14,"cl":"Unknown","ad":"2021-06-24","cd":"","st":"WA","se":2},"geometry":{"type":"Polygon","coordinates":[[[-118.96116,46.15207],[-118.96978,46.16137],[-118.97082,46.16595],[-118.95794,46.16033],[-118.96164,46.15995],[-118.96116,46.15207]]]},"bbox":[-118.97082,46.15207,-118.95794,46.16595]},{"type":"Feature","id":28985,"properties":{"y":2021,"n":"Spruce Canyon","ag":"PRI","ac":128.8,"c":14,"cl":"Unknown","ad":"2021-09-28","cd":"","st":"WA","se":3},"geometry":{"type":"MultiPolygon","coordinates":[[[[-117.56752,48.542],[-117.56752,48.54201],[-117.5675,48.542],[-117.56752,48.542]]],[[[-117.5675,48.542],[-117.56745,48.542],[-117.56749,48.54199],[-117.5675,48.542]]],[[[-117.56777,48.54194],[-117.56754,48.54181],[-117.56775,48.54173],[-117.56777,48.54194]]],[[[-117.56965,48.54127],[-117.56939,48.54154],[-117.56931,48.54147],[-117.56965,48.54127]]],[[[-117.57071,48.54095],[-117.57079,48.54103],[-117.57065,48.54112],[-117.57059,48.54097],[-117.57071,48.54095]],[[-117.57073,48.54098],[-117.57072,48.54098],[-117.57072,48.54098],[-117.57073,48.54098]]],[[[-117.571,48.54029],[-117.5707,48.54035],[-117.57082,48.54028],[-117.571,48.54029]]],[[[-117.57099,48.54121],[-117.57091,48.54104],[-117.57111,48.5411],[-117.57099,48.54121]]],[[[-117.57154,48.54173],[-117.57152,48.54174],[-117.57144,48.54175],[-117.57154,48.54173]]],[[[-117.58734,48.53958],[-117.5851,48.54351],[-117.57395,48.54334],[-117.57184,48.54093],[-117.58734,48.53958]],[[-117.57402,48.54163],[-117.57389,48.54115],[-117.57358,48.54147],[-117.57402,48.54163]],[[-117.58731,48.53958],[-117.58731,48.53958],[-117.5873,48.53958],[-117.58731,48.53958]]],[[[-117.57236,48.54019],[-117.57232,48.54051],[-117.57208,48.54042],[-117.57236,48.54019]]],[[[-117.57243,48.54236],[-117.57263,48.54247],[-117.57242,48.54238],[-117.57243,48.54236]]],[[[-117.573,48.54291],[-117.57306,48.54304],[-117.57291,48.54302],[-117.573,48.54291]]],[[[-117.57336,48.54032],[-117.57323,48.54039],[-117.57312,48.54023],[-117.57336,48.54032]]],[[[-117.58679,48.54496],[-117.59095,48.54002],[-117.59622,48.54181],[-117.59089,48.54267],[-117.58679,48.54496]]]]},"bbox":[-117.59622,48.53864,-117.56745,48.54504]},{"type":"Feature","id":28986,"properties":{"y":2010,"n":"Hwy 730 Mp 200","ag":"FWS","ac":71.7,"c":14,"cl":"Unknown","ad":"2010-05-26","cd":"","st":"WA","se":1},"geometry":{"type":"Polygon","coordinates":[[[-119.0063,45.96979],[-119.00572,45.96633],[-119.00207,45.96961],[-118.99619,45.97009],[-119.00443,45.96451],[-119.01563,45.96595],[-119.0063,45.96979]]]},"bbox":[-119.01563,45.96429,-118.99619,45.97009]},{"type":"Feature","id":28987,"properties":{"y":2015,"n":"Hwy 26","ag":"FWS","ac":72.5,"c":14,"cl":"Unknown","ad":"2015-08-06","cd":"","st":"WA","se":2},"geometry":{"type":"Polygon","coordinates":[[[-119.41128,46.83662],[-119.39854,46.83252],[-119.40959,46.83169],[-119.41309,46.83423],[-119.41128,46.83662]]]},"bbox":[-119.41309,46.83169,-119.39854,46.83662]},{"type":"Feature","id":28988,"properties":{"y":2015,"n":"State Line","ag":"PRI","ac":8960.3,"c":14,"cl":"Unknown","ad":"2015-09-20","cd":"","st":"WA","se":3},"geometry":{"type":"Polygon","coordinates":[[[-118.9961,45.97831],[-118.98249,45.99491],[-118.96438,46.00935],[-118.93209,46.02807],[-118.94017,46.04206],[-118.93837,46.04933],[-118.92978,46.05611],[-118.91164,46.05643],[-118.9044,46.04571],[-118.89473,46.04663],[-118.89084,46.03948],[-118.87874,46.03702],[-118.87904,46.02935],[-118.89325,46.01846],[-118.90623,46.01724],[-118.91324,46.00676],[-118.90611,46.00339],[-118.89012,46.00588],[-118.89802,45.99738],[-118.91897,45.99871],[-118.9261,45.9946],[-118.92827,45.99633],[-118.96849,45.97086],[-118.98117,45.96733],[-118.99301,45.96993],[-118.9961,45.97831]]]},"bbox":[-118.9961,45.9671,-118.87874,46.05677]},{"type":"Feature","id":28989,"properties":{"y":2015,"n":"Upper Goose Lake","ag":"BOR","ac":830.8,"c":14,"cl":"Unknown","ad":"2015-07-22","cd":"","st":"WA","se":2},"geometry":{"type":"Polygon","coordinates":[[[-119.28032,46.93961],[-119.2589,46.94826],[-119.25447,46.94725],[-119.24346,46.93159],[-119.25838,46.9334],[-119.2651,46.93028],[-119.26883,46.93445],[-119.27295,46.9316],[-119.28032,46.93961]]]},"bbox":[-119.28035,46.93026,-119.24341,46.94838]},{"type":"Feature","id":28990,"properties":{"y":2015,"n":"Conboy","ag":"FWS","ac":86.6,"c":14,"cl":"Unknown","ad":"2015-07-21","cd":"","st":"WA","se":2},"geometry":{"type":"MultiPolygon","coordinates":[[[[-118.9376,46.17524],[-118.93945,46.16795],[-118.94025,46.16665],[-118.93874,46.17336],[-118.9409,46.17358],[-118.9376,46.17524]]],[[[-121.28838,45.97554],[-121.28798,45.97141],[-121.29466,45.96904],[-121.29711,45.97106],[-121.28838,45.97554]]]]},"bbox":[-121.29712,45.96904,-118.93746,46.17527]},{"type":"Feature","id":28991,"properties":{"y":2015,"n":"Iverson","ag":"FWS","ac":86.6,"c":14,"cl":"Unknown","ad":"2015-05-01","cd":"","st":"WA","se":1},"geometry":{"type":"MultiPolygon","coordinates":[[[[-118.9376,46.17524],[-118.93945,46.16795],[-118.94025,46.16665],[-118.93874,46.17336],[-118.9409,46.17358],[-118.9376,46.17524]]],[[[-121.28838,45.97554],[-121.28798,45.97141],[-121.29466,45.96904],[-121.29711,45.97106],[-121.28838,45.97554]]]]},"bbox":[-121.29712,45.96904,-118.93746,46.17527]},{"type":"Feature","id":28992,"properties":{"y":2016,"n":"Canal Fire","ag":"FWS","ac":18.1,"c":14,"cl":"Unknown","ad":"2016-06-14","cd":"","st":"WA","se":2},"geometry":{"type":"Polygon","coordinates":[[[-119.66586,46.70417],[-119.67032,46.70373],[-119.6717,46.7047],[-119.67038,46.706],[-119.66586,46.70417]]]},"bbox":[-119.6717,46.70372,-119.6656,46.706]},{"type":"Feature","id":28993,"properties":{"y":2016,"n":"Divison Rd","ag":"PRI","ac":723.8,"c":14,"cl":"Unknown","ad":"2016-08-30","cd":"","st":"WA","se":2},"geometry":{"type":"Polygon","coordinates":[[[-119.48948,46.84232],[-119.4913,46.83833],[-119.53288,46.84286],[-119.52853,46.85021],[-119.52225,46.85069],[-119.50549,46.85011],[-119.48948,46.84232]]]},"bbox":[-119.53288,46.83833,-119.48948,46.85069]},{"type":"Feature","id":28994,"properties":{"y":2016,"n":"Boardman","ag":"FWS","ac":1140.9,"c":14,"cl":"Unknown","ad":"2016-08-14","cd":"","st":"WA","se":2},"geometry":{"type":"Polygon","coordinates":[[[-119.82267,45.83959],[-119.756,45.83449],[-119.85854,45.82844],[-119.84705,45.83618],[-119.82267,45.83959]]]},"bbox":[-119.85854,45.82794,-119.756,45.83959]},{"type":"Feature","id":28995,"properties":{"y":2013,"n":"Ringold","ag":"FWS","ac":7.6,"c":14,"cl":"Unknown","ad":"2020-08-16","cd":"","st":"WA","se":2},"geometry":{"type":"Polygon","coordinates":[[[-119.28324,46.53675],[-119.27972,46.53216],[-119.2799,46.53164],[-119.28141,46.53278],[-119.28324,46.53675]]]},"bbox":[-119.28331,46.53163,-119.27961,46.53677]},{"type":"Feature","id":28996,"properties":{"y":2013,"n":"Saddle North","ag":"FWS","ac":16.3,"c":14,"cl":"Unknown","ad":"2020-09-20","cd":"","st":"WA","se":3},"geometry":{"type":"Polygon","coordinates":[[[-119.51747,46.78565],[-119.52036,46.78665],[-119.52312,46.7889],[-119.52089,46.78909],[-119.51747,46.78565]]]},"bbox":[-119.52312,46.78564,-119.51716,46.78937]},{"type":"Feature","id":28997,"properties":{"y":2013,"n":"Madame Dorion","ag":"FWS","ac":9.4,"c":14,"cl":"Unknown","ad":"2020-10-18","cd":"","st":"WA","se":3},"geometry":{"type":"Polygon","coordinates":[[[-118.90168,46.06814],[-118.89748,46.07002],[-118.89594,46.07019],[-118.89756,46.06873],[-118.90168,46.06814]]]},"bbox":[-118.90188,46.06779,-118.89594,46.07026]},{"type":"Feature","id":28998,"properties":{"y":2013,"n":"Lower Crab Creek East","ag":"State","ac":485.3,"c":14,"cl":"Unknown","ad":"2020-10-18","cd":"","st":"WA","se":3},"geometry":{"type":"Polygon","coordinates":[[[-119.45428,46.81922],[-119.45834,46.81617],[-119.49406,46.82099],[-119.49532,46.82241],[-119.46696,46.82533],[-119.45428,46.81922]]]},"bbox":[-119.49532,46.81617,-119.45413,46.82533]},{"type":"Feature","id":28999,"properties":{"y":2014,"n":"Sand Station","ag":"FWS","ac":248.0,"c":14,"cl":"Unknown","ad":"2014-09-08","cd":"","st":"WA","se":3},"geometry":{"type":"Polygon","coordinates":[[[-119.09928,45.92713],[-119.07362,45.94156],[-119.06694,45.94049],[-119.08394,45.9305],[-119.09245,45.93046],[-119.0897,45.92917],[-119.09353,45.92898],[-119.0924,45.92646],[-119.09928,45.92713]]]},"bbox":[-119.09935,45.92569,-119.06692,45.94189]},{"type":"Feature","id":29000,"properties":{"y":2014,"n":"Grassy Island","ag":"FWS","ac":14.6,"c":14,"cl":"Unknown","ad":"2014-11-21","cd":"","st":"WA","se":3},"geometry":{"type":"MultiPolygon","coordinates":[[[[-124.05096,46.64171],[-124.05486,46.6442],[-124.05431,46.64515],[-124.05542,46.64587],[-124.05476,46.64672],[-124.05096,46.64171]]],[[[-124.05444,46.64518],[-124.05444,46.64518],[-124.05444,46.64518],[-124.05444,46.64518]]]]},"bbox":[-124.05542,46.64171,-124.04961,46.64683]},{"type":"Feature","id":29001,"properties":{"y":2015,"n":"Slough","ag":"FWS","ac":0.0,"c":14,"cl":"Unknown","ad":"2015-08-20","cd":"","st":"WA","se":2},"geometry":{"type":"Polygon","coordinates":[[[-118.94575,46.16776],[-118.94575,46.16776],[-118.94575,46.16776],[-118.94575,46.16776]]]},"bbox":[-118.94575,46.16776,-118.94575,46.16776]},{"type":"Feature","id":29002,"properties":{"y":2015,"n":"Cheneyplaza","ag":"PRI","ac":123.4,"c":14,"cl":"Unknown","ad":"2015-08-02","cd":"","st":"WA","se":2},"geometry":{"type":"Polygon","coordinates":[[[-117.60134,47.38567],[-117.5999,47.37864],[-117.60654,47.37549],[-117.60697,47.3831],[-117.60134,47.38567]]]},"bbox":[-117.60851,47.37539,-117.59949,47.38567]},{"type":"Feature","id":29003,"properties":{"y":2015,"n":"Saddle Lakes Fire","ag":"FWS","ac":14045.6,"c":14,"cl":"Unknown","ad":"2015-07-21","cd":"","st":"WA","se":2},"geometry":{"type":"Polygon","coordinates":[[[-119.61853,46.73786],[-119.55981,46.73736],[-119.5584,46.72638],[-119.53954,46.70831],[-119.59948,46.66079],[-119.6556,46.66409],[-119.661,46.67008],[-119.66112,46.67711],[-119.65251,46.67807],[-119.64919,46.68289],[-119.65601,46.68609],[-119.64825,46.69101],[-119.62873,46.69162],[-119.64707,46.6941],[-119.67351,46.7077],[-119.64196,46.73044],[-119.6243,46.73314],[-119.61853,46.73786]],[[-119.55484,46.70311],[-119.5577,46.70266],[-119.5601,46.70033],[-119.55575,46.69997],[-119.55484,46.70311]],[[-119.58764,46.70511],[-119.56071,46.69785],[-119.55872,46.69871],[-119.56385,46.70059],[-119.5617,46.70327],[-119.56957,46.70603],[-119.56454,46.70604],[-119.56788,46.70896],[-119.57204,46.70936],[-119.57057,46.70777],[-119.57198,46.70622],[-119.57077,46.70524],[-119.57095,46.70463],[-119.57952,46.70921],[-119.57686,46.70986],[-119.57722,46.71045],[-119.5799,46.70998],[-119.58369,46.71075],[-119.58664,46.71251],[-119.58871,46.71172],[-119.57936,46.70774],[-119.58142,46.70786],[-119.57966,46.70479],[-119.58628,46.70791],[-119.58764,46.70511]],[[-119.5787,46.71105],[-119.58083,46.71151],[-119.58111,46.71081],[-119.5787,46.71105]]]},"bbox":[-119.67351,46.65943,-119.53954,46.7382]},{"type":"Feature","id":29004,"properties":{"y":2015,"n":"Mile Post 48","ag":"FWS","ac":30.2,"c":14,"cl":"Unknown","ad":"2015-07-21","cd":"","st":"WA","se":2},"geometry":{"type":"Polygon","coordinates":[[[-119.68229,46.67823],[-119.68631,46.6812],[-119.68592,46.68315],[-119.68278,46.68338],[-119.68229,46.67823]]]},"bbox":[-119.68689,46.67823,-119.68229,46.6837]},{"type":"Feature","id":29005,"properties":{"y":2016,"n":"Martin Road","ag":"PRI","ac":50.8,"c":14,"cl":"Unknown","ad":"2016-08-31","cd":"","st":"WA","se":2},"geometry":{"type":"MultiPolygon","coordinates":[[[[-117.62299,47.29032],[-117.61975,47.29626],[-117.61707,47.29662],[-117.61517,47.29649],[-117.61487,47.29635],[-117.61784,47.29135],[-117.62299,47.29032]],[[-117.61539,47.29647],[-117.61536,47.29647],[-117.61539,47.29647],[-117.61539,47.29647]]],[[[-117.61889,47.29093],[-117.619,47.29093],[-117.61873,47.29098],[-117.61889,47.29093]]],[[[-117.61873,47.29098],[-117.61873,47.29098],[-117.61872,47.29098],[-117.61873,47.29098]]],[[[-117.61872,47.29098],[-117.61858,47.29099],[-117.6186,47.29098],[-117.61872,47.29098]]]]},"bbox":[-117.62349,47.29032,-117.61487,47.29663]},{"type":"Feature","id":29006,"properties":{"y":2016,"n":"Blue Bird","ag":"PRI","ac":7.6,"c":14,"cl":"Unknown","ad":"2016-04-10","cd":"","st":"WA","se":1},"geometry":{"type":"Polygon","coordinates":[[[-119.23655,46.91298],[-119.23388,46.91281],[-119.23604,46.91236],[-119.23655,46.91298]]]},"bbox":[-119.23655,46.91223,-119.23348,46.91426]},{"type":"Feature","id":29007,"properties":{"y":2016,"n":"Juniper Bluffs","ag":"FWS","ac":660.0,"c":14,"cl":"Unknown","ad":"2016-09-27","cd":"","st":"WA","se":3},"geometry":{"type":"Polygon","coordinates":[[[-119.03684,45.95606],[-119.02879,45.95267],[-119.0278,45.94859],[-119.03229,45.94821],[-119.03321,45.95208],[-119.06188,45.94098],[-119.07677,45.94093],[-119.05789,45.95107],[-119.03684,45.95606]]]},"bbox":[-119.07677,45.94021,-119.02746,45.95723]},{"type":"Feature","id":29008,"properties":{"y":2016,"n":"Lower Rattlesnake","ag":"FWS","ac":16.9,"c":14,"cl":"Unknown","ad":"2016-07-25","cd":"","st":"WA","se":2},"geometry":{"type":"Polygon","coordinates":[[[-119.42785,46.38573],[-119.42396,46.38353],[-119.42378,46.38339],[-119.42891,46.38263],[-119.42785,46.38573]]]},"bbox":[-119.42891,46.38263,-119.42378,46.38573]},{"type":"Feature","id":29009,"properties":{"y":2015,"n":"Harmony","ag":"PRI","ac":60.0,"c":14,"cl":"Unknown","ad":"2015-10-12","cd":"","st":"WA","se":3},"geometry":{"type":"Polygon","coordinates":[[[-117.65605,47.43719],[-117.64695,47.44251],[-117.64544,47.44304],[-117.65124,47.43597],[-117.65518,47.43466],[-117.65605,47.43719]]]},"bbox":[-117.65619,47.43466,-117.64542,47.44312]},{"type":"Feature","id":29010,"properties":{"y":2017,"n":"Goose Lake","ag":"BOR","ac":707.2,"c":14,"cl":"Unknown","ad":"2017-07-16","cd":"","st":"WA","se":2},"geometry":{"type":"Polygon","coordinates":[[[-119.27637,46.94057],[-119.2608,46.94611],[-119.24993,46.94331],[-119.2437,46.93133],[-119.25324,46.93389],[-119.26422,46.93032],[-119.27329,46.93157],[-119.27637,46.94057]]]},"bbox":[-119.27677,46.93032,-119.24361,46.94611]},{"type":"Feature","id":29011,"properties":{"y":2017,"n":"L Rd","ag":"PRI","ac":387.2,"c":14,"cl":"Unknown","ad":"2017-08-01","cd":"","st":"WA","se":2},"geometry":{"type":"Polygon","coordinates":[[[-119.74778,46.679],[-119.74181,46.67885],[-119.73289,46.66805],[-119.73582,46.65816],[-119.74152,46.66476],[-119.74817,46.66384],[-119.74778,46.679]]]},"bbox":[-119.7482,46.65799,-119.73282,46.67905]},{"type":"Feature","id":29012,"properties":{"y":2017,"n":"Reach","ag":"FWS","ac":608.5,"c":14,"cl":"Unknown","ad":"2017-09-06","cd":"","st":"WA","se":3},"geometry":{"type":"Polygon","coordinates":[[[-119.37254,46.60586],[-119.35769,46.60074],[-119.35101,46.5947],[-119.36792,46.58606],[-119.37151,46.58859],[-119.36489,46.59038],[-119.3791,46.59648],[-119.37254,46.60586]]]},"bbox":[-119.3791,46.58606,-119.35099,46.60591]},{"type":"Feature","id":29013,"properties":{"y":2017,"n":"Wahluke","ag":"FWS","ac":20.6,"c":14,"cl":"Unknown","ad":"2017-07-31","cd":"","st":"WA","se":2},"geometry":{"type":"Polygon","coordinates":[[[-119.59188,46.68036],[-119.58718,46.67967],[-119.5923,46.67717],[-119.59188,46.68036]]]},"bbox":[-119.59277,46.67691,-119.58718,46.68078]},{"type":"Feature","id":29014,"properties":{"y":2017,"n":"Wallula Lake","ag":"FWS","ac":12.9,"c":14,"cl":"Unknown","ad":"2017-08-07","cd":"","st":"WA","se":2},"geometry":{"type":"Polygon","coordinates":[[[-118.96027,46.16518],[-118.95579,46.16694],[-118.96049,46.16443],[-118.96027,46.16518]]]},"bbox":[-118.96049,46.1643,-118.95579,46.16752]},{"type":"Feature","id":29015,"properties":{"y":2018,"n":"Hwy 24 Mm 56","ag":"FWS","ac":1.4,"c":14,"cl":"Unknown","ad":"2018-03-14","cd":"","st":"WA","se":1},"geometry":{"type":"Polygon","coordinates":[[[-119.55927,46.73825],[-119.55863,46.73874],[-119.55743,46.73826],[-119.55927,46.73825]]]},"bbox":[-119.55927,46.73825,-119.55743,46.73874]},{"type":"Feature","id":29016,"properties":{"y":2018,"n":"Ice Harbor","ag":"PRI","ac":11.2,"c":14,"cl":"Unknown","ad":"2018-06-27","cd":"","st":"WA","se":2},"geometry":{"type":"MultiPolygon","coordinates":[[[[-119.00247,46.20952],[-119.00742,46.20954],[-119.00932,46.2107],[-119.00247,46.20952]]],[[[-119.00594,46.2094],[-119.00593,46.2094],[-119.00591,46.20941],[-119.00594,46.2094]]]]},"bbox":[-119.00932,46.20923,-119.00247,46.21164]},{"type":"Feature","id":29017,"properties":{"y":2018,"n":"L Road","ag":"FWS","ac":22316.9,"c":14,"cl":"Unknown","ad":"2018-09-12","cd":"","st":"WA","se":3},"geometry":{"type":"Polygon","coordinates":[[[-119.61959,46.65209],[-119.65299,46.64264],[-119.70411,46.6509],[-119.73362,46.64435],[-119.74208,46.64653],[-119.75131,46.64371],[-119.75067,46.65777],[-119.69837,46.67435],[-119.6778,46.70415],[-119.64062,46.73021],[-119.6198,46.73703],[-119.55966,46.73679],[-119.55847,46.72667],[-119.53978,46.70875],[-119.56176,46.69403],[-119.59014,46.66755],[-119.61959,46.65209]]]},"bbox":[-119.75149,46.64264,-119.53978,46.73703]},{"type":"Feature","id":29018,"properties":{"y":2018,"n":"Lake Wallula","ag":"FWS","ac":12382.1,"c":14,"cl":"Unknown","ad":"2018-07-29","cd":"","st":"WA","se":2},"geometry":{"type":"Polygon","coordinates":[[[-118.95098,45.97127],[-118.95308,45.95733],[-118.96266,45.94994],[-118.97322,45.91713],[-118.97712,45.91405],[-118.98648,45.92052],[-119.05762,45.92326],[-119.06046,45.93393],[-119.07438,45.92136],[-119.09424,45.91559],[-119.10028,45.91512],[-119.10356,45.92222],[-119.1002,45.92769],[-119.062,45.94931],[-119.02176,45.96428],[-119.00059,45.97551],[-118.98016,45.99747],[-118.96862,45.99718],[-118.96689,45.98476],[-118.96064,45.97713],[-118.97803,45.96633],[-118.97701,45.96363],[-118.96825,45.96402],[-118.96598,45.95978],[-118.96185,45.96251],[-118.96498,45.97236],[-118.94049,45.98836],[-118.95098,45.97127]],[[-119.03659,45.95829],[-119.0375,45.95779],[-119.03647,45.95814],[-119.03659,45.95829]]]},"bbox":[-119.10381,45.91405,-118.93989,45.99757]},{"type":"Feature","id":29019,"properties":{"y":2019,"n":"Cold Creek","ag":"FWS","ac":41747.8,"c":14,"cl":"Unknown","ad":"2019-08-19","cd":"","st":"WA","se":2},"geometry":{"type":"Polygon","coordinates":[[[-119.54398,46.38044],[-119.54905,46.37446],[-119.55899,46.37109],[-119.5694,46.37499],[-119.60892,46.40367],[-119.64407,46.42098],[-119.67933,46.41969],[-119.68977,46.42297],[-119.70722,46.41797],[-119.71282,46.41922],[-119.71994,46.42533],[-119.73025,46.42599],[-119.74522,46.43487],[-119.74474,46.44175],[-119.77292,46.45361],[-119.76843,46.47285],[-119.77546,46.48728],[-119.78904,46.49828],[-119.79118,46.52282],[-119.78802,46.53373],[-119.76851,46.54444],[-119.77757,46.55613],[-119.76967,46.57051],[-119.76596,46.57329],[-119.74226,46.57478],[-119.71849,46.56303],[-119.71035,46.56236],[-119.69982,46.55482],[-119.69082,46.54757],[-119.67138,46.51944],[-119.68552,46.51146],[-119.68174,46.50359],[-119.65709,46.49031],[-119.64589,46.45807],[-119.62682,46.44487],[-119.5902,46.43148],[-119.54339,46.40037],[-119.51004,46.38356],[-119.53228,46.37406],[-119.54398,46.38044]]]},"bbox":[-119.79118,46.37109,-119.51004,46.57547]},{"type":"Feature","id":29020,"properties":{"y":2019,"n":"Mp 309","ag":"FWS","ac":15.8,"c":14,"cl":"Unknown","ad":"2019-06-21","cd":"","st":"WA","se":2},"geometry":{"type":"Polygon","coordinates":[[[-118.87234,46.05294],[-118.87098,46.05731],[-118.86952,46.05729],[-118.86902,46.05547],[-118.87234,46.05294]]]},"bbox":[-118.87301,46.05292,-118.86881,46.05733]},{"type":"Feature","id":29021,"properties":{"y":2019,"n":"Stateline","ag":"FWS","ac":25.2,"c":14,"cl":"Unknown","ad":"2019-07-09","cd":"","st":"WA","se":2},"geometry":{"type":"MultiPolygon","coordinates":[[[[-118.97135,45.99909],[-118.97136,45.9991],[-118.97147,45.99903],[-118.97134,45.99875],[-118.97366,45.99912],[-118.97402,45.99878],[-118.97376,45.99824],[-118.97386,45.99814],[-118.97705,45.99947],[-118.97545,46.00063],[-118.97346,46.00048],[-118.97069,46.00063],[-118.97066,46.0006],[-118.97047,46.00064],[-118.97022,46.00054],[-118.97015,46.00055],[-118.96973,46.00031],[-118.96859,46.00001],[-118.96983,45.99921],[-118.97138,45.99897],[-118.97134,45.99908],[-118.97135,45.99909]],[[-118.97066,46.0006],[-118.97067,46.0006],[-118.97064,46.00059],[-118.97066,46.0006]],[[-118.97067,46.0006],[-118.97072,46.00062],[-118.9707,46.0006],[-118.97067,46.0006]],[[-118.96898,45.99985],[-118.969,45.99983],[-118.969,45.99982],[-118.96898,45.99985]],[[-118.96931,45.99963],[-118.96931,45.99966],[-118.96935,45.99965],[-118.96931,45.99963]],[[-118.97016,46.00053],[-118.97016,46.00054],[-118.97016,46.00054],[-118.97016,46.00053]],[[-118.97389,45.99833],[-118.97388,45.9983],[-118.97388,45.9983],[-118.97389,45.99833]],[[-118.97388,45.9983],[-118.97386,45.99828],[-118.97383,45.99831],[-118.97388,45.9983]]],[[[-118.97135,45.99909],[-118.97134,45.99909],[-118.97136,45.99909],[-118.97135,45.99909]]],[[[-118.97015,46.00055],[-118.97015,46.00056],[-118.97014,46.00055],[-118.97015,46.00055]]],[[[-118.96923,46.00021],[-118.96924,46.00021],[-118.96922,46.0002],[-118.96923,46.00021]]],[[[-118.96924,45.99957],[-118.96924,45.99957],[-118.96924,45.99957],[-118.96924,45.99957]]],[[[-118.96924,45.99957],[-118.96924,45.99957],[-118.96924,45.99957],[-118.96924,45.99957]]],[[[-118.96924,45.99958],[-118.96924,45.99957],[-118.96925,45.99958],[-118.96924,45.99958]]],[[[-118.97016,46.00056],[-118.97017,46.00055],[-118.97018,46.00055],[-118.97016,46.00056]]],[[[-118.97278,45.99894],[-118.97277,45.99894],[-118.97277,45.99894],[-118.97278,45.99894]]],[[[-118.97277,45.99894],[-118.97277,45.99895],[-118.97277,45.99895],[-118.97277,45.99894]]]]},"bbox":[-118.97705,45.99814,-118.96859,46.00064]},{"type":"Feature","id":29022,"properties":{"y":2019,"n":"Van Fire","ag":"FWS","ac":1.0,"c":14,"cl":"Unknown","ad":"2019-07-02","cd":"","st":"WA","se":2},"geometry":{"type":"Polygon","coordinates":[[[-119.75446,46.5741],[-119.75773,46.57353],[-119.75777,46.57367],[-119.75446,46.5741]]]},"bbox":[-119.75777,46.57353,-119.75443,46.5741]},{"type":"Feature","id":29023,"properties":{"y":2020,"n":"Two Rivers","ag":"FWS","ac":13.8,"c":14,"cl":"Unknown","ad":"2020-07-10","cd":"","st":"WA","se":2},"geometry":{"type":"Polygon","coordinates":[[[-118.93844,46.14234],[-118.94009,46.14238],[-118.94118,46.14917],[-118.93844,46.14234]]]},"bbox":[-118.94166,46.14229,-118.93844,46.14917]},{"type":"Feature","id":29024,"properties":{"y":2020,"n":"West Fire","ag":"FWS","ac":47.2,"c":14,"cl":"Unknown","ad":"2020-06-05","cd":"","st":"WA","se":2},"geometry":{"type":"MultiPolygon","coordinates":[[[[-119.11285,45.91989],[-119.12415,45.91696],[-119.11951,45.91975],[-119.11211,45.92251],[-119.11285,45.91989]],[[-119.11755,45.91867],[-119.11758,45.91867],[-119.11755,45.91867],[-119.11755,45.91867]]],[[[-119.12348,45.91612],[-119.12347,45.91614],[-119.12347,45.91613],[-119.12348,45.91612]]]]},"bbox":[-119.12428,45.91586,-119.11195,45.9226]},{"type":"Feature","id":29025,"properties":{"y":2020,"n":"730 Command","ag":"FWS","ac":103.0,"c":14,"cl":"Unknown","ad":"2020-08-11","cd":"","st":"WA","se":2},"geometry":{"type":"Polygon","coordinates":[[[-119.10071,45.9229],[-119.11025,45.92065],[-119.1151,45.9228],[-119.09927,45.92801],[-119.10071,45.9229]]]},"bbox":[-119.1151,45.92065,-119.0992,45.92802]},{"type":"Feature","id":29026,"properties":{"y":2018,"n":"Walpr-Fy19-Rx-S Mcdowell Piles","ag":"FWS","ac":401.2,"c":14,"cl":"Unknown","ad":"2020-11-09","cd":"","st":"WA","se":3},"geometry":{"type":"Polygon","coordinates":[[[-117.67032,48.45987],[-117.65789,48.45111],[-117.66936,48.45073],[-117.67987,48.44516],[-117.69621,48.44881],[-117.68744,48.44837],[-117.68042,48.45422],[-117.67274,48.4539],[-117.67089,48.45613],[-117.67402,48.4591],[-117.67032,48.45987]]]},"bbox":[-117.69621,48.44515,-117.65775,48.45987]},{"type":"Feature","id":29027,"properties":{"y":2018,"n":"Walpr-Fy19-Rx-Starvation South","ag":"FWS","ac":266.5,"c":14,"cl":"Unknown","ad":"2020-10-29","cd":"","st":"WA","se":3},"geometry":{"type":"MultiPolygon","coordinates":[[[[-117.72247,48.47854],[-117.70904,48.47651],[-117.6939,48.4732],[-117.70557,48.47064],[-117.71088,48.47382],[-117.71941,48.47146],[-117.72736,48.47474],[-117.72247,48.47854]]],[[[-117.7298,48.46901],[-117.72969,48.4666],[-117.73577,48.46876],[-117.73551,48.46888],[-117.7298,48.46901]]]]},"bbox":[-117.73577,48.4666,-117.69387,48.47854]},{"type":"Feature","id":29028,"properties":{"y":2018,"n":"Watbr-Fy19-Rx-Campbell/Lasher Piles","ag":"FWS","ac":20.9,"c":14,"cl":"Unknown","ad":"2020-12-19","cd":"","st":"WA","se":4},"geometry":{"type":"Polygon","coordinates":[[[-117.60921,47.43715],[-117.61027,47.4342],[-117.61422,47.43502],[-117.61154,47.43663],[-117.60921,47.43715]]]},"bbox":[-117.61422,47.4342,-117.60767,47.43715]},{"type":"Feature","id":29029,"properties":{"y":2019,"n":"Wamnr-Fy19-Rx-Mfb-Piles","ag":"FWS","ac":4.6,"c":14,"cl":"Unknown","ad":"2020-03-01","cd":"","st":"WA","se":1},"geometry":{"type":"Polygon","coordinates":[[[-118.98185,46.20439],[-118.97933,46.20525],[-118.97933,46.20438],[-118.98185,46.20439]]]},"bbox":[-118.98185,46.20437,-118.97933,46.20526]},{"type":"Feature","id":29030,"properties":{"y":2019,"n":"Walpr-Fy19-Rx-Starvation South","ag":"FWS","ac":133.0,"c":14,"cl":"Unknown","ad":"2020-07-03","cd":"","st":"WA","se":2},"geometry":{"type":"MultiPolygon","coordinates":[[[[-117.72083,48.47026],[-117.72082,48.47027],[-117.72083,48.47026],[-117.72083,48.47026]]],[[[-117.72083,48.47026],[-117.72593,48.46384],[-117.7306,48.46251],[-117.72762,48.47506],[-117.72083,48.47026]]],[[[-117.72082,48.47027],[-117.72082,48.47029],[-117.72081,48.47028],[-117.72082,48.47027]]]]},"bbox":[-117.73101,48.46249,-117.71954,48.47506]},{"type":"Feature","id":29031,"properties":{"y":2019,"n":"Wacbr-Fy19-Rx-Columbia Nwr Ditches","ag":"FWS","ac":2.8,"c":14,"cl":"Unknown","ad":"2020-04-18","cd":"","st":"WA","se":1},"geometry":{"type":"MultiPolygon","coordinates":[[[[-119.38995,46.86666],[-119.38964,46.8657],[-119.38997,46.86299],[-119.38995,46.86666]]],[[[-119.43708,46.84403],[-119.43858,46.84397],[-119.44073,46.84423],[-119.44274,46.84397],[-119.44073,46.84427],[-119.43696,46.84408],[-119.43258,46.84468],[-119.43708,46.84403]]]]},"bbox":[-119.44274,46.84394,-119.38964,46.8671]},{"type":"Feature","id":29032,"properties":{"y":2019,"n":"Watbr-Fy17-Rx-W Stubblefield","ag":"FWS","ac":54.5,"c":14,"cl":"Unknown","ad":"2020-10-01","cd":"","st":"WA","se":3},"geometry":{"type":"Polygon","coordinates":[[[-117.54227,47.3947],[-117.5353,47.39171],[-117.52822,47.39184],[-117.54062,47.39111],[-117.54227,47.3947]]]},"bbox":[-117.54235,47.39091,-117.52817,47.39478]},{"type":"Feature","id":29033,"properties":{"y":2019,"n":"Wacnr-Fy19-Rx-Hq-Ne Ridge","ag":"FWS","ac":15.0,"c":14,"cl":"Unknown","ad":"2020-05-24","cd":"","st":"WA","se":1},"geometry":{"type":"Polygon","coordinates":[[[-121.34095,45.97754],[-121.34121,45.97553],[-121.34541,45.97788],[-121.34095,45.97754]]]},"bbox":[-121.34546,45.97553,-121.34095,45.97854]},{"type":"Feature","id":29034,"properties":{"y":2018,"n":"Wamnr-Fy19-Rx-Field 4","ag":"FWS","ac":29.0,"c":14,"cl":"Unknown","ad":"2020-11-09","cd":"","st":"WA","se":3},"geometry":{"type":"Polygon","coordinates":[[[-118.96618,46.2051],[-118.96209,46.20267],[-118.96786,46.20303],[-118.96618,46.2051]]]},"bbox":[-118.96786,46.20251,-118.96129,46.20521]},{"type":"Feature","id":29035,"properties":{"y":2019,"n":"Wahfr-Fy19-Rx-Wb10","ag":"FWS","ac":10.8,"c":14,"cl":"Unknown","ad":"2020-03-28","cd":"","st":"WA","se":1},"geometry":{"type":"Polygon","coordinates":[[[-119.35986,46.66033],[-119.36363,46.65709],[-119.36156,46.66182],[-119.35986,46.66033]]]},"bbox":[-119.36398,46.657,-119.35986,46.66182]},{"type":"Feature","id":29036,"properties":{"y":2020,"n":"Trailer","ag":"FWS","ac":0.6,"c":14,"cl":"Unknown","ad":"2023-03-14","cd":"","st":"WA","se":1},"geometry":{"type":"Polygon","coordinates":[[[-119.67359,46.83976],[-119.67435,46.84019],[-119.67367,46.84022],[-119.67359,46.83976]]]},"bbox":[-119.67435,46.83976,-119.67359,46.84022]},{"type":"Feature","id":29037,"properties":{"y":2021,"n":"Burbank","ag":"FWS","ac":7860.4,"c":14,"cl":"Unknown","ad":"2023-03-14","cd":"","st":"WA","se":1},"geometry":{"type":"Polygon","coordinates":[[[-120.42114,46.69329],[-120.44491,46.70075],[-120.42737,46.71232],[-120.41665,46.71302],[-120.41257,46.70582],[-120.38953,46.7142],[-120.38973,46.72324],[-120.38588,46.72331],[-120.38813,46.72604],[-120.3843,46.72963],[-120.38662,46.7295],[-120.38468,46.73523],[-120.39101,46.74989],[-120.38293,46.75323],[-120.3768,46.75234],[-120.37849,46.75021],[-120.37561,46.7449],[-120.36585,46.73904],[-120.34733,46.73239],[-120.35115,46.72736],[-120.34467,46.72305],[-120.33998,46.71068],[-120.33974,46.70687],[-120.3455,46.70595],[-120.34114,46.70058],[-120.34495,46.69498],[-120.33419,46.69444],[-120.33141,46.68378],[-120.33744,46.68235],[-120.34191,46.67639],[-120.36039,46.6748],[-120.36003,46.67916],[-120.3639,46.68194],[-120.36075,46.6888],[-120.38563,46.69374],[-120.38863,46.69157],[-120.38524,46.68187],[-120.3872,46.67565],[-120.42114,46.69329]]]},"bbox":[-120.44491,46.6748,-120.33141,46.75323]},{"type":"Feature","id":29038,"properties":{"y":2024,"n":"Barton","ag":"FWS","ac":12.7,"c":14,"cl":"Unknown","ad":"2024-08-20","cd":"","st":"WA","se":2},"geometry":{"type":"Polygon","coordinates":[[[-119.34419,46.81274],[-119.3427,46.8156],[-119.33938,46.81603],[-119.34419,46.81274]]]},"bbox":[-119.34429,46.81265,-119.33922,46.81644]},{"type":"Feature","id":29039,"properties":{"y":2020,"n":"Morgan Lake","ag":"FWS","ac":2.1,"c":14,"cl":"Unknown","ad":"2023-03-14","cd":"","st":"WA","se":1},"geometry":{"type":"Polygon","coordinates":[[[-119.2437,46.92828],[-119.24201,46.92714],[-119.24218,46.92702],[-119.2437,46.92828]]]},"bbox":[-119.2437,46.92702,-119.24201,46.92848]},{"type":"Feature","id":29040,"properties":{"y":2024,"n":"Morgan Lake","ag":"FWS","ac":67.7,"c":14,"cl":"Unknown","ad":"2024-08-01","cd":"","st":"WA","se":2},"geometry":{"type":"Polygon","coordinates":[[[-119.22898,46.90744],[-119.2317,46.9191],[-119.22613,46.914],[-119.22898,46.90744]]]},"bbox":[-119.23211,46.90744,-119.22585,46.9191]},{"type":"Feature","id":29041,"properties":{"y":2024,"n":"Cold Creek","ag":"FWS","ac":574.9,"c":14,"cl":"Unknown","ad":"2024-07-25","cd":"","st":"WA","se":2},"geometry":{"type":"Polygon","coordinates":[[[-119.67457,46.49535],[-119.66774,46.49406],[-119.6682,46.49078],[-119.65576,46.48894],[-119.65411,46.481],[-119.66586,46.47834],[-119.67766,46.48511],[-119.68095,46.49296],[-119.67457,46.49535]]]},"bbox":[-119.68097,46.47796,-119.65352,46.49536]},{"type":"Feature","id":29042,"properties":{"y":2024,"n":"Curtis","ag":"FWS","ac":0.6,"c":14,"cl":"Unknown","ad":"2024-12-04","cd":"","st":"WA","se":4},"geometry":{"type":"Polygon","coordinates":[[[-117.53946,47.48298],[-117.54032,47.48292],[-117.53951,47.48322],[-117.53946,47.48298]]]},"bbox":[-117.54032,47.48264,-117.53944,47.48323]},{"type":"Feature","id":29043,"properties":{"y":2021,"n":"Zirkle","ag":"FWS","ac":263.1,"c":14,"cl":"Unknown","ad":"2023-03-14","cd":"","st":"WA","se":1},"geometry":{"type":"Polygon","coordinates":[[[-119.81691,46.56607],[-119.81365,46.55627],[-119.81949,46.55408],[-119.82549,46.55674],[-119.82712,46.56394],[-119.81691,46.56607]]]},"bbox":[-119.82712,46.55408,-119.81365,46.56648]},{"type":"Feature","id":29044,"properties":{"y":2020,"n":"Saddle Mountain","ag":"FWS","ac":7714.4,"c":14,"cl":"Unknown","ad":"2023-03-14","cd":"","st":"WA","se":1},"geometry":{"type":"Polygon","coordinates":[[[-119.57192,46.80062],[-119.57725,46.80253],[-119.56834,46.8244],[-119.55615,46.8247],[-119.55554,46.82059],[-119.55219,46.82005],[-119.52148,46.81899],[-119.51637,46.81175],[-119.50395,46.80542],[-119.5067,46.78157],[-119.50243,46.76496],[-119.57977,46.76679],[-119.57885,46.76999],[-119.57154,46.76961],[-119.57558,46.78889],[-119.57192,46.80062]]]},"bbox":[-119.57977,46.76428,-119.50243,46.8247]},{"type":"Feature","id":29045,"properties":{"y":2024,"n":"Soap Lake","ag":"BIA","ac":13.2,"c":14,"cl":"Unknown","ad":"2025-01-07","cd":"","st":"WA","se":4},"geometry":{"type":"MultiPolygon","coordinates":[[[[-119.65758,48.28275],[-119.66047,48.28407],[-119.65703,48.28389],[-119.65758,48.28275]]],[[[-119.65716,48.28344],[-119.65718,48.28343],[-119.65716,48.28346],[-119.65716,48.28344]]],[[[-119.65719,48.28341],[-119.6572,48.28341],[-119.65719,48.28341],[-119.65719,48.28341]]]]},"bbox":[-119.66121,48.28189,-119.65702,48.28413]},{"type":"Feature","id":29046,"properties":{"y":2024,"n":"6 Mile","ag":"BIA","ac":95.5,"c":14,"cl":"Unknown","ad":"2025-01-07","cd":"","st":"WA","se":4},"geometry":{"type":"Polygon","coordinates":[[[-118.41436,47.95673],[-118.42044,47.96453],[-118.41698,47.96485],[-118.40965,47.95885],[-118.41436,47.95673]]]},"bbox":[-118.42045,47.95673,-118.40963,47.96505]},{"type":"Feature","id":29047,"properties":{"y":2024,"n":"Stranger Creek Ii","ag":"BIA","ac":65.4,"c":14,"cl":"Unknown","ad":"2025-01-07","cd":"","st":"WA","se":4},"geometry":{"type":"Polygon","coordinates":[[[-118.35228,48.25151],[-118.34695,48.25004],[-118.34625,48.24706],[-118.35345,48.24708],[-118.35228,48.25151]]]},"bbox":[-118.3545,48.24594,-118.34622,48.25151]},{"type":"Feature","id":29048,"properties":{"y":2024,"n":"Swawilla I","ag":"BIA","ac":53791.8,"c":14,"cl":"Unknown","ad":"2025-01-06","cd":"","st":"WA","se":4},"geometry":{"type":"Polygon","coordinates":[[[-118.78517,48.11037],[-118.77502,48.1092],[-118.7673,48.10154],[-118.75272,48.10238],[-118.74473,48.09822],[-118.73628,48.08155],[-118.74468,48.08023],[-118.74028,48.07586],[-118.70204,48.0754],[-118.69683,48.07446],[-118.69395,48.07002],[-118.67892,48.06884],[-118.67263,48.06407],[-118.66897,48.05107],[-118.67719,48.04444],[-118.67036,48.04075],[-118.67514,48.0331],[-118.67352,48.02882],[-118.67666,48.02868],[-118.67948,48.01724],[-118.68751,48.00628],[-118.68643,48.00055],[-118.69301,47.99578],[-118.69324,47.98587],[-118.69886,47.97986],[-118.69884,47.97497],[-118.71902,47.96958],[-118.7188,47.94939],[-118.72823,47.94387],[-118.734,47.93552],[-118.73338,47.92301],[-118.77911,47.92167],[-118.78574,47.93161],[-118.77799,47.93726],[-118.78264,47.94132],[-118.77562,47.95109],[-118.78486,47.95021],[-118.78524,47.9585],[-118.78079,47.96826],[-118.79029,47.96893],[-118.79756,47.9775],[-118.81253,47.97655],[-118.81699,47.97917],[-118.82636,47.97601],[-118.84545,47.98499],[-118.85302,47.9827],[-118.85424,47.98934],[-118.86171,47.9886],[-118.88715,48.00124],[-118.88278,48.00654],[-118.89146,48.00291],[-118.89729,48.0061],[-118.89163,48.01024],[-118.89839,48.01232],[-118.8968,48.01718],[-118.90081,48.02935],[-118.88459,48.04021],[-118.89738,48.03695],[-118.90274,48.03907],[-118.90206,48.04559],[-118.89701,48.05148],[-118.88468,48.0479],[-118.87842,48.05115],[-118.87788,48.05593],[-118.87415,48.05389],[-118.87008,48.05673],[-118.87213,48.06099],[-118.87554,48.06064],[-118.87437,48.06439],[-118.89612,48.06874],[-118.8939,48.07433],[-118.89895,48.07258],[-118.89014,48.0855],[-118.88188,48.08716],[-118.8768,48.08251],[-118.8682,48.0839],[-118.86862,48.0941],[-118.86692,48.09992],[-118.86354,48.09898],[-118.86369,48.0949],[-118.8562,48.09897],[-118.82702,48.08645],[-118.8094,48.09194],[-118.80045,48.08917],[-118.79962,48.0951],[-118.80684,48.10586],[-118.78517,48.11037]],[[-118.69526,48.02584],[-118.70038,48.02411],[-118.70061,48.02087],[-118.69526,48.02584]],[[-118.70368,48.04653],[-118.70639,48.04608],[-118.70779,48.0455],[-118.70368,48.04653]],[[-118.71818,48.02068],[-118.71965,48.02287],[-118.71865,48.01989],[-118.71818,48.02068]],[[-118.72104,48.03116],[-118.72394,48.02686],[-118.72154,48.0252],[-118.72104,48.03116]],[[-118.74174,48.08279],[-118.74034,48.08103],[-118.73916,48.08229],[-118.73982,48.08197],[-118.74174,48.08279]],[[-118.79347,48.06988],[-118.7926,48.06385],[-118.78503,48.06234],[-118.78641,48.06848],[-118.78908,48.06868],[-118.78657,48.0694],[-118.79347,48.06988]]]},"bbox":[-118.90383,47.92026,-118.66882,48.11112]},{"type":"Feature","id":29049,"properties":{"y":2024,"n":"Oldenway 1","ag":"BIA","ac":20.7,"c":14,"cl":"Unknown","ad":"2024-12-16","cd":"","st":"WA","se":4},"geometry":{"type":"Polygon","coordinates":[[[-120.38558,46.39745],[-120.38391,46.40068],[-120.37925,46.40053],[-120.38273,46.39957],[-120.38558,46.39745]]]},"bbox":[-120.38594,46.39743,-120.37924,46.4007]},{"type":"Feature","id":29050,"properties":{"y":2024,"n":"Pasco & Pierre","ag":"BIA","ac":19.2,"c":14,"cl":"Unknown","ad":"2024-12-16","cd":"","st":"WA","se":4},"geometry":{"type":"Polygon","coordinates":[[[-120.14445,46.20737],[-120.14064,46.20783],[-120.14166,46.20484],[-120.14445,46.20737]]]},"bbox":[-120.14445,46.20484,-120.14042,46.20952]},{"type":"Feature","id":29051,"properties":{"y":2024,"n":"Middle Mountain","ag":"BIA","ac":13.7,"c":14,"cl":"Unknown","ad":"2025-01-06","cd":"","st":"WA","se":4},"geometry":{"type":"MultiPolygon","coordinates":[[[[-118.30017,48.12049],[-118.29995,48.12058],[-118.29922,48.12062],[-118.29822,48.12127],[-118.29589,48.1213],[-118.29766,48.11927],[-118.29978,48.11934],[-118.30071,48.11985],[-118.30016,48.12008],[-118.3003,48.12041],[-118.30017,48.12049]],[[-118.29991,48.12056],[-118.29989,48.12054],[-118.29985,48.12056],[-118.29991,48.12056]],[[-118.30009,48.12044],[-118.30012,48.12046],[-118.30008,48.12044],[-118.30009,48.12044]]],[[[-118.29692,48.1191],[-118.29694,48.11907],[-118.29696,48.11909],[-118.29692,48.1191]]]]},"bbox":[-118.30071,48.11907,-118.29587,48.12142]},{"type":"Feature","id":29052,"properties":{"y":2024,"n":"1980 Slide Ranch","ag":"BIA","ac":3103.8,"c":14,"cl":"Unknown","ad":"2024-06-27","cd":"","st":"WA","se":2},"geometry":{"type":"Polygon","coordinates":[[[-120.67312,46.37065],[-120.65075,46.36873],[-120.65916,46.36459],[-120.66984,46.36523],[-120.66982,46.36114],[-120.66219,46.36298],[-120.67291,46.35088],[-120.68301,46.34614],[-120.6706,46.34895],[-120.67019,46.34279],[-120.68147,46.33901],[-120.68547,46.3421],[-120.68675,46.33556],[-120.69592,46.33892],[-120.69595,46.33538],[-120.70693,46.3293],[-120.732,46.32999],[-120.72699,46.3369],[-120.72831,46.34162],[-120.72206,46.34542],[-120.71787,46.3454],[-120.71716,46.34613],[-120.71484,46.34623],[-120.71172,46.34744],[-120.71681,46.34645],[-120.71685,46.3498],[-120.71173,46.34954],[-120.714,46.34999],[-120.70086,46.36077],[-120.67312,46.37065]],[[-120.70949,46.35032],[-120.7105,46.35123],[-120.71163,46.3499],[-120.70949,46.35032]]]},"bbox":[-120.73241,46.32823,-120.65075,46.37099]},{"type":"Feature","id":29053,"properties":{"y":2024,"n":"Fry Field","ag":"BIA","ac":34.7,"c":14,"cl":"Unknown","ad":"2025-01-28","cd":"","st":"WA","se":4},"geometry":{"type":"Polygon","coordinates":[[[-118.31023,48.2587],[-118.30871,48.25453],[-118.31407,48.25308],[-118.31193,48.25748],[-118.31023,48.2587]]]},"bbox":[-118.31411,48.25294,-118.30791,48.25882]},{"type":"Feature","id":29054,"properties":{"y":2024,"n":"North Camas","ag":"BIA","ac":23.1,"c":14,"cl":"Unknown","ad":"2024-10-10","cd":"","st":"WA","se":3},"geometry":{"type":"Polygon","coordinates":[[[-120.42205,46.47418],[-120.41689,46.46895],[-120.42434,46.47417],[-120.42205,46.47418]]]},"bbox":[-120.42434,46.46895,-120.41598,46.47426]},{"type":"Feature","id":29055,"properties":{"y":2024,"n":"Castle Rock Creek","ag":"BIA","ac":111.0,"c":14,"cl":"Unknown","ad":"2024-12-04","cd":"","st":"WA","se":4},"geometry":{"type":"Polygon","coordinates":[[[-118.34265,47.98274],[-118.34918,47.99113],[-118.33748,47.99077],[-118.34265,47.98274]]]},"bbox":[-118.34951,47.98258,-118.33716,47.9921]},{"type":"Feature","id":29056,"properties":{"y":2024,"n":"Camas & Industrial","ag":"BIA","ac":92.1,"c":14,"cl":"Unknown","ad":"2024-06-17","cd":"","st":"WA","se":2},"geometry":{"type":"MultiPolygon","coordinates":[[[[-120.41179,46.45974],[-120.40605,46.46078],[-120.4039,46.46204],[-120.40669,46.45967],[-120.41179,46.45974]]],[[[-120.40616,46.45846],[-120.40613,46.45844],[-120.40615,46.45845],[-120.40616,46.45846]]],[[[-120.40615,46.45845],[-120.40447,46.45434],[-120.4116,46.45527],[-120.41587,46.45903],[-120.40615,46.45845]]],[[[-120.40624,46.45364],[-120.40623,46.45363],[-120.40626,46.45363],[-120.40624,46.45364]]]]},"bbox":[-120.41589,46.45359,-120.4039,46.46213]},{"type":"Feature","id":29057,"properties":{"y":2024,"n":"Owhi Flats","ag":"BIA","ac":84.0,"c":14,"cl":"Unknown","ad":"2025-01-06","cd":"","st":"WA","se":4},"geometry":{"type":"Polygon","coordinates":[[[-118.85076,48.22236],[-118.84751,48.21754],[-118.84828,48.21285],[-118.85448,48.22075],[-118.85076,48.22236]]]},"bbox":[-118.85448,48.2128,-118.84717,48.22297]},{"type":"Feature","id":29058,"properties":{"y":2024,"n":"Stepstone","ag":"BIA","ac":30.5,"c":14,"cl":"Unknown","ad":"2024-11-22","cd":"","st":"WA","se":3},"geometry":{"type":"Polygon","coordinates":[[[-118.94595,48.30628],[-118.9421,48.30654],[-118.94087,48.30292],[-118.94454,48.30259],[-118.94595,48.30628]]]},"bbox":[-118.94644,48.30255,-118.94045,48.30656]},{"type":"Feature","id":29059,"properties":{"y":2023,"n":"Devils Gulch","ag":"USFS","ac":0.0,"c":14,"cl":"Unknown","ad":"2023-07-28","cd":"","st":"WA","se":2},"geometry":{"type":"Polygon","coordinates":[[[-120.41852,47.31537],[-120.41856,47.31539],[-120.41852,47.3154],[-120.41852,47.31537]]]},"bbox":[-120.41856,47.31537,-120.41852,47.3154]},{"type":"Feature","id":29060,"properties":{"y":2023,"n":"Quartz Junior","ag":"USFS","ac":1.0,"c":14,"cl":"Unknown","ad":"2023-10-26","cd":"","st":"WA","se":3},"geometry":{"type":"Polygon","coordinates":[[[-121.8022,46.22747],[-121.80182,46.22665],[-121.80286,46.22714],[-121.8022,46.22747]]]},"bbox":[-121.80286,46.22665,-121.80182,46.22747]},{"type":"Feature","id":29061,"properties":{"y":2023,"n":"Fourth Of July","ag":"USFS","ac":0.1,"c":14,"cl":"Unknown","ad":"2023-07-28","cd":"","st":"WA","se":2},"geometry":{"type":"Polygon","coordinates":[[[-120.79679,47.57718],[-120.79667,47.57693],[-120.79687,47.57707],[-120.79679,47.57718]]]},"bbox":[-120.79687,47.57692,-120.79657,47.57718]},{"type":"Feature","id":29062,"properties":{"y":2023,"n":"Bonanza","ag":"USFS","ac":0.0,"c":14,"cl":"Unknown","ad":"2023-07-28","cd":"","st":"WA","se":2},"geometry":{"type":"Polygon","coordinates":[[[-120.60946,47.38824],[-120.60952,47.38802],[-120.60953,47.38825],[-120.60946,47.38824]]]},"bbox":[-120.60954,47.38796,-120.60942,47.38826]},{"type":"Feature","id":29063,"properties":{"y":2023,"n":"Fish Lake","ag":"USFS","ac":0.1,"c":14,"cl":"Unknown","ad":"2023-07-28","cd":"","st":"WA","se":2},"geometry":{"type":"Polygon","coordinates":[[[-120.6923,47.83855],[-120.69197,47.8386],[-120.69193,47.83846],[-120.6923,47.83855]]]},"bbox":[-120.6923,47.83846,-120.69193,47.83861]},{"type":"Feature","id":29064,"properties":{"y":2023,"n":"Adams Fork","ag":"USFS","ac":9.5,"c":14,"cl":"Unknown","ad":"2023-10-24","cd":"","st":"WA","se":3},"geometry":{"type":"Polygon","coordinates":[[[-121.66583,46.3343],[-121.66473,46.33688],[-121.66238,46.33631],[-121.66583,46.3343]]]},"bbox":[-121.66609,46.3343,-121.66236,46.33697]},{"type":"Feature","id":29065,"properties":{"y":2023,"n":"Quartz Creek","ag":"USFS","ac":0.3,"c":14,"cl":"Unknown","ad":"2023-07-19","cd":"","st":"WA","se":2},"geometry":{"type":"Polygon","coordinates":[[[-121.1604,47.02793],[-121.16067,47.02849],[-121.16006,47.02792],[-121.1604,47.02793]]]},"bbox":[-121.16067,47.02792,-121.16006,47.02851]},{"type":"Feature","id":29066,"properties":{"y":2023,"n":"Green Mountain","ag":"USFS","ac":0.2,"c":14,"cl":"Unknown","ad":"2023-09-21","cd":"","st":"WA","se":3},"geometry":{"type":"Polygon","coordinates":[[[-121.83494,48.12742],[-121.83522,48.12777],[-121.83473,48.1276],[-121.83494,48.12742]]]},"bbox":[-121.83545,48.12742,-121.83473,48.12777]},{"type":"Feature","id":29067,"properties":{"y":2023,"n":"Thompson","ag":"USFS","ac":8.3,"c":14,"cl":"Unknown","ad":"2023-10-10","cd":"","st":"WA","se":3},"geometry":{"type":"MultiPolygon","coordinates":[[[[-120.76127,47.7273],[-120.76127,47.7273],[-120.7613,47.72731],[-120.7614,47.72735],[-120.76129,47.72814],[-120.75993,47.72557],[-120.7611,47.72594],[-120.76098,47.72609],[-120.76078,47.72605],[-120.7608,47.72607],[-120.76076,47.72608],[-120.76093,47.72624],[-120.76084,47.72616],[-120.76067,47.72628],[-120.76116,47.72646],[-120.76073,47.72688],[-120.76126,47.72715],[-120.76121,47.72727],[-120.76124,47.7273],[-120.76125,47.72729],[-120.76127,47.7273]]],[[[-120.76127,47.7273],[-120.76128,47.72728],[-120.76127,47.7273],[-120.76127,47.7273]]],[[[-120.7608,47.72607],[-120.76081,47.72607],[-120.76081,47.72609],[-120.7608,47.72607]]],[[[-120.76081,47.72609],[-120.76081,47.72609],[-120.76081,47.72609],[-120.76081,47.72609]]],[[[-120.76108,47.72678],[-120.76112,47.72679],[-120.76108,47.72678],[-120.76108,47.72678]]],[[[-120.7611,47.72689],[-120.76114,47.7269],[-120.76112,47.72693],[-120.7611,47.72689]]],[[[-120.76112,47.72694],[-120.76113,47.72695],[-120.76112,47.72697],[-120.76112,47.72694]]],[[[-120.76116,47.72672],[-120.76117,47.72673],[-120.76117,47.72676],[-120.76116,47.72672]]],[[[-120.76116,47.72672],[-120.76113,47.72672],[-120.76115,47.72672],[-120.76116,47.72672]]],[[[-120.76127,47.72727],[-120.76127,47.72727],[-120.76127,47.72727],[-120.76127,47.72727]]]]},"bbox":[-120.76148,47.72557,-120.7588,47.72816]},{"type":"Feature","id":29068,"properties":{"y":2023,"n":"Tieton","ag":"USFS","ac":5.3,"c":14,"cl":"Unknown","ad":"2023-07-08","cd":"","st":"WA","se":2},"geometry":{"type":"Polygon","coordinates":[[[-121.41557,46.5603],[-121.41718,46.55897],[-121.41747,46.5594],[-121.41557,46.5603]]]},"bbox":[-121.41748,46.55897,-121.41448,46.5603]},{"type":"Feature","id":29069,"properties":{"y":2023,"n":"Grassy Mountain","ag":"USFS","ac":44.8,"c":14,"cl":"Unknown","ad":"2024-04-25","cd":"","st":"WA","se":1},"geometry":{"type":"Polygon","coordinates":[[[-121.87654,46.56986],[-121.87958,46.5687],[-121.88308,46.57189],[-121.87754,46.57326],[-121.87654,46.56986]]]},"bbox":[-121.88315,46.56861,-121.87542,46.5733]},{"type":"Feature","id":29070,"properties":{"y":2023,"n":"Independence","ag":"USFS","ac":1.5,"c":14,"cl":"Unknown","ad":"2023-10-12","cd":"","st":"WA","se":3},"geometry":{"type":"Polygon","coordinates":[[[-123.27988,47.36803],[-123.27996,47.36718],[-123.28052,47.36739],[-123.27988,47.36803]]]},"bbox":[-123.28052,47.36714,-123.2793,47.36803]},{"type":"Feature","id":29071,"properties":{"y":2023,"n":"Swakane","ag":"USFS","ac":0.0,"c":14,"cl":"Unknown","ad":"2023-07-28","cd":"","st":"WA","se":2},"geometry":{"type":"Polygon","coordinates":[[[-120.45631,47.60727],[-120.45624,47.60723],[-120.45634,47.60727],[-120.45631,47.60727]]]},"bbox":[-120.45634,47.60722,-120.45622,47.60729]},{"type":"Feature","id":29072,"properties":{"y":2024,"n":"Vista Ridge","ag":"USFS","ac":6.0,"c":14,"cl":"Unknown","ad":"2024-12-19","cd":"","st":"WA","se":4},"geometry":{"type":"Polygon","coordinates":[[[-121.07867,48.17645],[-121.07633,48.17618],[-121.07797,48.17515],[-121.07867,48.17645]]]},"bbox":[-121.07867,48.17515,-121.07633,48.17721]},{"type":"Feature","id":29073,"properties":{"y":2024,"n":"Tacoma","ag":"USFS","ac":6.4,"c":14,"cl":"Unknown","ad":"2024-09-09","cd":"","st":"WA","se":3},"geometry":{"type":"Polygon","coordinates":[[[-117.43215,48.48042],[-117.43012,48.48052],[-117.42906,48.47945],[-117.43003,48.47882],[-117.43215,48.48042]]]},"bbox":[-117.43224,48.47881,-117.42906,48.48077]},{"type":"Feature","id":29074,"properties":{"y":2024,"n":"Rapid River","ag":"USFS","ac":1.3,"c":14,"cl":"Unknown","ad":"2024-12-05","cd":"","st":"WA","se":4},"geometry":{"type":"Polygon","coordinates":[[[-121.12421,47.81383],[-121.12377,47.8155],[-121.12359,47.8135],[-121.12421,47.81383]]]},"bbox":[-121.12421,47.8135,-121.12359,47.8155]},{"type":"Feature","id":29075,"properties":{"y":2024,"n":"Dike Road North","ag":"USFS","ac":21.8,"c":14,"cl":"Unknown","ad":"2024-12-04","cd":"","st":"WA","se":4},"geometry":{"type":"Polygon","coordinates":[[[-117.28549,48.35541],[-117.28561,48.35836],[-117.28292,48.36545],[-117.28289,48.36185],[-117.28549,48.35541]]]},"bbox":[-117.28577,48.35541,-117.2827,48.36545]},{"type":"Feature","id":29076,"properties":{"y":2024,"n":"Canyon Creek","ag":"USFS","ac":0.2,"c":14,"cl":"Unknown","ad":"2024-12-19","cd":"","st":"WA","se":4},"geometry":{"type":"Polygon","coordinates":[[[-121.90865,48.95357],[-121.90914,48.95336],[-121.90922,48.95357],[-121.90865,48.95357]]]},"bbox":[-121.90922,48.9533,-121.90865,48.9536]},{"type":"Feature","id":29077,"properties":{"y":2024,"n":"Goosetail","ag":"USFS","ac":6.8,"c":14,"cl":"Unknown","ad":"2024-12-09","cd":"","st":"WA","se":4},"geometry":{"type":"Polygon","coordinates":[[[-120.16022,47.78088],[-120.16265,47.77962],[-120.16322,47.78076],[-120.16022,47.78088]]]},"bbox":[-120.16322,47.77962,-120.15982,47.78088]},{"type":"Feature","id":29078,"properties":{"y":2024,"n":"Potato","ag":"USFS","ac":0.0,"c":14,"cl":"Unknown","ad":"2024-08-14","cd":"","st":"WA","se":2},"geometry":{"type":"Polygon","coordinates":[[[-120.3343,47.82231],[-120.33438,47.82238],[-120.33429,47.82233],[-120.3343,47.82231]]]},"bbox":[-120.33443,47.82231,-120.33429,47.82238]},{"type":"Feature","id":29079,"properties":{"y":2024,"n":"Mission Creek","ag":"USFS","ac":4.2,"c":14,"cl":"Unknown","ad":"2024-10-10","cd":"","st":"WA","se":3},"geometry":{"type":"Polygon","coordinates":[[[-120.50448,47.44564],[-120.5057,47.44633],[-120.50466,47.44775],[-120.50448,47.44564]]]},"bbox":[-120.50584,47.4452,-120.50441,47.44777]},{"type":"Feature","id":29080,"properties":{"y":2024,"n":"Conger","ag":"USFS","ac":0.2,"c":14,"cl":"Unknown","ad":"2024-09-09","cd":"","st":"WA","se":3},"geometry":{"type":"Polygon","coordinates":[[[-117.42185,48.39623],[-117.42149,48.39651],[-117.42143,48.39632],[-117.42185,48.39623]]]},"bbox":[-117.4219,48.39623,-117.42143,48.39654]},{"type":"Feature","id":29081,"properties":{"y":2024,"n":"Lanham Creek","ag":"USFS","ac":0.0,"c":14,"cl":"Unknown","ad":"2024-10-10","cd":"","st":"WA","se":3},"geometry":{"type":"Polygon","coordinates":[[[-121.01354,47.76604],[-121.01355,47.76586],[-121.01366,47.76596],[-121.01354,47.76604]]]},"bbox":[-121.01366,47.76586,-121.01334,47.76604]},{"type":"Feature","id":29082,"properties":{"y":2024,"n":"Middle Ridge","ag":"USFS","ac":10.0,"c":14,"cl":"Unknown","ad":"2024-12-19","cd":"","st":"WA","se":4},"geometry":{"type":"Polygon","coordinates":[[[-121.01447,48.18674],[-121.01302,48.18898],[-121.01269,48.18725],[-121.01447,48.18674]]]},"bbox":[-121.01524,48.18674,-121.01263,48.18942]},{"type":"Feature","id":29083,"properties":{"y":2024,"n":"Thomas","ag":"USFS","ac":9.1,"c":14,"cl":"Unknown","ad":"2024-10-23","cd":"","st":"WA","se":3},"geometry":{"type":"Polygon","coordinates":[[[-121.15888,47.30461],[-121.16232,47.30507],[-121.15883,47.30529],[-121.15888,47.30461]]]},"bbox":[-121.16267,47.30352,-121.15877,47.30545]},{"type":"Feature","id":29084,"properties":{"y":2024,"n":"Le Bar","ag":"USFS","ac":1.7,"c":14,"cl":"Unknown","ad":"2024-10-09","cd":"","st":"WA","se":3},"geometry":{"type":"Polygon","coordinates":[[[-123.32842,47.41811],[-123.32824,47.41761],[-123.32937,47.41739],[-123.32842,47.41811]]]},"bbox":[-123.32937,47.41732,-123.3272,47.41811]},{"type":"Feature","id":29085,"properties":{"y":2024,"n":"Clark Canyon","ag":"USFS","ac":0.0,"c":14,"cl":"Unknown","ad":"2024-10-10","cd":"","st":"WA","se":3},"geometry":{"type":"Polygon","coordinates":[[[-120.62612,47.6777],[-120.62632,47.67761],[-120.62635,47.67764],[-120.62612,47.6777]]]},"bbox":[-120.62635,47.67759,-120.62612,47.67771]}]}