{"type":"FeatureCollection","features":[{"type":"Feature","id":44686,"properties":{"y":2013,"n":"Read","ag":"USFS","ac":10.9,"c":14,"cl":"Unknown","ad":"2014-02-01","cd":"","st":"NM","se":4},"geometry":{"type":"Polygon","coordinates":[[[-105.61831,33.6489],[-105.61937,33.64738],[-105.62186,33.64871],[-105.62124,33.64968],[-105.62076,33.64924],[-105.61936,33.64942],[-105.61831,33.6489]]]},"bbox":[-105.62186,33.64738,-105.61831,33.64968]},{"type":"Feature","id":44687,"properties":{"y":2024,"n":"Blue Front","ag":"USFS","ac":323.2,"c":14,"cl":"Unknown","ad":"2024-11-25","cd":"","st":"NM","se":3},"geometry":{"type":"MultiPolygon","coordinates":[[[[-105.78727,33.41771],[-105.78923,33.41908],[-105.78887,33.42006],[-105.78854,33.41974],[-105.78776,33.4203],[-105.78758,33.41938],[-105.78637,33.41926],[-105.78639,33.41845],[-105.78727,33.41771]]],[[[-105.79649,33.41614],[-105.79723,33.41552],[-105.79702,33.41628],[-105.79758,33.41594],[-105.79914,33.41742],[-105.79973,33.41716],[-105.79984,33.41768],[-105.80072,33.4175],[-105.80096,33.41797],[-105.80147,33.41747],[-105.80215,33.41756],[-105.80399,33.41909],[-105.80445,33.41881],[-105.80539,33.41921],[-105.80608,33.41975],[-105.80551,33.42065],[-105.80611,33.42109],[-105.80764,33.42068],[-105.80902,33.42208],[-105.80828,33.42305],[-105.80717,33.4235],[-105.80779,33.42488],[-105.80682,33.4253],[-105.80619,33.42507],[-105.80631,33.42607],[-105.8057,33.42624],[-105.80536,33.42579],[-105.80473,33.42613],[-105.80432,33.42477],[-105.80309,33.42494],[-105.80251,33.42544],[-105.80208,33.42724],[-105.80117,33.42741],[-105.80124,33.42867],[-105.80034,33.42825],[-105.7999,33.42862],[-105.79661,33.42882],[-105.79598,33.42762],[-105.79601,33.42514],[-105.79672,33.42447],[-105.79778,33.42465],[-105.7991,33.42419],[-105.79935,33.42313],[-105.79824,33.42365],[-105.79799,33.42331],[-105.7985,33.42236],[-105.79719,33.42245],[-105.79652,33.42172],[-105.79521,33.42135],[-105.79208,33.42137],[-105.79176,33.42189],[-105.79115,33.42157],[-105.79078,33.422],[-105.79028,33.42079],[-105.78957,33.42102],[-105.78954,33.4202],[-105.79115,33.41901],[-105.79191,33.41941],[-105.79194,33.41873],[-105.79257,33.41832],[-105.79222,33.41693],[-105.79287,33.41619],[-105.79397,33.41688],[-105.79463,33.41627],[-105.79529,33.41655],[-105.79649,33.41614]]],[[[-105.7987,33.42952],[-105.7996,33.42926],[-105.7988,33.42967],[-105.7987,33.42952]]],[[[-105.8032,33.42603],[-105.80342,33.42671],[-105.80289,33.42628],[-105.8032,33.42603]]],[[[-105.80385,33.42602],[-105.80439,33.42613],[-105.80409,33.42635],[-105.80385,33.42602]]]]},"bbox":[-105.80902,33.4155,-105.78632,33.42967]},{"type":"Feature","id":44688,"properties":{"y":1978,"n":"Ussery","ag":"USFS","ac":35.9,"c":14,"cl":"Unknown","ad":"1994-02-01","cd":"","st":"NM","se":4},"geometry":{"type":"Polygon","coordinates":[[[-104.67965,32.06806],[-104.68674,32.06436],[-104.68769,32.06471],[-104.68615,32.06628],[-104.67977,32.06921],[-104.67965,32.06806]]]},"bbox":[-104.68769,32.06435,-104.67948,32.06921]},{"type":"Feature","id":44689,"properties":{"y":1968,"n":"Yankee","ag":"USFS","ac":127.1,"c":14,"cl":"Unknown","ad":"1994-02-01","cd":"","st":"NM","se":4},"geometry":{"type":"Polygon","coordinates":[[[-105.51425,33.49035],[-105.51419,33.49156],[-105.51256,33.49357],[-105.5085,33.49678],[-105.50783,33.49817],[-105.50799,33.49924],[-105.50567,33.49904],[-105.50247,33.49997],[-105.50133,33.49964],[-105.50038,33.49827],[-105.49888,33.49867],[-105.50004,33.4971],[-105.51425,33.49035]]]},"bbox":[-105.51438,33.49035,-105.4988,33.49997]},{"type":"Feature","id":44690,"properties":{"y":2005,"n":"Antelope","ag":"USFS","ac":90.1,"c":14,"cl":"Unknown","ad":"2006-02-01","cd":"","st":"NM","se":4},"geometry":{"type":"Polygon","coordinates":[[[-104.95471,32.46349],[-104.95586,32.46637],[-104.95335,32.46826],[-104.95293,32.46978],[-104.94968,32.46982],[-104.94877,32.46856],[-104.94785,32.46826],[-104.94605,32.4686],[-104.9457,32.46812],[-104.947,32.46668],[-104.94851,32.46619],[-104.94901,32.46476],[-104.95271,32.46507],[-104.95353,32.46392],[-104.95471,32.46349]]]},"bbox":[-104.9559,32.46349,-104.9457,32.46982]},{"type":"Feature","id":44691,"properties":{"y":2005,"n":"Crooked","ag":"USFS","ac":72.4,"c":14,"cl":"Unknown","ad":"2006-02-01","cd":"","st":"NM","se":4},"geometry":{"type":"Polygon","coordinates":[[[-105.01234,32.51924],[-105.01406,32.52112],[-105.013,32.52193],[-105.01257,32.52412],[-105.0111,32.52563],[-105.00839,32.52521],[-105.00799,32.52251],[-105.00676,32.5225],[-105.00613,32.52202],[-105.00722,32.52095],[-105.01137,32.52003],[-105.01234,32.51924]]]},"bbox":[-105.01406,32.51918,-105.00613,32.52563]},{"type":"Feature","id":44692,"properties":{"y":2007,"n":"Lookout","ag":"USFS","ac":20.4,"c":14,"cl":"Unknown","ad":"2007-02-01","cd":"","st":"NM","se":4},"geometry":{"type":"Polygon","coordinates":[[[-104.75023,32.09452],[-104.74876,32.09504],[-104.74845,32.09304],[-104.75154,32.08954],[-104.75198,32.0907],[-104.75159,32.09173],[-104.75001,32.09318],[-104.75023,32.09452]]]},"bbox":[-104.75204,32.08954,-104.74842,32.09511]},{"type":"Feature","id":44696,"properties":{"y":2019,"n":"Middle","ag":"USFS","ac":782.5,"c":14,"cl":"Unknown","ad":"2020-03-19","cd":"","st":"NM","se":1},"geometry":{"type":"Polygon","coordinates":[[[-105.39563,32.78968],[-105.39577,32.78687],[-105.39451,32.78385],[-105.3921,32.78043],[-105.39113,32.77635],[-105.39101,32.77274],[-105.39012,32.77211],[-105.37937,32.77552],[-105.37256,32.77573],[-105.36965,32.77683],[-105.37087,32.77876],[-105.36902,32.77963],[-105.36809,32.78174],[-105.36912,32.78303],[-105.37088,32.78372],[-105.37466,32.78377],[-105.38158,32.78474],[-105.38573,32.78442],[-105.38597,32.78488],[-105.38334,32.78571],[-105.38616,32.78727],[-105.38657,32.78829],[-105.38632,32.78929],[-105.38502,32.78765],[-105.37807,32.78525],[-105.37176,32.78451],[-105.37255,32.78775],[-105.37015,32.78612],[-105.3668,32.78255],[-105.3677,32.77633],[-105.35928,32.77508],[-105.35522,32.7766],[-105.35212,32.77676],[-105.35213,32.77575],[-105.35693,32.77532],[-105.3579,32.77476],[-105.36207,32.76961],[-105.36564,32.76697],[-105.36791,32.76639],[-105.3745,32.76602],[-105.38752,32.76855],[-105.39149,32.77083],[-105.39259,32.77103],[-105.39284,32.77185],[-105.39204,32.77395],[-105.39171,32.77706],[-105.39252,32.77978],[-105.3951,32.78298],[-105.39681,32.78661],[-105.39674,32.78986],[-105.39563,32.78968]]]},"bbox":[-105.39681,32.76602,-105.35212,32.78986]},{"type":"Feature","id":44698,"properties":{"y":1985,"n":"Johnny","ag":"USFS","ac":25.6,"c":14,"cl":"Unknown","ad":"1994-02-01","cd":"","st":"NM","se":4},"geometry":{"type":"Polygon","coordinates":[[[-105.30844,33.58655],[-105.3032,33.58644],[-105.3034,33.58454],[-105.30874,33.58464],[-105.30844,33.58655]]]},"bbox":[-105.30874,33.58454,-105.3032,33.58655]},{"type":"Feature","id":44699,"properties":{"y":2008,"n":"Pepper","ag":"USFS","ac":412.2,"c":14,"cl":"Unknown","ad":"2009-02-01","cd":"","st":"NM","se":4},"geometry":{"type":"Polygon","coordinates":[[[-105.60431,32.75152],[-105.60406,32.75038],[-105.60263,32.74924],[-105.60257,32.74745],[-105.60027,32.74504],[-105.59983,32.74389],[-105.60034,32.74254],[-105.60369,32.74173],[-105.60631,32.74225],[-105.60804,32.74166],[-105.61158,32.74139],[-105.61453,32.74212],[-105.61609,32.74138],[-105.61699,32.73961],[-105.61821,32.73889],[-105.62128,32.7393],[-105.62389,32.74102],[-105.62397,32.74232],[-105.62324,32.74242],[-105.6224,32.74152],[-105.62067,32.74184],[-105.6206,32.74452],[-105.61783,32.74479],[-105.61692,32.74551],[-105.6167,32.7452],[-105.61603,32.74557],[-105.61472,32.74681],[-105.6139,32.74689],[-105.61705,32.74961],[-105.61681,32.75039],[-105.61516,32.75128],[-105.60958,32.75011],[-105.60865,32.75129],[-105.60676,32.75125],[-105.6055,32.7507],[-105.60431,32.75152]]]},"bbox":[-105.62408,32.73887,-105.59983,32.75152]},{"type":"Feature","id":44700,"properties":{"y":1988,"n":"Copeland","ag":"USFS","ac":25.7,"c":14,"cl":"Unknown","ad":"1994-02-01","cd":"","st":"NM","se":4},"geometry":{"type":"Polygon","coordinates":[[[-105.27881,33.61249],[-105.27339,33.61062],[-105.27413,33.60894],[-105.27955,33.61063],[-105.27881,33.61249]]]},"bbox":[-105.27955,33.60894,-105.27339,33.61249]},{"type":"Feature","id":44701,"properties":{"y":1960,"n":"Unknown","ag":"USFS","ac":48.7,"c":14,"cl":"Unknown","ad":"1994-02-01","cd":"","st":"NM","se":4},"geometry":{"type":"Polygon","coordinates":[[[-105.44812,33.53939],[-105.44249,33.53929],[-105.44247,33.53599],[-105.44798,33.53609],[-105.44836,33.53782],[-105.44812,33.53939]]]},"bbox":[-105.44836,33.53599,-105.44247,33.53944]},{"type":"Feature","id":44702,"properties":{"y":1911,"n":"Unknown","ag":"USFS","ac":340.8,"c":14,"cl":"Unknown","ad":"1994-02-01","cd":"","st":"NM","se":4},"geometry":{"type":"Polygon","coordinates":[[[-105.70923,33.3202],[-105.70659,33.32072],[-105.70393,33.31829],[-105.7032,33.31656],[-105.701,33.31425],[-105.70077,33.31081],[-105.70116,33.30886],[-105.70345,33.30646],[-105.70491,33.30593],[-105.70878,33.30544],[-105.71124,33.30631],[-105.71217,33.3106],[-105.712,33.31386],[-105.71112,33.31721],[-105.70923,33.3202]]]},"bbox":[-105.71217,33.30544,-105.70077,33.32078]},{"type":"Feature","id":44703,"properties":{"y":1974,"n":"School","ag":"USFS","ac":341.0,"c":14,"cl":"Unknown","ad":"1994-02-01","cd":"","st":"NM","se":4},"geometry":{"type":"Polygon","coordinates":[[[-105.66137,33.37593],[-105.66076,33.37571],[-105.65884,33.37696],[-105.65872,33.37927],[-105.65966,33.38137],[-105.65892,33.38162],[-105.65734,33.38506],[-105.65407,33.38593],[-105.6517,33.38556],[-105.64891,33.38436],[-105.64807,33.38222],[-105.64849,33.38038],[-105.65139,33.3764],[-105.65183,33.37452],[-105.65904,33.36985],[-105.66077,33.36771],[-105.66045,33.36866],[-105.66083,33.37149],[-105.66175,33.37461],[-105.66137,33.37593]]]},"bbox":[-105.66176,33.36771,-105.64807,33.38593]},{"type":"Feature","id":44706,"properties":{"y":1993,"n":"Outlaw","ag":"USFS","ac":72.4,"c":14,"cl":"Unknown","ad":"1994-02-01","cd":"","st":"NM","se":4},"geometry":{"type":"Polygon","coordinates":[[[-105.70182,33.70297],[-105.70069,33.70267],[-105.70107,33.70125],[-105.70052,33.70062],[-105.7006,33.69842],[-105.70298,33.6963],[-105.70623,33.69687],[-105.70665,33.69947],[-105.70471,33.70069],[-105.70441,33.70181],[-105.70182,33.70297]]]},"bbox":[-105.70665,33.6963,-105.70037,33.70298]},{"type":"Feature","id":44707,"properties":{"y":1971,"n":"Busy","ag":"USFS","ac":117.6,"c":14,"cl":"Unknown","ad":"1994-02-01","cd":"","st":"NM","se":4},"geometry":{"type":"Polygon","coordinates":[[[-105.64238,33.94638],[-105.63496,33.94644],[-105.63488,33.94006],[-105.64186,33.93985],[-105.64238,33.94638]]]},"bbox":[-105.64238,33.93985,-105.63488,33.94644]},{"type":"Feature","id":44708,"properties":{"y":1971,"n":"Eureka","ag":"USFS","ac":32.9,"c":14,"cl":"Unknown","ad":"1994-02-01","cd":"","st":"NM","se":4},"geometry":{"type":"Polygon","coordinates":[[[-105.66438,33.92343],[-105.65938,33.92337],[-105.65941,33.92069],[-105.66443,33.92094],[-105.66438,33.92343]]]},"bbox":[-105.66444,33.92069,-105.65938,33.92343]},{"type":"Feature","id":44709,"properties":{"y":1969,"n":"Divide","ag":"USFS","ac":154.9,"c":14,"cl":"Unknown","ad":"1994-02-01","cd":"","st":"NM","se":4},"geometry":{"type":"Polygon","coordinates":[[[-105.66313,33.61367],[-105.66392,33.61043],[-105.66268,33.61004],[-105.6647,33.60682],[-105.66338,33.60725],[-105.66175,33.61096],[-105.66082,33.61001],[-105.66238,33.60491],[-105.6637,33.60353],[-105.66379,33.60166],[-105.66311,33.60106],[-105.66331,33.60017],[-105.66408,33.59986],[-105.66531,33.6001],[-105.66577,33.60097],[-105.66618,33.60498],[-105.6691,33.60709],[-105.67027,33.60853],[-105.67045,33.60952],[-105.66859,33.61087],[-105.66714,33.61112],[-105.66625,33.61298],[-105.66525,33.61384],[-105.6638,33.61421],[-105.66313,33.61367]]]},"bbox":[-105.67045,33.59986,-105.66082,33.61421]},{"type":"Feature","id":44710,"properties":{"y":1989,"n":"Elk","ag":"USFS","ac":69.2,"c":14,"cl":"Unknown","ad":"1994-02-01","cd":"","st":"NM","se":4},"geometry":{"type":"Polygon","coordinates":[[[-105.84282,33.42515],[-105.84281,33.42966],[-105.83697,33.42976],[-105.83678,33.4252],[-105.84282,33.42515]]]},"bbox":[-105.84282,33.42515,-105.83678,33.42976]},{"type":"Feature","id":44711,"properties":{"y":2001,"n":"Homestead","ag":"USFS","ac":199.8,"c":14,"cl":"Unknown","ad":"2002-02-01","cd":"","st":"NM","se":4},"geometry":{"type":"Polygon","coordinates":[[[-105.62134,33.37278],[-105.61951,33.37063],[-105.6235,33.36898],[-105.62444,33.36917],[-105.62418,33.36858],[-105.62489,33.36863],[-105.6249,33.3677],[-105.62596,33.36723],[-105.62623,33.36806],[-105.627,33.36816],[-105.62931,33.36765],[-105.62982,33.36794],[-105.63048,33.36732],[-105.63198,33.36819],[-105.63378,33.37127],[-105.63542,33.37138],[-105.6346,33.37075],[-105.63503,33.37054],[-105.63775,33.37155],[-105.63598,33.37283],[-105.63603,33.374],[-105.63507,33.37307],[-105.63418,33.37368],[-105.63353,33.37351],[-105.6333,33.37454],[-105.63227,33.37501],[-105.62829,33.37487],[-105.62611,33.37417],[-105.62512,33.37297],[-105.62353,33.37253],[-105.62134,33.37278]]]},"bbox":[-105.63775,33.36723,-105.61948,33.37501]},{"type":"Feature","id":44714,"properties":{"y":1974,"n":"George","ag":"USFS","ac":446.1,"c":14,"cl":"Unknown","ad":"1994-02-01","cd":"","st":"NM","se":4},"geometry":{"type":"Polygon","coordinates":[[[-105.73189,33.47949],[-105.73863,33.47471],[-105.73889,33.4717],[-105.73943,33.47105],[-105.74065,33.47239],[-105.74255,33.47608],[-105.7441,33.47726],[-105.74606,33.47794],[-105.74638,33.47866],[-105.74685,33.48269],[-105.74633,33.48551],[-105.74449,33.4875],[-105.74236,33.4889],[-105.74114,33.49074],[-105.74014,33.49122],[-105.73916,33.49093],[-105.7375,33.48833],[-105.73346,33.48657],[-105.73248,33.48278],[-105.73107,33.48112],[-105.73122,33.48008],[-105.73189,33.47949]]]},"bbox":[-105.74685,33.47105,-105.73107,33.49122]},{"type":"Feature","id":44715,"properties":{"y":2001,"n":"Musket Ball","ag":"USFS","ac":152.1,"c":14,"cl":"Unknown","ad":"2002-02-01","cd":"","st":"NM","se":4},"geometry":{"type":"Polygon","coordinates":[[[-105.69302,33.38178],[-105.69047,33.38389],[-105.69053,33.38645],[-105.68978,33.38726],[-105.68605,33.38837],[-105.68351,33.38816],[-105.68354,33.38517],[-105.68453,33.38168],[-105.68693,33.37938],[-105.68835,33.37888],[-105.69013,33.37939],[-105.69302,33.38178]]]},"bbox":[-105.69302,33.37888,-105.68346,33.38842]},{"type":"Feature","id":44716,"properties":{"y":2024,"n":"Moser","ag":"USFS","ac":96.4,"c":14,"cl":"Unknown","ad":"2024-07-02","cd":"","st":"NM","se":2},"geometry":{"type":"Polygon","coordinates":[[[-105.69263,32.96427],[-105.69246,32.96334],[-105.6919,32.96309],[-105.69406,32.96153],[-105.69777,32.96065],[-105.69929,32.95979],[-105.70091,32.96007],[-105.70078,32.96149],[-105.70157,32.96254],[-105.70139,32.96353],[-105.70068,32.96269],[-105.69962,32.96298],[-105.6999,32.96269],[-105.69965,32.96212],[-105.69888,32.96318],[-105.69945,32.96308],[-105.69933,32.96343],[-105.69853,32.96373],[-105.69845,32.96425],[-105.6972,32.9644],[-105.69752,32.96478],[-105.69748,32.96494],[-105.69634,32.96497],[-105.69696,32.9655],[-105.69556,32.96626],[-105.69576,32.96672],[-105.69535,32.96602],[-105.69487,32.96655],[-105.69461,32.96625],[-105.69364,32.96812],[-105.69021,32.96774],[-105.69043,32.96712],[-105.69146,32.96699],[-105.69099,32.96631],[-105.69229,32.96708],[-105.6936,32.96639],[-105.69245,32.965],[-105.69476,32.96488],[-105.69428,32.96431],[-105.69263,32.96427]]]},"bbox":[-105.70157,32.95979,-105.6901,32.96819]},{"type":"Feature","id":44717,"properties":{"y":1963,"n":"Unknown","ag":"USFS","ac":68.1,"c":14,"cl":"Unknown","ad":"1994-02-01","cd":"","st":"NM","se":4},"geometry":{"type":"Polygon","coordinates":[[[-105.44587,33.44284],[-105.43997,33.44316],[-105.43966,33.43855],[-105.44556,33.43841],[-105.44587,33.44284]]]},"bbox":[-105.44587,33.43841,-105.43966,33.44316]},{"type":"Feature","id":44718,"properties":{"y":2011,"n":"Capitan","ag":"USFS","ac":51.4,"c":14,"cl":"Unknown","ad":"2012-02-01","cd":"","st":"NM","se":4},"geometry":{"type":"MultiPolygon","coordinates":[[[[-105.2888,33.54524],[-105.2888,33.54524],[-105.2888,33.54524],[-105.2888,33.54524]]],[[[-105.28883,33.54529],[-105.28906,33.54221],[-105.28999,33.54196],[-105.2909,33.54239],[-105.29229,33.54412],[-105.29177,33.54419],[-105.29237,33.54444],[-105.29248,33.54575],[-105.29351,33.54624],[-105.29307,33.54646],[-105.29377,33.54688],[-105.29256,33.54903],[-105.29144,33.54897],[-105.29125,33.54837],[-105.29031,33.54798],[-105.28883,33.54529]]]]},"bbox":[-105.29377,33.54196,-105.2888,33.54913]},{"type":"Feature","id":44719,"properties":{"y":1964,"n":"Lone Mountain","ag":"USFS","ac":245.8,"c":14,"cl":"Unknown","ad":"1994-02-01","cd":"","st":"NM","se":4},"geometry":{"type":"Polygon","coordinates":[[[-105.80786,33.78892],[-105.8052,33.78687],[-105.80125,33.78688],[-105.80027,33.78596],[-105.79824,33.7857],[-105.79639,33.7845],[-105.79458,33.78436],[-105.79435,33.78368],[-105.79796,33.78099],[-105.80012,33.78076],[-105.80222,33.78131],[-105.80535,33.78036],[-105.81179,33.78018],[-105.81254,33.78068],[-105.81244,33.78118],[-105.81065,33.78188],[-105.81022,33.78282],[-105.81175,33.78703],[-105.81105,33.78827],[-105.80786,33.78892]]]},"bbox":[-105.81254,33.78006,-105.79435,33.78892]},{"type":"Feature","id":44721,"properties":{"y":2011,"n":"Alamo","ag":"USFS","ac":68.6,"c":14,"cl":"Unknown","ad":"2012-02-01","cd":"","st":"NM","se":4},"geometry":{"type":"Polygon","coordinates":[[[-105.91122,32.84931],[-105.9133,32.84587],[-105.91199,32.84465],[-105.91185,32.84333],[-105.91553,32.84407],[-105.91721,32.84341],[-105.9172,32.84447],[-105.91778,32.84535],[-105.91578,32.84688],[-105.91576,32.84756],[-105.91642,32.84818],[-105.91622,32.84879],[-105.91498,32.84883],[-105.91553,32.85029],[-105.9151,32.85053],[-105.91306,32.84936],[-105.91156,32.85037],[-105.9114,32.84984],[-105.91047,32.84964],[-105.91122,32.84931]]]},"bbox":[-105.91778,32.84319,-105.91047,32.85053]},{"type":"Feature","id":44722,"properties":{"y":2011,"n":"Rail","ag":"USFS","ac":19.7,"c":14,"cl":"Unknown","ad":"2012-02-01","cd":"","st":"NM","se":4},"geometry":{"type":"Polygon","coordinates":[[[-105.43046,32.75538],[-105.43313,32.75546],[-105.4343,32.75445],[-105.43511,32.75463],[-105.43555,32.75585],[-105.43458,32.75667],[-105.43352,32.75646],[-105.4327,32.75701],[-105.4302,32.7566],[-105.43046,32.75538]]]},"bbox":[-105.43555,32.75444,-105.43004,32.75701]},{"type":"Feature","id":44723,"properties":{"y":2011,"n":"Pinon","ag":"USFS","ac":54.7,"c":14,"cl":"Unknown","ad":"2012-02-01","cd":"","st":"NM","se":4},"geometry":{"type":"Polygon","coordinates":[[[-105.46113,32.66962],[-105.45991,32.67091],[-105.45433,32.67019],[-105.45516,32.66865],[-105.45654,32.66751],[-105.4596,32.66633],[-105.46027,32.66655],[-105.46114,32.66828],[-105.46113,32.66962]]]},"bbox":[-105.46125,32.66633,-105.45433,32.67092]},{"type":"Feature","id":44724,"properties":{"y":2011,"n":"Red","ag":"USFS","ac":12.7,"c":14,"cl":"Unknown","ad":"2012-02-01","cd":"","st":"NM","se":4},"geometry":{"type":"Polygon","coordinates":[[[-105.49713,32.66422],[-105.49786,32.66662],[-105.49686,32.66709],[-105.49598,32.66689],[-105.49584,32.66593],[-105.49648,32.66577],[-105.49586,32.66549],[-105.49627,32.66513],[-105.49563,32.66488],[-105.49547,32.66416],[-105.49713,32.66422]]]},"bbox":[-105.49792,32.664,-105.49535,32.66709]},{"type":"Feature","id":44725,"properties":{"y":2015,"n":"Ranchman","ag":"USFS","ac":181.2,"c":14,"cl":"Unknown","ad":"2016-02-01","cd":"","st":"NM","se":4},"geometry":{"type":"Polygon","coordinates":[[[-105.69104,33.53356],[-105.69116,33.53523],[-105.69061,33.53529],[-105.69094,33.53393],[-105.68946,33.53384],[-105.68925,33.5357],[-105.68795,33.53629],[-105.68844,33.53691],[-105.68777,33.53657],[-105.68574,33.53708],[-105.68222,33.53868],[-105.68161,33.5383],[-105.68166,33.53731],[-105.67991,33.53878],[-105.67583,33.53903],[-105.67415,33.53757],[-105.67374,33.53661],[-105.67379,33.5361],[-105.6776,33.53491],[-105.68101,33.53298],[-105.68336,33.53289],[-105.68432,33.53347],[-105.68883,33.53278],[-105.69015,33.53156],[-105.69087,33.53193],[-105.69135,33.53113],[-105.69275,33.53088],[-105.69104,33.53356]]]},"bbox":[-105.69275,33.53084,-105.67373,33.53903]},{"type":"Feature","id":44726,"properties":{"y":1968,"n":"Patos","ag":"USFS","ac":43.7,"c":14,"cl":"Unknown","ad":"1994-02-01","cd":"","st":"NM","se":4},"geometry":{"type":"Polygon","coordinates":[[[-105.64515,33.76018],[-105.64293,33.75838],[-105.64271,33.75748],[-105.64385,33.75601],[-105.64546,33.75558],[-105.64655,33.75446],[-105.64718,33.75458],[-105.64777,33.75592],[-105.64674,33.75818],[-105.64753,33.7596],[-105.6462,33.75947],[-105.64515,33.76018]]]},"bbox":[-105.64777,33.75446,-105.64271,33.76018]},{"type":"Feature","id":44727,"properties":{"y":2001,"n":"Trap & Skeet","ag":"USFS","ac":466.4,"c":14,"cl":"Unknown","ad":"2002-02-01","cd":"","st":"NM","se":4},"geometry":{"type":"Polygon","coordinates":[[[-105.69992,33.28465],[-105.69852,33.28642],[-105.69458,33.28752],[-105.69388,33.2891],[-105.69117,33.29103],[-105.6906,33.29077],[-105.68805,33.2927],[-105.68742,33.29266],[-105.68625,33.2935],[-105.68592,33.29473],[-105.68262,33.29523],[-105.67981,33.29692],[-105.67677,33.29692],[-105.67259,33.29856],[-105.67114,33.29989],[-105.66698,33.2978],[-105.66806,33.29719],[-105.67118,33.29802],[-105.6716,33.29729],[-105.67111,33.29591],[-105.67163,33.29529],[-105.67361,33.29524],[-105.67387,33.29462],[-105.67434,33.29482],[-105.67499,33.29418],[-105.67512,33.29351],[-105.67436,33.29337],[-105.67443,33.29288],[-105.67705,33.28959],[-105.68068,33.28784],[-105.68117,33.28664],[-105.68663,33.28571],[-105.68673,33.2847],[-105.68733,33.28426],[-105.68866,33.2846],[-105.6929,33.28355],[-105.69599,33.28384],[-105.69729,33.28352],[-105.69992,33.28465]]]},"bbox":[-105.7,33.28352,-105.66698,33.29989]},{"type":"Feature","id":44728,"properties":{"y":2017,"n":"Whitehorse","ag":"USFS","ac":19.5,"c":14,"cl":"Unknown","ad":"2017-07-26","cd":"","st":"NM","se":2},"geometry":{"type":"Polygon","coordinates":[[[-105.84733,33.45587],[-105.84876,33.45453],[-105.84998,33.45194],[-105.85092,33.45328],[-105.85189,33.45322],[-105.85157,33.45441],[-105.85051,33.45502],[-105.85048,33.45553],[-105.84872,33.45562],[-105.8478,33.45666],[-105.84744,33.45635],[-105.84776,33.45596],[-105.84733,33.45587]]]},"bbox":[-105.85191,33.45194,-105.84726,33.45666]},{"type":"Feature","id":44730,"properties":{"y":2002,"n":"Kokopelli","ag":"USFS","ac":985.4,"c":14,"cl":"Unknown","ad":"2003-02-01","cd":"","st":"NM","se":4},"geometry":{"type":"Polygon","coordinates":[[[-105.58639,33.42424],[-105.58938,33.42413],[-105.59037,33.42317],[-105.59314,33.42311],[-105.59777,33.42456],[-105.59843,33.42426],[-105.59901,33.42285],[-105.60068,33.42353],[-105.60183,33.42335],[-105.60224,33.42258],[-105.60226,33.42019],[-105.6036,33.41945],[-105.60231,33.41825],[-105.60325,33.4148],[-105.6067,33.41257],[-105.60774,33.41053],[-105.61359,33.41145],[-105.62163,33.41043],[-105.62506,33.40806],[-105.6276,33.40836],[-105.62857,33.40763],[-105.6311,33.40804],[-105.6324,33.40764],[-105.63361,33.40701],[-105.63415,33.40599],[-105.63664,33.40402],[-105.64053,33.4036],[-105.64233,33.40281],[-105.64299,33.40182],[-105.64374,33.40208],[-105.64588,33.40148],[-105.64651,33.40178],[-105.64538,33.4027],[-105.64549,33.40512],[-105.64358,33.40698],[-105.63757,33.4087],[-105.63754,33.40916],[-105.63836,33.40953],[-105.63825,33.41011],[-105.63553,33.41177],[-105.63403,33.41149],[-105.63291,33.41218],[-105.63315,33.41279],[-105.63418,33.41265],[-105.63459,33.41316],[-105.63279,33.41356],[-105.6308,33.41313],[-105.63039,33.41443],[-105.62765,33.41498],[-105.62568,33.41614],[-105.62523,33.41816],[-105.62386,33.42058],[-105.62094,33.42107],[-105.6189,33.42085],[-105.6177,33.41973],[-105.61761,33.41935],[-105.61898,33.41929],[-105.61794,33.41806],[-105.61664,33.41771],[-105.6152,33.41809],[-105.60812,33.42172],[-105.60669,33.42203],[-105.60593,33.42321],[-105.6065,33.42362],[-105.60854,33.42288],[-105.61284,33.42239],[-105.61334,33.422],[-105.61365,33.42036],[-105.61654,33.41913],[-105.6172,33.41927],[-105.61733,33.41966],[-105.61635,33.41959],[-105.61575,33.42006],[-105.61432,33.4221],[-105.6104,33.42342],[-105.60851,33.42495],[-105.60551,33.42546],[-105.60282,33.42688],[-105.60149,33.42707],[-105.59922,33.42959],[-105.59845,33.42957],[-105.59776,33.42874],[-105.59834,33.42672],[-105.5955,33.4251],[-105.59235,33.42432],[-105.58709,33.42522],[-105.586,33.42491],[-105.58639,33.42424]]]},"bbox":[-105.64651,33.40148,-105.58592,33.42959]},{"type":"Feature","id":44731,"properties":{"y":2016,"n":"588","ag":"USFS","ac":665.8,"c":14,"cl":"Unknown","ad":"2016-07-08","cd":"","st":"NM","se":2},"geometry":{"type":"Polygon","coordinates":[[[-105.47025,33.34901],[-105.47213,33.34471],[-105.47455,33.34313],[-105.47592,33.34158],[-105.48047,33.34082],[-105.48527,33.34154],[-105.4862,33.3409],[-105.48875,33.34069],[-105.49048,33.34169],[-105.49101,33.34289],[-105.49084,33.344],[-105.49222,33.34463],[-105.49149,33.3453],[-105.49267,33.34613],[-105.49308,33.3473],[-105.49101,33.34878],[-105.48977,33.35112],[-105.48875,33.35129],[-105.48905,33.35257],[-105.48808,33.35275],[-105.48674,33.35403],[-105.48245,33.35505],[-105.47824,33.35487],[-105.47639,33.35419],[-105.47468,33.35655],[-105.47366,33.35665],[-105.472,33.35816],[-105.47097,33.35639],[-105.47134,33.35573],[-105.47098,33.35431],[-105.47127,33.35298],[-105.47025,33.34901]]]},"bbox":[-105.49308,33.34069,-105.47022,33.35816]},{"type":"Feature","id":44732,"properties":{"y":2011,"n":"Blue Water","ag":"USFS","ac":12.2,"c":14,"cl":"Unknown","ad":"2012-02-01","cd":"","st":"NM","se":4},"geometry":{"type":"Polygon","coordinates":[[[-105.50802,32.74566],[-105.50774,32.74693],[-105.507,32.74744],[-105.50361,32.7467],[-105.50492,32.74607],[-105.50645,32.74605],[-105.50675,32.74555],[-105.50728,32.74585],[-105.50767,32.74529],[-105.50802,32.74566]]]},"bbox":[-105.50809,32.74526,-105.5036,32.74748]},{"type":"Feature","id":44734,"properties":{"y":2011,"n":"Segrest","ag":"USFS","ac":25.8,"c":14,"cl":"Unknown","ad":"2012-02-01","cd":"","st":"NM","se":4},"geometry":{"type":"Polygon","coordinates":[[[-105.09972,32.45738],[-105.1008,32.45809],[-105.10048,32.45922],[-105.10109,32.46105],[-105.09992,32.46195],[-105.09831,32.46085],[-105.09849,32.46025],[-105.09787,32.45971],[-105.09854,32.45868],[-105.09853,32.45741],[-105.09972,32.45738]]]},"bbox":[-105.10109,32.45723,-105.09787,32.46195]},{"type":"Feature","id":44735,"properties":{"y":1940,"n":"Silver Plume","ag":"USFS","ac":367.6,"c":14,"cl":"Unknown","ad":"1994-02-01","cd":"","st":"NM","se":4},"geometry":{"type":"Polygon","coordinates":[[[-105.70158,33.39898],[-105.70457,33.39733],[-105.70652,33.39807],[-105.70803,33.39787],[-105.7107,33.3992],[-105.71133,33.40032],[-105.71118,33.40098],[-105.70899,33.40221],[-105.70695,33.40251],[-105.7064,33.40086],[-105.70509,33.40051],[-105.70488,33.40122],[-105.70597,33.40227],[-105.70596,33.40282],[-105.70502,33.40374],[-105.70392,33.40328],[-105.7026,33.40348],[-105.70238,33.40441],[-105.70179,33.40446],[-105.70124,33.40555],[-105.70164,33.40631],[-105.70128,33.40702],[-105.70036,33.40701],[-105.69887,33.40595],[-105.69624,33.40635],[-105.69597,33.40678],[-105.69482,33.40523],[-105.69486,33.40772],[-105.69422,33.4082],[-105.68739,33.40567],[-105.6869,33.40419],[-105.68454,33.40421],[-105.68567,33.40329],[-105.68477,33.4024],[-105.68584,33.40165],[-105.68625,33.40067],[-105.68562,33.3994],[-105.685,33.39913],[-105.68636,33.39879],[-105.6872,33.39954],[-105.69014,33.39996],[-105.69169,33.40114],[-105.69381,33.40024],[-105.69696,33.40006],[-105.69903,33.40141],[-105.69894,33.39976],[-105.70158,33.39898]]]},"bbox":[-105.71133,33.39733,-105.68454,33.4082]},{"type":"Feature","id":44736,"properties":{"y":1956,"n":"Harvey","ag":"USFS","ac":420.2,"c":14,"cl":"Unknown","ad":"1994-02-01","cd":"","st":"NM","se":4},"geometry":{"type":"Polygon","coordinates":[[[-105.62681,32.87912],[-105.63023,32.87982],[-105.63115,32.88157],[-105.63058,32.88447],[-105.62052,32.88907],[-105.61537,32.88988],[-105.60828,32.89249],[-105.60632,32.89216],[-105.60649,32.89085],[-105.61,32.88615],[-105.6117,32.88503],[-105.61527,32.88388],[-105.61722,32.88197],[-105.61744,32.88112],[-105.62087,32.87986],[-105.62681,32.87912]]]},"bbox":[-105.63115,32.87912,-105.60613,32.89255]},{"type":"Feature","id":44737,"properties":{"y":2008,"n":"Cook Canyon","ag":"USFS","ac":23.0,"c":14,"cl":"Unknown","ad":"2009-02-01","cd":"","st":"NM","se":4},"geometry":{"type":"Polygon","coordinates":[[[-105.47432,33.35028],[-105.47552,33.35217],[-105.47552,33.35334],[-105.47442,33.35429],[-105.47259,33.35398],[-105.47304,33.35091],[-105.47432,33.35028]]]},"bbox":[-105.47568,33.35025,-105.47244,33.35429]},{"type":"Feature","id":44738,"properties":{"y":2003,"n":"Ski Run","ag":"USFS","ac":264.7,"c":14,"cl":"Unknown","ad":"2004-02-01","cd":"","st":"NM","se":4},"geometry":{"type":"MultiPolygon","coordinates":[[[[-105.74729,33.39788],[-105.74444,33.39724],[-105.74553,33.39662],[-105.74541,33.39631],[-105.74287,33.39532],[-105.74332,33.39473],[-105.7452,33.39423],[-105.74656,33.39515],[-105.74781,33.39509],[-105.74886,33.39415],[-105.74891,33.3929],[-105.75121,33.39364],[-105.75267,33.39321],[-105.75544,33.39502],[-105.75702,33.39682],[-105.75695,33.39821],[-105.75895,33.3989],[-105.75947,33.40029],[-105.75789,33.40174],[-105.75852,33.40296],[-105.75821,33.40351],[-105.75709,33.40287],[-105.7561,33.40319],[-105.75492,33.40291],[-105.75303,33.40359],[-105.75286,33.4025],[-105.74986,33.40297],[-105.74796,33.4021],[-105.74767,33.40068],[-105.74617,33.39967],[-105.74599,33.39887],[-105.74737,33.39856],[-105.74729,33.39788]]],[[[-105.74527,33.39176],[-105.74377,33.39077],[-105.74396,33.39033],[-105.74555,33.39075],[-105.74573,33.39159],[-105.74527,33.39176]]]]},"bbox":[-105.75947,33.3903,-105.74287,33.40359]},{"type":"Feature","id":44739,"properties":{"y":1970,"n":"Blanca","ag":"USFS","ac":526.1,"c":14,"cl":"Unknown","ad":"1994-02-01","cd":"","st":"NM","se":4},"geometry":{"type":"Polygon","coordinates":[[[-105.83031,33.4173],[-105.8251,33.41965],[-105.81877,33.42519],[-105.81739,33.42759],[-105.8171,33.43347],[-105.81479,33.4348],[-105.81414,33.43392],[-105.81288,33.43384],[-105.81378,33.43299],[-105.81222,33.43279],[-105.81198,33.43217],[-105.81416,33.42912],[-105.81456,33.42794],[-105.8139,33.42646],[-105.81024,33.42658],[-105.80797,33.42745],[-105.8061,33.42728],[-105.80399,33.42832],[-105.80151,33.42882],[-105.80055,33.42801],[-105.80049,33.42738],[-105.80191,33.42552],[-105.80419,33.42334],[-105.80457,33.42164],[-105.80726,33.42122],[-105.81158,33.42207],[-105.81309,33.42135],[-105.81552,33.41907],[-105.81864,33.41743],[-105.82414,33.41259],[-105.82818,33.41213],[-105.82871,33.41322],[-105.82798,33.41561],[-105.83014,33.4166],[-105.83031,33.4173]]]},"bbox":[-105.83051,33.41201,-105.80049,33.4348]},{"type":"Feature","id":44741,"properties":{"y":1969,"n":"Unknown","ag":"USFS","ac":38.0,"c":14,"cl":"Unknown","ad":"1994-02-01","cd":"","st":"NM","se":4},"geometry":{"type":"Polygon","coordinates":[[[-105.67748,33.30494],[-105.67309,33.30496],[-105.67306,33.30167],[-105.67777,33.30175],[-105.67748,33.30494]]]},"bbox":[-105.67777,33.30167,-105.67306,33.30496]},{"type":"Feature","id":44742,"properties":{"y":2013,"n":"Curtis","ag":"USFS","ac":108.2,"c":14,"cl":"Unknown","ad":"2014-02-01","cd":"","st":"NM","se":4},"geometry":{"type":"MultiPolygon","coordinates":[[[[-105.4996,32.86904],[-105.49955,32.86703],[-105.5003,32.86605],[-105.49997,32.86847],[-105.4996,32.86904]]],[[[-105.50335,32.86887],[-105.50332,32.86807],[-105.50295,32.86849],[-105.50277,32.86804],[-105.50283,32.86719],[-105.50223,32.86737],[-105.50219,32.86637],[-105.50041,32.86629],[-105.50197,32.86412],[-105.50294,32.86346],[-105.50406,32.86339],[-105.50447,32.86409],[-105.50721,32.86318],[-105.51026,32.86327],[-105.51024,32.86452],[-105.51077,32.86477],[-105.51098,32.86593],[-105.50908,32.8681],[-105.50709,32.86897],[-105.50511,32.86727],[-105.504,32.86875],[-105.50335,32.86887]]]]},"bbox":[-105.51098,32.86301,-105.49932,32.86908]},{"type":"Feature","id":44745,"properties":{"y":1964,"n":"Unknown","ag":"USFS","ac":25.8,"c":14,"cl":"Unknown","ad":"1994-02-01","cd":"","st":"NM","se":4},"geometry":{"type":"Polygon","coordinates":[[[-105.2241,33.58237],[-105.22294,33.58187],[-105.22277,33.58116],[-105.22349,33.57987],[-105.2201,33.57718],[-105.21989,33.57615],[-105.22081,33.57576],[-105.22437,33.57925],[-105.22454,33.58186],[-105.2241,33.58237]]]},"bbox":[-105.22466,33.57576,-105.21989,33.58237]},{"type":"Feature","id":44746,"properties":{"y":1989,"n":"Dry","ag":"USFS","ac":643.1,"c":14,"cl":"Unknown","ad":"1994-02-01","cd":"","st":"NM","se":4},"geometry":{"type":"Polygon","coordinates":[[[-105.84357,33.41726],[-105.84678,33.4181],[-105.84834,33.41953],[-105.84897,33.42282],[-105.84803,33.42544],[-105.8476,33.42906],[-105.84862,33.43284],[-105.8475,33.43355],[-105.83465,33.43342],[-105.83204,33.43116],[-105.83128,33.42776],[-105.83124,33.42492],[-105.83211,33.42306],[-105.83147,33.42114],[-105.83214,33.41966],[-105.83274,33.4189],[-105.83445,33.41853],[-105.83897,33.41855],[-105.84095,33.41758],[-105.84357,33.41726]]]},"bbox":[-105.84897,33.41726,-105.83123,33.43367]},{"type":"Feature","id":44756,"properties":{"y":2016,"n":"Gilson Canyon","ag":"USFS","ac":14.5,"c":14,"cl":"Unknown","ad":"2016-05-14","cd":"","st":"NM","se":1},"geometry":{"type":"Polygon","coordinates":[[[-104.69109,32.24194],[-104.69154,32.24286],[-104.69131,32.24413],[-104.68967,32.24432],[-104.68859,32.24387],[-104.68873,32.2428],[-104.68955,32.24212],[-104.69109,32.24194]]]},"bbox":[-104.69154,32.24194,-104.68859,32.24436]},{"type":"Feature","id":44757,"properties":{"y":1950,"n":"Las Tablas","ag":"USFS","ac":910.7,"c":14,"cl":"Unknown","ad":"1994-02-01","cd":"","st":"NM","se":4},"geometry":{"type":"Polygon","coordinates":[[[-105.38622,33.64746],[-105.40089,33.64865],[-105.40204,33.64959],[-105.40269,33.65169],[-105.40169,33.65487],[-105.39926,33.65842],[-105.39432,33.66061],[-105.3903,33.66126],[-105.38053,33.65881],[-105.3731,33.65516],[-105.37018,33.65225],[-105.36748,33.64742],[-105.36788,33.64666],[-105.37109,33.64582],[-105.38186,33.6477],[-105.38288,33.64733],[-105.38622,33.64746]]]},"bbox":[-105.40269,33.64582,-105.36748,33.66126]},{"type":"Feature","id":44758,"properties":{"y":2018,"n":"Pepper Spring","ag":"USFS","ac":63.8,"c":14,"cl":"Unknown","ad":"2019-03-14","cd":"","st":"NM","se":1},"geometry":{"type":"Polygon","coordinates":[[[-105.6783,32.75088],[-105.67873,32.75027],[-105.682,32.7503],[-105.68183,32.74906],[-105.68265,32.74867],[-105.68189,32.74842],[-105.68214,32.74794],[-105.68335,32.7485],[-105.68517,32.74844],[-105.68567,32.74941],[-105.68456,32.75102],[-105.68549,32.7516],[-105.68551,32.75208],[-105.68479,32.75288],[-105.68352,32.75293],[-105.68185,32.75508],[-105.68135,32.75505],[-105.68164,32.75389],[-105.68101,32.75361],[-105.68093,32.75282],[-105.68023,32.75249],[-105.67934,32.75298],[-105.67962,32.75234],[-105.68037,32.75236],[-105.68016,32.75192],[-105.6783,32.75088]]]},"bbox":[-105.68567,32.74794,-105.67826,32.75511]},{"type":"Feature","id":44759,"properties":{"y":2018,"n":"Scout","ag":"USFS","ac":18.0,"c":14,"cl":"Unknown","ad":"2018-04-17","cd":"","st":"NM","se":1},"geometry":{"type":"Polygon","coordinates":[[[-105.20488,33.65211],[-105.20721,33.65158],[-105.20786,33.65196],[-105.20745,33.65413],[-105.20705,33.65378],[-105.20616,33.65432],[-105.20628,33.65316],[-105.20496,33.65407],[-105.20348,33.6531],[-105.20511,33.65255],[-105.20488,33.65211]]]},"bbox":[-105.20804,33.65158,-105.20348,33.65432]},{"type":"Feature","id":44760,"properties":{"y":2017,"n":"Rock Pile","ag":"USFS","ac":11.7,"c":14,"cl":"Unknown","ad":"2017-07-19","cd":"","st":"NM","se":2},"geometry":{"type":"Polygon","coordinates":[[[-104.76733,32.02863],[-104.76665,32.02972],[-104.76578,32.0297],[-104.76511,32.03044],[-104.76405,32.0306],[-104.76311,32.02989],[-104.76513,32.02928],[-104.7667,32.02791],[-104.76733,32.02863]]]},"bbox":[-104.76733,32.02791,-104.76311,32.0306]},{"type":"Feature","id":44761,"properties":{"y":2011,"n":"Little Lewis","ag":"USFS","ac":940.5,"c":14,"cl":"Unknown","ad":"2012-02-01","cd":"","st":"NM","se":4},"geometry":{"type":"Polygon","coordinates":[[[-105.54734,32.76348],[-105.54755,32.76422],[-105.54701,32.76459],[-105.54824,32.76545],[-105.54845,32.76619],[-105.55028,32.76675],[-105.55117,32.76864],[-105.55185,32.7691],[-105.55389,32.76914],[-105.5546,32.77013],[-105.55667,32.77001],[-105.55634,32.77137],[-105.55187,32.77202],[-105.55269,32.77293],[-105.55195,32.77333],[-105.54761,32.77381],[-105.54938,32.77461],[-105.54918,32.77592],[-105.5498,32.77718],[-105.55246,32.77929],[-105.55517,32.77899],[-105.55592,32.77956],[-105.55538,32.78008],[-105.55532,32.78117],[-105.55404,32.78209],[-105.5539,32.78283],[-105.555,32.78426],[-105.55667,32.78503],[-105.55725,32.78643],[-105.55671,32.78666],[-105.55651,32.78746],[-105.55495,32.78747],[-105.55448,32.78885],[-105.55347,32.78914],[-105.55334,32.79011],[-105.55232,32.78972],[-105.55273,32.78989],[-105.55246,32.79097],[-105.54989,32.79122],[-105.55025,32.79425],[-105.54876,32.79471],[-105.54738,32.79454],[-105.54667,32.79713],[-105.54538,32.79725],[-105.54422,32.79594],[-105.543,32.79623],[-105.54266,32.79577],[-105.54271,32.79359],[-105.5419,32.79291],[-105.54223,32.79182],[-105.54127,32.79102],[-105.54153,32.78862],[-105.54036,32.78627],[-105.54035,32.7841],[-105.54224,32.78317],[-105.54264,32.78208],[-105.54346,32.78202],[-105.53841,32.77746],[-105.53964,32.77388],[-105.53892,32.77257],[-105.53797,32.77234],[-105.53729,32.77091],[-105.53871,32.77022],[-105.53897,32.76873],[-105.53985,32.7685],[-105.54161,32.76895],[-105.54414,32.77146],[-105.54699,32.77144],[-105.54739,32.7711],[-105.54698,32.7699],[-105.54732,32.7699],[-105.54534,32.76756],[-105.53842,32.76684],[-105.53556,32.76508],[-105.53576,32.76468],[-105.53935,32.7646],[-105.54057,32.7638],[-105.54484,32.76441],[-105.54565,32.76429],[-105.54644,32.76348],[-105.54734,32.76348]]]},"bbox":[-105.55725,32.76348,-105.53556,32.79725]},{"type":"Feature","id":44763,"properties":{"y":2016,"n":"Guadal","ag":"USFS","ac":152.0,"c":14,"cl":"Unknown","ad":"2016-07-28","cd":"","st":"NM","se":2},"geometry":{"type":"Polygon","coordinates":[[[-104.81426,32.3255],[-104.81616,32.3241],[-104.81869,32.32383],[-104.8188,32.32335],[-104.81704,32.32299],[-104.8169,32.32258],[-104.81936,32.32115],[-104.82105,32.31861],[-104.82334,32.31739],[-104.82467,32.31814],[-104.82502,32.31981],[-104.82463,32.32044],[-104.82558,32.32128],[-104.8266,32.32366],[-104.82568,32.32581],[-104.82459,32.32638],[-104.82297,32.3253],[-104.8203,32.32565],[-104.81794,32.32738],[-104.81682,32.32604],[-104.81426,32.3255]]]},"bbox":[-104.8266,32.31739,-104.81426,32.32738]},{"type":"Feature","id":44764,"properties":{"y":2016,"n":"120","ag":"USFS","ac":13.9,"c":14,"cl":"Unknown","ad":"2016-04-04","cd":"","st":"NM","se":1},"geometry":{"type":"Polygon","coordinates":[[[-105.50042,33.42633],[-105.49938,33.42595],[-105.49932,33.42551],[-105.49826,33.42524],[-105.49807,33.42576],[-105.49747,33.42549],[-105.49683,33.42629],[-105.49716,33.42672],[-105.49665,33.42699],[-105.49435,33.42557],[-105.49591,33.42525],[-105.49649,33.42604],[-105.49714,33.42553],[-105.49609,33.42463],[-105.49855,33.4244],[-105.49885,33.42387],[-105.49986,33.42551],[-105.49952,33.42588],[-105.50042,33.42633]]]},"bbox":[-105.50042,33.42387,-105.49435,33.42699]},{"type":"Feature","id":44765,"properties":{"y":2017,"n":"Monument","ag":"USFS","ac":172.6,"c":14,"cl":"Unknown","ad":"2017-07-24","cd":"","st":"NM","se":2},"geometry":{"type":"Polygon","coordinates":[[[-105.66339,32.68945],[-105.66363,32.69223],[-105.66244,32.69496],[-105.65985,32.69665],[-105.6592,32.69809],[-105.65664,32.69906],[-105.65668,32.70086],[-105.65598,32.70091],[-105.65514,32.69948],[-105.65556,32.69895],[-105.65357,32.69875],[-105.65249,32.69929],[-105.65171,32.69847],[-105.65061,32.69655],[-105.65155,32.69561],[-105.65188,32.69431],[-105.65365,32.69437],[-105.65575,32.69349],[-105.65742,32.69391],[-105.66003,32.69024],[-105.66172,32.68935],[-105.66339,32.68945]]]},"bbox":[-105.66364,32.68927,-105.65061,32.70097]},{"type":"Feature","id":44766,"properties":{"y":2016,"n":"Lone Tree","ag":"USFS","ac":18.7,"c":14,"cl":"Unknown","ad":"2016-04-01","cd":"","st":"NM","se":1},"geometry":{"type":"Polygon","coordinates":[[[-105.51249,33.59961],[-105.51748,33.59929],[-105.51802,33.59985],[-105.51685,33.60066],[-105.51529,33.60108],[-105.51421,33.60076],[-105.514,33.60116],[-105.51249,33.59961]]]},"bbox":[-105.51802,33.59929,-105.51249,33.60116]},{"type":"Feature","id":44767,"properties":{"y":1951,"n":"Unknown","ag":"USFS","ac":593.2,"c":14,"cl":"Unknown","ad":"1994-02-01","cd":"","st":"NM","se":4},"geometry":{"type":"MultiPolygon","coordinates":[[[[-105.60448,32.94632],[-105.60851,32.94243],[-105.61207,32.9422],[-105.61413,32.94334],[-105.61479,32.94449],[-105.61491,32.94646],[-105.61424,32.94897],[-105.61338,32.95002],[-105.60977,32.95165],[-105.60636,32.95747],[-105.60447,32.95882],[-105.6007,32.95559],[-105.59913,32.95518],[-105.58931,32.95718],[-105.58711,32.95664],[-105.58576,32.95561],[-105.58596,32.95444],[-105.58724,32.95325],[-105.59301,32.95166],[-105.5967,32.94948],[-105.59798,32.94944],[-105.59975,32.9506],[-105.60213,32.95043],[-105.60309,32.9496],[-105.60448,32.94632]]],[[[-105.60769,32.96124],[-105.6084,32.96277],[-105.60787,32.96367],[-105.60705,32.96453],[-105.60544,32.9651],[-105.60161,32.96513],[-105.60009,32.9638],[-105.60062,32.96261],[-105.60352,32.96119],[-105.60679,32.96089],[-105.60769,32.96124]]]]},"bbox":[-105.615,32.94205,-105.58576,32.96537]},{"type":"Feature","id":44768,"properties":{"y":1994,"n":"Ranchman","ag":"USFS","ac":23.7,"c":14,"cl":"Unknown","ad":"1995-02-01","cd":"","st":"NM","se":4},"geometry":{"type":"Polygon","coordinates":[[[-105.66404,33.56335],[-105.66606,33.56328],[-105.66613,33.56261],[-105.6683,33.56251],[-105.6685,33.56493],[-105.66429,33.56514],[-105.66404,33.56335]]]},"bbox":[-105.6685,33.56251,-105.66404,33.56514]},{"type":"Feature","id":44769,"properties":{"y":1985,"n":"Bonita","ag":"USFS","ac":33.6,"c":14,"cl":"Unknown","ad":"1994-02-01","cd":"","st":"NM","se":4},"geometry":{"type":"Polygon","coordinates":[[[-105.76348,33.44318],[-105.76708,33.44297],[-105.76702,33.44215],[-105.76748,33.44171],[-105.76839,33.44248],[-105.76951,33.44243],[-105.77003,33.4444],[-105.76885,33.44413],[-105.76839,33.44511],[-105.76773,33.44533],[-105.76347,33.44439],[-105.76348,33.44318]]]},"bbox":[-105.77003,33.44171,-105.76347,33.44533]},{"type":"Feature","id":44770,"properties":{"y":1948,"n":"Robinson","ag":"USFS","ac":613.8,"c":14,"cl":"Unknown","ad":"1994-02-01","cd":"","st":"NM","se":4},"geometry":{"type":"Polygon","coordinates":[[[-105.77317,33.47666],[-105.76864,33.47743],[-105.76588,33.47851],[-105.76339,33.47756],[-105.76067,33.47443],[-105.75912,33.47124],[-105.75724,33.46877],[-105.75679,33.46718],[-105.75726,33.46608],[-105.7607,33.46293],[-105.7632,33.46196],[-105.77071,33.46262],[-105.77454,33.46464],[-105.77601,33.46582],[-105.77678,33.4679],[-105.77542,33.47403],[-105.77435,33.47594],[-105.77317,33.47666]]]},"bbox":[-105.77679,33.46196,-105.75679,33.47851]},{"type":"Feature","id":44771,"properties":{"y":2016,"n":"Lawyer","ag":"USFS","ac":568.1,"c":14,"cl":"Unknown","ad":"2016-08-29","cd":"","st":"NM","se":2},"geometry":{"type":"Polygon","coordinates":[[[-104.84955,32.31796],[-104.84706,32.3165],[-104.84569,32.31689],[-104.8446,32.31623],[-104.84073,32.31592],[-104.83817,32.31503],[-104.83747,32.31389],[-104.83825,32.31279],[-104.84172,32.31244],[-104.84296,32.31097],[-104.84138,32.30772],[-104.84188,32.30626],[-104.84602,32.3045],[-104.85028,32.30173],[-104.852,32.30221],[-104.85232,32.30305],[-104.85337,32.30332],[-104.85491,32.30368],[-104.85973,32.30345],[-104.86113,32.30384],[-104.86187,32.30458],[-104.86609,32.30357],[-104.86774,32.30229],[-104.86788,32.30411],[-104.86682,32.30602],[-104.86454,32.30652],[-104.86327,32.30757],[-104.8594,32.3078],[-104.85786,32.30864],[-104.85628,32.30836],[-104.85437,32.31141],[-104.85479,32.31367],[-104.85328,32.31525],[-104.8504,32.3154],[-104.84955,32.31796]]]},"bbox":[-104.86788,32.30173,-104.83747,32.31796]},{"type":"Feature","id":44772,"properties":{"y":2016,"n":"Test","ag":"USFS","ac":17.4,"c":14,"cl":"Unknown","ad":"2016-06-10","cd":"","st":"NM","se":2},"geometry":{"type":"Polygon","coordinates":[[[-105.49663,32.9577],[-105.49737,32.95828],[-105.49627,32.95956],[-105.4947,32.96018],[-105.49374,32.95985],[-105.49345,32.95892],[-105.49418,32.9578],[-105.49663,32.9577]]]},"bbox":[-105.49737,32.9577,-105.49345,32.96018]},{"type":"Feature","id":44773,"properties":{"y":1969,"n":"Disaster","ag":"USFS","ac":114.9,"c":14,"cl":"Unknown","ad":"1994-02-01","cd":"","st":"NM","se":4},"geometry":{"type":"Polygon","coordinates":[[[-105.52573,33.46387],[-105.52533,33.46447],[-105.5196,33.46293],[-105.51555,33.46327],[-105.51316,33.46175],[-105.5118,33.45949],[-105.51222,33.45899],[-105.51423,33.45855],[-105.5172,33.45974],[-105.52107,33.45921],[-105.52317,33.46044],[-105.52573,33.46387]]]},"bbox":[-105.52573,33.45855,-105.5118,33.46447]},{"type":"Feature","id":44774,"properties":{"y":0,"n":"Unknown","ag":"USFS","ac":323.2,"c":14,"cl":"Unknown","ad":"1994-02-01","cd":"","st":"NM","se":4},"geometry":{"type":"Polygon","coordinates":[[[-105.68578,33.35953],[-105.68023,33.36205],[-105.67685,33.36235],[-105.6742,33.36055],[-105.67435,33.35935],[-105.67774,33.35709],[-105.68004,33.35425],[-105.67961,33.35278],[-105.67986,33.35188],[-105.681,33.35189],[-105.68307,33.35285],[-105.68349,33.34814],[-105.68528,33.34821],[-105.68782,33.34918],[-105.68892,33.34839],[-105.69073,33.34845],[-105.69165,33.34902],[-105.69129,33.35107],[-105.68922,33.35284],[-105.68882,33.354],[-105.68902,33.35588],[-105.68845,33.35702],[-105.68578,33.35953]]]},"bbox":[-105.69179,33.34814,-105.6742,33.36237]},{"type":"Feature","id":44776,"properties":{"y":2011,"n":"Ellis Canyon","ag":"USFS","ac":72.7,"c":14,"cl":"Unknown","ad":"2012-02-01","cd":"","st":"NM","se":4},"geometry":{"type":"Polygon","coordinates":[[[-105.28012,33.51328],[-105.27878,33.51307],[-105.2784,33.51356],[-105.27651,33.51248],[-105.27638,33.51313],[-105.27573,33.5124],[-105.27515,33.51246],[-105.2749,33.51178],[-105.2738,33.51127],[-105.27212,33.5095],[-105.27292,33.50866],[-105.27213,33.50861],[-105.27211,33.50795],[-105.27411,33.50756],[-105.27448,33.50821],[-105.27394,33.50895],[-105.27534,33.50919],[-105.27796,33.50878],[-105.27822,33.50812],[-105.27874,33.50826],[-105.28017,33.50959],[-105.27968,33.51013],[-105.28042,33.51289],[-105.28012,33.51328]]]},"bbox":[-105.28042,33.50754,-105.27206,33.51356]},{"type":"Feature","id":44794,"properties":{"y":2021,"n":"Cora Dutton","ag":"USFS","ac":21.7,"c":14,"cl":"Unknown","ad":"2025-02-25","cd":"","st":"NM","se":4},"geometry":{"type":"Polygon","coordinates":[[[-105.68324,33.52558],[-105.68177,33.52759],[-105.68072,33.52807],[-105.67929,33.52784],[-105.67984,33.52703],[-105.67963,33.526],[-105.6808,33.52456],[-105.68205,33.5244],[-105.68303,33.52493],[-105.68324,33.52558]]]},"bbox":[-105.68324,33.52437,-105.67929,33.52807]},{"type":"Feature","id":44795,"properties":{"y":2023,"n":"Crooked","ag":"USFS","ac":29.2,"c":14,"cl":"Unknown","ad":"2023-08-31","cd":"","st":"NM","se":2},"geometry":{"type":"Polygon","coordinates":[[[-104.99111,32.50368],[-104.98965,32.50284],[-104.98921,32.50115],[-104.98957,32.49997],[-104.99349,32.49872],[-104.99333,32.50039],[-104.99198,32.50121],[-104.99222,32.50161],[-104.99111,32.50368]]]},"bbox":[-104.99353,32.49872,-104.98921,32.50372]},{"type":"Feature","id":44796,"properties":{"y":2023,"n":"Kyle","ag":"USFS","ac":11.2,"c":14,"cl":"Unknown","ad":"2023-06-16","cd":"","st":"NM","se":2},"geometry":{"type":"Polygon","coordinates":[[[-105.32358,33.66826],[-105.32542,33.66988],[-105.32498,33.67092],[-105.32372,33.66997],[-105.32303,33.67006],[-105.32236,33.66907],[-105.32358,33.66826]]]},"bbox":[-105.32542,33.66826,-105.32236,33.67093]},{"type":"Feature","id":44797,"properties":{"y":2018,"n":"Osha","ag":"USFS","ac":36.2,"c":14,"cl":"Unknown","ad":"2018-04-09","cd":"","st":"NM","se":1},"geometry":{"type":"Polygon","coordinates":[[[-105.57408,35.67599],[-105.57298,35.67358],[-105.57383,35.67218],[-105.57349,35.67061],[-105.5757,35.66928],[-105.57724,35.67133],[-105.57559,35.67259],[-105.57488,35.67541],[-105.57408,35.67599]]]},"bbox":[-105.57724,35.66928,-105.57298,35.67604]},{"type":"Feature","id":44798,"properties":{"y":1981,"n":"Patches","ag":"USFS","ac":40.5,"c":14,"cl":"Unknown","ad":"2018-04-28","cd":"","st":"NM","se":1},"geometry":{"type":"Polygon","coordinates":[[[-106.32953,35.82727],[-106.32752,35.8269],[-106.3264,35.82584],[-106.32619,35.82486],[-106.32746,35.82336],[-106.32957,35.82319],[-106.3311,35.82439],[-106.33112,35.82579],[-106.32953,35.82727]]]},"bbox":[-106.33126,35.82308,-106.32608,35.82756]},{"type":"Feature","id":44803,"properties":{"y":2017,"n":"Borrego","ag":"USFS","ac":11.0,"c":14,"cl":"Unknown","ad":"2017-10-04","cd":"","st":"NM","se":3},"geometry":{"type":"Polygon","coordinates":[[[-106.62278,35.63854],[-106.62203,35.6378],[-106.61992,35.63712],[-106.62036,35.63599],[-106.62152,35.636],[-106.62249,35.6368],[-106.62314,35.63653],[-106.62233,35.63718],[-106.62361,35.63859],[-106.62278,35.63854]]]},"bbox":[-106.62361,35.63585,-106.61986,35.63862]},{"type":"Feature","id":44804,"properties":{"y":2003,"n":"Barro","ag":"USFS","ac":69.6,"c":14,"cl":"Unknown","ad":"2016-12-29","cd":"","st":"NM","se":4},"geometry":{"type":"Polygon","coordinates":[[[-105.39614,35.46711],[-105.39337,35.46238],[-105.39585,35.4618],[-105.39991,35.46255],[-105.39986,35.46383],[-105.40096,35.46533],[-105.40085,35.4658],[-105.39942,35.46688],[-105.39614,35.46711]]]},"bbox":[-105.40096,35.4618,-105.39337,35.46726]},{"type":"Feature","id":44805,"properties":{"y":2017,"n":"Palmer","ag":"USFS","ac":967.9,"c":14,"cl":"Unknown","ad":"2017-10-12","cd":"","st":"NM","se":3},"geometry":{"type":"Polygon","coordinates":[[[-105.56934,35.39798],[-105.56329,35.39583],[-105.55925,35.39608],[-105.55919,35.38397],[-105.5609,35.38391],[-105.56195,35.38458],[-105.56198,35.38269],[-105.56095,35.38206],[-105.55925,35.3791],[-105.55921,35.37854],[-105.56041,35.37714],[-105.55848,35.37632],[-105.55627,35.37454],[-105.55715,35.37067],[-105.55453,35.37026],[-105.5538,35.36916],[-105.55387,35.36778],[-105.55337,35.36757],[-105.55153,35.36844],[-105.55109,35.36796],[-105.55144,35.36727],[-105.55333,35.36674],[-105.55697,35.36684],[-105.55737,35.36888],[-105.56455,35.3723],[-105.5648,35.37483],[-105.56421,35.3769],[-105.56125,35.37715],[-105.56065,35.37879],[-105.56315,35.38241],[-105.566,35.38246],[-105.57392,35.38072],[-105.57119,35.38742],[-105.57107,35.38865],[-105.57162,35.38935],[-105.5759,35.39143],[-105.58073,35.39283],[-105.58659,35.39151],[-105.58647,35.39714],[-105.5859,35.39788],[-105.58616,35.40303],[-105.58588,35.40374],[-105.57252,35.39847],[-105.56934,35.39798]]]},"bbox":[-105.58661,35.36674,-105.55109,35.40374]},{"type":"Feature","id":44806,"properties":{"y":2017,"n":"Beaver Creek","ag":"USFS","ac":30.2,"c":14,"cl":"Unknown","ad":"2017-12-01","cd":"","st":"NM","se":4},"geometry":{"type":"Polygon","coordinates":[[[-105.43862,35.77128],[-105.438,35.76985],[-105.43896,35.76854],[-105.44092,35.76803],[-105.44227,35.76903],[-105.44232,35.77005],[-105.44116,35.77138],[-105.43862,35.77128]]]},"bbox":[-105.44242,35.76803,-105.43798,35.7716]},{"type":"Feature","id":44807,"properties":{"y":2016,"n":"Jacona","ag":"USFS","ac":20.0,"c":14,"cl":"Unknown","ad":"2017-01-11","cd":"","st":"NM","se":4},"geometry":{"type":"Polygon","coordinates":[[[-106.03874,35.89542],[-106.03919,35.89465],[-106.03744,35.89438],[-106.03821,35.89372],[-106.04162,35.89247],[-106.04256,35.89348],[-106.04345,35.89356],[-106.0422,35.89378],[-106.04095,35.89512],[-106.03874,35.89542]]]},"bbox":[-106.04345,35.89247,-106.03743,35.89542]},{"type":"Feature","id":44809,"properties":{"y":2009,"n":"View","ag":"USFS","ac":48.6,"c":14,"cl":"Unknown","ad":"2016-12-29","cd":"","st":"NM","se":4},"geometry":{"type":"Polygon","coordinates":[[[-106.58474,35.83427],[-106.58174,35.83545],[-106.5808,35.83437],[-106.58114,35.83162],[-106.5822,35.83176],[-106.58304,35.83062],[-106.58476,35.8299],[-106.58542,35.83097],[-106.58667,35.83175],[-106.58666,35.83278],[-106.58474,35.83427]]]},"bbox":[-106.58673,35.82984,-106.5808,35.83545]},{"type":"Feature","id":44810,"properties":{"y":2005,"n":"Valle","ag":"USFS","ac":82.8,"c":14,"cl":"Unknown","ad":"2016-12-29","cd":"","st":"NM","se":4},"geometry":{"type":"Polygon","coordinates":[[[-106.44043,35.89843],[-106.44061,35.89771],[-106.44151,35.89764],[-106.44092,35.89641],[-106.43968,35.89527],[-106.43878,35.89539],[-106.4382,35.89474],[-106.43957,35.89431],[-106.43928,35.89375],[-106.44156,35.89547],[-106.44365,35.89547],[-106.44359,35.89427],[-106.44505,35.8944],[-106.44481,35.89599],[-106.4457,35.8963],[-106.44803,35.89505],[-106.44902,35.89516],[-106.44847,35.89427],[-106.44877,35.89373],[-106.44973,35.89503],[-106.4528,35.89484],[-106.45248,35.89566],[-106.45079,35.89652],[-106.44652,35.89676],[-106.44591,35.89801],[-106.44456,35.89876],[-106.44246,35.8982],[-106.44172,35.89847],[-106.44061,35.89909],[-106.44134,35.89991],[-106.44073,35.90047],[-106.43926,35.90081],[-106.43812,35.89997],[-106.44043,35.89843]]]},"bbox":[-106.4528,35.89371,-106.43812,35.90083]},{"type":"Feature","id":44811,"properties":{"y":1992,"n":"Poso","ag":"USFS","ac":587.6,"c":14,"cl":"Unknown","ad":"2016-12-29","cd":"","st":"NM","se":4},"geometry":{"type":"Polygon","coordinates":[[[-106.75657,36.45508],[-106.75421,36.45523],[-106.75229,36.45186],[-106.75211,36.45014],[-106.75258,36.44817],[-106.75654,36.44405],[-106.75745,36.44172],[-106.75927,36.4408],[-106.76163,36.44076],[-106.76276,36.44206],[-106.7625,36.44343],[-106.76728,36.45593],[-106.76911,36.45847],[-106.77046,36.4594],[-106.7704,36.45994],[-106.7666,36.46148],[-106.76263,36.4622],[-106.75822,36.46625],[-106.75719,36.46603],[-106.75605,36.46456],[-106.7574,36.46257],[-106.75809,36.46024],[-106.75792,36.45946],[-106.75641,36.45794],[-106.75594,36.45646],[-106.75657,36.45508]]]},"bbox":[-106.77046,36.44067,-106.75211,36.46625]},{"type":"Feature","id":44812,"properties":{"y":1976,"n":"Unknown","ag":"USFS","ac":250.2,"c":14,"cl":"Unknown","ad":"1994-02-01","cd":"","st":"NM","se":4},"geometry":{"type":"Polygon","coordinates":[[[-102.54915,36.46877],[-102.54882,36.47031],[-102.54708,36.47152],[-102.54323,36.47184],[-102.53997,36.47079],[-102.53865,36.46926],[-102.53847,36.46802],[-102.53841,36.46464],[-102.53902,36.46266],[-102.54652,36.46158],[-102.5482,36.46223],[-102.54824,36.46276],[-102.549,36.46313],[-102.54934,36.46451],[-102.55147,36.46633],[-102.5514,36.467],[-102.54915,36.46877]]]},"bbox":[-102.55147,36.46158,-102.5384,36.47184]},{"type":"Feature","id":44813,"properties":{"y":1981,"n":"Unknown","ag":"USFS","ac":128.6,"c":14,"cl":"Unknown","ad":"1994-02-01","cd":"","st":"NM","se":4},"geometry":{"type":"Polygon","coordinates":[[[-106.73338,35.87386],[-106.73654,35.8747],[-106.73813,35.87707],[-106.73803,35.87844],[-106.73731,35.87968],[-106.73451,35.88113],[-106.73254,35.88108],[-106.73101,35.88049],[-106.72986,35.87949],[-106.72919,35.87798],[-106.72937,35.87639],[-106.73019,35.87519],[-106.73149,35.87431],[-106.73338,35.87386]]]},"bbox":[-106.73817,35.87386,-106.72915,35.88119]},{"type":"Feature","id":44814,"properties":{"y":1982,"n":"Unknown","ag":"USFS","ac":360.3,"c":14,"cl":"Unknown","ad":"1994-02-01","cd":"","st":"NM","se":4},"geometry":{"type":"Polygon","coordinates":[[[-103.18164,36.29232],[-103.17688,36.29092],[-103.17641,36.28953],[-103.17653,36.28136],[-103.17814,36.27985],[-103.18164,36.27868],[-103.18536,36.27894],[-103.18942,36.28059],[-103.18954,36.28355],[-103.18712,36.28469],[-103.18696,36.28612],[-103.18776,36.28965],[-103.18893,36.29059],[-103.18877,36.29222],[-103.18796,36.29175],[-103.18732,36.29225],[-103.18367,36.29163],[-103.18164,36.29232]]]},"bbox":[-103.18971,36.27868,-103.17641,36.29232]},{"type":"Feature","id":44815,"properties":{"y":1985,"n":"Unknown","ag":"USFS","ac":41.1,"c":14,"cl":"Unknown","ad":"2016-12-29","cd":"","st":"NM","se":4},"geometry":{"type":"Polygon","coordinates":[[[-106.75128,35.7749],[-106.75307,35.77537],[-106.75397,35.77671],[-106.75351,35.77819],[-106.75192,35.77901],[-106.74995,35.77865],[-106.74892,35.77723],[-106.74948,35.77564],[-106.75128,35.7749]]]},"bbox":[-106.75399,35.77489,-106.7489,35.77904]},{"type":"Feature","id":44819,"properties":{"y":1985,"n":"Lake Fork","ag":"USFS","ac":37.6,"c":14,"cl":"Unknown","ad":"2016-12-29","cd":"","st":"NM","se":4},"geometry":{"type":"Polygon","coordinates":[[[-106.72281,35.87353],[-106.72368,35.8741],[-106.72461,35.87717],[-106.72594,35.87864],[-106.72546,35.87976],[-106.72454,35.87869],[-106.72272,35.87784],[-106.71981,35.87463],[-106.72281,35.87353]]]},"bbox":[-106.72595,35.8735,-106.71981,35.87976]},{"type":"Feature","id":44821,"properties":{"y":2019,"n":"Conejos","ag":"USFS","ac":777.3,"c":14,"cl":"Unknown","ad":"2019-09-16","cd":"","st":"NM","se":3},"geometry":{"type":"Polygon","coordinates":[[[-106.60506,35.71592],[-106.60243,35.71648],[-106.59911,35.71896],[-106.59247,35.72074],[-106.59112,35.72071],[-106.58838,35.72184],[-106.58555,35.72438],[-106.58281,35.72491],[-106.58221,35.72427],[-106.58252,35.72002],[-106.58352,35.71736],[-106.58753,35.71312],[-106.59103,35.71051],[-106.59227,35.70799],[-106.59532,35.70522],[-106.59595,35.70057],[-106.5992,35.70156],[-106.60283,35.70023],[-106.60659,35.7004],[-106.60655,35.70736],[-106.6057,35.71274],[-106.60497,35.71399],[-106.60535,35.71509],[-106.60506,35.71592]]]},"bbox":[-106.60665,35.70017,-106.58221,35.72491]},{"type":"Feature","id":44822,"properties":{"y":1972,"n":"Joaquin","ag":"USFS","ac":29.2,"c":14,"cl":"Unknown","ad":"2016-12-29","cd":"","st":"NM","se":4},"geometry":{"type":"Polygon","coordinates":[[[-106.81429,35.76519],[-106.81419,35.76315],[-106.81477,35.76238],[-106.8185,35.76405],[-106.81857,35.76469],[-106.81692,35.76644],[-106.81501,35.76607],[-106.81429,35.76519]]]},"bbox":[-106.81857,35.76238,-106.81419,35.7665]},{"type":"Feature","id":44823,"properties":{"y":1986,"n":"Unknown","ag":"USFS","ac":80.2,"c":14,"cl":"Unknown","ad":"2016-12-29","cd":"","st":"NM","se":4},"geometry":{"type":"Polygon","coordinates":[[[-106.58205,35.7488],[-106.58454,35.74946],[-106.58582,35.75151],[-106.58501,35.75354],[-106.58272,35.75457],[-106.58,35.75392],[-106.57872,35.75187],[-106.57953,35.74984],[-106.58205,35.7488]]]},"bbox":[-106.58583,35.74879,-106.57871,35.75459]},{"type":"Feature","id":44825,"properties":{"y":1993,"n":"Porter","ag":"USFS","ac":241.9,"c":14,"cl":"Unknown","ad":"2016-12-29","cd":"","st":"NM","se":4},"geometry":{"type":"Polygon","coordinates":[[[-106.80127,35.81528],[-106.7988,35.81446],[-106.79755,35.81485],[-106.79569,35.81451],[-106.79411,35.81308],[-106.7944,35.81156],[-106.7937,35.81029],[-106.79357,35.8043],[-106.79531,35.80257],[-106.79713,35.80251],[-106.79902,35.80408],[-106.80094,35.80696],[-106.80293,35.8083],[-106.80377,35.811],[-106.8043,35.81124],[-106.80424,35.81327],[-106.80482,35.81446],[-106.80127,35.81528]]]},"bbox":[-106.80482,35.80249,-106.79356,35.81535]},{"type":"Feature","id":44827,"properties":{"y":1995,"n":"Perdenal","ag":"USFS","ac":24.2,"c":14,"cl":"Unknown","ad":"2016-12-29","cd":"","st":"NM","se":4},"geometry":{"type":"Polygon","coordinates":[[[-106.51752,36.15313],[-106.51665,36.15122],[-106.51721,36.1505],[-106.51926,36.14987],[-106.52011,36.15017],[-106.51992,36.15301],[-106.51736,36.15441],[-106.51752,36.15313]]]},"bbox":[-106.52029,36.14987,-106.51665,36.15441]},{"type":"Feature","id":44828,"properties":{"y":2004,"n":"Rincon","ag":"USFS","ac":26.0,"c":14,"cl":"Unknown","ad":"2016-12-29","cd":"","st":"NM","se":4},"geometry":{"type":"Polygon","coordinates":[[[-106.69937,36.29691],[-106.69864,36.29579],[-106.69915,36.29559],[-106.69944,36.29463],[-106.69867,36.29398],[-106.70043,36.29287],[-106.70246,36.29386],[-106.70239,36.29418],[-106.70346,36.29434],[-106.70403,36.29507],[-106.7017,36.29584],[-106.7007,36.29545],[-106.69981,36.29699],[-106.69937,36.29691]]]},"bbox":[-106.70403,36.29287,-106.69864,36.29701]},{"type":"Feature","id":44829,"properties":{"y":1996,"n":"Sleeper","ag":"USFS","ac":18.5,"c":14,"cl":"Unknown","ad":"2016-12-29","cd":"","st":"NM","se":4},"geometry":{"type":"Polygon","coordinates":[[[-106.7155,35.77531],[-106.7167,35.77563],[-106.7173,35.77652],[-106.71699,35.77752],[-106.71593,35.77807],[-106.7146,35.77782],[-106.71391,35.77687],[-106.71429,35.77581],[-106.7155,35.77531]]]},"bbox":[-106.71732,35.77531,-106.7139,35.77809]},{"type":"Feature","id":44830,"properties":{"y":1980,"n":"Unknown","ag":"USFS","ac":580.8,"c":14,"cl":"Unknown","ad":"1994-02-01","cd":"","st":"NM","se":4},"geometry":{"type":"Polygon","coordinates":[[[-102.38435,36.31437],[-102.38635,36.31309],[-102.38814,36.31262],[-102.39375,36.31254],[-102.39831,36.31412],[-102.4004,36.3138],[-102.40203,36.3141],[-102.40275,36.32106],[-102.40262,36.32682],[-102.3932,36.32718],[-102.3897,36.32629],[-102.38667,36.32443],[-102.3855,36.32339],[-102.3856,36.31864],[-102.38404,36.31814],[-102.38293,36.3172],[-102.38435,36.31437]]]},"bbox":[-102.40288,36.31254,-102.38293,36.32734]},{"type":"Feature","id":44831,"properties":{"y":2010,"n":"Rivera","ag":"USFS","ac":11.5,"c":14,"cl":"Unknown","ad":"2016-12-29","cd":"","st":"NM","se":4},"geometry":{"type":"Polygon","coordinates":[[[-106.59354,35.76305],[-106.595,35.7614],[-106.59686,35.76297],[-106.59532,35.7637],[-106.59354,35.76305]]]},"bbox":[-106.59686,35.7614,-106.59354,35.7637]},{"type":"Feature","id":44832,"properties":{"y":2018,"n":"Bales","ag":"USFS","ac":13.6,"c":14,"cl":"Unknown","ad":"2019-02-20","cd":"","st":"NM","se":4},"geometry":{"type":"Polygon","coordinates":[[[-106.8504,35.87017],[-106.85175,35.87074],[-106.85194,35.87138],[-106.85086,35.87204],[-106.84976,35.87161],[-106.84908,35.87221],[-106.84766,35.87054],[-106.84782,35.87015],[-106.8488,35.87054],[-106.8504,35.87017]]]},"bbox":[-106.85196,35.86993,-106.84766,35.87221]},{"type":"Feature","id":44833,"properties":{"y":2017,"n":"Valle","ag":"USFS","ac":15.4,"c":14,"cl":"Unknown","ad":"2017-07-15","cd":"","st":"NM","se":2},"geometry":{"type":"Polygon","coordinates":[[[-105.59176,35.39393],[-105.59142,35.39545],[-105.59065,35.39578],[-105.58737,35.39456],[-105.58739,35.39407],[-105.59176,35.39393]]]},"bbox":[-105.59176,35.39385,-105.58736,35.39578]},{"type":"Feature","id":44834,"properties":{"y":2003,"n":"Cajete","ag":"USFS","ac":40.0,"c":14,"cl":"Unknown","ad":"2016-12-29","cd":"","st":"NM","se":4},"geometry":{"type":"Polygon","coordinates":[[[-106.53885,35.85064],[-106.53706,35.85006],[-106.5363,35.84862],[-106.53701,35.84717],[-106.53877,35.84654],[-106.54056,35.84712],[-106.54133,35.84856],[-106.54062,35.85001],[-106.53885,35.85064]]]},"bbox":[-106.54133,35.84654,-106.5363,35.85064]},{"type":"Feature","id":44835,"properties":{"y":2003,"n":"Sarge","ag":"USFS","ac":44.5,"c":14,"cl":"Unknown","ad":"2016-12-29","cd":"","st":"NM","se":4},"geometry":{"type":"Polygon","coordinates":[[[-105.42814,35.29713],[-105.42908,35.2944],[-105.43353,35.29525],[-105.43486,35.29451],[-105.43402,35.29649],[-105.42859,35.29917],[-105.42814,35.29713]]]},"bbox":[-105.43486,35.29437,-105.42814,35.29917]},{"type":"Feature","id":44836,"properties":{"y":1993,"n":"Unknown","ag":"USFS","ac":164.5,"c":14,"cl":"Unknown","ad":"1994-02-01","cd":"","st":"NM","se":4},"geometry":{"type":"Polygon","coordinates":[[[-106.57362,35.81588],[-106.57719,35.81683],[-106.57841,35.81803],[-106.579,35.81951],[-106.57888,35.82106],[-106.57806,35.82246],[-106.57667,35.82353],[-106.57489,35.8241],[-106.57298,35.8241],[-106.57094,35.82339],[-106.56964,35.82225],[-106.56888,35.82055],[-106.569,35.81899],[-106.57001,35.81738],[-106.57177,35.81627],[-106.57362,35.81588]]]},"bbox":[-106.57904,35.81587,-106.56884,35.82418]},{"type":"Feature","id":44838,"properties":{"y":2006,"n":"Capulin","ag":"USFS","ac":125.1,"c":14,"cl":"Unknown","ad":"2018-04-28","cd":"","st":"NM","se":1},"geometry":{"type":"Polygon","coordinates":[[[-106.3236,35.75677],[-106.32463,35.75725],[-106.32526,35.75999],[-106.32673,35.76177],[-106.32644,35.76407],[-106.3282,35.76803],[-106.3281,35.76918],[-106.32715,35.77031],[-106.32518,35.7709],[-106.32355,35.77092],[-106.32263,35.76989],[-106.32327,35.76804],[-106.32355,35.76376],[-106.32269,35.76244],[-106.32292,35.75935],[-106.32204,35.75821],[-106.3236,35.75677]]]},"bbox":[-106.32823,35.75667,-106.32204,35.77097]},{"type":"Feature","id":44839,"properties":{"y":1993,"n":"Oaks","ag":"USFS","ac":261.0,"c":14,"cl":"Unknown","ad":"2016-12-29","cd":"","st":"NM","se":4},"geometry":{"type":"Polygon","coordinates":[[[-106.4359,35.72195],[-106.43639,35.71669],[-106.43441,35.71476],[-106.43462,35.71407],[-106.43568,35.71366],[-106.43672,35.7137],[-106.43807,35.71474],[-106.44115,35.7151],[-106.44179,35.71776],[-106.44258,35.7186],[-106.44403,35.71813],[-106.4445,35.72267],[-106.44374,35.72532],[-106.44464,35.72693],[-106.44482,35.72941],[-106.44291,35.72985],[-106.4416,35.73085],[-106.43973,35.72976],[-106.43945,35.7285],[-106.43797,35.72703],[-106.43708,35.72308],[-106.4359,35.72195]]]},"bbox":[-106.44498,35.71362,-106.4344,35.73085]},{"type":"Feature","id":44840,"properties":{"y":1988,"n":"Cougar","ag":"USFS","ac":32.3,"c":14,"cl":"Unknown","ad":"2016-12-29","cd":"","st":"NM","se":4},"geometry":{"type":"Polygon","coordinates":[[[-106.75797,35.84591],[-106.76011,35.84138],[-106.7607,35.84382],[-106.76154,35.84515],[-106.76119,35.84785],[-106.75797,35.84591]]]},"bbox":[-106.76161,35.84138,-106.75797,35.84794]},{"type":"Feature","id":44841,"properties":{"y":1990,"n":"Piedra #2","ag":"USFS","ac":16.2,"c":14,"cl":"Unknown","ad":"2016-12-29","cd":"","st":"NM","se":4},"geometry":{"type":"Polygon","coordinates":[[[-106.31701,35.94524],[-106.31685,35.94444],[-106.31892,35.94421],[-106.32073,35.94592],[-106.32023,35.94661],[-106.31851,35.94639],[-106.31701,35.94524]]]},"bbox":[-106.32073,35.94418,-106.31685,35.94661]},{"type":"Feature","id":44842,"properties":{"y":1987,"n":"Alamo","ag":"USFS","ac":112.8,"c":14,"cl":"Unknown","ad":"2016-12-29","cd":"","st":"NM","se":4},"geometry":{"type":"Polygon","coordinates":[[[-105.79748,35.92509],[-105.79332,35.92523],[-105.79276,35.92426],[-105.79253,35.92034],[-105.79157,35.91962],[-105.79162,35.91885],[-105.79477,35.91878],[-105.79708,35.92015],[-105.79888,35.92002],[-105.80109,35.92122],[-105.8011,35.92212],[-105.80011,35.92302],[-105.80013,35.92445],[-105.79874,35.92563],[-105.79748,35.92509]]]},"bbox":[-105.80125,35.91867,-105.79147,35.92563]},{"type":"Feature","id":44843,"properties":{"y":1993,"n":"Barley","ag":"USFS","ac":38.7,"c":14,"cl":"Unknown","ad":"2016-12-29","cd":"","st":"NM","se":4},"geometry":{"type":"Polygon","coordinates":[[[-106.71468,35.89551],[-106.7131,35.89375],[-106.71295,35.89288],[-106.71509,35.89153],[-106.71625,35.89124],[-106.71879,35.89161],[-106.71588,35.89587],[-106.71468,35.89551]]]},"bbox":[-106.71879,35.89124,-106.71295,35.89596]},{"type":"Feature","id":44844,"properties":{"y":1990,"n":"Garcia","ag":"USFS","ac":10.0,"c":14,"cl":"Unknown","ad":"2016-12-29","cd":"","st":"NM","se":4},"geometry":{"type":"Polygon","coordinates":[[[-106.31311,35.93933],[-106.31374,35.93877],[-106.31707,35.93944],[-106.31752,35.94025],[-106.31676,35.94062],[-106.31311,35.93933]]]},"bbox":[-106.31753,35.93877,-106.31308,35.94062]},{"type":"Feature","id":44845,"properties":{"y":2010,"n":"Paired Watershed","ag":"USFS","ac":29.2,"c":14,"cl":"Unknown","ad":"2018-04-28","cd":"","st":"NM","se":1},"geometry":{"type":"Polygon","coordinates":[[[-106.27332,35.7755],[-106.27088,35.77433],[-106.2698,35.77183],[-106.26974,35.77056],[-106.2713,35.77054],[-106.27312,35.77163],[-106.27332,35.7755]]]},"bbox":[-106.27332,35.77046,-106.26973,35.77551]},{"type":"Feature","id":44846,"properties":{"y":1989,"n":"Unknown","ag":"USFS","ac":241.6,"c":14,"cl":"Unknown","ad":"1994-02-01","cd":"","st":"NM","se":4},"geometry":{"type":"Polygon","coordinates":[[[-107.30221,36.73665],[-107.30451,36.73701],[-107.30649,36.73802],[-107.30802,36.73983],[-107.30846,36.74168],[-107.30802,36.74353],[-107.30649,36.74535],[-107.30451,36.74636],[-107.30221,36.74671],[-107.29991,36.74636],[-107.29794,36.74535],[-107.2964,36.74354],[-107.29596,36.74169],[-107.2964,36.73983],[-107.29793,36.73802],[-107.29991,36.73701],[-107.30221,36.73665]]]},"bbox":[-107.30846,36.73665,-107.29596,36.74671]},{"type":"Feature","id":44848,"properties":{"y":1996,"n":"Unknown","ag":"USFS","ac":20.9,"c":14,"cl":"Unknown","ad":"2016-12-29","cd":"","st":"NM","se":4},"geometry":{"type":"Polygon","coordinates":[[[-106.83565,35.96816],[-106.8347,35.96787],[-106.83557,35.9649],[-106.83678,35.96445],[-106.83809,35.96477],[-106.83788,35.96605],[-106.83691,35.9676],[-106.83565,35.96816]]]},"bbox":[-106.83827,35.96445,-106.8347,35.96816]},{"type":"Feature","id":44849,"properties":{"y":1985,"n":"Backgate 1","ag":"USFS","ac":14.0,"c":14,"cl":"Unknown","ad":"2018-04-28","cd":"","st":"NM","se":1},"geometry":{"type":"Polygon","coordinates":[[[-106.35767,35.83391],[-106.35673,35.83313],[-106.35665,35.83218],[-106.35787,35.83081],[-106.35867,35.83076],[-106.3589,35.8332],[-106.3586,35.83384],[-106.35767,35.83391]]]},"bbox":[-106.35891,35.83074,-106.35665,35.83391]},{"type":"Feature","id":44850,"properties":{"y":1990,"n":"Corral Hill 90","ag":"USFS","ac":31.8,"c":14,"cl":"Unknown","ad":"2018-04-28","cd":"","st":"NM","se":1},"geometry":{"type":"Polygon","coordinates":[[[-106.29282,35.78074],[-106.29355,35.77768],[-106.29471,35.77693],[-106.294,35.77906],[-106.29441,35.77986],[-106.29727,35.78016],[-106.29662,35.78084],[-106.29433,35.78076],[-106.2923,35.78385],[-106.29094,35.78464],[-106.29059,35.78366],[-106.29282,35.78074]]]},"bbox":[-106.29727,35.77693,-106.29052,35.78464]},{"type":"Feature","id":44851,"properties":{"y":1986,"n":"Corral Pnf","ag":"USFS","ac":37.4,"c":14,"cl":"Unknown","ad":"2018-04-28","cd":"","st":"NM","se":1},"geometry":{"type":"Polygon","coordinates":[[[-106.28687,35.78145],[-106.29064,35.7808],[-106.29251,35.78307],[-106.29173,35.78441],[-106.29001,35.78529],[-106.28687,35.78145]]]},"bbox":[-106.29253,35.7808,-106.28687,35.78529]},{"type":"Feature","id":44852,"properties":{"y":1997,"n":"Burnt Mesa","ag":"USFS","ac":26.7,"c":14,"cl":"Unknown","ad":"2018-04-28","cd":"","st":"NM","se":1},"geometry":{"type":"Polygon","coordinates":[[[-106.30487,35.80693],[-106.30287,35.80587],[-106.30101,35.80367],[-106.30094,35.803],[-106.30132,35.80288],[-106.30021,35.80119],[-106.30119,35.80118],[-106.30289,35.80328],[-106.30504,35.80493],[-106.30488,35.80566],[-106.30537,35.8065],[-106.30487,35.80693]]]},"bbox":[-106.30537,35.80099,-106.30018,35.80704]},{"type":"Feature","id":44853,"properties":{"y":1998,"n":"Pacheco","ag":"USFS","ac":30.0,"c":14,"cl":"Unknown","ad":"2016-12-29","cd":"","st":"NM","se":4},"geometry":{"type":"Polygon","coordinates":[[[-105.83227,35.69014],[-105.83073,35.68963],[-105.83008,35.68839],[-105.83071,35.68713],[-105.83224,35.6866],[-105.83378,35.68711],[-105.83443,35.68836],[-105.83381,35.68961],[-105.83227,35.69014]]]},"bbox":[-105.83443,35.6866,-105.83008,35.69014]},{"type":"Feature","id":44855,"properties":{"y":1991,"n":"Unknown","ag":"USFS","ac":579.8,"c":14,"cl":"Unknown","ad":"1994-02-01","cd":"","st":"NM","se":4},"geometry":{"type":"Polygon","coordinates":[[[-107.27221,36.79389],[-107.27576,36.79443],[-107.27884,36.796],[-107.28098,36.79836],[-107.2819,36.80168],[-107.28122,36.80455],[-107.27885,36.80736],[-107.27578,36.80893],[-107.27221,36.80948],[-107.26864,36.80893],[-107.26558,36.80737],[-107.26344,36.805],[-107.26252,36.80168],[-107.2632,36.79881],[-107.26514,36.79635],[-107.26864,36.79443],[-107.27221,36.79389]]]},"bbox":[-107.2819,36.79389,-107.26252,36.80948]},{"type":"Feature","id":44856,"properties":{"y":2001,"n":"Happy","ag":"USFS","ac":15.0,"c":14,"cl":"Unknown","ad":"2016-12-29","cd":"","st":"NM","se":4},"geometry":{"type":"Polygon","coordinates":[[[-106.8348,36.33572],[-106.8337,36.33537],[-106.83323,36.3345],[-106.83366,36.3336],[-106.83475,36.33322],[-106.83585,36.33357],[-106.83632,36.33445],[-106.83589,36.33534],[-106.8348,36.33572]]]},"bbox":[-106.83632,36.33322,-106.83323,36.33572]},{"type":"Feature","id":44857,"properties":{"y":1990,"n":"Unknown","ag":"USFS","ac":214.1,"c":14,"cl":"Unknown","ad":"1994-02-01","cd":"","st":"NM","se":4},"geometry":{"type":"Polygon","coordinates":[[[-105.45605,35.521],[-105.4549,35.51972],[-105.45658,35.51772],[-105.45718,35.51554],[-105.45999,35.51282],[-105.45978,35.51172],[-105.46128,35.50935],[-105.46107,35.50851],[-105.46176,35.50651],[-105.46353,35.50502],[-105.46496,35.50529],[-105.46575,35.50631],[-105.46552,35.50759],[-105.4663,35.50957],[-105.46384,35.51404],[-105.46426,35.51667],[-105.46299,35.51768],[-105.46289,35.51903],[-105.46162,35.52041],[-105.45605,35.521]]]},"bbox":[-105.46631,35.50495,-105.4549,35.52104]},{"type":"Feature","id":44858,"properties":{"y":2000,"n":"La Salle","ag":"USFS","ac":35.4,"c":14,"cl":"Unknown","ad":"2016-12-29","cd":"","st":"NM","se":4},"geometry":{"type":"Polygon","coordinates":[[[-105.68644,35.67031],[-105.68438,35.6704],[-105.68424,35.66917],[-105.68281,35.6672],[-105.68611,35.66652],[-105.68738,35.66715],[-105.6884,35.66909],[-105.68644,35.67031]]]},"bbox":[-105.68843,35.66652,-105.68281,35.67059]},{"type":"Feature","id":44859,"properties":{"y":1995,"n":"Lucero","ag":"USFS","ac":10.0,"c":14,"cl":"Unknown","ad":"2016-12-29","cd":"","st":"NM","se":4},"geometry":{"type":"Polygon","coordinates":[[[-107.04564,36.03938],[-107.04436,36.03846],[-107.04463,36.03771],[-107.04548,36.03734],[-107.0464,36.03756],[-107.04687,36.03833],[-107.04652,36.03906],[-107.04564,36.03938]]]},"bbox":[-107.04687,36.03733,-107.04435,36.03938]},{"type":"Feature","id":44860,"properties":{"y":1995,"n":"Encinoso","ag":"USFS","ac":62.1,"c":14,"cl":"Unknown","ad":"2016-12-29","cd":"","st":"NM","se":4},"geometry":{"type":"Polygon","coordinates":[[[-106.75047,36.15099],[-106.75182,36.14977],[-106.75336,36.1512],[-106.75335,36.15191],[-106.74956,36.15387],[-106.74913,36.15507],[-106.74696,36.15709],[-106.74525,36.15693],[-106.74494,36.15587],[-106.7463,36.15322],[-106.74928,36.15124],[-106.75047,36.15099]]]},"bbox":[-106.75336,36.14977,-106.74494,36.15709]},{"type":"Feature","id":44861,"properties":{"y":1992,"n":"Cerro Grande","ag":"USFS","ac":807.8,"c":14,"cl":"Unknown","ad":"2018-04-28","cd":"","st":"NM","se":1},"geometry":{"type":"Polygon","coordinates":[[[-106.40215,35.85548],[-106.4017,35.85284],[-106.40313,35.84881],[-106.40263,35.84453],[-106.40533,35.84563],[-106.40904,35.85013],[-106.40963,35.85192],[-106.41276,35.85356],[-106.41325,35.85301],[-106.41297,35.85064],[-106.41377,35.84995],[-106.41762,35.85232],[-106.41929,35.85201],[-106.42073,35.85056],[-106.42211,35.84993],[-106.42472,35.8513],[-106.42245,35.85352],[-106.42059,35.85741],[-106.42007,35.85883],[-106.42009,35.86431],[-106.41958,35.86517],[-106.41444,35.86829],[-106.41319,35.86861],[-106.41179,35.86875],[-106.40873,35.86806],[-106.40349,35.86502],[-106.40109,35.85944],[-106.40215,35.85548]]]},"bbox":[-106.42472,35.84453,-106.40108,35.86875]},{"type":"Feature","id":44862,"properties":{"y":1996,"n":"Corral","ag":"USFS","ac":12.0,"c":14,"cl":"Unknown","ad":"2016-12-29","cd":"","st":"NM","se":4},"geometry":{"type":"Polygon","coordinates":[[[-105.89307,35.65646],[-105.89209,35.65614],[-105.89168,35.65535],[-105.89208,35.65456],[-105.89304,35.65422],[-105.89402,35.65454],[-105.89443,35.65533],[-105.89404,35.65613],[-105.89307,35.65646]]]},"bbox":[-105.89443,35.65422,-105.89168,35.65646]},{"type":"Feature","id":44863,"properties":{"y":1976,"n":"Escobas Mesa #1","ag":"USFS","ac":39.8,"c":14,"cl":"Unknown","ad":"2018-04-28","cd":"","st":"NM","se":1},"geometry":{"type":"Polygon","coordinates":[[[-106.34889,35.81873],[-106.35059,35.81895],[-106.35171,35.82001],[-106.35173,35.82141],[-106.35065,35.8225],[-106.34853,35.82267],[-106.34701,35.82147],[-106.34728,35.81956],[-106.34889,35.81873]]]},"bbox":[-106.35187,35.81869,-106.34685,35.82278]},{"type":"Feature","id":44864,"properties":{"y":1991,"n":"Park Headquarters","ag":"USFS","ac":39.8,"c":14,"cl":"Unknown","ad":"2018-04-28","cd":"","st":"NM","se":1},"geometry":{"type":"Polygon","coordinates":[[[-106.27969,35.78307],[-106.28139,35.78328],[-106.28251,35.78434],[-106.28253,35.78575],[-106.28145,35.78683],[-106.27933,35.787],[-106.27781,35.7858],[-106.27797,35.78408],[-106.27969,35.78307]]]},"bbox":[-106.28267,35.78303,-106.27765,35.78712]},{"type":"Feature","id":44865,"properties":{"y":1984,"n":"Veecee","ag":"USFS","ac":16.4,"c":14,"cl":"Unknown","ad":"2018-04-28","cd":"","st":"NM","se":1},"geometry":{"type":"Polygon","coordinates":[[[-106.27073,35.78],[-106.27238,35.7797],[-106.27616,35.78305],[-106.27521,35.78357],[-106.27458,35.78338],[-106.27073,35.78]]]},"bbox":[-106.27616,35.77947,-106.27073,35.78357]},{"type":"Feature","id":44866,"properties":{"y":1984,"n":"Casa","ag":"USFS","ac":27.8,"c":14,"cl":"Unknown","ad":"2016-12-29","cd":"","st":"NM","se":4},"geometry":{"type":"Polygon","coordinates":[[[-106.83201,36.38753],[-106.83115,36.38745],[-106.83101,36.38675],[-106.83195,36.38647],[-106.83229,36.38706],[-106.83314,36.38642],[-106.83375,36.38471],[-106.83607,36.38172],[-106.83713,36.38147],[-106.83675,36.38267],[-106.83713,36.38317],[-106.83631,36.38335],[-106.83324,36.38911],[-106.83201,36.38753]]]},"bbox":[-106.83722,36.38147,-106.83101,36.38911]},{"type":"Feature","id":44867,"properties":{"y":1992,"n":"Unknown","ag":"USFS","ac":330.2,"c":14,"cl":"Unknown","ad":"1994-02-01","cd":"","st":"NM","se":4},"geometry":{"type":"Polygon","coordinates":[[[-106.74059,36.44929],[-106.73873,36.44925],[-106.73926,36.44645],[-106.73791,36.44555],[-106.73807,36.44446],[-106.73989,36.44348],[-106.74047,36.44215],[-106.74045,36.44149],[-106.73889,36.43982],[-106.73875,36.43743],[-106.74095,36.43604],[-106.74761,36.43809],[-106.75187,36.43673],[-106.75346,36.43778],[-106.75152,36.43951],[-106.75153,36.43994],[-106.75248,36.44038],[-106.75172,36.44162],[-106.75214,36.44253],[-106.74987,36.44587],[-106.74588,36.44752],[-106.74408,36.44882],[-106.74167,36.44863],[-106.74059,36.44929]]]},"bbox":[-106.75346,36.43604,-106.73788,36.44929]},{"type":"Feature","id":44868,"properties":{"y":1990,"n":"Rio 90-1","ag":"USFS","ac":10.4,"c":14,"cl":"Unknown","ad":"2018-04-28","cd":"","st":"NM","se":1},"geometry":{"type":"Polygon","coordinates":[[[-106.25617,35.75244],[-106.25745,35.75264],[-106.25763,35.75545],[-106.25552,35.75382],[-106.25617,35.75244]]]},"bbox":[-106.25775,35.75231,-106.25545,35.75545]},{"type":"Feature","id":44869,"properties":{"y":2005,"n":"Mesa Camino","ag":"USFS","ac":831.4,"c":14,"cl":"Unknown","ad":"2016-12-29","cd":"","st":"NM","se":4},"geometry":{"type":"Polygon","coordinates":[[[-106.63521,36.23101],[-106.63576,36.22944],[-106.63681,36.22879],[-106.64063,36.22767],[-106.6423,36.22562],[-106.64414,36.22564],[-106.64545,36.22294],[-106.65114,36.22076],[-106.65506,36.22115],[-106.65811,36.2201],[-106.66087,36.2221],[-106.6678,36.22099],[-106.6768,36.22226],[-106.68069,36.22132],[-106.68183,36.2216],[-106.68237,36.22228],[-106.68047,36.2272],[-106.67935,36.22753],[-106.67709,36.23109],[-106.67534,36.23195],[-106.67442,36.2307],[-106.67405,36.22868],[-106.67243,36.22617],[-106.67105,36.22558],[-106.66835,36.22588],[-106.66716,36.22697],[-106.66451,36.22684],[-106.66025,36.22806],[-106.65125,36.22794],[-106.64951,36.22858],[-106.64569,36.2316],[-106.64488,36.23178],[-106.64367,36.2306],[-106.63985,36.23518],[-106.63327,36.23869],[-106.63193,36.23906],[-106.62994,36.23825],[-106.62971,36.23748],[-106.6304,36.23622],[-106.63521,36.23101]]]},"bbox":[-106.68237,36.2201,-106.62971,36.23906]},{"type":"Feature","id":44870,"properties":{"y":2009,"n":"Soldier","ag":"USFS","ac":146.9,"c":14,"cl":"Unknown","ad":"2016-12-29","cd":"","st":"NM","se":4},"geometry":{"type":"Polygon","coordinates":[[[-105.64514,35.66602],[-105.64618,35.66141],[-105.64821,35.66112],[-105.65154,35.66291],[-105.65517,35.66339],[-105.6569,35.66496],[-105.65666,35.66544],[-105.65366,35.66671],[-105.6514,35.66902],[-105.65091,35.67241],[-105.6491,35.66844],[-105.64595,35.667],[-105.64514,35.66602]]]},"bbox":[-105.6569,35.66103,-105.64514,35.67241]},{"type":"Feature","id":44871,"properties":{"y":2008,"n":"Alta","ag":"USFS","ac":834.7,"c":14,"cl":"Unknown","ad":"2016-12-29","cd":"","st":"NM","se":4},"geometry":{"type":"Polygon","coordinates":[[[-106.62621,36.26164],[-106.62656,36.26065],[-106.62357,36.25926],[-106.62391,36.25722],[-106.62311,36.25672],[-106.62073,36.25575],[-106.61938,36.25565],[-106.6188,36.25638],[-106.61777,36.25518],[-106.61679,36.25495],[-106.6135,36.25697],[-106.61229,36.2537],[-106.61314,36.25263],[-106.61303,36.2515],[-106.61384,36.25047],[-106.61659,36.24888],[-106.61695,36.24747],[-106.61922,36.24571],[-106.61858,36.2441],[-106.61958,36.24179],[-106.61788,36.23984],[-106.62027,36.23977],[-106.62093,36.23797],[-106.62427,36.23736],[-106.62475,36.23714],[-106.62451,36.2364],[-106.62554,36.23575],[-106.6278,36.23548],[-106.63103,36.2384],[-106.6322,36.23885],[-106.63225,36.24212],[-106.6304,36.24189],[-106.63029,36.24557],[-106.63125,36.24655],[-106.63372,36.24743],[-106.63464,36.24871],[-106.63533,36.25131],[-106.63493,36.25243],[-106.63296,36.25413],[-106.63306,36.25459],[-106.63158,36.25436],[-106.63128,36.25658],[-106.63261,36.25661],[-106.6334,36.25536],[-106.63448,36.25584],[-106.6343,36.25667],[-106.63368,36.25663],[-106.63179,36.25893],[-106.63151,36.26022],[-106.62755,36.26089],[-106.62621,36.26164]]]},"bbox":[-106.63533,36.23548,-106.61229,36.26182]},{"type":"Feature","id":44872,"properties":{"y":1978,"n":"Unknown","ag":"USFS","ac":13.0,"c":14,"cl":"Unknown","ad":"1994-02-01","cd":"","st":"NM","se":4},"geometry":{"type":"Polygon","coordinates":[[[-105.41476,35.70232],[-105.41375,35.70198],[-105.41332,35.70116],[-105.41374,35.70033],[-105.41475,35.69998],[-105.41576,35.70032],[-105.41618,35.70115],[-105.41577,35.70197],[-105.41476,35.70232]]]},"bbox":[-105.41618,35.69998,-105.41332,35.70232]},{"type":"Feature","id":44873,"properties":{"y":1973,"n":"Unknown","ag":"USFS","ac":120.1,"c":14,"cl":"Unknown","ad":"2016-12-29","cd":"","st":"NM","se":4},"geometry":{"type":"Polygon","coordinates":[[[-106.55706,35.9819],[-106.55396,35.9809],[-106.55307,35.9799],[-106.55263,35.97841],[-106.55287,35.97719],[-106.55386,35.97589],[-106.55692,35.97481],[-106.56003,35.97581],[-106.56107,35.97709],[-106.56135,35.9783],[-106.56097,35.9798],[-106.56013,35.98082],[-106.55706,35.9819]]]},"bbox":[-106.56135,35.97481,-106.55263,35.9819]},{"type":"Feature","id":44874,"properties":{"y":1995,"n":"Mesa","ag":"USFS","ac":48.5,"c":14,"cl":"Unknown","ad":"2016-12-29","cd":"","st":"NM","se":4},"geometry":{"type":"Polygon","coordinates":[[[-106.61886,36.05476],[-106.62007,36.05338],[-106.62214,36.05277],[-106.62337,36.05178],[-106.62463,36.05198],[-106.62533,36.05269],[-106.62413,36.05386],[-106.62241,36.05417],[-106.61928,36.05839],[-106.61866,36.05844],[-106.61742,36.05775],[-106.61705,36.05686],[-106.61846,36.05599],[-106.61886,36.05476]]]},"bbox":[-106.62533,36.05171,-106.61705,36.05844]},{"type":"Feature","id":44875,"properties":{"y":2008,"n":"Escobas","ag":"USFS","ac":14.6,"c":14,"cl":"Unknown","ad":"2016-12-29","cd":"","st":"NM","se":4},"geometry":{"type":"Polygon","coordinates":[[[-106.46153,36.15164],[-106.46131,36.15086],[-106.46008,36.15071],[-106.46135,36.15026],[-106.4626,36.14878],[-106.46247,36.14762],[-106.46305,36.14761],[-106.46393,36.14928],[-106.46631,36.15128],[-106.46325,36.14942],[-106.46199,36.15047],[-106.46153,36.15164]]]},"bbox":[-106.46631,36.14761,-106.46008,36.15164]},{"type":"Feature","id":44876,"properties":{"y":1980,"n":"Seco","ag":"USFS","ac":261.8,"c":14,"cl":"Unknown","ad":"2016-12-29","cd":"","st":"NM","se":4},"geometry":{"type":"Polygon","coordinates":[[[-106.4921,36.12622],[-106.48322,36.12508],[-106.48003,36.12623],[-106.47884,36.12595],[-106.4785,36.12374],[-106.47927,36.12069],[-106.48298,36.11867],[-106.49355,36.12133],[-106.49902,36.12459],[-106.49509,36.12725],[-106.49451,36.12822],[-106.49357,36.12842],[-106.4921,36.12622]]]},"bbox":[-106.49902,36.11867,-106.47847,36.12842]},{"type":"Feature","id":44877,"properties":{"y":1996,"n":"Blue","ag":"USFS","ac":20.0,"c":14,"cl":"Unknown","ad":"2016-12-29","cd":"","st":"NM","se":4},"geometry":{"type":"Polygon","coordinates":[[[-106.856,35.96569],[-106.85406,35.96275],[-106.85497,35.96267],[-106.85794,35.96389],[-106.85793,35.9654],[-106.85731,35.9664],[-106.856,35.96569]]]},"bbox":[-106.858,35.96265,-106.85406,35.9664]},{"type":"Feature","id":44878,"properties":{"y":1983,"n":"Unknown","ag":"USFS","ac":302.3,"c":14,"cl":"Unknown","ad":"1994-02-01","cd":"","st":"NM","se":4},"geometry":{"type":"Polygon","coordinates":[[[-103.14473,36.2952],[-103.14575,36.29698],[-103.14511,36.29851],[-103.14562,36.29882],[-103.15439,36.29482],[-103.15874,36.29353],[-103.15938,36.29418],[-103.1594,36.29524],[-103.15833,36.29725],[-103.15814,36.30142],[-103.15676,36.30068],[-103.1509,36.30119],[-103.14749,36.30197],[-103.14454,36.30327],[-103.14179,36.30338],[-103.13842,36.30284],[-103.13764,36.3023],[-103.13702,36.29925],[-103.13741,36.29843],[-103.14473,36.2952]]]},"bbox":[-103.1594,36.29353,-103.13702,36.30338]},{"type":"Feature","id":44879,"properties":{"y":2008,"n":"Pinabetosa","ag":"USFS","ac":87.9,"c":14,"cl":"Unknown","ad":"2016-12-29","cd":"","st":"NM","se":4},"geometry":{"type":"Polygon","coordinates":[[[-106.63826,36.08225],[-106.6364,36.07744],[-106.63913,36.07347],[-106.6397,36.07172],[-106.63962,36.07013],[-106.6413,36.07179],[-106.64136,36.07298],[-106.64242,36.07456],[-106.64183,36.07599],[-106.6431,36.0764],[-106.64323,36.07693],[-106.64211,36.07742],[-106.64145,36.07976],[-106.64081,36.07967],[-106.64046,36.07901],[-106.63904,36.08011],[-106.63826,36.08225]]]},"bbox":[-106.64328,36.07013,-106.6364,36.08225]},{"type":"Feature","id":44880,"properties":{"y":2000,"n":"Hondo","ag":"USFS","ac":327.9,"c":14,"cl":"Unknown","ad":"2016-12-29","cd":"","st":"NM","se":4},"geometry":{"type":"Polygon","coordinates":[[[-106.58393,35.69821],[-106.58653,35.69914],[-106.58735,35.70045],[-106.58711,35.7019],[-106.58577,35.70447],[-106.58565,35.70871],[-106.58785,35.71166],[-106.5872,35.71297],[-106.58754,35.71382],[-106.58538,35.7155],[-106.58452,35.71688],[-106.58231,35.71841],[-106.58159,35.7172],[-106.58245,35.71491],[-106.58019,35.7129],[-106.57984,35.71193],[-106.57803,35.71074],[-106.57753,35.70561],[-106.57831,35.7024],[-106.57889,35.70158],[-106.58033,35.70105],[-106.58088,35.6991],[-106.58393,35.69821]]]},"bbox":[-106.58785,35.69818,-106.57753,35.71841]},{"type":"Feature","id":44881,"properties":{"y":2007,"n":"Jemez Falls","ag":"USFS","ac":12.6,"c":14,"cl":"Unknown","ad":"2016-12-29","cd":"","st":"NM","se":4},"geometry":{"type":"Polygon","coordinates":[[[-106.60814,35.82005],[-106.60714,35.81973],[-106.60671,35.81892],[-106.60711,35.8181],[-106.6081,35.81775],[-106.6091,35.81808],[-106.60953,35.81888],[-106.60913,35.8197],[-106.60814,35.82005]]]},"bbox":[-106.60953,35.81775,-106.60671,35.82005]},{"type":"Feature","id":44882,"properties":{"y":1997,"n":"Raider","ag":"USFS","ac":299.4,"c":14,"cl":"Unknown","ad":"2016-12-29","cd":"","st":"NM","se":4},"geometry":{"type":"Polygon","coordinates":[[[-106.69072,36.29762],[-106.68984,36.29583],[-106.69172,36.29596],[-106.69294,36.29498],[-106.69472,36.29464],[-106.69691,36.29264],[-106.69829,36.29214],[-106.69946,36.29256],[-106.70287,36.29561],[-106.70335,36.29692],[-106.70247,36.2977],[-106.69889,36.29888],[-106.69539,36.30289],[-106.68963,36.3072],[-106.68934,36.30894],[-106.69005,36.31015],[-106.68886,36.31049],[-106.68718,36.30926],[-106.68725,36.30593],[-106.68677,36.30539],[-106.68755,36.30457],[-106.68669,36.3039],[-106.68753,36.30365],[-106.6875,36.3024],[-106.68916,36.30114],[-106.68987,36.29812],[-106.69072,36.29762]]]},"bbox":[-106.70335,36.29214,-106.68669,36.31049]},{"type":"Feature","id":44883,"properties":{"y":2016,"n":"Virgin","ag":"USFS","ac":96.0,"c":14,"cl":"Unknown","ad":"2016-12-29","cd":"","st":"NM","se":4},"geometry":{"type":"Polygon","coordinates":[[[-106.72775,35.77671],[-106.72642,35.77632],[-106.72704,35.77586],[-106.72714,35.77502],[-106.72549,35.77504],[-106.72511,35.77345],[-106.72396,35.77206],[-106.72031,35.77249],[-106.72008,35.77213],[-106.72092,35.77133],[-106.71939,35.77015],[-106.71941,35.76904],[-106.72115,35.76899],[-106.72284,35.76956],[-106.72245,35.76988],[-106.72252,35.77083],[-106.7234,35.77192],[-106.72484,35.77093],[-106.72633,35.77102],[-106.72677,35.77005],[-106.73127,35.76816],[-106.73168,35.7686],[-106.73117,35.77015],[-106.72818,35.77443],[-106.72903,35.7753],[-106.72775,35.77671]]]},"bbox":[-106.73168,35.76814,-106.71939,35.77673]},{"type":"Feature","id":44885,"properties":{"y":1990,"n":"Pedro","ag":"USFS","ac":293.8,"c":14,"cl":"Unknown","ad":"2016-12-29","cd":"","st":"NM","se":4},"geometry":{"type":"Polygon","coordinates":[[[-106.75961,36.14282],[-106.75765,36.14156],[-106.7574,36.14046],[-106.75883,36.1385],[-106.76253,36.13661],[-106.76252,36.13605],[-106.76452,36.13409],[-106.76644,36.1336],[-106.76709,36.13239],[-106.76866,36.13164],[-106.77206,36.13103],[-106.77479,36.13164],[-106.77567,36.13531],[-106.77065,36.13916],[-106.76888,36.14121],[-106.76641,36.14253],[-106.76197,36.14195],[-106.75961,36.14282]]]},"bbox":[-106.77567,36.13103,-106.7573,36.14282]},{"type":"Feature","id":44886,"properties":{"y":2003,"n":"Pinabetosa","ag":"USFS","ac":26.3,"c":14,"cl":"Unknown","ad":"2016-12-29","cd":"","st":"NM","se":4},"geometry":{"type":"Polygon","coordinates":[[[-106.63704,36.06717],[-106.63745,36.06683],[-106.63804,36.06708],[-106.63757,36.06571],[-106.63788,36.06513],[-106.63957,36.0647],[-106.64013,36.06772],[-106.63939,36.07018],[-106.63872,36.07019],[-106.63851,36.0685],[-106.63704,36.06717]]]},"bbox":[-106.64013,36.06454,-106.63704,36.07028]},{"type":"Feature","id":44887,"properties":{"y":2016,"n":"138","ag":"USFS","ac":323.0,"c":14,"cl":"Unknown","ad":"2016-12-29","cd":"","st":"NM","se":4},"geometry":{"type":"MultiPolygon","coordinates":[[[[-106.5387,35.65345],[-106.53856,35.65214],[-106.53751,35.64989],[-106.53867,35.6496],[-106.53819,35.64815],[-106.53843,35.64553],[-106.54186,35.64658],[-106.54187,35.64738],[-106.54338,35.64913],[-106.54416,35.65101],[-106.54415,35.65508],[-106.54452,35.65579],[-106.5441,35.65679],[-106.54488,35.66041],[-106.54444,35.66248],[-106.54321,35.6626],[-106.54297,35.66322],[-106.54322,35.66819],[-106.5436,35.66868],[-106.54284,35.66912],[-106.54123,35.66802],[-106.53961,35.66795],[-106.53829,35.66709],[-106.53813,35.66544],[-106.53751,35.66472],[-106.53823,35.66073],[-106.53619,35.65893],[-106.5369,35.65649],[-106.53619,35.65557],[-106.53655,35.65523],[-106.53869,35.65539],[-106.5387,35.65345]],[[-106.53869,35.65539],[-106.53869,35.6554],[-106.53869,35.65539],[-106.53869,35.65539]],[[-106.53869,35.6554],[-106.53869,35.6554],[-106.5387,35.65541],[-106.53869,35.6554]],[[-106.53873,35.65341],[-106.53873,35.65339],[-106.53871,35.65345],[-106.53873,35.65341]]],[[[-106.53845,35.65224],[-106.53843,35.65229],[-106.53841,35.65224],[-106.53845,35.65224]]],[[[-106.53841,35.65224],[-106.53838,35.65216],[-106.5384,35.65217],[-106.53841,35.65224]]],[[[-106.5385,35.65211],[-106.5385,35.65213],[-106.53848,35.65211],[-106.5385,35.65211]]],[[[-106.53851,35.65211],[-106.53851,35.65212],[-106.53851,35.65212],[-106.53851,35.65211]]],[[[-106.53852,35.65211],[-106.53852,35.65211],[-106.53852,35.65211],[-106.53852,35.65211]]],[[[-106.53852,35.65211],[-106.53851,35.65211],[-106.53852,35.65211],[-106.53852,35.65211]]],[[[-106.53853,35.65211],[-106.53854,35.65212],[-106.53853,35.65212],[-106.53853,35.65211]]],[[[-106.53853,35.65212],[-106.53853,35.65212],[-106.53853,35.65212],[-106.53853,35.65212]]],[[[-106.53853,35.65212],[-106.53853,35.65213],[-106.53852,35.65212],[-106.53853,35.65212]]],[[[-106.53853,35.65213],[-106.53853,35.65213],[-106.53852,35.65213],[-106.53853,35.65213]]],[[[-106.53853,35.65213],[-106.53853,35.65213],[-106.53853,35.65213],[-106.53853,35.65213]]],[[[-106.53867,35.65354],[-106.53867,35.65354],[-106.53867,35.65354],[-106.53867,35.65354]]]]},"bbox":[-106.54488,35.64553,-106.53619,35.66912]},{"type":"Feature","id":44888,"properties":{"y":2010,"n":"Diegito","ag":"USFS","ac":302.4,"c":14,"cl":"Unknown","ad":"2016-12-29","cd":"","st":"NM","se":4},"geometry":{"type":"Polygon","coordinates":[[[-106.67907,36.09195],[-106.67802,36.09013],[-106.67845,36.08648],[-106.6778,36.0855],[-106.67574,36.08455],[-106.67557,36.08397],[-106.67813,36.08041],[-106.68006,36.07949],[-106.68109,36.08035],[-106.6833,36.08065],[-106.68321,36.08131],[-106.68482,36.08178],[-106.68512,36.0823],[-106.6892,36.08359],[-106.69158,36.08835],[-106.69128,36.08874],[-106.69201,36.08962],[-106.69152,36.09032],[-106.69229,36.09123],[-106.6907,36.09114],[-106.68918,36.092],[-106.68649,36.08981],[-106.68471,36.08972],[-106.67907,36.09195]]]},"bbox":[-106.69229,36.07949,-106.67557,36.092]},{"type":"Feature","id":44889,"properties":{"y":2013,"n":"Borrego","ag":"USFS","ac":11.1,"c":14,"cl":"Unknown","ad":"2016-12-29","cd":"","st":"NM","se":4},"geometry":{"type":"Polygon","coordinates":[[[-106.6278,35.66885],[-106.62603,35.66887],[-106.62558,35.6681],[-106.62589,35.66737],[-106.62682,35.66698],[-106.62781,35.66728],[-106.62822,35.66806],[-106.6278,35.66885]]]},"bbox":[-106.62822,35.66698,-106.62558,35.66914]},{"type":"Feature","id":44890,"properties":{"y":2013,"n":"Golondrino","ag":"USFS","ac":587.7,"c":14,"cl":"Unknown","ad":"2016-12-29","cd":"","st":"NM","se":4},"geometry":{"type":"Polygon","coordinates":[[[-106.71278,36.40132],[-106.71097,36.4028],[-106.70973,36.40285],[-106.70966,36.40337],[-106.71124,36.404],[-106.71198,36.40277],[-106.71265,36.40262],[-106.71367,36.40072],[-106.71603,36.40082],[-106.71534,36.40204],[-106.71593,36.40357],[-106.71475,36.40543],[-106.71573,36.40683],[-106.71723,36.40751],[-106.71718,36.40981],[-106.71793,36.41256],[-106.71696,36.41542],[-106.71747,36.41835],[-106.71589,36.41842],[-106.71098,36.42084],[-106.711,36.42014],[-106.70822,36.41642],[-106.7088,36.41597],[-106.7074,36.41575],[-106.70556,36.41297],[-106.70647,36.41221],[-106.7052,36.41136],[-106.70589,36.40924],[-106.70524,36.40826],[-106.70562,36.4073],[-106.70483,36.40626],[-106.70483,36.40456],[-106.70596,36.40404],[-106.70627,36.40317],[-106.70699,36.40303],[-106.70767,36.40195],[-106.70764,36.40148],[-106.70625,36.40128],[-106.70595,36.40075],[-106.70636,36.39974],[-106.70596,36.39894],[-106.70628,36.39741],[-106.70743,36.39674],[-106.70696,36.39547],[-106.70904,36.39352],[-106.7106,36.39355],[-106.71139,36.39304],[-106.71209,36.39361],[-106.7125,36.39289],[-106.71338,36.39268],[-106.71451,36.39414],[-106.71481,36.39767],[-106.71433,36.39859],[-106.71398,36.3972],[-106.71313,36.3971],[-106.71335,36.40001],[-106.71282,36.40048],[-106.71278,36.40132]],[[-106.71128,36.40246],[-106.71117,36.40245],[-106.7112,36.40255],[-106.71128,36.40246]]]},"bbox":[-106.71793,36.39266,-106.70477,36.42084]},{"type":"Feature","id":44891,"properties":{"y":2003,"n":"Posada","ag":"USFS","ac":16.1,"c":14,"cl":"Unknown","ad":"2016-12-29","cd":"","st":"NM","se":4},"geometry":{"type":"Polygon","coordinates":[[[-105.68508,35.64394],[-105.68744,35.64322],[-105.68701,35.64422],[-105.68649,35.644],[-105.68542,35.64558],[-105.68625,35.64681],[-105.68373,35.64705],[-105.68385,35.64592],[-105.68508,35.64394]]]},"bbox":[-105.68744,35.64305,-105.68361,35.64709]},{"type":"Feature","id":44892,"properties":{"y":2000,"n":"Corral","ag":"USFS","ac":19.1,"c":14,"cl":"Unknown","ad":"2016-12-29","cd":"","st":"NM","se":4},"geometry":{"type":"Polygon","coordinates":[[[-106.89736,36.43935],[-106.90033,36.43757],[-106.90079,36.43627],[-106.90157,36.43621],[-106.90256,36.43699],[-106.90207,36.43873],[-106.90016,36.43836],[-106.89979,36.43908],[-106.89747,36.44002],[-106.89736,36.43935]]]},"bbox":[-106.90262,36.43621,-106.89722,36.44002]},{"type":"Feature","id":44893,"properties":{"y":2012,"n":"Borrego 2","ag":"USFS","ac":10.6,"c":14,"cl":"Unknown","ad":"2016-12-29","cd":"","st":"NM","se":4},"geometry":{"type":"Polygon","coordinates":[[[-106.58679,35.70764],[-106.58483,35.70738],[-106.58822,35.70636],[-106.58925,35.70519],[-106.59023,35.70579],[-106.58964,35.70615],[-106.58976,35.70706],[-106.58831,35.70679],[-106.58679,35.70764]]]},"bbox":[-106.59026,35.70519,-106.58483,35.70771]},{"type":"Feature","id":44894,"properties":{"y":2010,"n":"Sarca","ag":"USFS","ac":14.0,"c":14,"cl":"Unknown","ad":"2016-12-29","cd":"","st":"NM","se":4},"geometry":{"type":"Polygon","coordinates":[[[-106.73731,36.18677],[-106.73773,36.1896],[-106.73687,36.19014],[-106.73679,36.18928],[-106.73597,36.18948],[-106.73493,36.18877],[-106.73513,36.18739],[-106.73628,36.18781],[-106.73607,36.18666],[-106.73687,36.18649],[-106.73731,36.18677]]]},"bbox":[-106.73774,36.18649,-106.7349,36.19014]},{"type":"Feature","id":44895,"properties":{"y":2010,"n":"Hartman","ag":"USFS","ac":474.9,"c":14,"cl":"Unknown","ad":"2016-12-29","cd":"","st":"NM","se":4},"geometry":{"type":"Polygon","coordinates":[[[-105.50407,35.5373],[-105.50546,35.53541],[-105.50529,35.53459],[-105.50629,35.53367],[-105.50628,35.53296],[-105.50509,35.53058],[-105.50534,35.52934],[-105.50327,35.52555],[-105.50228,35.52434],[-105.50133,35.52437],[-105.50168,35.52267],[-105.50229,35.52182],[-105.505,35.52105],[-105.50588,35.5216],[-105.50669,35.5213],[-105.5125,35.52253],[-105.51281,35.52294],[-105.51231,35.52345],[-105.51332,35.52473],[-105.51277,35.52615],[-105.51143,35.52739],[-105.51354,35.52819],[-105.51546,35.53017],[-105.51739,35.53009],[-105.51847,35.53249],[-105.51929,35.53267],[-105.51974,35.53336],[-105.5198,35.53407],[-105.51913,35.53492],[-105.51934,35.53609],[-105.51721,35.53614],[-105.51668,35.53701],[-105.51589,35.53635],[-105.51416,35.53748],[-105.51256,35.53712],[-105.51215,35.53859],[-105.50944,35.5406],[-105.50455,35.53821],[-105.50407,35.5373]]]},"bbox":[-105.5198,35.52105,-105.50133,35.5406]},{"type":"Feature","id":44897,"properties":{"y":2013,"n":"Lupita","ag":"USFS","ac":92.9,"c":14,"cl":"Unknown","ad":"2016-12-29","cd":"","st":"NM","se":4},"geometry":{"type":"Polygon","coordinates":[[[-106.75726,36.33995],[-106.75713,36.33906],[-106.75751,36.33893],[-106.75706,36.3377],[-106.75584,36.33885],[-106.75471,36.3389],[-106.754,36.33842],[-106.75362,36.33589],[-106.75411,36.33525],[-106.75351,36.33442],[-106.75281,36.33431],[-106.75185,36.33535],[-106.7517,36.33484],[-106.7508,36.33503],[-106.75176,36.33447],[-106.75165,36.33337],[-106.75075,36.3331],[-106.75148,36.33156],[-106.74929,36.33184],[-106.74831,36.33083],[-106.7485,36.33026],[-106.74904,36.32999],[-106.75038,36.33071],[-106.75255,36.33064],[-106.75327,36.33108],[-106.75247,36.33339],[-106.75444,36.33371],[-106.75495,36.3342],[-106.75563,36.33374],[-106.75698,36.33414],[-106.75803,36.33299],[-106.75829,36.33379],[-106.75977,36.33451],[-106.76006,36.33572],[-106.7592,36.33589],[-106.75931,36.33757],[-106.75803,36.33803],[-106.75848,36.33914],[-106.75726,36.33995]]]},"bbox":[-106.76009,36.32999,-106.74825,36.34004]},{"type":"Feature","id":44898,"properties":{"y":1986,"n":"Mcmillan","ag":"USFS","ac":42.3,"c":14,"cl":"Unknown","ad":"2016-12-29","cd":"","st":"NM","se":4},"geometry":{"type":"Polygon","coordinates":[[[-106.8144,35.866],[-106.81084,35.86642],[-106.80995,35.86502],[-106.81128,35.86375],[-106.81493,35.86373],[-106.8173,35.86544],[-106.81714,35.86752],[-106.8169,35.86782],[-106.8144,35.866]]]},"bbox":[-106.81738,35.86365,-106.80995,35.86782]},{"type":"Feature","id":44899,"properties":{"y":1995,"n":"Ghost","ag":"USFS","ac":30.6,"c":14,"cl":"Unknown","ad":"2016-12-29","cd":"","st":"NM","se":4},"geometry":{"type":"Polygon","coordinates":[[[-106.76891,36.09525],[-106.77004,36.09518],[-106.77045,36.09646],[-106.76785,36.09883],[-106.76699,36.10125],[-106.7652,36.09894],[-106.76891,36.09525]]]},"bbox":[-106.77045,36.09518,-106.7652,36.10125]},{"type":"Feature","id":44900,"properties":{"y":1997,"n":"Baby Clint","ag":"USFS","ac":99.0,"c":14,"cl":"Unknown","ad":"2016-12-29","cd":"","st":"NM","se":4},"geometry":{"type":"Polygon","coordinates":[[[-105.79395,35.99659],[-105.79114,35.99566],[-105.78996,35.9934],[-105.7911,35.99111],[-105.79389,35.99015],[-105.7967,35.99107],[-105.79788,35.99334],[-105.79675,35.99563],[-105.79395,35.99659]]]},"bbox":[-105.79788,35.99015,-105.78996,35.99659]},{"type":"Feature","id":44901,"properties":{"y":2003,"n":"Virgin","ag":"USFS","ac":406.6,"c":14,"cl":"Unknown","ad":"2016-12-29","cd":"","st":"NM","se":4},"geometry":{"type":"MultiPolygon","coordinates":[[[[-106.69224,35.8307],[-106.69272,35.83058],[-106.69271,35.82865],[-106.69384,35.82724],[-106.6904,35.8286],[-106.6871,35.83058],[-106.68484,35.83076],[-106.68376,35.8303],[-106.68382,35.82862],[-106.68307,35.82621],[-106.68438,35.82324],[-106.68956,35.818],[-106.69068,35.81593],[-106.69133,35.81685],[-106.69196,35.81688],[-106.69488,35.81513],[-106.6957,35.81516],[-106.69588,35.81594],[-106.69744,35.81694],[-106.69903,35.824],[-106.69557,35.82657],[-106.69675,35.82963],[-106.69279,35.83135],[-106.69224,35.8307]]],[[[-106.69148,35.81573],[-106.69279,35.81506],[-106.69312,35.8161],[-106.69172,35.81624],[-106.69148,35.81573]]]]},"bbox":[-106.69904,35.81486,-106.68302,35.8314]},{"type":"Feature","id":44902,"properties":{"y":1996,"n":"Vacas","ag":"USFS","ac":300.2,"c":14,"cl":"Unknown","ad":"2016-12-29","cd":"","st":"NM","se":4},"geometry":{"type":"Polygon","coordinates":[[[-106.77501,35.97923],[-106.77209,35.97875],[-106.7701,35.97766],[-106.76869,35.97609],[-106.76799,35.97373],[-106.76836,35.9718],[-106.76992,35.96973],[-106.77186,35.96859],[-106.77476,35.96802],[-106.77713,35.96832],[-106.77967,35.96959],[-106.78132,35.97161],[-106.78178,35.97352],[-106.78119,35.9759],[-106.77985,35.97752],[-106.77736,35.97886],[-106.77501,35.97923]]]},"bbox":[-106.78178,35.96802,-106.76799,35.97923]},{"type":"Feature","id":44904,"properties":{"y":2011,"n":"Memorial","ag":"USFS","ac":12.5,"c":14,"cl":"Unknown","ad":"2016-12-29","cd":"","st":"NM","se":4},"geometry":{"type":"Polygon","coordinates":[[[-106.68971,35.93343],[-106.68888,35.93252],[-106.69122,35.93132],[-106.69259,35.93197],[-106.69145,35.93343],[-106.68971,35.93343]]]},"bbox":[-106.69259,35.93132,-106.68888,35.93343]},{"type":"Feature","id":44905,"properties":{"y":2003,"n":"Hondo","ag":"USFS","ac":16.5,"c":14,"cl":"Unknown","ad":"2016-12-29","cd":"","st":"NM","se":4},"geometry":{"type":"Polygon","coordinates":[[[-106.55613,35.7124],[-106.55499,35.71203],[-106.5545,35.71111],[-106.55495,35.71017],[-106.55608,35.70977],[-106.55723,35.71014],[-106.55772,35.71107],[-106.55727,35.712],[-106.55613,35.7124]]]},"bbox":[-106.55772,35.70977,-106.5545,35.7124]},{"type":"Feature","id":44906,"properties":{"y":2013,"n":"Aragon","ag":"USFS","ac":18.4,"c":14,"cl":"Unknown","ad":"2016-12-29","cd":"","st":"NM","se":4},"geometry":{"type":"MultiPolygon","coordinates":[[[[-106.73452,36.48572],[-106.73342,36.48535],[-106.73257,36.48571],[-106.73115,36.48496],[-106.73206,36.48355],[-106.73505,36.48365],[-106.73552,36.48518],[-106.73452,36.48572]]],[[[-106.7361,36.48467],[-106.73638,36.48465],[-106.73628,36.48482],[-106.7361,36.48467]]]]},"bbox":[-106.73638,36.48334,-106.73115,36.48575]},{"type":"Feature","id":44907,"properties":{"y":1987,"n":"Burro","ag":"USFS","ac":22.3,"c":14,"cl":"Unknown","ad":"2016-12-29","cd":"","st":"NM","se":4},"geometry":{"type":"Polygon","coordinates":[[[-105.52181,35.75217],[-105.52045,35.75164],[-105.52122,35.7502],[-105.5206,35.74912],[-105.52123,35.74842],[-105.52268,35.74826],[-105.52373,35.75028],[-105.52354,35.75097],[-105.52181,35.75217]]]},"bbox":[-105.52373,35.74826,-105.52043,35.75217]},{"type":"Feature","id":44908,"properties":{"y":2008,"n":"Wild","ag":"USFS","ac":104.8,"c":14,"cl":"Unknown","ad":"2016-12-29","cd":"","st":"NM","se":4},"geometry":{"type":"Polygon","coordinates":[[[-106.62435,36.28042],[-106.62607,36.2794],[-106.62969,36.28035],[-106.63049,36.28223],[-106.63024,36.28412],[-106.63106,36.28479],[-106.62968,36.2857],[-106.62855,36.28877],[-106.62883,36.28994],[-106.62833,36.29032],[-106.62688,36.28966],[-106.62533,36.28676],[-106.62562,36.28202],[-106.62435,36.28042]]]},"bbox":[-106.63106,36.2794,-106.62435,36.29036]},{"type":"Feature","id":44909,"properties":{"y":1984,"n":"Banco","ag":"USFS","ac":240.8,"c":14,"cl":"Unknown","ad":"2016-12-29","cd":"","st":"NM","se":4},"geometry":{"type":"Polygon","coordinates":[[[-106.53444,36.14299],[-106.53442,36.14194],[-106.53325,36.14274],[-106.53285,36.14165],[-106.53076,36.1394],[-106.53058,36.13332],[-106.53322,36.13271],[-106.53664,36.13376],[-106.53953,36.13535],[-106.54039,36.13796],[-106.54405,36.13993],[-106.54468,36.14163],[-106.5442,36.14225],[-106.53935,36.14266],[-106.53823,36.14316],[-106.53755,36.14444],[-106.53685,36.1448],[-106.53603,36.14393],[-106.53635,36.14375],[-106.53511,36.14368],[-106.53444,36.14299]]]},"bbox":[-106.54468,36.13271,-106.53058,36.1448]},{"type":"Feature","id":44910,"properties":{"y":2006,"n":"Tusas","ag":"USFS","ac":20.7,"c":14,"cl":"Unknown","ad":"2016-12-29","cd":"","st":"NM","se":4},"geometry":{"type":"Polygon","coordinates":[[[-106.83573,35.83438],[-106.83659,35.83534],[-106.83569,35.83545],[-106.83626,35.83607],[-106.83531,35.83615],[-106.83681,35.83703],[-106.83217,35.83781],[-106.83286,35.83721],[-106.83208,35.83731],[-106.83206,35.83605],[-106.83448,35.83619],[-106.83454,35.8355],[-106.83573,35.83438]]]},"bbox":[-106.83684,35.83438,-106.83189,35.83789]},{"type":"Feature","id":44911,"properties":{"y":2013,"n":"Chico","ag":"USFS","ac":116.8,"c":14,"cl":"Unknown","ad":"2016-12-29","cd":"","st":"NM","se":4},"geometry":{"type":"Polygon","coordinates":[[[-106.71098,36.42084],[-106.71589,36.41842],[-106.71747,36.41835],[-106.71773,36.4205],[-106.71977,36.4233],[-106.71983,36.42491],[-106.71923,36.42501],[-106.71912,36.42563],[-106.71618,36.42679],[-106.71533,36.42645],[-106.71607,36.42583],[-106.71601,36.42529],[-106.71401,36.42478],[-106.71331,36.42534],[-106.71231,36.42536],[-106.71251,36.42429],[-106.71082,36.42368],[-106.71136,36.42139],[-106.71098,36.42084]]]},"bbox":[-106.71997,36.41822,-106.71082,36.42679]},{"type":"Feature","id":44912,"properties":{"y":2013,"n":"Stable","ag":"USFS","ac":406.1,"c":14,"cl":"Unknown","ad":"2016-12-29","cd":"","st":"NM","se":4},"geometry":{"type":"Polygon","coordinates":[[[-106.77125,35.81126],[-106.76919,35.80982],[-106.76685,35.8097],[-106.7639,35.80857],[-106.76053,35.80828],[-106.75913,35.80744],[-106.75829,35.80734],[-106.75719,35.80797],[-106.75529,35.8074],[-106.75491,35.80805],[-106.7529,35.80783],[-106.75137,35.80864],[-106.75017,35.80843],[-106.75146,35.80662],[-106.75173,35.80459],[-106.75341,35.80418],[-106.7537,35.80071],[-106.75666,35.79968],[-106.76138,35.79708],[-106.76292,35.7969],[-106.7624,35.79816],[-106.76147,35.79862],[-106.76154,35.79976],[-106.76351,35.80236],[-106.76572,35.80323],[-106.76677,35.80208],[-106.76869,35.80233],[-106.76831,35.80693],[-106.77246,35.80627],[-106.77419,35.80673],[-106.77507,35.80728],[-106.77465,35.80815],[-106.77538,35.80846],[-106.77607,35.80973],[-106.77575,35.80983],[-106.77694,35.81108],[-106.77316,35.813],[-106.77348,35.81334],[-106.77148,35.81478],[-106.77109,35.8146],[-106.77125,35.81126]],[[-106.75815,35.80484],[-106.75928,35.80455],[-106.75922,35.80421],[-106.75817,35.80392],[-106.75627,35.80432],[-106.75685,35.80478],[-106.75708,35.80607],[-106.75776,35.80586],[-106.75815,35.80484]]]},"bbox":[-106.77694,35.79688,-106.75017,35.81478]},{"type":"Feature","id":44913,"properties":{"y":2011,"n":"Rio","ag":"USFS","ac":162.2,"c":14,"cl":"Unknown","ad":"2016-12-29","cd":"","st":"NM","se":4},"geometry":{"type":"Polygon","coordinates":[[[-106.79461,35.86747],[-106.79354,35.86917],[-106.78713,35.87353],[-106.78434,35.8741],[-106.78266,35.87232],[-106.78375,35.87115],[-106.78202,35.87178],[-106.78139,35.87151],[-106.78163,35.86829],[-106.78231,35.86716],[-106.78406,35.86593],[-106.78653,35.86578],[-106.79064,35.86772],[-106.7923,35.86752],[-106.79331,35.86668],[-106.79461,35.86747]]]},"bbox":[-106.79461,35.86576,-106.78126,35.87414]},{"type":"Feature","id":44914,"properties":{"y":2007,"n":"Hurtado","ag":"USFS","ac":86.7,"c":14,"cl":"Unknown","ad":"2016-12-29","cd":"","st":"NM","se":4},"geometry":{"type":"MultiPolygon","coordinates":[[[[-105.53667,35.32482],[-105.53805,35.3245],[-105.53849,35.32517],[-105.53962,35.32505],[-105.53962,35.32663],[-105.53898,35.32813],[-105.53591,35.33044],[-105.53354,35.33049],[-105.53314,35.32937],[-105.53427,35.32863],[-105.5345,35.32793],[-105.53261,35.32687],[-105.53284,35.32557],[-105.53345,35.32499],[-105.53308,35.32451],[-105.53334,35.32357],[-105.53405,35.32324],[-105.53506,35.32365],[-105.53569,35.32248],[-105.5362,35.3228],[-105.53602,35.32446],[-105.53667,35.32482]],[[-105.53667,35.32482],[-105.53667,35.32482],[-105.53667,35.32482],[-105.53667,35.32482]]],[[[-105.53352,35.33048],[-105.53352,35.33047],[-105.53352,35.33047],[-105.53352,35.33048]]]]},"bbox":[-105.53964,35.32248,-105.53259,35.33065]},{"type":"Feature","id":44915,"properties":{"y":1971,"n":"Turkey","ag":"USFS","ac":280.3,"c":14,"cl":"Unknown","ad":"2016-12-29","cd":"","st":"NM","se":4},"geometry":{"type":"Polygon","coordinates":[[[-106.71524,36.11631],[-106.71841,36.12068],[-106.72224,36.12357],[-106.72192,36.12632],[-106.7163,36.12808],[-106.71426,36.12761],[-106.71141,36.12583],[-106.71065,36.12295],[-106.70851,36.12132],[-106.70813,36.1197],[-106.70931,36.11542],[-106.71356,36.11536],[-106.71524,36.11631]]]},"bbox":[-106.72225,36.11517,-106.70813,36.12808]},{"type":"Feature","id":44916,"properties":{"y":1995,"n":"Pelona","ag":"USFS","ac":110.4,"c":14,"cl":"Unknown","ad":"2016-12-29","cd":"","st":"NM","se":4},"geometry":{"type":"Polygon","coordinates":[[[-106.61219,36.09424],[-106.61358,36.09296],[-106.61522,36.09322],[-106.61563,36.09558],[-106.61015,36.09877],[-106.60941,36.10086],[-106.60788,36.10261],[-106.60609,36.102],[-106.60356,36.09996],[-106.60964,36.09497],[-106.61219,36.09424]]]},"bbox":[-106.61563,36.09296,-106.60356,36.10261]},{"type":"Feature","id":44917,"properties":{"y":2004,"n":"Giant","ag":"USFS","ac":17.0,"c":14,"cl":"Unknown","ad":"2016-12-29","cd":"","st":"NM","se":4},"geometry":{"type":"Polygon","coordinates":[[[-106.76893,35.79247],[-106.76777,35.7921],[-106.76727,35.79116],[-106.76772,35.79021],[-106.76887,35.78981],[-106.77004,35.79018],[-106.77054,35.79112],[-106.77008,35.79207],[-106.76893,35.79247]]]},"bbox":[-106.77054,35.78981,-106.76727,35.79247]},{"type":"Feature","id":44918,"properties":{"y":2002,"n":"Crow","ag":"USFS","ac":10.0,"c":14,"cl":"Unknown","ad":"2016-12-29","cd":"","st":"NM","se":4},"geometry":{"type":"Polygon","coordinates":[[[-106.82221,35.69125],[-106.82043,35.69128],[-106.82005,35.69056],[-106.8204,35.68983],[-106.82128,35.68952],[-106.82217,35.6898],[-106.82256,35.69052],[-106.82221,35.69125]]]},"bbox":[-106.82256,35.68952,-106.82005,35.69156]},{"type":"Feature","id":44919,"properties":{"y":1970,"n":"Unknown","ag":"USFS","ac":70.5,"c":14,"cl":"Unknown","ad":"1994-02-01","cd":"","st":"NM","se":4},"geometry":{"type":"Polygon","coordinates":[[[-106.45817,34.54526],[-106.4565,34.54567],[-106.45523,34.54536],[-106.45394,34.54356],[-106.45359,34.54129],[-106.45473,34.54043],[-106.45924,34.54057],[-106.46032,34.54244],[-106.46013,34.54361],[-106.45817,34.54526]]]},"bbox":[-106.46032,34.54027,-106.45359,34.54567]},{"type":"Feature","id":44920,"properties":{"y":2001,"n":"Dry","ag":"USFS","ac":853.5,"c":14,"cl":"Unknown","ad":"2016-12-29","cd":"","st":"NM","se":4},"geometry":{"type":"Polygon","coordinates":[[[-106.75584,36.37242],[-106.75664,36.36825],[-106.75868,36.36637],[-106.7625,36.36472],[-106.76369,36.36037],[-106.76549,36.36131],[-106.7657,36.36186],[-106.76929,36.36285],[-106.7742,36.36542],[-106.77666,36.36475],[-106.7841,36.3696],[-106.78239,36.36867],[-106.77767,36.36994],[-106.7748,36.37014],[-106.76953,36.37342],[-106.76597,36.37804],[-106.76509,36.38302],[-106.75938,36.38887],[-106.75713,36.3901],[-106.75493,36.38901],[-106.7524,36.38689],[-106.75431,36.38373],[-106.75607,36.37835],[-106.75584,36.37242]]]},"bbox":[-106.7841,36.36037,-106.7524,36.3901]},{"type":"Feature","id":44921,"properties":{"y":2010,"n":"Boundary","ag":"USFS","ac":8.7,"c":14,"cl":"Unknown","ad":"2016-12-29","cd":"","st":"NM","se":4},"geometry":{"type":"Polygon","coordinates":[[[-106.88306,35.81972],[-106.88588,35.81993],[-106.88595,35.82042],[-106.885,35.82041],[-106.88511,35.82145],[-106.8843,35.82207],[-106.88404,35.82141],[-106.8837,35.82153],[-106.88401,35.82051],[-106.88306,35.81972]]]},"bbox":[-106.88598,35.81943,-106.88305,35.82207]},{"type":"Feature","id":44922,"properties":{"y":2009,"n":"Ruiz","ag":"USFS","ac":16.2,"c":14,"cl":"Unknown","ad":"2016-12-29","cd":"","st":"NM","se":4},"geometry":{"type":"Polygon","coordinates":[[[-106.55339,35.70879],[-106.55288,35.70928],[-106.55158,35.70941],[-106.5501,35.7075],[-106.54913,35.70717],[-106.54971,35.70677],[-106.55089,35.70731],[-106.55303,35.70685],[-106.55339,35.70879]]]},"bbox":[-106.55339,35.70677,-106.54912,35.70948]},{"type":"Feature","id":44924,"properties":{"y":2008,"n":"Tusas Spring","ag":"USFS","ac":10.7,"c":14,"cl":"Unknown","ad":"2016-12-29","cd":"","st":"NM","se":4},"geometry":{"type":"Polygon","coordinates":[[[-106.8086,35.84839],[-106.80783,35.84741],[-106.80833,35.84636],[-106.81128,35.84685],[-106.81056,35.84787],[-106.8086,35.84839]]]},"bbox":[-106.8113,35.84633,-106.80783,35.84839]},{"type":"Feature","id":44925,"properties":{"y":1983,"n":"Gallina","ag":"USFS","ac":72.2,"c":14,"cl":"Unknown","ad":"2016-12-29","cd":"","st":"NM","se":4},"geometry":{"type":"Polygon","coordinates":[[[-106.77016,36.49607],[-106.76776,36.49201],[-106.76875,36.49213],[-106.76892,36.49259],[-106.77111,36.49273],[-106.77128,36.49316],[-106.77206,36.49271],[-106.7728,36.493],[-106.77414,36.49581],[-106.77428,36.49823],[-106.77407,36.49963],[-106.77323,36.50071],[-106.7727,36.50102],[-106.77195,36.50053],[-106.77019,36.49776],[-106.77016,36.49607]]]},"bbox":[-106.77429,36.49194,-106.76768,36.50102]},{"type":"Feature","id":44927,"properties":{"y":2010,"n":"Red Fern","ag":"USFS","ac":101.1,"c":14,"cl":"Unknown","ad":"2016-12-29","cd":"","st":"NM","se":4},"geometry":{"type":"Polygon","coordinates":[[[-106.76413,35.97595],[-106.76476,35.977],[-106.76364,35.97933],[-106.76063,35.97932],[-106.75842,35.9816],[-106.75679,35.98229],[-106.75529,35.98188],[-106.75403,35.98227],[-106.7545,35.98175],[-106.7529,35.98246],[-106.75211,35.98205],[-106.75241,35.98141],[-106.7519,35.98068],[-106.75249,35.97998],[-106.75337,35.98051],[-106.75383,35.97986],[-106.75464,35.97986],[-106.75461,35.979],[-106.75592,35.97934],[-106.75612,35.97852],[-106.75731,35.97812],[-106.75745,35.97755],[-106.75811,35.97748],[-106.75887,35.97661],[-106.76292,35.97557],[-106.76413,35.97595]]]},"bbox":[-106.76476,35.97554,-106.7519,35.98246]},{"type":"Feature","id":44928,"properties":{"y":1988,"n":"Eturriaga","ag":"USFS","ac":58.0,"c":14,"cl":"Unknown","ad":"2016-12-29","cd":"","st":"NM","se":4},"geometry":{"type":"Polygon","coordinates":[[[-106.85851,36.4982],[-106.85526,36.49807],[-106.85603,36.49688],[-106.86073,36.49568],[-106.86223,36.49448],[-106.86261,36.49496],[-106.86656,36.49441],[-106.86713,36.49621],[-106.86665,36.49654],[-106.86457,36.49744],[-106.86335,36.49614],[-106.86135,36.49774],[-106.86071,36.49748],[-106.86015,36.49823],[-106.8593,36.49785],[-106.85835,36.49888],[-106.85851,36.4982]]]},"bbox":[-106.86713,36.49434,-106.85526,36.49888]},{"type":"Feature","id":44929,"properties":{"y":2001,"n":"Raws","ag":"USFS","ac":543.9,"c":14,"cl":"Unknown","ad":"2016-12-29","cd":"","st":"NM","se":4},"geometry":{"type":"Polygon","coordinates":[[[-106.7604,36.41055],[-106.76159,36.408],[-106.76695,36.40759],[-106.77093,36.40843],[-106.77445,36.40752],[-106.77589,36.40826],[-106.77711,36.4103],[-106.77561,36.4119],[-106.77632,36.417],[-106.77615,36.41986],[-106.77214,36.42279],[-106.76576,36.42546],[-106.76473,36.42424],[-106.76193,36.41821],[-106.7604,36.41055]]]},"bbox":[-106.77711,36.40752,-106.7604,36.42546]},{"type":"Feature","id":44930,"properties":{"y":2009,"n":"Jacquez","ag":"USFS","ac":418.5,"c":14,"cl":"Unknown","ad":"2016-12-29","cd":"","st":"NM","se":4},"geometry":{"type":"Polygon","coordinates":[[[-106.96901,36.30235],[-106.97224,36.3018],[-106.97382,36.30193],[-106.97404,36.3007],[-106.97505,36.30119],[-106.97561,36.29927],[-106.98099,36.29801],[-106.98102,36.29931],[-106.9805,36.30026],[-106.97675,36.3028],[-106.97746,36.30338],[-106.97622,36.3046],[-106.97639,36.30548],[-106.97129,36.30765],[-106.96906,36.30945],[-106.96766,36.30971],[-106.95884,36.31375],[-106.95395,36.31454],[-106.9542,36.3136],[-106.95504,36.31308],[-106.95529,36.3111],[-106.95632,36.30981],[-106.95657,36.30823],[-106.95751,36.30689],[-106.95702,36.30437],[-106.95958,36.30176],[-106.96013,36.3017],[-106.96116,36.30263],[-106.96193,36.3025],[-106.96208,36.30142],[-106.96278,36.3009],[-106.96199,36.30059],[-106.96404,36.29951],[-106.96363,36.30303],[-106.9646,36.3051],[-106.96568,36.30499],[-106.96719,36.30367],[-106.96884,36.30362],[-106.96884,36.30282],[-106.96955,36.30289],[-106.96968,36.30367],[-106.97167,36.3035],[-106.97128,36.30293],[-106.96901,36.30235]]]},"bbox":[-106.98108,36.29798,-106.95393,36.31454]},{"type":"Feature","id":44931,"properties":{"y":1991,"n":"Wolf","ag":"USFS","ac":33.7,"c":14,"cl":"Unknown","ad":"2016-12-29","cd":"","st":"NM","se":4},"geometry":{"type":"Polygon","coordinates":[[[-106.97493,36.47429],[-106.97336,36.47427],[-106.97194,36.47337],[-106.97327,36.47343],[-106.97445,36.47288],[-106.97521,36.47347],[-106.97952,36.47438],[-106.97705,36.47717],[-106.97469,36.47518],[-106.97493,36.47429]]]},"bbox":[-106.97952,36.47288,-106.97194,36.47717]},{"type":"Feature","id":44932,"properties":{"y":1996,"n":"Barbero","ag":"USFS","ac":19.4,"c":14,"cl":"Unknown","ad":"2016-12-29","cd":"","st":"NM","se":4},"geometry":{"type":"Polygon","coordinates":[[[-105.62179,35.38686],[-105.62089,35.38621],[-105.62061,35.38504],[-105.62491,35.3852],[-105.62536,35.38567],[-105.62528,35.38647],[-105.62452,35.38688],[-105.62179,35.38686]]]},"bbox":[-105.62541,35.38504,-105.62052,35.38711]},{"type":"Feature","id":44933,"properties":{"y":1996,"n":"Ridge","ag":"USFS","ac":10.3,"c":14,"cl":"Unknown","ad":"2016-12-29","cd":"","st":"NM","se":4},"geometry":{"type":"Polygon","coordinates":[[[-106.43385,35.704],[-106.4348,35.70428],[-106.4352,35.70497],[-106.43491,35.7057],[-106.43409,35.70607],[-106.43312,35.70584],[-106.43266,35.7051],[-106.43295,35.70438],[-106.43385,35.704]]]},"bbox":[-106.4352,35.704,-106.43266,35.70607]},{"type":"Feature","id":44934,"properties":{"y":1996,"n":"Nicole","ag":"USFS","ac":389.5,"c":14,"cl":"Unknown","ad":"2016-12-29","cd":"","st":"NM","se":4},"geometry":{"type":"Polygon","coordinates":[[[-106.5378,35.76594],[-106.53618,35.7645],[-106.53689,35.76443],[-106.53644,35.7639],[-106.53678,35.76316],[-106.5357,35.76198],[-106.53564,35.7613],[-106.53612,35.76114],[-106.5361,35.76063],[-106.53843,35.76042],[-106.53777,35.75947],[-106.53695,35.75917],[-106.53794,35.75817],[-106.53732,35.75776],[-106.53555,35.75785],[-106.5353,35.75695],[-106.53601,35.75672],[-106.53558,35.75602],[-106.53589,35.7556],[-106.53752,35.75535],[-106.53715,35.75424],[-106.53876,35.75201],[-106.54263,35.75138],[-106.54815,35.75157],[-106.54783,35.75094],[-106.54826,35.75055],[-106.5496,35.75064],[-106.5513,35.74976],[-106.55383,35.74934],[-106.55633,35.74559],[-106.55718,35.74586],[-106.55741,35.74767],[-106.55659,35.74909],[-106.55568,35.74962],[-106.55483,35.75187],[-106.55298,35.75293],[-106.55207,35.75409],[-106.55145,35.75687],[-106.55068,35.75694],[-106.55017,35.75778],[-106.54835,35.75722],[-106.54852,35.75695],[-106.54559,35.75704],[-106.54522,35.75769],[-106.54588,35.75933],[-106.54542,35.76068],[-106.54323,35.76179],[-106.54175,35.76128],[-106.5415,35.76177],[-106.54215,35.76197],[-106.54229,35.76281],[-106.53795,35.7651],[-106.5378,35.76594]]]},"bbox":[-106.55741,35.74554,-106.5353,35.76596]},{"type":"Feature","id":44935,"properties":{"y":1996,"n":"School House","ag":"USFS","ac":12.4,"c":14,"cl":"Unknown","ad":"2016-12-29","cd":"","st":"NM","se":4},"geometry":{"type":"Polygon","coordinates":[[[-106.87399,35.93487],[-106.87556,35.93416],[-106.87562,35.93464],[-106.87675,35.93406],[-106.87796,35.93424],[-106.87661,35.93534],[-106.87628,35.93669],[-106.87579,35.93694],[-106.87523,35.93665],[-106.87508,35.93559],[-106.87399,35.93487]]]},"bbox":[-106.87796,35.93395,-106.8739,35.93694]},{"type":"Feature","id":44936,"properties":{"y":2002,"n":"Bmg","ag":"USFS","ac":502.3,"c":14,"cl":"Unknown","ad":"2016-12-29","cd":"","st":"NM","se":4},"geometry":{"type":"Polygon","coordinates":[[[-106.85955,36.4038],[-106.85639,36.40091],[-106.85518,36.40104],[-106.85352,36.40188],[-106.85201,36.40343],[-106.85122,36.40132],[-106.85131,36.40049],[-106.8522,36.40011],[-106.85218,36.3994],[-106.85054,36.39817],[-106.85086,36.39773],[-106.85263,36.39841],[-106.85376,36.39807],[-106.85435,36.39746],[-106.85483,36.39474],[-106.85575,36.39374],[-106.85663,36.39416],[-106.86033,36.394],[-106.86218,36.39549],[-106.86392,36.39508],[-106.86811,36.38965],[-106.8707,36.3891],[-106.87215,36.38778],[-106.87323,36.38787],[-106.87419,36.38872],[-106.87751,36.38996],[-106.87718,36.39085],[-106.8758,36.39161],[-106.875,36.39437],[-106.87508,36.39496],[-106.87704,36.39542],[-106.87747,36.39634],[-106.87641,36.39695],[-106.87412,36.39704],[-106.8726,36.39826],[-106.87116,36.39965],[-106.87179,36.401],[-106.86964,36.40114],[-106.86532,36.4005],[-106.86379,36.40123],[-106.86322,36.40249],[-106.86161,36.40251],[-106.85955,36.4038]]]},"bbox":[-106.87761,36.38777,-106.85054,36.4038]},{"type":"Feature","id":44937,"properties":{"y":2002,"n":"Indios","ag":"USFS","ac":43.0,"c":14,"cl":"Unknown","ad":"2016-12-29","cd":"","st":"NM","se":4},"geometry":{"type":"Polygon","coordinates":[[[-106.7359,36.28055],[-106.73319,36.28051],[-106.7313,36.27993],[-106.73183,36.27856],[-106.73332,36.27823],[-106.73746,36.27893],[-106.73839,36.27846],[-106.73999,36.27867],[-106.73846,36.28188],[-106.7359,36.28055]]]},"bbox":[-106.73999,36.27823,-106.7313,36.28196]},{"type":"Feature","id":44939,"properties":{"y":2000,"n":"Lone Pine","ag":"USFS","ac":109.9,"c":14,"cl":"Unknown","ad":"2016-12-29","cd":"","st":"NM","se":4},"geometry":{"type":"Polygon","coordinates":[[[-105.43883,35.77001],[-105.43446,35.76933],[-105.43015,35.76959],[-105.42747,35.76896],[-105.42734,35.76797],[-105.42806,35.76579],[-105.42787,35.76425],[-105.43036,35.76385],[-105.43304,35.76552],[-105.43639,35.7663],[-105.43913,35.76936],[-105.43883,35.77001]]]},"bbox":[-105.43914,35.76385,-105.42734,35.77001]},{"type":"Feature","id":44940,"properties":{"y":2000,"n":"Bland","ag":"USFS","ac":25.7,"c":14,"cl":"Unknown","ad":"2016-12-29","cd":"","st":"NM","se":4},"geometry":{"type":"Polygon","coordinates":[[[-106.45047,35.71562],[-106.45188,35.716],[-106.4526,35.71705],[-106.45223,35.71823],[-106.45085,35.71889],[-106.44942,35.71859],[-106.4486,35.71747],[-106.44905,35.71622],[-106.45047,35.71562]]]},"bbox":[-106.45261,35.71562,-106.44859,35.7189]},{"type":"Feature","id":44942,"properties":{"y":2000,"n":"Pinabetosa","ag":"USFS","ac":15.3,"c":14,"cl":"Unknown","ad":"2016-12-29","cd":"","st":"NM","se":4},"geometry":{"type":"Polygon","coordinates":[[[-106.64047,36.11208],[-106.64137,36.11139],[-106.6442,36.11083],[-106.6434,36.11253],[-106.64007,36.11397],[-106.64047,36.11208]]]},"bbox":[-106.6442,36.11073,-106.64007,36.11397]},{"type":"Feature","id":44943,"properties":{"y":2000,"n":"Johnny","ag":"USFS","ac":37.4,"c":14,"cl":"Unknown","ad":"2016-12-29","cd":"","st":"NM","se":4},"geometry":{"type":"Polygon","coordinates":[[[-106.89662,36.07295],[-106.89229,36.07308],[-106.8917,36.0722],[-106.8927,36.07145],[-106.89365,36.07171],[-106.89443,36.07127],[-106.90201,36.07167],[-106.89956,36.07308],[-106.89798,36.07332],[-106.89662,36.07295]]]},"bbox":[-106.90202,36.07126,-106.8917,36.07332]},{"type":"Feature","id":44944,"properties":{"y":2001,"n":"Tusas","ag":"USFS","ac":15.1,"c":14,"cl":"Unknown","ad":"2016-12-29","cd":"","st":"NM","se":4},"geometry":{"type":"Polygon","coordinates":[[[-106.68095,36.22783],[-106.6823,36.22585],[-106.68409,36.22665],[-106.68375,36.22824],[-106.68237,36.22909],[-106.68095,36.22783]]]},"bbox":[-106.68409,36.22585,-106.68095,36.22909]},{"type":"Feature","id":44945,"properties":{"y":1974,"n":"Crusher","ag":"USFS","ac":11.0,"c":14,"cl":"Unknown","ad":"2016-12-29","cd":"","st":"NM","se":4},"geometry":{"type":"Polygon","coordinates":[[[-105.6567,35.41389],[-105.65577,35.41358],[-105.65538,35.41282],[-105.65576,35.41206],[-105.65668,35.41174],[-105.65761,35.41205],[-105.658,35.41281],[-105.65763,35.41357],[-105.6567,35.41389]]]},"bbox":[-105.658,35.41174,-105.65538,35.41389]},{"type":"Feature","id":44946,"properties":{"y":2004,"n":"Loop","ag":"USFS","ac":13.0,"c":14,"cl":"Unknown","ad":"2016-12-29","cd":"","st":"NM","se":4},"geometry":{"type":"Polygon","coordinates":[[[-106.42922,36.0248],[-106.4282,36.02447],[-106.42776,36.02365],[-106.42817,36.02282],[-106.42918,36.02247],[-106.4302,36.0228],[-106.43063,36.02362],[-106.43023,36.02445],[-106.42922,36.0248]]]},"bbox":[-106.43063,36.02247,-106.42776,36.0248]},{"type":"Feature","id":44947,"properties":{"y":2001,"n":"Market","ag":"USFS","ac":10.0,"c":14,"cl":"Unknown","ad":"2016-12-29","cd":"","st":"NM","se":4},"geometry":{"type":"Polygon","coordinates":[[[-106.55201,35.71791],[-106.55024,35.71793],[-106.54986,35.71722],[-106.55021,35.71649],[-106.55109,35.71618],[-106.55198,35.71646],[-106.55237,35.71718],[-106.55201,35.71791]]]},"bbox":[-106.55237,35.71618,-106.54986,35.71822]},{"type":"Feature","id":44948,"properties":{"y":1988,"n":"Rattlesnake 88","ag":"USFS","ac":53.6,"c":14,"cl":"Unknown","ad":"2016-12-29","cd":"","st":"NM","se":4},"geometry":{"type":"Polygon","coordinates":[[[-106.82563,36.47421],[-106.82424,36.47451],[-106.82262,36.47145],[-106.82296,36.47045],[-106.82221,36.47072],[-106.82186,36.47028],[-106.82216,36.46961],[-106.82135,36.46985],[-106.8214,36.46905],[-106.82449,36.46867],[-106.82398,36.47113],[-106.82578,36.47118],[-106.82607,36.47184],[-106.82563,36.47251],[-106.82694,36.4729],[-106.82728,36.47258],[-106.82798,36.47334],[-106.82857,36.47326],[-106.82889,36.4741],[-106.83023,36.47488],[-106.83022,36.47543],[-106.82822,36.47559],[-106.82563,36.47421]]]},"bbox":[-106.83024,36.46856,-106.82125,36.47571]},{"type":"Feature","id":44949,"properties":{"y":1989,"n":"Porter","ag":"USFS","ac":48.0,"c":14,"cl":"Unknown","ad":"2016-12-29","cd":"","st":"NM","se":4},"geometry":{"type":"Polygon","coordinates":[[[-106.81764,35.83912],[-106.81495,35.83835],[-106.81302,35.83902],[-106.80964,35.83796],[-106.80788,35.83863],[-106.80585,35.83717],[-106.80426,35.8339],[-106.80499,35.83368],[-106.80921,35.83724],[-106.81592,35.83727],[-106.81763,35.83874],[-106.81764,35.83912]]]},"bbox":[-106.81764,35.83364,-106.80426,35.83912]},{"type":"Feature","id":44950,"properties":{"y":1989,"n":"Rio En Medio","ag":"USFS","ac":44.9,"c":14,"cl":"Unknown","ad":"2016-12-29","cd":"","st":"NM","se":4},"geometry":{"type":"Polygon","coordinates":[[[-105.79916,35.96827],[-105.79602,35.96798],[-105.79406,35.96527],[-105.79224,35.96446],[-105.79171,35.96355],[-105.79566,35.96367],[-105.79707,35.96519],[-105.79891,35.96519],[-105.79866,35.96734],[-105.79916,35.96827]]]},"bbox":[-105.79916,35.96335,-105.79171,35.96851]},{"type":"Feature","id":44951,"properties":{"y":1989,"n":"Horsethief","ag":"USFS","ac":39.7,"c":14,"cl":"Unknown","ad":"2016-12-29","cd":"","st":"NM","se":4},"geometry":{"type":"Polygon","coordinates":[[[-105.68788,35.88048],[-105.68928,35.88029],[-105.68963,35.87894],[-105.69108,35.87963],[-105.69135,35.88091],[-105.69074,35.88401],[-105.68997,35.8847],[-105.68921,35.88471],[-105.68821,35.88391],[-105.68667,35.88173],[-105.68788,35.88048]]]},"bbox":[-105.69135,35.87891,-105.68667,35.88474]},{"type":"Feature","id":44952,"properties":{"y":1990,"n":"Sypher","ag":"USFS","ac":102.0,"c":14,"cl":"Unknown","ad":"2016-12-29","cd":"","st":"NM","se":4},"geometry":{"type":"Polygon","coordinates":[[[-106.92035,36.44123],[-106.92069,36.43982],[-106.92371,36.44032],[-106.92554,36.44153],[-106.92793,36.44213],[-106.92856,36.44413],[-106.93172,36.44595],[-106.92969,36.44701],[-106.92805,36.44717],[-106.92364,36.44617],[-106.9241,36.44548],[-106.92256,36.44482],[-106.92198,36.44312],[-106.92035,36.44123]]]},"bbox":[-106.93172,36.43982,-106.92035,36.44717]},{"type":"Feature","id":44954,"properties":{"y":1993,"n":"July","ag":"USFS","ac":21.7,"c":14,"cl":"Unknown","ad":"2016-12-29","cd":"","st":"NM","se":4},"geometry":{"type":"Polygon","coordinates":[[[-106.82259,35.93294],[-106.82115,35.93272],[-106.82163,35.9319],[-106.82093,35.9303],[-106.82143,35.92993],[-106.82201,35.92989],[-106.82215,35.9306],[-106.82316,35.93058],[-106.82343,35.93239],[-106.82455,35.93265],[-106.82509,35.93214],[-106.82566,35.93229],[-106.82546,35.93371],[-106.82455,35.93466],[-106.82259,35.93294]]]},"bbox":[-106.82566,35.92984,-106.82093,35.93466]},{"type":"Feature","id":44955,"properties":{"y":1994,"n":"Quemador","ag":"USFS","ac":230.4,"c":14,"cl":"Unknown","ad":"2016-12-29","cd":"","st":"NM","se":4},"geometry":{"type":"Polygon","coordinates":[[[-106.42251,36.10115],[-106.41947,36.10079],[-106.41667,36.10113],[-106.41407,36.09921],[-106.41364,36.0964],[-106.41445,36.09323],[-106.416,36.09296],[-106.42215,36.09387],[-106.42368,36.09496],[-106.42861,36.09536],[-106.42906,36.0968],[-106.42793,36.09734],[-106.42608,36.09979],[-106.42332,36.10192],[-106.42251,36.10115]]]},"bbox":[-106.42909,36.09296,-106.41362,36.10192]},{"type":"Feature","id":44956,"properties":{"y":1994,"n":"Rito","ag":"USFS","ac":211.6,"c":14,"cl":"Unknown","ad":"2016-12-29","cd":"","st":"NM","se":4},"geometry":{"type":"Polygon","coordinates":[[[-105.41197,35.78702],[-105.40522,35.78622],[-105.40468,35.7856],[-105.40439,35.78151],[-105.40516,35.78057],[-105.40508,35.77947],[-105.40751,35.77901],[-105.40743,35.7786],[-105.40865,35.77784],[-105.40888,35.77656],[-105.40969,35.77719],[-105.40999,35.77861],[-105.41417,35.78031],[-105.41695,35.78226],[-105.41604,35.78397],[-105.41764,35.78595],[-105.41526,35.78623],[-105.41435,35.78696],[-105.41256,35.78626],[-105.41197,35.78702]]]},"bbox":[-105.41765,35.77656,-105.40439,35.78706]},{"type":"Feature","id":44957,"properties":{"y":1995,"n":"Cinco","ag":"USFS","ac":427.7,"c":14,"cl":"Unknown","ad":"2016-12-29","cd":"","st":"NM","se":4},"geometry":{"type":"Polygon","coordinates":[[[-106.43025,36.08529],[-106.4286,36.0852],[-106.42646,36.08638],[-106.42498,36.08521],[-106.42409,36.08277],[-106.42086,36.08036],[-106.42082,36.07822],[-106.41928,36.07667],[-106.41939,36.07556],[-106.41861,36.07352],[-106.41866,36.06931],[-106.41926,36.06782],[-106.42019,36.06778],[-106.42341,36.06939],[-106.42436,36.07068],[-106.4293,36.07206],[-106.43145,36.07326],[-106.4321,36.07451],[-106.43265,36.07839],[-106.43268,36.08486],[-106.43227,36.08641],[-106.43174,36.08649],[-106.43025,36.08529]]]},"bbox":[-106.43277,36.06767,-106.41859,36.08649]},{"type":"Feature","id":44958,"properties":{"y":1995,"n":"Rattlesnake 95","ag":"USFS","ac":40.4,"c":14,"cl":"Unknown","ad":"2016-12-29","cd":"","st":"NM","se":4},"geometry":{"type":"Polygon","coordinates":[[[-106.83024,36.45591],[-106.82655,36.45259],[-106.82659,36.45218],[-106.82714,36.45173],[-106.82798,36.45198],[-106.8299,36.45308],[-106.83098,36.45437],[-106.83517,36.45498],[-106.83418,36.45544],[-106.83464,36.45593],[-106.83156,36.4553],[-106.83225,36.45619],[-106.83527,36.45682],[-106.83507,36.45767],[-106.83424,36.45796],[-106.83515,36.4588],[-106.83397,36.45846],[-106.83024,36.45591]]]},"bbox":[-106.83539,36.45173,-106.82655,36.4588]},{"type":"Feature","id":44959,"properties":{"y":2001,"n":"Capulin","ag":"USFS","ac":165.5,"c":14,"cl":"Unknown","ad":"2016-12-29","cd":"","st":"NM","se":4},"geometry":{"type":"Polygon","coordinates":[[[-105.3857,35.88204],[-105.38706,35.88202],[-105.38953,35.8795],[-105.39042,35.87656],[-105.39226,35.87671],[-105.3916,35.87859],[-105.39154,35.88109],[-105.38932,35.8839],[-105.38731,35.88951],[-105.38551,35.8915],[-105.38197,35.89116],[-105.38143,35.8907],[-105.38189,35.88917],[-105.38145,35.88694],[-105.3857,35.88204]]]},"bbox":[-105.39243,35.87645,-105.38135,35.89156]},{"type":"Feature","id":44960,"properties":{"y":1995,"n":"Tecolote","ag":"USFS","ac":304.0,"c":14,"cl":"Unknown","ad":"2016-12-29","cd":"","st":"NM","se":4},"geometry":{"type":"Polygon","coordinates":[[[-105.46641,35.66609],[-105.46537,35.66605],[-105.46445,35.66511],[-105.4655,35.66423],[-105.46495,35.66355],[-105.46314,35.66395],[-105.46217,35.66352],[-105.46212,35.66417],[-105.46086,35.66489],[-105.46026,35.66421],[-105.45916,35.66524],[-105.45898,35.66449],[-105.45824,35.6647],[-105.4578,35.6641],[-105.45903,35.66346],[-105.45746,35.6625],[-105.45822,35.66207],[-105.45806,35.66154],[-105.45458,35.65951],[-105.45578,35.65882],[-105.45617,35.65906],[-105.45622,35.65771],[-105.4568,35.65825],[-105.4585,35.65694],[-105.46162,35.65726],[-105.46413,35.65806],[-105.46447,35.65842],[-105.46699,35.65769],[-105.4701,35.65596],[-105.47104,35.65654],[-105.47256,35.65963],[-105.47372,35.66036],[-105.47361,35.66091],[-105.47291,35.66115],[-105.47398,35.66299],[-105.47403,35.66463],[-105.47338,35.66557],[-105.47204,35.66592],[-105.47118,35.66515],[-105.47134,35.66457],[-105.47029,35.66496],[-105.46969,35.66585],[-105.46817,35.66596],[-105.46738,35.6653],[-105.46641,35.66609]],[[-105.46377,35.65878],[-105.46424,35.65855],[-105.46463,35.65852],[-105.46379,35.6582],[-105.46377,35.65878]],[[-105.46523,35.66075],[-105.46563,35.66041],[-105.46539,35.65959],[-105.4645,35.65998],[-105.46523,35.66075]],[[-105.4661,35.66211],[-105.46605,35.66205],[-105.46602,35.66209],[-105.4661,35.66211]]]},"bbox":[-105.47403,35.65596,-105.45458,35.66609]},{"type":"Feature","id":44961,"properties":{"y":2001,"n":"Independence","ag":"USFS","ac":29.2,"c":14,"cl":"Unknown","ad":"2016-12-29","cd":"","st":"NM","se":4},"geometry":{"type":"Polygon","coordinates":[[[-105.82517,35.96216],[-105.82683,35.96145],[-105.82925,35.96293],[-105.82926,35.96406],[-105.82846,35.96524],[-105.82718,35.96534],[-105.82502,35.96373],[-105.82517,35.96216]]]},"bbox":[-105.82936,35.96138,-105.82502,35.96545]},{"type":"Feature","id":44962,"properties":{"y":2001,"n":"Quemado","ag":"USFS","ac":12.0,"c":14,"cl":"Unknown","ad":"2016-12-29","cd":"","st":"NM","se":4},"geometry":{"type":"Polygon","coordinates":[[[-105.80069,35.91957],[-105.7998,35.91918],[-105.79966,35.91761],[-105.80073,35.91705],[-105.80212,35.91781],[-105.80196,35.9194],[-105.80069,35.91957]]]},"bbox":[-105.80212,35.91705,-105.79964,35.91957]},{"type":"Feature","id":44963,"properties":{"y":2002,"n":"Dalton","ag":"USFS","ac":804.8,"c":14,"cl":"Unknown","ad":"2016-12-29","cd":"","st":"NM","se":4},"geometry":{"type":"Polygon","coordinates":[[[-105.68928,35.67009],[-105.68882,35.66712],[-105.68668,35.66592],[-105.68643,35.66276],[-105.68695,35.66178],[-105.68896,35.6612],[-105.68936,35.66024],[-105.68995,35.66011],[-105.69125,35.65846],[-105.68254,35.65699],[-105.6823,35.65586],[-105.68314,35.65494],[-105.68407,35.65511],[-105.68467,35.65447],[-105.68504,35.65274],[-105.69007,35.65367],[-105.69134,35.65261],[-105.69625,35.65231],[-105.6972,35.65271],[-105.69884,35.65508],[-105.69991,35.65584],[-105.70422,35.65723],[-105.70625,35.65932],[-105.7066,35.66059],[-105.70594,35.66187],[-105.70615,35.6632],[-105.70819,35.66433],[-105.70788,35.66595],[-105.70588,35.66765],[-105.70368,35.6677],[-105.70196,35.66963],[-105.69911,35.66958],[-105.69775,35.67031],[-105.69708,35.67118],[-105.69821,35.67222],[-105.69727,35.67359],[-105.69243,35.67512],[-105.69123,35.67229],[-105.68928,35.67009]]]},"bbox":[-105.70837,35.65219,-105.68221,35.67512]},{"type":"Feature","id":44964,"properties":{"y":2002,"n":"Roybal","ag":"USFS","ac":894.4,"c":14,"cl":"Unknown","ad":"2016-12-29","cd":"","st":"NM","se":4},"geometry":{"type":"MultiPolygon","coordinates":[[[[-105.64513,35.64644],[-105.64084,35.64676],[-105.64043,35.64663],[-105.64043,35.6454],[-105.63806,35.64481],[-105.63743,35.64531],[-105.63656,35.64478],[-105.63566,35.64547],[-105.63569,35.6445],[-105.63421,35.64547],[-105.63368,35.64514],[-105.63266,35.64593],[-105.63298,35.64644],[-105.6318,35.6467],[-105.6316,35.64597],[-105.62988,35.64558],[-105.62921,35.64478],[-105.62392,35.64529],[-105.62302,35.64352],[-105.62113,35.64278],[-105.62162,35.64212],[-105.62128,35.63969],[-105.61947,35.63791],[-105.61921,35.6366],[-105.6198,35.63528],[-105.61911,35.63487],[-105.61918,35.634],[-105.62137,35.6329],[-105.62043,35.63238],[-105.62006,35.6306],[-105.6205,35.62918],[-105.62197,35.6286],[-105.623,35.62749],[-105.62305,35.62525],[-105.62469,35.62496],[-105.62554,35.62382],[-105.62625,35.6248],[-105.62605,35.62627],[-105.6276,35.62728],[-105.63122,35.62723],[-105.63226,35.62853],[-105.63672,35.62896],[-105.63757,35.62942],[-105.63881,35.62914],[-105.63843,35.63006],[-105.63695,35.63076],[-105.63632,35.63193],[-105.63774,35.63305],[-105.63727,35.63709],[-105.63796,35.63885],[-105.64038,35.64039],[-105.6417,35.64063],[-105.64263,35.63878],[-105.64416,35.6376],[-105.64661,35.63735],[-105.64656,35.63793],[-105.64521,35.63872],[-105.6434,35.64212],[-105.64395,35.64326],[-105.64591,35.64269],[-105.64703,35.64283],[-105.6473,35.64328],[-105.65063,35.64318],[-105.65012,35.64425],[-105.64892,35.64372],[-105.64759,35.64507],[-105.64659,35.64531],[-105.64697,35.6465],[-105.64644,35.64694],[-105.64513,35.64644]]],[[[-105.64725,35.6477],[-105.64776,35.64766],[-105.64745,35.64803],[-105.64725,35.6477]]],[[[-105.64874,35.64554],[-105.64892,35.64525],[-105.64891,35.64554],[-105.64874,35.64554]]]]},"bbox":[-105.65063,35.62382,-105.61911,35.64803]},{"type":"Feature","id":44965,"properties":{"y":1998,"n":"Tijeras","ag":"USFS","ac":21.3,"c":14,"cl":"Unknown","ad":"2016-12-29","cd":"","st":"NM","se":4},"geometry":{"type":"Polygon","coordinates":[[[-105.59891,35.65196],[-105.59849,35.6511],[-105.59889,35.65035],[-105.60049,35.64912],[-105.60199,35.64952],[-105.60342,35.64927],[-105.6029,35.65036],[-105.60118,35.65163],[-105.59891,35.65196]]]},"bbox":[-105.60342,35.649,-105.59849,35.65204]},{"type":"Feature","id":44966,"properties":{"y":1995,"n":"Stuffing","ag":"USFS","ac":862.6,"c":14,"cl":"Unknown","ad":"2016-12-29","cd":"","st":"NM","se":4},"geometry":{"type":"Polygon","coordinates":[[[-106.76055,35.98991],[-106.75628,35.99035],[-106.75111,35.98961],[-106.75156,35.98585],[-106.75234,35.98486],[-106.75772,35.98299],[-106.76013,35.98018],[-106.76263,35.9784],[-106.76764,35.97672],[-106.76836,35.97546],[-106.76969,35.9745],[-106.77252,35.97388],[-106.77274,35.97214],[-106.7751,35.97095],[-106.77899,35.97168],[-106.78121,35.97275],[-106.78417,35.97255],[-106.78627,35.97399],[-106.78727,35.97549],[-106.78755,35.97638],[-106.78706,35.97744],[-106.78498,35.97968],[-106.77779,35.98136],[-106.77597,35.9808],[-106.77395,35.98182],[-106.77275,35.98173],[-106.77152,35.98371],[-106.77333,35.98678],[-106.77263,35.98843],[-106.76527,35.99147],[-106.76366,35.99133],[-106.76055,35.98991]]]},"bbox":[-106.78755,35.97095,-106.7509,35.99147]},{"type":"Feature","id":44967,"properties":{"y":1991,"n":"Henry","ag":"USFS","ac":810.2,"c":14,"cl":"Unknown","ad":"2016-12-29","cd":"","st":"NM","se":4},"geometry":{"type":"Polygon","coordinates":[[[-106.73861,35.78025],[-106.73887,35.777],[-106.74232,35.77673],[-106.74509,35.77765],[-106.74721,35.77618],[-106.74936,35.77546],[-106.74983,35.77641],[-106.7492,35.77722],[-106.74885,35.7792],[-106.74919,35.77983],[-106.75004,35.77992],[-106.75122,35.77708],[-106.7529,35.77594],[-106.75506,35.77607],[-106.75639,35.77706],[-106.75658,35.78013],[-106.75574,35.78245],[-106.7559,35.78317],[-106.75532,35.78391],[-106.7548,35.78707],[-106.75205,35.7908],[-106.75125,35.79815],[-106.74771,35.7999],[-106.7473,35.80124],[-106.74511,35.80321],[-106.73969,35.80389],[-106.73623,35.80564],[-106.73563,35.80522],[-106.73988,35.80207],[-106.7406,35.80103],[-106.74341,35.80044],[-106.74423,35.79698],[-106.74414,35.79469],[-106.74045,35.79263],[-106.74004,35.79184],[-106.73866,35.78536],[-106.73964,35.78236],[-106.73861,35.78025]]]},"bbox":[-106.75658,35.77546,-106.73563,35.80564]},{"type":"Feature","id":44968,"properties":{"y":1996,"n":"Bales","ag":"USFS","ac":409.8,"c":14,"cl":"Unknown","ad":"2016-12-29","cd":"","st":"NM","se":4},"geometry":{"type":"Polygon","coordinates":[[[-106.81827,35.84118],[-106.81719,35.8399],[-106.81413,35.83891],[-106.81427,35.83836],[-106.81274,35.83643],[-106.81098,35.83533],[-106.80914,35.83117],[-106.80761,35.83014],[-106.80608,35.8281],[-106.80888,35.82744],[-106.81068,35.82777],[-106.81113,35.82639],[-106.81343,35.82657],[-106.81654,35.82555],[-106.81897,35.82555],[-106.82077,35.82665],[-106.82118,35.82764],[-106.82041,35.8287],[-106.8205,35.83008],[-106.82351,35.83403],[-106.82233,35.83793],[-106.82282,35.83976],[-106.82115,35.84158],[-106.81917,35.84238],[-106.81849,35.84337],[-106.81827,35.84118]]]},"bbox":[-106.82351,35.82555,-106.80608,35.84337]},{"type":"Feature","id":44970,"properties":{"y":1997,"n":"Palmer","ag":"USFS","ac":96.6,"c":14,"cl":"Unknown","ad":"2016-12-29","cd":"","st":"NM","se":4},"geometry":{"type":"Polygon","coordinates":[[[-105.55147,35.37444],[-105.54925,35.37417],[-105.54882,35.37224],[-105.54705,35.37141],[-105.54775,35.37058],[-105.54613,35.37006],[-105.5469,35.36905],[-105.54926,35.36909],[-105.55099,35.3668],[-105.5524,35.3673],[-105.55284,35.37029],[-105.55395,35.37216],[-105.55377,35.37271],[-105.55466,35.3742],[-105.55485,35.3759],[-105.55218,35.37545],[-105.55147,35.37444]]]},"bbox":[-105.55491,35.3668,-105.54613,35.37607]},{"type":"Feature","id":44971,"properties":{"y":1997,"n":"Stringer","ag":"USFS","ac":75.7,"c":14,"cl":"Unknown","ad":"2016-12-29","cd":"","st":"NM","se":4},"geometry":{"type":"Polygon","coordinates":[[[-106.23763,36.04446],[-106.23566,36.04473],[-106.23595,36.04401],[-106.23403,36.0441],[-106.23389,36.04353],[-106.23275,36.0433],[-106.23363,36.04094],[-106.23497,36.03955],[-106.23712,36.03989],[-106.23896,36.04082],[-106.24084,36.04321],[-106.24056,36.04471],[-106.23918,36.04555],[-106.23763,36.04446]]]},"bbox":[-106.24098,36.03955,-106.23275,36.04555]},{"type":"Feature","id":44972,"properties":{"y":1998,"n":"Cochiti","ag":"USFS","ac":10.3,"c":14,"cl":"Unknown","ad":"2016-12-29","cd":"","st":"NM","se":4},"geometry":{"type":"Polygon","coordinates":[[[-106.41552,35.79066],[-106.41647,35.79094],[-106.41687,35.79163],[-106.41658,35.79236],[-106.41576,35.79273],[-106.41479,35.79249],[-106.41433,35.79176],[-106.41462,35.79103],[-106.41552,35.79066]]]},"bbox":[-106.41688,35.79066,-106.41433,35.79273]},{"type":"Feature","id":44973,"properties":{"y":1998,"n":"Limber","ag":"USFS","ac":19.7,"c":14,"cl":"Unknown","ad":"2016-12-29","cd":"","st":"NM","se":4},"geometry":{"type":"Polygon","coordinates":[[[-105.74167,35.97145],[-105.74092,35.971],[-105.74358,35.96977],[-105.74495,35.97006],[-105.74619,35.97132],[-105.74422,35.97155],[-105.74289,35.97239],[-105.74147,35.97225],[-105.74167,35.97145]]]},"bbox":[-105.74619,35.96977,-105.74092,35.97239]},{"type":"Feature","id":44974,"properties":{"y":1998,"n":"Culvert","ag":"USFS","ac":15.8,"c":14,"cl":"Unknown","ad":"2016-12-29","cd":"","st":"NM","se":4},"geometry":{"type":"Polygon","coordinates":[[[-106.31296,36.02955],[-106.31482,36.02959],[-106.31434,36.03089],[-106.3147,36.03237],[-106.31332,36.03241],[-106.31222,36.03154],[-106.31239,36.03006],[-106.31296,36.02955]]]},"bbox":[-106.31482,36.02935,-106.31216,36.0325]},{"type":"Feature","id":44975,"properties":{"y":1998,"n":"Golondrino","ag":"USFS","ac":17.5,"c":14,"cl":"Unknown","ad":"2016-12-29","cd":"","st":"NM","se":4},"geometry":{"type":"Polygon","coordinates":[[[-106.73207,36.42268],[-106.7361,36.42262],[-106.73607,36.42344],[-106.73539,36.42447],[-106.73354,36.42543],[-106.73207,36.42268]]]},"bbox":[-106.7361,36.42262,-106.73207,36.42543]},{"type":"Feature","id":44976,"properties":{"y":1991,"n":"Smokey","ag":"USFS","ac":292.2,"c":14,"cl":"Unknown","ad":"2016-12-29","cd":"","st":"NM","se":4},"geometry":{"type":"Polygon","coordinates":[[[-106.81319,35.86139],[-106.80865,35.85902],[-106.8091,35.85836],[-106.80883,35.85774],[-106.80635,35.85642],[-106.80698,35.85525],[-106.8091,35.85442],[-106.8087,35.85336],[-106.81082,35.85186],[-106.81222,35.85212],[-106.81267,35.85281],[-106.8146,35.85355],[-106.81757,35.85556],[-106.82451,35.85498],[-106.82519,35.85615],[-106.82474,35.85688],[-106.82546,35.85797],[-106.82721,35.85812],[-106.82784,35.85911],[-106.8273,35.85973],[-106.82739,35.86057],[-106.82261,35.86104],[-106.81968,35.86056],[-106.81874,35.86107],[-106.81319,35.86139]]]},"bbox":[-106.82784,35.85183,-106.80631,35.86147]},{"type":"Feature","id":44977,"properties":{"y":1992,"n":"Mud Springs","ag":"USFS","ac":77.4,"c":14,"cl":"Unknown","ad":"2016-12-29","cd":"","st":"NM","se":4},"geometry":{"type":"Polygon","coordinates":[[[-106.8974,36.52083],[-106.88743,36.52075],[-106.88648,36.51785],[-106.88694,36.5157],[-106.88973,36.51792],[-106.89144,36.51855],[-106.89413,36.51713],[-106.89599,36.51758],[-106.89615,36.51799],[-106.89499,36.51908],[-106.89494,36.51998],[-106.8954,36.52051],[-106.8974,36.52083]]]},"bbox":[-106.8974,36.5157,-106.88648,36.52111]},{"type":"Feature","id":44978,"properties":{"y":1992,"n":"Frijoles","ag":"USFS","ac":11.8,"c":14,"cl":"Unknown","ad":"2016-12-29","cd":"","st":"NM","se":4},"geometry":{"type":"Polygon","coordinates":[[[-105.86006,35.93052],[-105.85962,35.92975],[-105.86086,35.92927],[-105.86165,35.93018],[-105.86356,35.93062],[-105.86386,35.93165],[-105.86269,35.93165],[-105.86006,35.93052]]]},"bbox":[-105.86389,35.92927,-105.85962,35.9317]},{"type":"Feature","id":44979,"properties":{"y":1992,"n":"Archuleta","ag":"USFS","ac":27.9,"c":14,"cl":"Unknown","ad":"2016-12-29","cd":"","st":"NM","se":4},"geometry":{"type":"Polygon","coordinates":[[[-106.71101,36.39069],[-106.70879,36.3862],[-106.71293,36.38814],[-106.71367,36.38968],[-106.71262,36.39003],[-106.71263,36.39067],[-106.71101,36.39069]]]},"bbox":[-106.71367,36.3862,-106.70865,36.3909]},{"type":"Feature","id":44981,"properties":{"y":1996,"n":"Canones","ag":"USFS","ac":88.3,"c":14,"cl":"Unknown","ad":"2016-12-29","cd":"","st":"NM","se":4},"geometry":{"type":"Polygon","coordinates":[[[-106.4156,36.18863],[-106.41015,36.18827],[-106.40876,36.18742],[-106.41136,36.18759],[-106.41149,36.186],[-106.41379,36.18635],[-106.41436,36.18582],[-106.41215,36.18404],[-106.40933,36.18367],[-106.4086,36.18204],[-106.40989,36.18064],[-106.41239,36.18165],[-106.41456,36.18165],[-106.41565,36.18298],[-106.41547,36.18447],[-106.41589,36.18585],[-106.41773,36.18818],[-106.4156,36.18863]]]},"bbox":[-106.41773,36.18061,-106.40855,36.18863]},{"type":"Feature","id":44982,"properties":{"y":1996,"n":"Tower","ag":"USFS","ac":18.2,"c":14,"cl":"Unknown","ad":"2016-12-29","cd":"","st":"NM","se":4},"geometry":{"type":"Polygon","coordinates":[[[-106.39946,36.11695],[-106.39586,36.11696],[-106.39436,36.11556],[-106.39844,36.11511],[-106.39946,36.11695]]]},"bbox":[-106.39946,36.11503,-106.39436,36.11705]},{"type":"Feature","id":44983,"properties":{"y":2021,"n":"Unnamed","ag":"USFS","ac":1.6,"c":14,"cl":"Unknown","ad":"2021-02-27","cd":"","st":"NM","se":4},"geometry":{"type":"Polygon","coordinates":[[[-106.18958,35.56053],[-106.19066,35.55931],[-106.19076,35.55839],[-106.19111,35.55838],[-106.19033,35.56025],[-106.18958,35.56053]]]},"bbox":[-106.19118,35.55836,-106.18948,35.56062]},{"type":"Feature","id":44984,"properties":{"y":1987,"n":"Meadow 87","ag":"USFS","ac":41.5,"c":14,"cl":"Unknown","ad":"2018-04-28","cd":"","st":"NM","se":1},"geometry":{"type":"Polygon","coordinates":[[[-106.76852,35.83239],[-106.77022,35.83261],[-106.77135,35.83367],[-106.77138,35.83506],[-106.7703,35.83615],[-106.76819,35.83634],[-106.76666,35.83513],[-106.7668,35.83341],[-106.76852,35.83239]]]},"bbox":[-106.77152,35.83235,-106.76649,35.83644]},{"type":"Feature","id":44985,"properties":{"y":2020,"n":"Cr162 Bosque","ag":"USFS","ac":10.4,"c":14,"cl":"Unknown","ad":"2020-03-30","cd":"","st":"NM","se":1},"geometry":{"type":"Polygon","coordinates":[[[-106.35627,36.21505],[-106.35346,36.21389],[-106.35408,36.21295],[-106.35622,36.21333],[-106.35627,36.21505]]]},"bbox":[-106.35627,36.21295,-106.35346,36.21505]},{"type":"Feature","id":44994,"properties":{"y":1991,"n":"Apache 9132","ag":"USFS","ac":11.9,"c":14,"cl":"Unknown","ad":"2018-04-28","cd":"","st":"NM","se":1},"geometry":{"type":"Polygon","coordinates":[[[-106.39143,35.82775],[-106.38975,35.82773],[-106.39051,35.82686],[-106.39413,35.82748],[-106.39538,35.828],[-106.39566,35.82889],[-106.39143,35.82775]]]},"bbox":[-106.39566,35.82686,-106.38975,35.829]},{"type":"Feature","id":44995,"properties":{"y":1993,"n":"Dome","ag":"USFS","ac":164.6,"c":14,"cl":"Unknown","ad":"2018-04-28","cd":"","st":"NM","se":1},"geometry":{"type":"Polygon","coordinates":[[[-106.34631,35.74211],[-106.34707,35.74044],[-106.34941,35.73973],[-106.35042,35.73806],[-106.35512,35.73473],[-106.35643,35.73462],[-106.35754,35.73512],[-106.35867,35.73711],[-106.35876,35.7395],[-106.35815,35.7407],[-106.35457,35.74189],[-106.35179,35.74158],[-106.35124,35.74317],[-106.34799,35.74546],[-106.34704,35.74517],[-106.34631,35.74211]]]},"bbox":[-106.35894,35.73462,-106.34631,35.74555]},{"type":"Feature","id":45000,"properties":{"y":2002,"n":"Sands","ag":"USFS","ac":40.7,"c":14,"cl":"Unknown","ad":"2016-12-29","cd":"","st":"NM","se":4},"geometry":{"type":"Polygon","coordinates":[[[-105.53603,35.35584],[-105.53409,35.3561],[-105.53172,35.35448],[-105.53293,35.35275],[-105.535,35.35319],[-105.53494,35.35279],[-105.53584,35.35253],[-105.53702,35.35328],[-105.53767,35.35446],[-105.53717,35.35646],[-105.53603,35.35584]]]},"bbox":[-105.53767,35.35253,-105.53172,35.35664]},{"type":"Feature","id":45002,"properties":{"y":2021,"n":"Tres Hermanos","ag":"USFS","ac":18.4,"c":14,"cl":"Unknown","ad":"2021-09-01","cd":"","st":"NM","se":3},"geometry":{"type":"Polygon","coordinates":[[[-105.36252,35.46226],[-105.36082,35.46466],[-105.35844,35.4613],[-105.36194,35.4613],[-105.36252,35.46226]]]},"bbox":[-105.36252,35.4613,-105.35844,35.46466]},{"type":"Feature","id":45003,"properties":{"y":2002,"n":"Labor","ag":"USFS","ac":180.8,"c":14,"cl":"Unknown","ad":"2016-12-29","cd":"","st":"NM","se":4},"geometry":{"type":"Polygon","coordinates":[[[-106.55396,35.77378],[-106.55811,35.77422],[-106.55931,35.77625],[-106.55681,35.77685],[-106.55438,35.77813],[-106.55336,35.77965],[-106.55334,35.78127],[-106.55282,35.78204],[-106.55115,35.78358],[-106.54908,35.78461],[-106.54598,35.78154],[-106.54614,35.77947],[-106.54756,35.77815],[-106.5478,35.77674],[-106.54963,35.77538],[-106.55218,35.77406],[-106.55396,35.77378]]]},"bbox":[-106.55935,35.77373,-106.54598,35.78461]},{"type":"Feature","id":45004,"properties":{"y":2011,"n":"Middleton","ag":"USFS","ac":90.1,"c":14,"cl":"Unknown","ad":"2016-12-29","cd":"","st":"NM","se":4},"geometry":{"type":"Polygon","coordinates":[[[-105.47958,35.71693],[-105.47897,35.71911],[-105.47778,35.72037],[-105.47692,35.72042],[-105.47449,35.7188],[-105.47347,35.71656],[-105.47366,35.71502],[-105.47522,35.71398],[-105.47565,35.71301],[-105.47752,35.71231],[-105.47904,35.71336],[-105.47958,35.71693]]]},"bbox":[-105.47964,35.71227,-105.47347,35.72051]},{"type":"Feature","id":45005,"properties":{"y":2010,"n":"Chupadero","ag":"USFS","ac":11.1,"c":14,"cl":"Unknown","ad":"2016-12-29","cd":"","st":"NM","se":4},"geometry":{"type":"Polygon","coordinates":[[[-106.78818,36.45517],[-106.79071,36.45462],[-106.79153,36.45523],[-106.79121,36.456],[-106.79051,36.45552],[-106.79003,36.45581],[-106.78957,36.4567],[-106.78932,36.45607],[-106.7873,36.45583],[-106.78818,36.45517]]]},"bbox":[-106.79153,36.45461,-106.7873,36.4567]},{"type":"Feature","id":45007,"properties":{"y":2010,"n":"Gallina","ag":"USFS","ac":167.0,"c":14,"cl":"Unknown","ad":"2016-12-29","cd":"","st":"NM","se":4},"geometry":{"type":"MultiPolygon","coordinates":[[[[-106.34605,36.02129],[-106.34486,36.02382],[-106.34382,36.02429],[-106.34288,36.02387],[-106.34157,36.02433],[-106.33813,36.02414],[-106.3373,36.02279],[-106.33603,36.02267],[-106.33428,36.02154],[-106.33341,36.02162],[-106.33232,36.02308],[-106.33129,36.02315],[-106.33083,36.0226],[-106.33089,36.02121],[-106.33212,36.01915],[-106.33593,36.01782],[-106.33692,36.01704],[-106.34002,36.01817],[-106.34104,36.01803],[-106.34078,36.01878],[-106.34158,36.01956],[-106.34314,36.01929],[-106.34447,36.02053],[-106.34566,36.02036],[-106.34605,36.02129]]],[[[-106.33911,36.02422],[-106.33911,36.02423],[-106.3391,36.02422],[-106.33911,36.02422]]]]},"bbox":[-106.34605,36.01704,-106.33083,36.02433]},{"type":"Feature","id":45008,"properties":{"y":1984,"n":"Unknown","ag":"USFS","ac":51.4,"c":14,"cl":"Unknown","ad":"1994-02-01","cd":"","st":"NM","se":4},"geometry":{"type":"Polygon","coordinates":[[[-106.45097,35.73132],[-106.45297,35.73185],[-106.45397,35.73334],[-106.45345,35.735],[-106.45169,35.73591],[-106.44948,35.73551],[-106.44833,35.73393],[-106.44896,35.73216],[-106.45097,35.73132]]]},"bbox":[-106.454,35.73131,-106.44831,35.73596]},{"type":"Feature","id":45012,"properties":{"y":2021,"n":"Rio","ag":"USFS","ac":36.3,"c":14,"cl":"Unknown","ad":"2021-06-01","cd":"","st":"NM","se":2},"geometry":{"type":"Polygon","coordinates":[[[-106.22873,36.19503],[-106.22846,36.1954],[-106.22497,36.19539],[-106.22325,36.19377],[-106.22311,36.19286],[-106.21957,36.1929],[-106.21975,36.19176],[-106.21928,36.19112],[-106.21997,36.19008],[-106.21845,36.18857],[-106.21824,36.18754],[-106.22128,36.19056],[-106.22007,36.1901],[-106.22016,36.19043],[-106.22263,36.19156],[-106.22397,36.19351],[-106.224,36.19279],[-106.22475,36.19368],[-106.22754,36.19412],[-106.22873,36.19503]]]},"bbox":[-106.22873,36.18754,-106.21823,36.1954]},{"type":"Feature","id":45013,"properties":{"y":2021,"n":"Lake Fork","ag":"USFS","ac":92.3,"c":14,"cl":"Unknown","ad":"2021-12-01","cd":"","st":"NM","se":4},"geometry":{"type":"Polygon","coordinates":[[[-106.74526,35.88101],[-106.74163,35.88146],[-106.73988,35.87918],[-106.74115,35.87633],[-106.74605,35.87426],[-106.74698,35.87483],[-106.74743,35.87656],[-106.7466,35.87737],[-106.74675,35.88028],[-106.74526,35.88101]]]},"bbox":[-106.74743,35.87426,-106.73988,35.88146]},{"type":"Feature","id":45014,"properties":{"y":2023,"n":"Mckinney","ag":"USFS","ac":43.1,"c":14,"cl":"Unknown","ad":"2023-12-06","cd":"","st":"NM","se":4},"geometry":{"type":"Polygon","coordinates":[[[-106.66784,35.9686],[-106.66745,35.96716],[-106.66901,35.96795],[-106.66877,35.96897],[-106.66938,35.96932],[-106.66942,35.97025],[-106.67023,35.97067],[-106.67016,35.97133],[-106.67069,35.97161],[-106.67027,35.97175],[-106.67075,35.97193],[-106.66976,35.97294],[-106.67204,35.97345],[-106.67164,35.97475],[-106.67207,35.97489],[-106.67189,35.97564],[-106.66974,35.97577],[-106.66899,35.97479],[-106.66945,35.97459],[-106.66859,35.97402],[-106.66947,35.9736],[-106.66807,35.97327],[-106.66872,35.97317],[-106.66869,35.97265],[-106.66792,35.97214],[-106.66856,35.97165],[-106.66718,35.9705],[-106.66784,35.9686]]]},"bbox":[-106.67207,35.96716,-106.66718,35.97589]},{"type":"Feature","id":45015,"properties":{"y":2023,"n":"Guacamalla","ag":"USFS","ac":11.5,"c":14,"cl":"Unknown","ad":"2023-10-27","cd":"","st":"NM","se":3},"geometry":{"type":"Polygon","coordinates":[[[-106.57117,35.74265],[-106.57047,35.74225],[-106.5709,35.74169],[-106.57218,35.74183],[-106.57367,35.74305],[-106.57154,35.74415],[-106.57107,35.74355],[-106.57117,35.74265]]]},"bbox":[-106.57367,35.74169,-106.57047,35.74415]},{"type":"Feature","id":45016,"properties":{"y":1995,"n":"Polvadera","ag":"USFS","ac":39.8,"c":14,"cl":"Unknown","ad":"2018-04-28","cd":"","st":"NM","se":1},"geometry":{"type":"Polygon","coordinates":[[[-106.44642,36.09407],[-106.44813,36.09429],[-106.44925,36.09535],[-106.44928,36.09675],[-106.44819,36.09783],[-106.44607,36.09801],[-106.44454,36.0968],[-106.4447,36.09508],[-106.44642,36.09407]]]},"bbox":[-106.44942,36.09403,-106.44438,36.09813]},{"type":"Feature","id":45017,"properties":{"y":1995,"n":"Unknown","ag":"USFS","ac":51.3,"c":14,"cl":"Unknown","ad":"2018-04-28","cd":"","st":"NM","se":1},"geometry":{"type":"Polygon","coordinates":[[[-106.37267,35.83244],[-106.37116,35.83261],[-106.36955,35.83168],[-106.37091,35.83048],[-106.37735,35.83007],[-106.3795,35.83074],[-106.37772,35.83196],[-106.37681,35.83387],[-106.37267,35.83244]]]},"bbox":[-106.3795,35.83007,-106.36955,35.83388]},{"type":"Feature","id":45020,"properties":{"y":2024,"n":"Dry Gulch","ag":"USFS","ac":10.5,"c":14,"cl":"Unknown","ad":"2025-01-29","cd":"","st":"NM","se":4},"geometry":{"type":"MultiPolygon","coordinates":[[[[-105.68693,35.64241],[-105.68691,35.64242],[-105.68692,35.6424],[-105.68693,35.64241]]],[[[-105.68975,35.64152],[-105.68973,35.64151],[-105.68974,35.6415],[-105.68975,35.64152]]],[[[-105.68973,35.64151],[-105.68813,35.64251],[-105.68693,35.64243],[-105.6875,35.64222],[-105.68703,35.64137],[-105.68745,35.64055],[-105.68803,35.64063],[-105.68788,35.64021],[-105.68923,35.64033],[-105.68973,35.64151]]],[[[-105.68712,35.64233],[-105.6871,35.64236],[-105.68709,35.64233],[-105.68712,35.64233]]]]},"bbox":[-105.68975,35.64014,-105.68691,35.64261]},{"type":"Feature","id":45022,"properties":{"y":2002,"n":"Pup","ag":"USFS","ac":82.2,"c":14,"cl":"Unknown","ad":"2003-02-01","cd":"","st":"NM","se":4},"geometry":{"type":"Polygon","coordinates":[[[-108.96537,33.56284],[-108.96783,33.56574],[-108.96756,33.56618],[-108.9657,33.56611],[-108.96355,33.56522],[-108.96195,33.56384],[-108.96058,33.56369],[-108.96064,33.563],[-108.95945,33.56187],[-108.95928,33.55931],[-108.96321,33.55936],[-108.96491,33.55993],[-108.96537,33.56284]]]},"bbox":[-108.96783,33.55919,-108.95905,33.56624]},{"type":"Feature","id":45024,"properties":{"y":2000,"n":"Whitetail","ag":"USFS","ac":501.7,"c":14,"cl":"Unknown","ad":"2001-02-01","cd":"","st":"NM","se":4},"geometry":{"type":"Polygon","coordinates":[[[-107.9339,33.37703],[-107.93553,33.37488],[-107.93847,33.3746],[-107.93713,33.37378],[-107.93586,33.37374],[-107.93524,33.37214],[-107.93577,33.37014],[-107.94114,33.36933],[-107.94156,33.36807],[-107.93935,33.3663],[-107.94042,33.36472],[-107.94473,33.36338],[-107.94739,33.36414],[-107.94861,33.3652],[-107.94967,33.36547],[-107.95145,33.36735],[-107.95456,33.36839],[-107.95576,33.36942],[-107.95665,33.36953],[-107.95704,33.36888],[-107.95838,33.36948],[-107.9586,33.37132],[-107.9574,33.37165],[-107.95854,33.37303],[-107.95841,33.37468],[-107.95963,33.37468],[-107.95967,33.37553],[-107.95864,33.37602],[-107.95871,33.37658],[-107.95503,33.37584],[-107.95456,33.37661],[-107.95389,33.37535],[-107.95295,33.37494],[-107.9493,33.37546],[-107.9487,33.37625],[-107.94634,33.37549],[-107.94499,33.37208],[-107.94466,33.37263],[-107.94301,33.3717],[-107.94211,33.37197],[-107.94196,33.37154],[-107.94138,33.37355],[-107.94238,33.37449],[-107.94203,33.37503],[-107.93701,33.37757],[-107.93371,33.37822],[-107.93217,33.37754],[-107.9339,33.37703]]]},"bbox":[-107.95967,33.36338,-107.93217,33.37822]},{"type":"Feature","id":45025,"properties":{"y":1997,"n":"Pelican","ag":"USFS","ac":934.4,"c":14,"cl":"Unknown","ad":"1998-02-01","cd":"","st":"NM","se":4},"geometry":{"type":"Polygon","coordinates":[[[-108.34051,33.04096],[-108.33468,33.04314],[-108.33417,33.04266],[-108.33329,33.04271],[-108.33181,33.04088],[-108.33342,33.04011],[-108.33439,33.03849],[-108.33711,33.03755],[-108.33653,33.0358],[-108.33405,33.03577],[-108.33294,33.03522],[-108.33031,33.03658],[-108.32838,33.0367],[-108.32808,33.03658],[-108.32868,33.03531],[-108.3285,33.03423],[-108.32561,33.03564],[-108.32497,33.0355],[-108.32436,33.03433],[-108.32512,33.03284],[-108.32402,33.03279],[-108.32292,33.03128],[-108.32241,33.02891],[-108.32113,33.02837],[-108.32253,33.02738],[-108.32337,33.02511],[-108.32457,33.02507],[-108.32534,33.02595],[-108.32672,33.0258],[-108.32714,33.02527],[-108.32726,33.02165],[-108.32639,33.02053],[-108.32914,33.02047],[-108.33095,33.02096],[-108.33198,33.02131],[-108.33237,33.02247],[-108.33478,33.02252],[-108.33554,33.02299],[-108.33605,33.02061],[-108.33995,33.01965],[-108.3408,33.0215],[-108.34299,33.02142],[-108.34334,33.02372],[-108.34202,33.02473],[-108.3417,33.02554],[-108.34201,33.02753],[-108.34451,33.02721],[-108.34546,33.02907],[-108.34872,33.0282],[-108.34969,33.02917],[-108.34998,33.03099],[-108.34959,33.03273],[-108.34829,33.03369],[-108.34613,33.03392],[-108.34502,33.03527],[-108.34465,33.0385],[-108.34051,33.04096]]]},"bbox":[-108.34998,33.01965,-108.32113,33.04314]},{"type":"Feature","id":45026,"properties":{"y":2005,"n":"Mystery","ag":"USFS","ac":104.1,"c":14,"cl":"Unknown","ad":"2006-02-01","cd":"","st":"NM","se":4},"geometry":{"type":"Polygon","coordinates":[[[-108.63348,33.4048],[-108.63411,33.40713],[-108.63312,33.4073],[-108.63272,33.40801],[-108.63179,33.40735],[-108.63061,33.40748],[-108.63141,33.40921],[-108.62965,33.40958],[-108.6302,33.40898],[-108.62866,33.40746],[-108.62795,33.40722],[-108.6281,33.4081],[-108.62769,33.40821],[-108.62675,33.40788],[-108.62763,33.4058],[-108.62658,33.40533],[-108.62415,33.40533],[-108.6246,33.40415],[-108.6243,33.40334],[-108.62851,33.40175],[-108.63348,33.4048]]]},"bbox":[-108.63411,33.4017,-108.62415,33.40958]},{"type":"Feature","id":45027,"properties":{"y":1994,"n":"Upper","ag":"USFS","ac":116.5,"c":14,"cl":"Unknown","ad":"1995-02-01","cd":"","st":"NM","se":4},"geometry":{"type":"Polygon","coordinates":[[[-107.80547,33.24249],[-107.80837,33.24414],[-107.80834,33.24344],[-107.8103,33.24472],[-107.81245,33.24497],[-107.81265,33.24566],[-107.80967,33.24667],[-107.8099,33.2482],[-107.80896,33.24934],[-107.80565,33.24873],[-107.80342,33.24901],[-107.8027,33.24841],[-107.8019,33.24554],[-107.80237,33.24378],[-107.80321,33.24288],[-107.80547,33.24249]]]},"bbox":[-107.81268,33.24249,-107.8019,33.24934]},{"type":"Feature","id":45029,"properties":{"y":1998,"n":"Farm","ag":"USFS","ac":337.9,"c":14,"cl":"Unknown","ad":"1999-02-01","cd":"","st":"NM","se":4},"geometry":{"type":"Polygon","coordinates":[[[-108.30986,33.00605],[-108.30748,33.00058],[-108.30797,32.99972],[-108.30776,32.99794],[-108.30907,32.9958],[-108.31078,32.99667],[-108.31416,32.99625],[-108.31592,32.99732],[-108.31846,32.99603],[-108.3214,32.99309],[-108.32265,32.99266],[-108.32142,32.99743],[-108.32173,32.99766],[-108.32342,32.99614],[-108.32483,32.99256],[-108.32652,32.99221],[-108.32749,32.99273],[-108.3269,32.99552],[-108.32526,32.99863],[-108.32114,33.0014],[-108.31687,33.00288],[-108.31534,33.00453],[-108.31012,33.00549],[-108.30986,33.00605]]]},"bbox":[-108.32749,32.99219,-108.30748,33.00605]},{"type":"Feature","id":45030,"properties":{"y":2011,"n":"Rainy Night","ag":"USFS","ac":0.0,"c":14,"cl":"Unknown","ad":"2011-12-31","cd":"","st":"NM","se":4},"geometry":{"type":"Polygon","coordinates":[[[-108.05581,32.95466],[-108.05583,32.95473],[-108.05574,32.95468],[-108.05581,32.95466]]]},"bbox":[-108.05584,32.95466,-108.05574,32.95474]},{"type":"Feature","id":45031,"properties":{"y":2011,"n":"Eagle","ag":"USFS","ac":85.4,"c":14,"cl":"Unknown","ad":"2011-12-31","cd":"","st":"NM","se":4},"geometry":{"type":"Polygon","coordinates":[[[-108.58507,33.69039],[-108.58374,33.68891],[-108.58367,33.68789],[-108.58494,33.6874],[-108.58498,33.68578],[-108.58611,33.68618],[-108.58721,33.68591],[-108.58669,33.68802],[-108.58944,33.68831],[-108.58997,33.68884],[-108.58942,33.68929],[-108.5907,33.69129],[-108.58993,33.69246],[-108.59025,33.69371],[-108.5889,33.69377],[-108.58862,33.69498],[-108.58777,33.69496],[-108.58719,33.69294],[-108.5857,33.69284],[-108.58604,33.6916],[-108.58514,33.69119],[-108.58507,33.69039]]]},"bbox":[-108.5907,33.68578,-108.58367,33.69526]},{"type":"Feature","id":45032,"properties":{"y":2010,"n":"Long","ag":"USFS","ac":33.9,"c":14,"cl":"Unknown","ad":"2011-02-01","cd":"","st":"NM","se":4},"geometry":{"type":"Polygon","coordinates":[[[-108.38259,33.73132],[-108.3831,33.73031],[-108.38446,33.72936],[-108.38497,33.72958],[-108.38447,33.73043],[-108.38545,33.73095],[-108.38928,33.73088],[-108.388,33.7319],[-108.38787,33.73257],[-108.38545,33.73338],[-108.3834,33.73275],[-108.38259,33.73132]]]},"bbox":[-108.38928,33.72936,-108.38259,33.73338]},{"type":"Feature","id":45034,"properties":{"y":1993,"n":"Tadpole","ag":"USFS","ac":12.7,"c":14,"cl":"Unknown","ad":"1994-02-01","cd":"","st":"NM","se":4},"geometry":{"type":"Polygon","coordinates":[[[-108.27594,32.9325],[-108.28018,32.93241],[-108.28033,32.93288],[-108.27875,32.93378],[-108.27655,32.93353],[-108.27577,32.93294],[-108.27594,32.9325]]]},"bbox":[-108.28033,32.93238,-108.27577,32.93378]},{"type":"Feature","id":45036,"properties":{"y":2016,"n":"Mesa","ag":"USFS","ac":18.0,"c":14,"cl":"Unknown","ad":"2016-07-12","cd":"","st":"NM","se":2},"geometry":{"type":"Polygon","coordinates":[[[-108.05175,33.19598],[-108.05079,33.19443],[-108.04846,33.19454],[-108.04772,33.19415],[-108.0477,33.19385],[-108.04929,33.19417],[-108.05107,33.19362],[-108.05112,33.19314],[-108.0498,33.1919],[-108.0482,33.1916],[-108.04812,33.1922],[-108.04651,33.19151],[-108.04789,33.19107],[-108.05186,33.19253],[-108.05182,33.19504],[-108.05236,33.1955],[-108.05175,33.19598]]]},"bbox":[-108.05236,33.19107,-108.04651,33.19598]},{"type":"Feature","id":45037,"properties":{"y":2000,"n":"Mill","ag":"USFS","ac":0.2,"c":14,"cl":"Unknown","ad":"2001-02-01","cd":"","st":"NM","se":4},"geometry":{"type":"Polygon","coordinates":[[[-108.23578,32.88392],[-108.23544,32.88412],[-108.23545,32.88393],[-108.23578,32.88392]]]},"bbox":[-108.23578,32.88392,-108.23544,32.88415]},{"type":"Feature","id":45038,"properties":{"y":2003,"n":"Baseball","ag":"USFS","ac":49.0,"c":14,"cl":"Unknown","ad":"2004-02-01","cd":"","st":"NM","se":4},"geometry":{"type":"Polygon","coordinates":[[[-108.53583,33.53705],[-108.53387,33.53635],[-108.53312,33.53479],[-108.53399,33.53312],[-108.53586,33.53252],[-108.53784,33.53327],[-108.53853,33.53485],[-108.53773,33.5364],[-108.53583,33.53705]]]},"bbox":[-108.53853,33.53252,-108.53312,33.53705]},{"type":"Feature","id":45039,"properties":{"y":1976,"n":"Winn","ag":"USFS","ac":77.2,"c":14,"cl":"Unknown","ad":"1994-02-01","cd":"","st":"NM","se":4},"geometry":{"type":"Polygon","coordinates":[[[-108.73484,33.36239],[-108.7325,33.35331],[-108.73266,33.35176],[-108.73391,33.35091],[-108.73536,33.35102],[-108.73522,33.35157],[-108.73629,33.35381],[-108.73584,33.35681],[-108.73693,33.35963],[-108.73567,33.36193],[-108.73484,33.36239]]]},"bbox":[-108.73693,33.35088,-108.7325,33.36239]},{"type":"Feature","id":45040,"properties":{"y":2020,"n":"Turkey","ag":"USFS","ac":0.4,"c":14,"cl":"Unknown","ad":"2020-07-15","cd":"","st":"NM","se":2},"geometry":{"type":"Polygon","coordinates":[[[-108.24991,33.18322],[-108.25053,33.18322],[-108.25022,33.18367],[-108.24991,33.18322]]]},"bbox":[-108.25053,33.18322,-108.24991,33.18367]},{"type":"Feature","id":45042,"properties":{"y":2000,"n":"Five","ag":"USFS","ac":280.4,"c":14,"cl":"Unknown","ad":"2001-02-01","cd":"","st":"NM","se":4},"geometry":{"type":"Polygon","coordinates":[[[-108.46634,33.73349],[-108.46554,33.73197],[-108.46582,33.73077],[-108.46752,33.72991],[-108.46928,33.72714],[-108.47367,33.72453],[-108.47545,33.72497],[-108.47541,33.72637],[-108.47633,33.72749],[-108.47893,33.72874],[-108.48021,33.73017],[-108.48036,33.73307],[-108.47923,33.73485],[-108.4719,33.7356],[-108.46915,33.73545],[-108.46597,33.73378],[-108.46634,33.73349]]]},"bbox":[-108.48036,33.72453,-108.46554,33.7356]},{"type":"Feature","id":45043,"properties":{"y":2022,"n":"Spur","ag":"USFS","ac":27.4,"c":14,"cl":"Unknown","ad":"2022-04-16","cd":"","st":"NM","se":1},"geometry":{"type":"Polygon","coordinates":[[[-108.84922,33.96369],[-108.84319,33.96546],[-108.84563,33.96261],[-108.84771,33.96188],[-108.84916,33.96287],[-108.84922,33.96369]]]},"bbox":[-108.84922,33.96188,-108.84319,33.96546]},{"type":"Feature","id":45046,"properties":{"y":2019,"n":"Jordan","ag":"USFS","ac":322.3,"c":14,"cl":"Unknown","ad":"2019-06-16","cd":"","st":"NM","se":2},"geometry":{"type":"Polygon","coordinates":[[[-108.25396,33.29244],[-108.25479,33.29413],[-108.25355,33.29589],[-108.25397,33.29734],[-108.25214,33.29812],[-108.25152,33.29957],[-108.25032,33.30081],[-108.24569,33.30258],[-108.24487,33.30205],[-108.24464,33.30005],[-108.24409,33.29946],[-108.24201,33.29821],[-108.24028,33.29798],[-108.23979,33.29564],[-108.23817,33.2934],[-108.23875,33.29255],[-108.24025,33.29273],[-108.24179,33.2885],[-108.24375,33.28778],[-108.24461,33.2882],[-108.24526,33.28959],[-108.24486,33.29099],[-108.24405,33.29183],[-108.24458,33.29262],[-108.24848,33.29329],[-108.25098,33.29123],[-108.25396,33.29244]]]},"bbox":[-108.25479,33.28778,-108.23817,33.30258]},{"type":"Feature","id":45048,"properties":{"y":2007,"n":"Aspen","ag":"USFS","ac":507.0,"c":14,"cl":"Unknown","ad":"2008-02-01","cd":"","st":"NM","se":4},"geometry":{"type":"Polygon","coordinates":[[[-107.97883,33.17195],[-107.97522,33.17142],[-107.9739,33.16879],[-107.9716,33.16837],[-107.97074,33.16691],[-107.96656,33.16522],[-107.96272,33.1608],[-107.96235,33.1595],[-107.96271,33.15772],[-107.97072,33.15509],[-107.97225,33.15507],[-107.97844,33.15861],[-107.97901,33.15991],[-107.97872,33.16156],[-107.97911,33.1637],[-107.97833,33.16524],[-107.98307,33.16616],[-107.98348,33.16901],[-107.98336,33.16945],[-107.9815,33.1703],[-107.98167,33.1729],[-107.97883,33.17195]],[[-107.97727,33.16801],[-107.97671,33.16625],[-107.97534,33.16601],[-107.97528,33.16951],[-107.97727,33.16801]]]},"bbox":[-107.9835,33.15507,-107.96235,33.1729]},{"type":"Feature","id":45049,"properties":{"y":2009,"n":"Thompson","ag":"USFS","ac":28.7,"c":14,"cl":"Unknown","ad":"2010-02-01","cd":"","st":"NM","se":4},"geometry":{"type":"Polygon","coordinates":[[[-107.7317,32.81239],[-107.73213,32.81283],[-107.7329,32.81251],[-107.73382,32.81288],[-107.73482,32.81466],[-107.73354,32.81714],[-107.73289,32.81755],[-107.73208,32.81673],[-107.7317,32.81239]]]},"bbox":[-107.73484,32.81239,-107.73164,32.81755]},{"type":"Feature","id":45050,"properties":{"y":2009,"n":"Trigger","ag":"USFS","ac":377.7,"c":14,"cl":"Unknown","ad":"2010-02-01","cd":"","st":"NM","se":4},"geometry":{"type":"MultiPolygon","coordinates":[[[[-108.25486,33.02099],[-108.25589,33.0203],[-108.25553,33.02002],[-108.25576,33.01906],[-108.2567,33.01886],[-108.2591,33.01692],[-108.25693,33.02006],[-108.25578,33.02073],[-108.25645,33.02068],[-108.25604,33.0234],[-108.25202,33.02399],[-108.25091,33.02346],[-108.24976,33.02361],[-108.2477,33.02458],[-108.24806,33.02421],[-108.24767,33.02393],[-108.24485,33.02368],[-108.24063,33.02246],[-108.23868,33.0209],[-108.23628,33.02053],[-108.23326,33.01866],[-108.23121,33.01874],[-108.23028,33.01753],[-108.23055,33.01672],[-108.23008,33.01563],[-108.22863,33.01497],[-108.22679,33.01548],[-108.22451,33.0145],[-108.22381,33.01376],[-108.22286,33.01121],[-108.22346,33.01063],[-108.2236,33.01163],[-108.22424,33.01213],[-108.22687,33.01184],[-108.22634,33.01202],[-108.22649,33.01253],[-108.22598,33.01307],[-108.22721,33.01381],[-108.22984,33.01419],[-108.22991,33.01356],[-108.23049,33.01365],[-108.23031,33.01333],[-108.23082,33.01307],[-108.2324,33.01395],[-108.23293,33.01352],[-108.23434,33.01404],[-108.23492,33.01534],[-108.23589,33.01561],[-108.23498,33.01644],[-108.23526,33.01746],[-108.23583,33.01699],[-108.23619,33.01527],[-108.23698,33.0156],[-108.23789,33.01492],[-108.23923,33.0153],[-108.23935,33.01575],[-108.23871,33.01603],[-108.23818,33.01736],[-108.23864,33.01839],[-108.24228,33.016],[-108.24488,33.01659],[-108.24657,33.0159],[-108.24861,33.01609],[-108.24981,33.01736],[-108.25126,33.01747],[-108.25124,33.0179],[-108.25238,33.01861],[-108.252,33.0191],[-108.25149,33.01893],[-108.24843,33.01654],[-108.24871,33.01807],[-108.2483,33.01886],[-108.24959,33.01873],[-108.24942,33.01926],[-108.2503,33.0196],[-108.25149,33.01915],[-108.25261,33.02021],[-108.25207,33.02105],[-108.25007,33.02099],[-108.25046,33.02134],[-108.24994,33.02194],[-108.25015,33.0227],[-108.25135,33.02282],[-108.25124,33.02259],[-108.25138,33.02263],[-108.25201,33.02231],[-108.25266,33.02216],[-108.25273,33.02206],[-108.25423,33.02207],[-108.25422,33.02153],[-108.25486,33.02099]],[[-108.25205,33.02233],[-108.25256,33.02226],[-108.25217,33.02229],[-108.25205,33.02233]],[[-108.25271,33.02223],[-108.25272,33.02218],[-108.25268,33.02216],[-108.25271,33.02223]],[[-108.25268,33.02216],[-108.25267,33.02215],[-108.25265,33.02216],[-108.25268,33.02216]],[[-108.25495,33.02106],[-108.25485,33.02112],[-108.25488,33.02113],[-108.25495,33.02106]]],[[[-108.25124,33.02259],[-108.25123,33.02259],[-108.25123,33.02259],[-108.25124,33.02259]]],[[[-108.25123,33.02259],[-108.25123,33.02259],[-108.25123,33.02259],[-108.25123,33.02259]]],[[[-108.25123,33.02259],[-108.25124,33.02258],[-108.25124,33.0226],[-108.25123,33.02259]]],[[[-108.24143,33.01646],[-108.24139,33.01646],[-108.24138,33.01645],[-108.24143,33.01646]]],[[[-108.24141,33.01648],[-108.24142,33.01648],[-108.2414,33.01648],[-108.24141,33.01648]]],[[[-108.2414,33.01648],[-108.24138,33.01649],[-108.24139,33.01647],[-108.2414,33.01648]]],[[[-108.25017,33.02178],[-108.25014,33.02174],[-108.25014,33.02174],[-108.25017,33.02178]]],[[[-108.25122,33.02259],[-108.25122,33.0226],[-108.25122,33.02259],[-108.25122,33.02259]]]]},"bbox":[-108.2591,33.01063,-108.22286,33.02458]},{"type":"Feature","id":45052,"properties":{"y":2009,"n":"Sheep Corral","ag":"USFS","ac":3.8,"c":14,"cl":"Unknown","ad":"2010-02-01","cd":"","st":"NM","se":4},"geometry":{"type":"Polygon","coordinates":[[[-108.27024,32.98117],[-108.27181,32.98101],[-108.27194,32.98148],[-108.27097,32.98204],[-108.27021,32.98182],[-108.27024,32.98117]]]},"bbox":[-108.27198,32.9809,-108.27006,32.98204]},{"type":"Feature","id":45053,"properties":{"y":2004,"n":"Ekcleberger Pnf","ag":"USFS","ac":167.0,"c":14,"cl":"Unknown","ad":"2017-01-20","cd":"","st":"NM","se":4},"geometry":{"type":"Polygon","coordinates":[[[-108.52501,33.58897],[-108.52413,33.58195],[-108.5256,33.58199],[-108.52886,33.58367],[-108.53072,33.58256],[-108.53198,33.5806],[-108.53401,33.58016],[-108.53494,33.58095],[-108.53602,33.58409],[-108.53501,33.5877],[-108.53259,33.58714],[-108.52546,33.58898],[-108.52501,33.58897]]]},"bbox":[-108.53602,33.58016,-108.52413,33.58898]},{"type":"Feature","id":45055,"properties":{"y":1996,"n":"O Block Pnf","ag":"USFS","ac":688.5,"c":14,"cl":"Unknown","ad":"1997-02-01","cd":"","st":"NM","se":4},"geometry":{"type":"Polygon","coordinates":[[[-108.74606,33.62279],[-108.74027,33.62322],[-108.73901,33.62286],[-108.73839,33.62018],[-108.73934,33.61914],[-108.73963,33.61697],[-108.73828,33.61544],[-108.73725,33.61513],[-108.7372,33.6146],[-108.73878,33.61386],[-108.73313,33.61351],[-108.73205,33.61291],[-108.73184,33.61209],[-108.73525,33.60968],[-108.74762,33.60739],[-108.74939,33.60588],[-108.75114,33.60533],[-108.752,33.60573],[-108.75337,33.60871],[-108.75675,33.61201],[-108.75814,33.61406],[-108.75722,33.61627],[-108.7578,33.61812],[-108.7575,33.61884],[-108.75632,33.6195],[-108.75029,33.6204],[-108.74606,33.62279]]]},"bbox":[-108.75814,33.60533,-108.73184,33.62322]},{"type":"Feature","id":45057,"properties":{"y":2008,"n":"Diamond","ag":"USFS","ac":13.0,"c":14,"cl":"Unknown","ad":"2009-02-01","cd":"","st":"NM","se":4},"geometry":{"type":"Polygon","coordinates":[[[-108.12441,33.29423],[-108.12341,33.29387],[-108.12302,33.29307],[-108.1234,33.29226],[-108.12443,33.2919],[-108.12538,33.29223],[-108.1258,33.2931],[-108.12539,33.2939],[-108.12441,33.29423]]]},"bbox":[-108.1258,33.2919,-108.12302,33.29423]},{"type":"Feature","id":45059,"properties":{"y":2003,"n":"N Bar","ag":"USFS","ac":36.0,"c":14,"cl":"Unknown","ad":"2004-02-01","cd":"","st":"NM","se":4},"geometry":{"type":"Polygon","coordinates":[[[-108.55283,33.42034],[-108.55115,33.41974],[-108.55051,33.4184],[-108.55115,33.41706],[-108.55286,33.41646],[-108.55444,33.41701],[-108.55514,33.41846],[-108.55445,33.41978],[-108.55283,33.42034]]]},"bbox":[-108.55514,33.41646,-108.55051,33.42034]},{"type":"Feature","id":45060,"properties":{"y":2015,"n":"Treasure Mountain","ag":"USFS","ac":65.2,"c":14,"cl":"Unknown","ad":"2015-12-31","cd":"","st":"NM","se":4},"geometry":{"type":"Polygon","coordinates":[[[-108.3784,32.80075],[-108.37877,32.8028],[-108.37725,32.80167],[-108.37647,32.80224],[-108.37635,32.80294],[-108.37513,32.80321],[-108.37499,32.80284],[-108.37571,32.80226],[-108.37563,32.80205],[-108.37511,32.80268],[-108.37427,32.80269],[-108.37347,32.80163],[-108.37399,32.80011],[-108.37487,32.80006],[-108.37494,32.79913],[-108.37647,32.7988],[-108.37638,32.79791],[-108.37789,32.79749],[-108.37581,32.79659],[-108.37557,32.79599],[-108.37593,32.79583],[-108.37524,32.79565],[-108.37688,32.79442],[-108.37827,32.79505],[-108.37717,32.79651],[-108.37952,32.79791],[-108.3784,32.80075]]]},"bbox":[-108.37952,32.79441,-108.37347,32.80321]},{"type":"Feature","id":45061,"properties":{"y":2009,"n":"Whitewater","ag":"USFS","ac":279.0,"c":14,"cl":"Unknown","ad":"2010-02-01","cd":"","st":"NM","se":4},"geometry":{"type":"Polygon","coordinates":[[[-108.77833,33.3264],[-108.77003,33.32921],[-108.76988,33.32759],[-108.76716,33.32525],[-108.76684,33.32335],[-108.7672,33.32193],[-108.76926,33.32051],[-108.77035,33.31836],[-108.77195,33.31831],[-108.7725,33.31875],[-108.77135,33.31976],[-108.77294,33.31998],[-108.7762,33.31771],[-108.77946,33.31726],[-108.77973,33.31777],[-108.77913,33.31883],[-108.7788,33.32265],[-108.7795,33.3229],[-108.78122,33.32175],[-108.78164,33.32199],[-108.78198,33.32342],[-108.78138,33.32483],[-108.77973,33.32686],[-108.77833,33.3264]]]},"bbox":[-108.78199,33.31716,-108.76684,33.32921]},{"type":"Feature","id":45063,"properties":{"y":2002,"n":"Shrine","ag":"USFS","ac":13.2,"c":14,"cl":"Unknown","ad":"2003-02-01","cd":"","st":"NM","se":4},"geometry":{"type":"Polygon","coordinates":[[[-108.46804,32.65003],[-108.4698,32.64769],[-108.46934,32.64924],[-108.47006,32.64954],[-108.46899,32.65053],[-108.47019,32.65128],[-108.46945,32.65166],[-108.46871,32.65308],[-108.46787,32.65284],[-108.46792,32.6522],[-108.46883,32.65149],[-108.46804,32.65003]]]},"bbox":[-108.47019,32.64769,-108.46787,32.65308]},{"type":"Feature","id":45064,"properties":{"y":2017,"n":"Largo","ag":"USFS","ac":49.6,"c":14,"cl":"Unknown","ad":"2017-05-07","cd":"","st":"NM","se":1},"geometry":{"type":"Polygon","coordinates":[[[-108.46292,34.07814],[-108.46116,34.07723],[-108.46112,34.07425],[-108.46324,34.07282],[-108.46487,34.07318],[-108.46512,34.07599],[-108.46591,34.07712],[-108.46412,34.07822],[-108.46292,34.07814]]]},"bbox":[-108.46591,34.07282,-108.46084,34.07822]},{"type":"Feature","id":45065,"properties":{"y":2009,"n":"Th","ag":"USFS","ac":15.0,"c":14,"cl":"Unknown","ad":"2010-02-01","cd":"","st":"NM","se":4},"geometry":{"type":"Polygon","coordinates":[[[-108.41928,33.80567],[-108.42065,33.80789],[-108.41947,33.80877],[-108.41723,33.80751],[-108.41709,33.80682],[-108.41763,33.80679],[-108.41766,33.80606],[-108.41864,33.80607],[-108.4187,33.80546],[-108.41928,33.80567]]]},"bbox":[-108.42065,33.80546,-108.41709,33.80877]},{"type":"Feature","id":45066,"properties":{"y":1994,"n":"Phil","ag":"USFS","ac":23.2,"c":14,"cl":"Unknown","ad":"1995-02-01","cd":"","st":"NM","se":4},"geometry":{"type":"Polygon","coordinates":[[[-107.94461,33.49122],[-107.94314,33.49238],[-107.94243,33.49211],[-107.94148,33.49248],[-107.94119,33.49191],[-107.93867,33.49131],[-107.93851,33.49056],[-107.93961,33.48991],[-107.94444,33.4907],[-107.94461,33.49122]]]},"bbox":[-107.94461,33.48991,-107.93846,33.49248]},{"type":"Feature","id":45067,"properties":{"y":2008,"n":"Maverick","ag":"USFS","ac":44.6,"c":14,"cl":"Unknown","ad":"2009-02-01","cd":"","st":"NM","se":4},"geometry":{"type":"Polygon","coordinates":[[[-108.92216,33.6417],[-108.92057,33.64148],[-108.91947,33.6386],[-108.92367,33.63609],[-108.92521,33.63612],[-108.92536,33.63667],[-108.92216,33.6417]]]},"bbox":[-108.92543,33.63593,-108.91947,33.64174]},{"type":"Feature","id":45068,"properties":{"y":1994,"n":"Grogan","ag":"USFS","ac":30.3,"c":14,"cl":"Unknown","ad":"1995-02-01","cd":"","st":"NM","se":4},"geometry":{"type":"Polygon","coordinates":[[[-108.06419,33.48889],[-108.06683,33.4927],[-108.06683,33.49358],[-108.06435,33.4949],[-108.06435,33.49299],[-108.06258,33.4898],[-108.06291,33.48867],[-108.06419,33.48889]]]},"bbox":[-108.06683,33.48867,-108.06258,33.4949]},{"type":"Feature","id":45069,"properties":{"y":1996,"n":"Farm Flat","ag":"USFS","ac":297.6,"c":14,"cl":"Unknown","ad":"1997-02-01","cd":"","st":"NM","se":4},"geometry":{"type":"Polygon","coordinates":[[[-108.29627,32.97926],[-108.29973,32.97849],[-108.30101,32.97766],[-108.30583,32.97645],[-108.30765,32.9785],[-108.30807,32.97971],[-108.30743,32.98256],[-108.30803,32.98462],[-108.30979,32.98688],[-108.30996,32.98862],[-108.309,32.99003],[-108.3082,32.99315],[-108.30705,32.99386],[-108.30615,32.99565],[-108.305,32.99652],[-108.30336,32.99666],[-108.30264,32.99586],[-108.30508,32.99421],[-108.30547,32.98923],[-108.3036,32.98732],[-108.30281,32.98459],[-108.29872,32.9829],[-108.29774,32.98199],[-108.29625,32.97987],[-108.29627,32.97926]]]},"bbox":[-108.30996,32.97645,-108.29622,32.99676]},{"type":"Feature","id":45070,"properties":{"y":1991,"n":"Sawmill","ag":"USFS","ac":20.0,"c":14,"cl":"Unknown","ad":"1994-02-01","cd":"","st":"NM","se":4},"geometry":{"type":"Polygon","coordinates":[[[-107.92056,33.46468],[-107.91994,33.46481],[-107.92037,33.46267],[-107.92202,33.46046],[-107.92302,33.46054],[-107.92336,33.46168],[-107.92056,33.46468]]]},"bbox":[-107.9234,33.46033,-107.91991,33.46483]},{"type":"Feature","id":45071,"properties":{"y":2011,"n":"Curtis","ag":"USFS","ac":29.1,"c":14,"cl":"Unknown","ad":"2011-12-31","cd":"","st":"NM","se":4},"geometry":{"type":"Polygon","coordinates":[[[-107.7489,33.0315],[-107.75135,33.03045],[-107.75389,33.03119],[-107.75458,33.03215],[-107.7536,33.03291],[-107.75051,33.03291],[-107.74907,33.03244],[-107.7489,33.0315]]]},"bbox":[-107.75458,33.03045,-107.74876,33.03299]},{"type":"Feature","id":45073,"properties":{"y":2023,"n":"Rico","ag":"USFS","ac":348.0,"c":14,"cl":"Unknown","ad":"2023-07-03","cd":"","st":"NM","se":2},"geometry":{"type":"MultiPolygon","coordinates":[[[[-108.22166,32.87555],[-108.2212,32.87492],[-108.22194,32.87411],[-108.22247,32.87458],[-108.22166,32.87555]]],[[[-108.22608,32.87055],[-108.2263,32.87056],[-108.2262,32.8707],[-108.22608,32.87055]]],[[[-108.2271,32.87794],[-108.22712,32.87697],[-108.22632,32.87595],[-108.22765,32.87565],[-108.22688,32.87422],[-108.22783,32.87385],[-108.22801,32.87236],[-108.22882,32.87225],[-108.22815,32.87174],[-108.22821,32.871],[-108.23223,32.86955],[-108.23282,32.86899],[-108.23306,32.86772],[-108.2338,32.86815],[-108.23587,32.86667],[-108.2361,32.86707],[-108.23654,32.86648],[-108.23744,32.86655],[-108.23685,32.86679],[-108.23711,32.86755],[-108.23659,32.86798],[-108.23746,32.86914],[-108.23709,32.86969],[-108.23786,32.86973],[-108.23813,32.87037],[-108.23985,32.8702],[-108.24063,32.8707],[-108.2403,32.87106],[-108.23945,32.8706],[-108.23794,32.87128],[-108.23836,32.87182],[-108.23878,32.87195],[-108.23877,32.87139],[-108.23965,32.872],[-108.23914,32.87272],[-108.2396,32.87334],[-108.24005,32.8729],[-108.24054,32.87314],[-108.2399,32.8757],[-108.24103,32.87602],[-108.24067,32.87673],[-108.24141,32.87626],[-108.24173,32.87675],[-108.24083,32.87754],[-108.24069,32.8791],[-108.24025,32.87885],[-108.23968,32.87991],[-108.23789,32.8807],[-108.23738,32.88013],[-108.23653,32.88076],[-108.23475,32.88101],[-108.23414,32.87973],[-108.23314,32.88002],[-108.23266,32.87903],[-108.23009,32.87911],[-108.23011,32.87962],[-108.22971,32.87963],[-108.22833,32.87916],[-108.2271,32.87794]]],[[[-108.22695,32.87832],[-108.22701,32.87826],[-108.22699,32.87833],[-108.22695,32.87832]]]]},"bbox":[-108.24173,32.86641,-108.2212,32.88101]},{"type":"Feature","id":45074,"properties":{"y":2016,"n":"Stitzel","ag":"USFS","ac":72.8,"c":14,"cl":"Unknown","ad":"2017-01-12","cd":"","st":"NM","se":4},"geometry":{"type":"MultiPolygon","coordinates":[[[[-107.93881,32.93525],[-107.93857,32.93565],[-107.93756,32.93566],[-107.93691,32.93651],[-107.93788,32.93796],[-107.93558,32.93813],[-107.93506,32.93738],[-107.93277,32.93726],[-107.93502,32.93465],[-107.93452,32.93413],[-107.93405,32.93451],[-107.93389,32.93447],[-107.93383,32.93432],[-107.93384,32.93428],[-107.93507,32.93361],[-107.93515,32.93295],[-107.93652,32.93244],[-107.937,32.93105],[-107.93942,32.93],[-107.94197,32.93217],[-107.9408,32.93266],[-107.94043,32.93218],[-107.94003,32.93273],[-107.93911,32.93258],[-107.93778,32.93341],[-107.93752,32.93447],[-107.93793,32.93486],[-107.93842,32.93475],[-107.93899,32.93475],[-107.93881,32.93525]],[[-107.93829,32.9348],[-107.93829,32.93479],[-107.93829,32.93479],[-107.93829,32.9348]],[[-107.93878,32.93521],[-107.93878,32.93521],[-107.93878,32.93521],[-107.93878,32.93521]]],[[[-107.93361,32.93747],[-107.9336,32.93747],[-107.9336,32.93747],[-107.93361,32.93747]]]]},"bbox":[-107.94197,32.92999,-107.93275,32.93815]},{"type":"Feature","id":45076,"properties":{"y":2015,"n":"Hard Castle","ag":"USFS","ac":20.2,"c":14,"cl":"Unknown","ad":"2015-07-09","cd":"","st":"NM","se":2},"geometry":{"type":"Polygon","coordinates":[[[-108.82479,33.99413],[-108.82283,33.99293],[-108.82361,33.99301],[-108.82316,33.99248],[-108.82364,33.99124],[-108.82419,33.99195],[-108.82494,33.99187],[-108.82505,33.99249],[-108.82598,33.99207],[-108.82641,33.99286],[-108.8271,33.99259],[-108.82772,33.99296],[-108.82769,33.99385],[-108.82709,33.99319],[-108.82511,33.9948],[-108.82479,33.99413]]]},"bbox":[-108.8278,33.99124,-108.82283,33.9948]},{"type":"Feature","id":45077,"properties":{"y":2009,"n":"Flying V","ag":"USFS","ac":510.3,"c":14,"cl":"Unknown","ad":"2010-02-01","cd":"","st":"NM","se":4},"geometry":{"type":"Polygon","coordinates":[[[-108.47716,33.39603],[-108.47611,33.39441],[-108.47546,33.39464],[-108.47298,33.39625],[-108.47171,33.39786],[-108.47035,33.39865],[-108.46927,33.39805],[-108.46805,33.39942],[-108.46781,33.39816],[-108.4669,33.39708],[-108.46462,33.40017],[-108.46309,33.40123],[-108.46405,33.3988],[-108.46379,33.39522],[-108.46432,33.39393],[-108.46516,33.39296],[-108.46808,33.39139],[-108.4672,33.38977],[-108.47195,33.38833],[-108.47117,33.3872],[-108.47221,33.38626],[-108.47466,33.38699],[-108.47489,33.38353],[-108.47671,33.38513],[-108.47736,33.38507],[-108.47829,33.3838],[-108.48125,33.38226],[-108.48284,33.38199],[-108.48445,33.38413],[-108.48413,33.38531],[-108.48102,33.38467],[-108.48004,33.38506],[-108.48029,33.38626],[-108.48735,33.38742],[-108.48761,33.38984],[-108.48616,33.39087],[-108.48417,33.39083],[-108.4814,33.38999],[-108.47854,33.39061],[-108.48122,33.39186],[-108.4818,33.39276],[-108.48538,33.39378],[-108.48587,33.39529],[-108.48463,33.39605],[-108.48094,33.39441],[-108.47716,33.39603]]]},"bbox":[-108.48763,33.38197,-108.46306,33.40133]},{"type":"Feature","id":45078,"properties":{"y":2022,"n":"Antelope","ag":"USFS","ac":19.1,"c":14,"cl":"Unknown","ad":"2022-05-26","cd":"","st":"NM","se":1},"geometry":{"type":"Polygon","coordinates":[[[-109.01551,33.11501],[-109.01738,33.11328],[-109.01882,33.11353],[-109.01946,33.11444],[-109.01829,33.11563],[-109.01629,33.11642],[-109.01551,33.11501]]]},"bbox":[-109.01946,33.11326,-109.01549,33.11642]},{"type":"Feature","id":45079,"properties":{"y":2023,"n":"Rattler","ag":"USFS","ac":19.8,"c":14,"cl":"Unknown","ad":"2023-08-01","cd":"","st":"NM","se":2},"geometry":{"type":"Polygon","coordinates":[[[-108.70802,33.49601],[-108.70866,33.494],[-108.71033,33.49137],[-108.71091,33.49147],[-108.71163,33.49325],[-108.70959,33.49546],[-108.70802,33.49601]]]},"bbox":[-108.71163,33.49137,-108.70802,33.49608]},{"type":"Feature","id":45081,"properties":{"y":2021,"n":"Freeman","ag":"USFS","ac":16.0,"c":14,"cl":"Unknown","ad":"2021-04-15","cd":"","st":"NM","se":1},"geometry":{"type":"Polygon","coordinates":[[[-108.82002,33.87826],[-108.8211,33.87714],[-108.82115,33.87792],[-108.8218,33.87745],[-108.82186,33.87874],[-108.82332,33.87992],[-108.82117,33.88015],[-108.81998,33.87908],[-108.81781,33.87908],[-108.81803,33.87859],[-108.81941,33.87857],[-108.81908,33.87816],[-108.81959,33.87787],[-108.82036,33.87884],[-108.82051,33.87821],[-108.82002,33.87826]]]},"bbox":[-108.82334,33.87699,-108.8178,33.88016]},{"type":"Feature","id":45082,"properties":{"y":1977,"n":"Rain Pnf","ag":"USFS","ac":602.7,"c":14,"cl":"Unknown","ad":"2017-01-18","cd":"","st":"NM","se":4},"geometry":{"type":"Polygon","coordinates":[[[-108.56456,33.23818],[-108.56809,33.24076],[-108.56995,33.24375],[-108.56919,33.24593],[-108.56264,33.24907],[-108.55929,33.24873],[-108.55458,33.24689],[-108.55107,33.2438],[-108.55014,33.24155],[-108.55007,33.23804],[-108.54759,33.23479],[-108.55006,33.23397],[-108.5515,33.23406],[-108.55173,33.23487],[-108.55361,33.23438],[-108.55453,33.23405],[-108.55492,33.2333],[-108.55784,33.23266],[-108.55827,33.23187],[-108.56237,33.23055],[-108.56305,33.23412],[-108.56087,33.23668],[-108.56116,33.23808],[-108.56157,33.23847],[-108.56456,33.23818]]]},"bbox":[-108.56998,33.23055,-108.54759,33.24907]},{"type":"Feature","id":45083,"properties":{"y":1993,"n":"Miller","ag":"USFS","ac":271.4,"c":14,"cl":"Unknown","ad":"2017-01-18","cd":"","st":"NM","se":4},"geometry":{"type":"Polygon","coordinates":[[[-107.92315,33.358],[-107.92348,33.35669],[-107.92508,33.35647],[-107.92669,33.35572],[-107.92685,33.35523],[-107.9294,33.35532],[-107.92945,33.3539],[-107.92836,33.35264],[-107.93089,33.35263],[-107.9314,33.35225],[-107.9345,33.34774],[-107.93428,33.34744],[-107.93194,33.34875],[-107.93253,33.34589],[-107.93076,33.34491],[-107.93081,33.34452],[-107.93222,33.34407],[-107.93366,33.34424],[-107.93662,33.34574],[-107.93864,33.34491],[-107.94021,33.34486],[-107.94134,33.34502],[-107.94217,33.34596],[-107.94144,33.35027],[-107.93726,33.35341],[-107.9361,33.35372],[-107.93517,33.35521],[-107.93333,33.35656],[-107.93212,33.35684],[-107.93142,33.35768],[-107.93016,33.35662],[-107.9296,33.35729],[-107.92796,33.35703],[-107.92377,33.35834],[-107.92315,33.358]]]},"bbox":[-107.9423,33.34407,-107.92302,33.35834]},{"type":"Feature","id":45084,"properties":{"y":1994,"n":"Benton","ag":"USFS","ac":82.0,"c":14,"cl":"Unknown","ad":"1995-02-01","cd":"","st":"NM","se":4},"geometry":{"type":"Polygon","coordinates":[[[-109.03515,33.63914],[-109.03308,33.64],[-109.03273,33.63883],[-109.03114,33.63876],[-109.03108,33.63676],[-109.02903,33.63566],[-109.02823,33.63374],[-109.02909,33.63368],[-109.03126,33.63543],[-109.03533,33.63531],[-109.03629,33.63612],[-109.03741,33.63617],[-109.03748,33.63731],[-109.03652,33.63808],[-109.03771,33.6386],[-109.03702,33.64176],[-109.03522,33.64109],[-109.03515,33.63914]]]},"bbox":[-109.03772,33.63353,-109.02813,33.64179]},{"type":"Feature","id":45085,"properties":{"y":2013,"n":"Mimbres","ag":"USFS","ac":2.6,"c":14,"cl":"Unknown","ad":"2013-12-31","cd":"","st":"NM","se":4},"geometry":{"type":"Polygon","coordinates":[[[-107.92505,33.08629],[-107.92571,33.08577],[-107.92619,33.08684],[-107.92537,33.087],[-107.92505,33.08629]]]},"bbox":[-107.92619,33.08577,-107.92504,33.0871]},{"type":"Feature","id":45086,"properties":{"y":2002,"n":"Adobe","ag":"USFS","ac":426.4,"c":14,"cl":"Unknown","ad":"2003-02-01","cd":"","st":"NM","se":4},"geometry":{"type":"Polygon","coordinates":[[[-107.84412,33.55056],[-107.8407,33.54481],[-107.84048,33.54337],[-107.84391,33.54128],[-107.84453,33.53735],[-107.84388,33.53453],[-107.84589,33.53184],[-107.84859,33.53282],[-107.85207,33.53652],[-107.85559,33.53763],[-107.85685,33.53875],[-107.85633,33.5416],[-107.85554,33.54273],[-107.85555,33.54433],[-107.85613,33.54532],[-107.85564,33.54559],[-107.84878,33.54656],[-107.84412,33.55056]]]},"bbox":[-107.85697,33.53184,-107.84039,33.55056]},{"type":"Feature","id":45087,"properties":{"y":2000,"n":"Seven","ag":"USFS","ac":385.3,"c":14,"cl":"Unknown","ad":"2001-02-01","cd":"","st":"NM","se":4},"geometry":{"type":"Polygon","coordinates":[[[-108.44502,33.52706],[-108.44356,33.52381],[-108.44495,33.52378],[-108.44541,33.52297],[-108.44682,33.52218],[-108.45208,33.5209],[-108.45362,33.52122],[-108.4565,33.51981],[-108.45818,33.5199],[-108.45934,33.52063],[-108.46438,33.52006],[-108.47114,33.52053],[-108.46976,33.52307],[-108.46806,33.52324],[-108.46527,33.52538],[-108.4627,33.52561],[-108.45813,33.52736],[-108.45277,33.5286],[-108.44502,33.52706]]]},"bbox":[-108.47114,33.51969,-108.44356,33.5286]},{"type":"Feature","id":45088,"properties":{"y":2009,"n":"Tub","ag":"USFS","ac":14.2,"c":14,"cl":"Unknown","ad":"2010-02-01","cd":"","st":"NM","se":4},"geometry":{"type":"Polygon","coordinates":[[[-108.27035,33.99585],[-108.27053,33.99555],[-108.26905,33.99497],[-108.26987,33.99449],[-108.27003,33.9938],[-108.27299,33.99384],[-108.27296,33.99505],[-108.27193,33.99502],[-108.27148,33.99583],[-108.27035,33.99585]]]},"bbox":[-108.27307,33.99371,-108.26905,33.99596]},{"type":"Feature","id":45089,"properties":{"y":2016,"n":"La Jolla","ag":"USFS","ac":74.6,"c":14,"cl":"Unknown","ad":"2016-04-10","cd":"","st":"NM","se":1},"geometry":{"type":"MultiPolygon","coordinates":[[[[-108.38558,33.65238],[-108.38558,33.65239],[-108.38558,33.65238],[-108.38558,33.65238]]],[[[-108.38558,33.65239],[-108.38639,33.65051],[-108.38795,33.64947],[-108.38632,33.64961],[-108.38465,33.65062],[-108.38403,33.65028],[-108.38729,33.64669],[-108.38889,33.64598],[-108.38988,33.64671],[-108.38999,33.64766],[-108.39038,33.64763],[-108.38996,33.64889],[-108.39088,33.64862],[-108.39163,33.64923],[-108.39198,33.65083],[-108.38903,33.65257],[-108.38845,33.65221],[-108.38749,33.65262],[-108.38558,33.65239]]]]},"bbox":[-108.39198,33.64598,-108.38396,33.65268]},{"type":"Feature","id":45090,"properties":{"y":1991,"n":"Windmill","ag":"USFS","ac":21.2,"c":14,"cl":"Unknown","ad":"1994-02-01","cd":"","st":"NM","se":4},"geometry":{"type":"Polygon","coordinates":[[[-108.09043,33.49416],[-108.09053,33.49325],[-108.09367,33.49293],[-108.09459,33.49356],[-108.09479,33.49448],[-108.09381,33.49553],[-108.09327,33.49554],[-108.09043,33.49416]]]},"bbox":[-108.09479,33.4929,-108.0904,33.49555]},{"type":"Feature","id":45092,"properties":{"y":2019,"n":"Bear","ag":"USFS","ac":831.7,"c":14,"cl":"Unknown","ad":"2019-07-19","cd":"","st":"NM","se":2},"geometry":{"type":"Polygon","coordinates":[[[-107.98494,33.58076],[-107.98427,33.57914],[-107.98121,33.57844],[-107.9785,33.57672],[-107.97424,33.57746],[-107.96822,33.5795],[-107.9672,33.57876],[-107.96723,33.57781],[-107.96867,33.57677],[-107.96985,33.57456],[-107.97018,33.57276],[-107.9697,33.57196],[-107.96929,33.56814],[-107.97081,33.5677],[-107.96992,33.56836],[-107.96974,33.56928],[-107.97154,33.57056],[-107.97267,33.57021],[-107.97331,33.56928],[-107.97463,33.56917],[-107.97875,33.5709],[-107.98114,33.57],[-107.98266,33.5716],[-107.98534,33.57189],[-107.98505,33.57251],[-107.98627,33.57337],[-107.98784,33.57298],[-107.98828,33.57155],[-107.98938,33.57184],[-107.9901,33.5711],[-107.99206,33.5716],[-107.99373,33.56997],[-107.99368,33.5693],[-107.99528,33.56866],[-107.99532,33.56777],[-107.99662,33.56703],[-107.99666,33.56645],[-107.99559,33.56598],[-107.99857,33.56428],[-107.99806,33.56385],[-107.99824,33.56309],[-108.00004,33.56209],[-108.00046,33.56041],[-108.0033,33.559],[-108.00654,33.55893],[-108.0074,33.55799],[-108.00435,33.55644],[-108.00545,33.55628],[-108.00579,33.55452],[-108.00728,33.55326],[-108.0063,33.55256],[-108.00573,33.55113],[-108.0051,33.55084],[-108.00465,33.55301],[-108.0042,33.55331],[-108.00206,33.55301],[-108.00164,33.55389],[-108.00004,33.55394],[-107.99971,33.55363],[-108.00057,33.55332],[-108.00085,33.55239],[-107.99971,33.55066],[-107.99887,33.55103],[-107.99791,33.55077],[-107.9966,33.5517],[-107.99499,33.55151],[-107.9961,33.55003],[-107.99759,33.54939],[-107.99752,33.54883],[-107.99646,33.54889],[-107.9951,33.54975],[-107.99368,33.54952],[-107.99264,33.55074],[-107.99403,33.54851],[-107.994,33.54778],[-107.99307,33.54704],[-107.9953,33.54719],[-107.99588,33.5464],[-107.99663,33.54663],[-107.9979,33.54603],[-107.99836,33.54626],[-107.99824,33.54709],[-107.99876,33.54699],[-107.99897,33.54771],[-108.00062,33.54838],[-108.00199,33.54832],[-108.00477,33.54714],[-108.0064,33.54797],[-108.01077,33.5484],[-108.0124,33.54783],[-108.01333,33.54656],[-108.01428,33.54787],[-108.01436,33.54881],[-108.01278,33.55031],[-108.00796,33.55692],[-108.00689,33.55977],[-108.00381,33.56094],[-108.00241,33.56265],[-108.00249,33.56439],[-108.00153,33.56502],[-107.99543,33.57293],[-107.99384,33.57371],[-107.99308,33.57513],[-107.98848,33.57729],[-107.98494,33.58076]]]},"bbox":[-108.01445,33.54603,-107.96693,33.58077]},{"type":"Feature","id":45095,"properties":{"y":2001,"n":"Gordon","ag":"USFS","ac":369.3,"c":14,"cl":"Unknown","ad":"2002-02-01","cd":"","st":"NM","se":4},"geometry":{"type":"Polygon","coordinates":[[[-108.80248,33.68034],[-108.80635,33.67895],[-108.8087,33.67677],[-108.80173,33.67481],[-108.80002,33.67314],[-108.80046,33.67158],[-108.80336,33.66957],[-108.80835,33.67005],[-108.80799,33.67401],[-108.80924,33.67509],[-108.81205,33.6753],[-108.81027,33.6771],[-108.81261,33.67961],[-108.81662,33.67895],[-108.82002,33.67682],[-108.82115,33.67699],[-108.82164,33.67814],[-108.82117,33.67902],[-108.82021,33.67943],[-108.8174,33.67977],[-108.81446,33.6822],[-108.8125,33.68174],[-108.8105,33.68047],[-108.8095,33.68072],[-108.80155,33.68914],[-108.80035,33.6897],[-108.79867,33.68961],[-108.79833,33.68842],[-108.79908,33.68356],[-108.8004,33.68173],[-108.80248,33.68034]]]},"bbox":[-108.82164,33.6695,-108.79832,33.68975]},{"type":"Feature","id":45096,"properties":{"y":1977,"n":"Nabours","ag":"USFS","ac":131.1,"c":14,"cl":"Unknown","ad":"1994-02-01","cd":"","st":"NM","se":4},"geometry":{"type":"Polygon","coordinates":[[[-108.76098,33.31927],[-108.75889,33.31917],[-108.75263,33.31735],[-108.7531,33.31165],[-108.7553,33.31014],[-108.75735,33.31141],[-108.75849,33.3128],[-108.75908,33.31499],[-108.76003,33.31559],[-108.7611,33.3177],[-108.76098,33.31927]]]},"bbox":[-108.76119,33.31014,-108.75256,33.31927]},{"type":"Feature","id":45097,"properties":{"y":2004,"n":"Blue Creek","ag":"USFS","ac":32.1,"c":14,"cl":"Unknown","ad":"2005-02-01","cd":"","st":"NM","se":4},"geometry":{"type":"Polygon","coordinates":[[[-108.95604,32.97329],[-108.9545,32.97389],[-108.9532,32.97357],[-108.95308,32.97242],[-108.95368,32.97183],[-108.95234,32.97115],[-108.95216,32.96964],[-108.95329,32.96933],[-108.95503,32.97012],[-108.95608,32.97195],[-108.95604,32.97329]]]},"bbox":[-108.95622,32.96933,-108.95202,32.97389]},{"type":"Feature","id":45098,"properties":{"y":1985,"n":"North","ag":"USFS","ac":373.0,"c":14,"cl":"Unknown","ad":"1994-02-01","cd":"","st":"NM","se":4},"geometry":{"type":"Polygon","coordinates":[[[-108.65713,33.39685],[-108.65674,33.39304],[-108.65718,33.39249],[-108.66202,33.39097],[-108.66339,33.38903],[-108.6657,33.39068],[-108.67042,33.39083],[-108.67316,33.3901],[-108.6744,33.38921],[-108.67563,33.39031],[-108.67579,33.3919],[-108.67403,33.39697],[-108.67146,33.39676],[-108.66715,33.39817],[-108.66439,33.40006],[-108.66379,33.40138],[-108.66266,33.40161],[-108.66171,33.40123],[-108.66085,33.40019],[-108.65895,33.39935],[-108.65713,33.39685]]]},"bbox":[-108.67579,33.38903,-108.65658,33.40161]},{"type":"Feature","id":45100,"properties":{"y":1998,"n":"Peak","ag":"USFS","ac":99.5,"c":14,"cl":"Unknown","ad":"1999-02-01","cd":"","st":"NM","se":4},"geometry":{"type":"Polygon","coordinates":[[[-108.76575,33.63132],[-108.76766,33.63449],[-108.76709,33.63544],[-108.76699,33.63728],[-108.76657,33.63745],[-108.76492,33.63707],[-108.76271,33.6329],[-108.76178,33.63204],[-108.75637,33.63174],[-108.75508,33.63127],[-108.75544,33.63037],[-108.75668,33.62994],[-108.76193,33.62956],[-108.76575,33.63132]]]},"bbox":[-108.76766,33.62943,-108.75508,33.63745]},{"type":"Feature","id":45101,"properties":{"y":2020,"n":"Wood","ag":"USFS","ac":12.4,"c":14,"cl":"Unknown","ad":"2020-07-20","cd":"","st":"NM","se":2},"geometry":{"type":"Polygon","coordinates":[[[-108.58874,33.38497],[-108.58888,33.38395],[-108.59279,33.3846],[-108.59137,33.38613],[-108.58874,33.38497]]]},"bbox":[-108.59279,33.38395,-108.58874,33.38613]},{"type":"Feature","id":45104,"properties":{"y":2019,"n":"Cox","ag":"USFS","ac":68.5,"c":14,"cl":"Unknown","ad":"2019-09-28","cd":"","st":"NM","se":3},"geometry":{"type":"Polygon","coordinates":[[[-107.95253,33.36205],[-107.95114,33.36235],[-107.95184,33.36406],[-107.95115,33.3645],[-107.95103,33.36409],[-107.95022,33.36419],[-107.95065,33.36373],[-107.95011,33.3634],[-107.95039,33.36269],[-107.94974,33.36187],[-107.9506,33.36109],[-107.95005,33.3602],[-107.94837,33.35931],[-107.948,33.35811],[-107.94895,33.35792],[-107.94792,33.35701],[-107.94815,33.35654],[-107.94917,33.35606],[-107.95015,33.35638],[-107.9492,33.35707],[-107.95065,33.35752],[-107.95055,33.35804],[-107.9511,33.35818],[-107.95238,33.35738],[-107.9529,33.35778],[-107.954,33.35744],[-107.9539,33.35813],[-107.95493,33.35866],[-107.95493,33.35935],[-107.95414,33.3596],[-107.95453,33.3606],[-107.95341,33.36212],[-107.95245,33.36138],[-107.95253,33.36205]]]},"bbox":[-107.95495,33.35606,-107.94789,33.3645]},{"type":"Feature","id":45106,"properties":{"y":2005,"n":"South","ag":"USFS","ac":5.0,"c":14,"cl":"Unknown","ad":"2006-02-01","cd":"","st":"NM","se":4},"geometry":{"type":"Polygon","coordinates":[[[-108.62348,33.60015],[-108.62208,33.60021],[-108.62212,33.59849],[-108.62269,33.5986],[-108.62348,33.60015]]]},"bbox":[-108.62361,33.59845,-108.62179,33.60041]},{"type":"Feature","id":45107,"properties":{"y":1998,"n":"Shawn","ag":"USFS","ac":21.8,"c":14,"cl":"Unknown","ad":"1999-02-01","cd":"","st":"NM","se":4},"geometry":{"type":"Polygon","coordinates":[[[-108.26596,32.99101],[-108.26736,32.99153],[-108.26723,32.99228],[-108.26869,32.99333],[-108.26867,32.99393],[-108.26509,32.99498],[-108.26555,32.99369],[-108.2648,32.99273],[-108.26596,32.99101]]]},"bbox":[-108.26874,32.99101,-108.2648,32.995]},{"type":"Feature","id":45108,"properties":{"y":1992,"n":"Seep","ag":"USFS","ac":20.6,"c":14,"cl":"Unknown","ad":"1994-02-01","cd":"","st":"NM","se":4},"geometry":{"type":"Polygon","coordinates":[[[-108.40434,33.03442],[-108.40296,33.03433],[-108.40272,33.03253],[-108.40513,33.03045],[-108.40603,33.03019],[-108.40613,33.03225],[-108.40434,33.03328],[-108.40434,33.03442]]]},"bbox":[-108.40631,33.03019,-108.40272,33.03459]},{"type":"Feature","id":45109,"properties":{"y":2002,"n":"Horse","ag":"USFS","ac":88.3,"c":14,"cl":"Unknown","ad":"2003-02-01","cd":"","st":"NM","se":4},"geometry":{"type":"Polygon","coordinates":[[[-108.98595,33.73329],[-108.98692,33.7343],[-108.98646,33.73473],[-108.98667,33.73512],[-108.98782,33.73511],[-108.98904,33.73592],[-108.98857,33.73665],[-108.98999,33.73847],[-108.98836,33.74055],[-108.98622,33.73979],[-108.98629,33.73888],[-108.98517,33.7392],[-108.9847,33.7389],[-108.98465,33.73807],[-108.98391,33.73737],[-108.98248,33.73692],[-108.98046,33.73724],[-108.97994,33.7367],[-108.9802,33.73638],[-108.97969,33.73553],[-108.98014,33.7351],[-108.98465,33.73441],[-108.98595,33.73329]]]},"bbox":[-108.99003,33.73329,-108.97969,33.74055]},{"type":"Feature","id":45110,"properties":{"y":2003,"n":"Camp","ag":"USFS","ac":75.0,"c":14,"cl":"Unknown","ad":"2004-02-01","cd":"","st":"NM","se":4},"geometry":{"type":"Polygon","coordinates":[[[-107.90669,33.3701],[-107.90428,33.36922],[-107.90337,33.36728],[-107.9043,33.36535],[-107.90678,33.36449],[-107.90921,33.36543],[-107.91005,33.36739],[-107.90904,33.3693],[-107.90669,33.3701]]]},"bbox":[-107.91005,33.36449,-107.90337,33.3701]},{"type":"Feature","id":45112,"properties":{"y":1979,"n":"Eagle Pnf","ag":"USFS","ac":51.7,"c":14,"cl":"Unknown","ad":"2017-01-18","cd":"","st":"NM","se":4},"geometry":{"type":"Polygon","coordinates":[[[-108.51068,33.36655],[-108.50953,33.36502],[-108.50985,33.36379],[-108.509,33.36253],[-108.51259,33.36127],[-108.51504,33.36215],[-108.51468,33.36357],[-108.51297,33.36571],[-108.51068,33.36655]]]},"bbox":[-108.5152,33.36127,-108.509,33.36655]},{"type":"Feature","id":45113,"properties":{"y":2019,"n":"Rocky","ag":"USFS","ac":692.9,"c":14,"cl":"Unknown","ad":"2019-07-22","cd":"","st":"NM","se":2},"geometry":{"type":"Polygon","coordinates":[[[-108.00082,33.11096],[-107.99332,33.11644],[-107.99255,33.1122],[-107.99064,33.11049],[-107.98859,33.10995],[-107.98362,33.10968],[-107.98197,33.10595],[-107.984,33.10224],[-107.98807,33.09916],[-107.99121,33.0982],[-107.99372,33.09965],[-107.99599,33.09987],[-107.99737,33.09946],[-108.00183,33.10034],[-108.00441,33.10014],[-108.00502,33.09953],[-108.00987,33.10092],[-108.00922,33.10304],[-108.00778,33.10506],[-108.00435,33.10477],[-108.00487,33.10739],[-108.00082,33.11096]]]},"bbox":[-108.00987,33.0982,-107.98197,33.11644]},{"type":"Feature","id":45115,"properties":{"y":2015,"n":"Inman","ag":"USFS","ac":25.8,"c":14,"cl":"Unknown","ad":"2015-07-06","cd":"","st":"NM","se":2},"geometry":{"type":"Polygon","coordinates":[[[-107.89383,33.37953],[-107.89541,33.38251],[-107.89384,33.38228],[-107.894,33.38172],[-107.89328,33.38134],[-107.89381,33.38111],[-107.89329,33.38088],[-107.89287,33.37963],[-107.89135,33.38018],[-107.89144,33.3798],[-107.89086,33.37974],[-107.88915,33.37793],[-107.88935,33.37699],[-107.89057,33.37723],[-107.89383,33.37953]]]},"bbox":[-107.89551,33.37687,-107.88915,33.38251]},{"type":"Feature","id":45116,"properties":{"y":1994,"n":"Goat","ag":"USFS","ac":656.9,"c":14,"cl":"Unknown","ad":"1995-02-01","cd":"","st":"NM","se":4},"geometry":{"type":"Polygon","coordinates":[[[-108.30871,32.99148],[-108.309,32.99003],[-108.30991,32.98891],[-108.30987,32.98722],[-108.30803,32.98462],[-108.30743,32.98256],[-108.30807,32.97971],[-108.30765,32.9785],[-108.30583,32.97645],[-108.30975,32.97489],[-108.31196,32.97459],[-108.31329,32.97599],[-108.3136,32.97559],[-108.31605,32.97546],[-108.31814,32.97777],[-108.31989,32.97777],[-108.32246,32.97854],[-108.32449,32.97767],[-108.32562,32.97789],[-108.32721,32.98485],[-108.32702,32.98588],[-108.32495,32.98806],[-108.32369,32.9922],[-108.32238,32.9924],[-108.32137,32.99183],[-108.32145,32.99019],[-108.32077,32.98927],[-108.31989,32.98923],[-108.31809,32.99044],[-108.31277,32.99093],[-108.31054,32.99237],[-108.30952,32.99227],[-108.30871,32.99148]]]},"bbox":[-108.32721,32.97459,-108.30583,32.99242]},{"type":"Feature","id":45117,"properties":{"y":1998,"n":"Jay","ag":"USFS","ac":29.6,"c":14,"cl":"Unknown","ad":"1999-02-01","cd":"","st":"NM","se":4},"geometry":{"type":"Polygon","coordinates":[[[-108.20302,32.99007],[-108.20466,32.98786],[-108.20571,32.98721],[-108.20763,32.98908],[-108.20627,32.99013],[-108.20558,32.99181],[-108.20479,32.99138],[-108.20435,32.99163],[-108.20302,32.99007]]]},"bbox":[-108.20763,32.98721,-108.20302,32.99181]},{"type":"Feature","id":45118,"properties":{"y":2012,"n":"Tierra Blanca","ag":"USFS","ac":87.2,"c":14,"cl":"Unknown","ad":"2012-12-31","cd":"","st":"NM","se":4},"geometry":{"type":"MultiPolygon","coordinates":[[[[-107.75411,32.85538],[-107.75409,32.85541],[-107.75409,32.85541],[-107.75411,32.85538]]],[[[-107.75409,32.85541],[-107.75501,32.85521],[-107.75541,32.85651],[-107.75649,32.85725],[-107.75571,32.85791],[-107.75635,32.85885],[-107.75615,32.85963],[-107.7566,32.85984],[-107.75491,32.86032],[-107.75597,32.86053],[-107.75605,32.8609],[-107.7551,32.86109],[-107.7549,32.86155],[-107.75568,32.86214],[-107.75391,32.8626],[-107.75451,32.86401],[-107.75375,32.86383],[-107.75384,32.86337],[-107.75326,32.86295],[-107.75313,32.86331],[-107.7535,32.86363],[-107.75338,32.86376],[-107.75232,32.86261],[-107.75173,32.86305],[-107.75219,32.86339],[-107.75196,32.86393],[-107.7502,32.864],[-107.75008,32.86285],[-107.74944,32.86231],[-107.75057,32.86045],[-107.75175,32.86045],[-107.75241,32.85952],[-107.75203,32.8587],[-107.75178,32.85903],[-107.75118,32.85858],[-107.75142,32.85862],[-107.75145,32.85837],[-107.75107,32.85799],[-107.75124,32.85778],[-107.75199,32.85775],[-107.75124,32.85639],[-107.7531,32.85718],[-107.75409,32.85541]],[[-107.7513,32.85813],[-107.75128,32.85812],[-107.75129,32.85812],[-107.7513,32.85813]]],[[[-107.75018,32.86389],[-107.75018,32.86389],[-107.75017,32.86388],[-107.75018,32.86389]]],[[[-107.75143,32.85842],[-107.75143,32.85843],[-107.75143,32.85841],[-107.75143,32.85842]]],[[[-107.75143,32.85841],[-107.75142,32.85839],[-107.75143,32.8584],[-107.75143,32.85841]]]]},"bbox":[-107.7566,32.85506,-107.74944,32.86421]},{"type":"Feature","id":45120,"properties":{"y":1997,"n":"Eckleberger","ag":"USFS","ac":82.4,"c":14,"cl":"Unknown","ad":"1998-02-01","cd":"","st":"NM","se":4},"geometry":{"type":"Polygon","coordinates":[[[-108.5247,33.58507],[-108.52521,33.5839],[-108.52643,33.58315],[-108.52698,33.5814],[-108.52829,33.58269],[-108.52939,33.58508],[-108.53002,33.58506],[-108.53254,33.58256],[-108.5332,33.58346],[-108.53282,33.58646],[-108.52791,33.58774],[-108.52662,33.58869],[-108.52508,33.5866],[-108.5247,33.58507]]]},"bbox":[-108.5332,33.5814,-108.5247,33.58869]},{"type":"Feature","id":45121,"properties":{"y":2023,"n":"Turkey Feather","ag":"USFS","ac":20.0,"c":14,"cl":"Unknown","ad":"2023-09-11","cd":"","st":"NM","se":3},"geometry":{"type":"Polygon","coordinates":[[[-108.54736,33.33707],[-108.54632,33.33592],[-108.54708,33.33512],[-108.54885,33.33482],[-108.5503,33.33633],[-108.55022,33.33708],[-108.54968,33.3374],[-108.54736,33.33707]]]},"bbox":[-108.55033,33.33477,-108.54632,33.3374]},{"type":"Feature","id":45123,"properties":{"y":2010,"n":"Pinon","ag":"USFS","ac":41.7,"c":14,"cl":"Unknown","ad":"2011-02-01","cd":"","st":"NM","se":4},"geometry":{"type":"Polygon","coordinates":[[[-108.46113,33.67708],[-108.45618,33.67693],[-108.45474,33.67634],[-108.45505,33.67464],[-108.45937,33.67406],[-108.46147,33.67438],[-108.46113,33.67708]]]},"bbox":[-108.4615,33.67406,-108.45474,33.67708]},{"type":"Feature","id":45124,"properties":{"y":2005,"n":"Cooper","ag":"USFS","ac":209.3,"c":14,"cl":"Unknown","ad":"2006-02-01","cd":"","st":"NM","se":4},"geometry":{"type":"Polygon","coordinates":[[[-108.53734,33.39294],[-108.53631,33.39438],[-108.53689,33.39498],[-108.53631,33.39669],[-108.53416,33.39738],[-108.53444,33.39751],[-108.53101,33.39701],[-108.53083,33.39624],[-108.52895,33.39742],[-108.52843,33.39699],[-108.52796,33.39753],[-108.52759,33.39721],[-108.52774,33.39772],[-108.5238,33.39528],[-108.52339,33.3944],[-108.52382,33.39377],[-108.52362,33.39272],[-108.52435,33.39212],[-108.52541,33.39174],[-108.52564,33.39257],[-108.52733,33.39214],[-108.52811,33.39247],[-108.52912,33.39181],[-108.52851,33.39093],[-108.52865,33.39033],[-108.5292,33.38944],[-108.53109,33.38835],[-108.5333,33.38847],[-108.53412,33.38916],[-108.53504,33.39023],[-108.53412,33.39141],[-108.53663,33.39195],[-108.53734,33.39294]]]},"bbox":[-108.53734,33.38835,-108.52339,33.39772]},{"type":"Feature","id":45125,"properties":{"y":2004,"n":"October","ag":"USFS","ac":25.5,"c":14,"cl":"Unknown","ad":"2005-02-01","cd":"","st":"NM","se":4},"geometry":{"type":"MultiPolygon","coordinates":[[[[-108.46708,33.59272],[-108.46724,33.59431],[-108.46609,33.595],[-108.46291,33.5944],[-108.46275,33.5932],[-108.46442,33.59308],[-108.46389,33.59241],[-108.46474,33.59242],[-108.46529,33.59145],[-108.46708,33.59272]],[[-108.46285,33.59351],[-108.46285,33.59352],[-108.46285,33.59352],[-108.46285,33.59351]]],[[[-108.46321,33.59456],[-108.46321,33.59456],[-108.4632,33.59457],[-108.46321,33.59456]]],[[[-108.46321,33.59456],[-108.4632,33.59452],[-108.46323,33.59453],[-108.46321,33.59456]]],[[[-108.46493,33.59168],[-108.46492,33.59169],[-108.46493,33.59168],[-108.46493,33.59168]]]]},"bbox":[-108.46725,33.59145,-108.4627,33.59504]},{"type":"Feature","id":45127,"properties":{"y":2003,"n":"Chester","ag":"USFS","ac":97.5,"c":14,"cl":"Unknown","ad":"2004-02-01","cd":"","st":"NM","se":4},"geometry":{"type":"Polygon","coordinates":[[[-108.43733,32.60242],[-108.43616,32.60137],[-108.43527,32.60186],[-108.43514,32.60066],[-108.43443,32.601],[-108.43535,32.59972],[-108.43351,32.59828],[-108.43387,32.59764],[-108.43532,32.59534],[-108.43881,32.595],[-108.43993,32.59536],[-108.44082,32.59631],[-108.44115,32.59749],[-108.44029,32.59933],[-108.44039,32.60006],[-108.43919,32.60154],[-108.43733,32.60242]]]},"bbox":[-108.44115,32.595,-108.43351,32.60244]},{"type":"Feature","id":45130,"properties":{"y":2011,"n":"Spring Canyon","ag":"USFS","ac":14.5,"c":14,"cl":"Unknown","ad":"2011-12-31","cd":"","st":"NM","se":4},"geometry":{"type":"Polygon","coordinates":[[[-108.44242,34.13785],[-108.43978,34.1383],[-108.43933,34.13744],[-108.4401,34.13613],[-108.44128,34.13579],[-108.44223,34.13643],[-108.44242,34.13785]]]},"bbox":[-108.44261,34.13579,-108.43933,34.1383]},{"type":"Feature","id":45131,"properties":{"y":2014,"n":"Jordan","ag":"USFS","ac":1.0,"c":14,"cl":"Unknown","ad":"2014-12-31","cd":"","st":"NM","se":4},"geometry":{"type":"Polygon","coordinates":[[[-108.15269,33.3613],[-108.15367,33.36107],[-108.15373,33.36136],[-108.15315,33.36155],[-108.15269,33.3613]]]},"bbox":[-108.15373,33.36102,-108.15269,33.36157]},{"type":"Feature","id":45132,"properties":{"y":2005,"n":"Leggett","ag":"USFS","ac":44.6,"c":14,"cl":"Unknown","ad":"2006-02-01","cd":"","st":"NM","se":4},"geometry":{"type":"Polygon","coordinates":[[[-108.87162,33.64836],[-108.86829,33.64692],[-108.86818,33.64604],[-108.86552,33.6485],[-108.86416,33.64674],[-108.86531,33.6467],[-108.86569,33.64495],[-108.86644,33.64433],[-108.86865,33.64404],[-108.86959,33.64552],[-108.87182,33.64654],[-108.87162,33.64836]]]},"bbox":[-108.87194,33.64404,-108.86416,33.6485]},{"type":"Feature","id":45134,"properties":{"y":2000,"n":"Crazy","ag":"USFS","ac":992.7,"c":14,"cl":"Unknown","ad":"2001-02-01","cd":"","st":"NM","se":4},"geometry":{"type":"Polygon","coordinates":[[[-108.47638,33.42284],[-108.47734,33.4248],[-108.47754,33.42855],[-108.47963,33.43412],[-108.47571,33.43386],[-108.47208,33.43423],[-108.47229,33.43553],[-108.47298,33.43553],[-108.47301,33.4363],[-108.4723,33.4369],[-108.47191,33.43899],[-108.47003,33.44016],[-108.46915,33.44026],[-108.46807,33.43915],[-108.46279,33.43649],[-108.45947,33.43707],[-108.4585,33.43688],[-108.45806,33.43611],[-108.45483,33.43554],[-108.4545,33.43633],[-108.45235,33.43525],[-108.44933,33.43472],[-108.44899,33.43359],[-108.4526,33.43061],[-108.45342,33.43045],[-108.45388,33.4288],[-108.45474,33.42826],[-108.45441,33.42662],[-108.45359,33.42607],[-108.45323,33.425],[-108.45402,33.42291],[-108.45544,33.42171],[-108.45872,33.4214],[-108.45894,33.4222],[-108.46295,33.42161],[-108.46401,33.42043],[-108.46322,33.42002],[-108.46326,33.4192],[-108.4662,33.4186],[-108.46956,33.42055],[-108.47082,33.42078],[-108.47169,33.42206],[-108.47344,33.42182],[-108.47434,33.42271],[-108.47638,33.42284]]]},"bbox":[-108.47963,33.4186,-108.44899,33.44026]},{"type":"Feature","id":45135,"properties":{"y":2011,"n":"Aldo","ag":"USFS","ac":50.1,"c":14,"cl":"Unknown","ad":"2011-12-31","cd":"","st":"NM","se":4},"geometry":{"type":"Polygon","coordinates":[[[-107.90434,33.18401],[-107.90621,33.18355],[-107.90713,33.1822],[-107.90852,33.1817],[-107.90999,33.18186],[-107.91025,33.18302],[-107.90972,33.18408],[-107.90894,33.18451],[-107.90888,33.18509],[-107.90957,33.18548],[-107.90924,33.18643],[-107.90602,33.18701],[-107.90434,33.18401]]]},"bbox":[-107.91025,33.1817,-107.90434,33.18701]},{"type":"Feature","id":45140,"properties":{"y":2009,"n":"Hightower","ag":"USFS","ac":235.5,"c":14,"cl":"Unknown","ad":"2010-02-01","cd":"","st":"NM","se":4},"geometry":{"type":"Polygon","coordinates":[[[-108.1082,32.92505],[-108.10747,32.92526],[-108.10743,32.92529],[-108.10718,32.92527],[-108.10703,32.92545],[-108.10593,32.92565],[-108.10764,32.9278],[-108.10779,32.92956],[-108.10876,32.93016],[-108.10556,32.93159],[-108.10529,32.93262],[-108.10321,32.93372],[-108.10318,32.93453],[-108.10203,32.93477],[-108.10171,32.93554],[-108.10083,32.93562],[-108.10053,32.93505],[-108.09942,32.93467],[-108.09604,32.93525],[-108.09174,32.93456],[-108.09354,32.93285],[-108.09619,32.93274],[-108.09685,32.93045],[-108.09963,32.92955],[-108.09926,32.93068],[-108.09856,32.93084],[-108.09878,32.9318],[-108.10026,32.93279],[-108.10083,32.93389],[-108.10172,32.93406],[-108.10171,32.93355],[-108.10287,32.93251],[-108.10209,32.93128],[-108.10293,32.9287],[-108.10205,32.92792],[-108.10218,32.92753],[-108.10248,32.92731],[-108.10245,32.92726],[-108.10154,32.92769],[-108.09967,32.9273],[-108.09939,32.92701],[-108.09944,32.92602],[-108.101,32.925],[-108.10194,32.92366],[-108.10409,32.92285],[-108.10556,32.92149],[-108.1093,32.92112],[-108.10843,32.92196],[-108.10888,32.92452],[-108.10956,32.92493],[-108.10943,32.92565],[-108.10863,32.92563],[-108.1082,32.92505]],[[-108.09945,32.92683],[-108.09944,32.92683],[-108.09944,32.92683],[-108.09945,32.92683]],[[-108.10748,32.92518],[-108.10748,32.92516],[-108.10748,32.92521],[-108.10748,32.92518]],[[-108.10748,32.92516],[-108.10748,32.92515],[-108.10748,32.92515],[-108.10748,32.92516]],[[-108.10748,32.92515],[-108.10747,32.92511],[-108.10746,32.92516],[-108.10748,32.92515]]]},"bbox":[-108.10956,32.9211,-108.09174,32.93562]},{"type":"Feature","id":45141,"properties":{"y":2008,"n":"Gallita","ag":"USFS","ac":22.5,"c":14,"cl":"Unknown","ad":"2009-02-01","cd":"","st":"NM","se":4},"geometry":{"type":"Polygon","coordinates":[[[-108.58444,34.04943],[-108.58326,34.04906],[-108.58255,34.04966],[-108.5812,34.04844],[-108.5821,34.04812],[-108.58094,34.0479],[-108.58259,34.04668],[-108.58276,34.04614],[-108.5822,34.04608],[-108.58291,34.04569],[-108.58441,34.04646],[-108.58499,34.04773],[-108.58444,34.04943]]]},"bbox":[-108.58499,34.04569,-108.58094,34.04966]},{"type":"Feature","id":45143,"properties":{"y":2005,"n":"Ring","ag":"USFS","ac":292.4,"c":14,"cl":"Unknown","ad":"2006-02-01","cd":"","st":"NM","se":4},"geometry":{"type":"Polygon","coordinates":[[[-108.3991,33.27718],[-108.39598,33.27706],[-108.39458,33.27653],[-108.39536,33.27536],[-108.39783,33.27518],[-108.39778,33.2731],[-108.39585,33.27259],[-108.39537,33.27148],[-108.39527,33.27058],[-108.39612,33.2695],[-108.39614,33.26731],[-108.39707,33.26659],[-108.39878,33.26635],[-108.39893,33.26485],[-108.39938,33.26442],[-108.40355,33.26362],[-108.40338,33.26266],[-108.40391,33.26238],[-108.40617,33.26262],[-108.40754,33.26498],[-108.40936,33.26611],[-108.41052,33.26798],[-108.40797,33.26974],[-108.40361,33.27142],[-108.4011,33.27337],[-108.3991,33.27718]]]},"bbox":[-108.41052,33.26238,-108.39458,33.2772]},{"type":"Feature","id":45144,"properties":{"y":2004,"n":"Feather","ag":"USFS","ac":11.5,"c":14,"cl":"Unknown","ad":"2005-02-01","cd":"","st":"NM","se":4},"geometry":{"type":"Polygon","coordinates":[[[-108.54332,33.33728],[-108.54238,33.33694],[-108.54201,33.33618],[-108.54244,33.33537],[-108.54334,33.33508],[-108.54424,33.3354],[-108.54463,33.33622],[-108.54424,33.33696],[-108.54332,33.33728]]]},"bbox":[-108.54463,33.33508,-108.54201,33.33728]},{"type":"Feature","id":45145,"properties":{"y":2003,"n":"Goose Chase","ag":"USFS","ac":33.0,"c":14,"cl":"Unknown","ad":"2004-02-01","cd":"","st":"NM","se":4},"geometry":{"type":"Polygon","coordinates":[[[-108.20178,32.89028],[-108.20076,32.88845],[-108.20087,32.88762],[-108.20581,32.89069],[-108.20859,32.89088],[-108.21095,32.89194],[-108.20811,32.8921],[-108.20343,32.89123],[-108.20178,32.89028]]]},"bbox":[-108.21095,32.88762,-108.20076,32.89222]},{"type":"Feature","id":45146,"properties":{"y":2010,"n":"Mcknight","ag":"USFS","ac":3.4,"c":14,"cl":"Unknown","ad":"2011-02-01","cd":"","st":"NM","se":4},"geometry":{"type":"MultiPolygon","coordinates":[[[[-107.86864,33.00563],[-107.86794,33.00607],[-107.86787,33.00603],[-107.8679,33.00617],[-107.86806,33.00623],[-107.86787,33.00637],[-107.86814,33.00647],[-107.86767,33.0065],[-107.86693,33.00573],[-107.86851,33.00509],[-107.86864,33.00563]]],[[[-107.86794,33.00608],[-107.86794,33.00608],[-107.86794,33.00608],[-107.86794,33.00608]]]]},"bbox":[-107.86869,33.00509,-107.86693,33.00656]},{"type":"Feature","id":45147,"properties":{"y":1992,"n":"Gary","ag":"USFS","ac":14.5,"c":14,"cl":"Unknown","ad":"1994-02-01","cd":"","st":"NM","se":4},"geometry":{"type":"Polygon","coordinates":[[[-108.2165,32.95548],[-108.21809,32.9535],[-108.21906,32.95488],[-108.22034,32.95507],[-108.21827,32.95616],[-108.2175,32.95711],[-108.2165,32.95548]]]},"bbox":[-108.22034,32.9535,-108.2165,32.95711]},{"type":"Feature","id":45149,"properties":{"y":2015,"n":"North Star","ag":"USFS","ac":24.2,"c":14,"cl":"Unknown","ad":"2015-12-31","cd":"","st":"NM","se":4},"geometry":{"type":"Polygon","coordinates":[[[-108.00679,33.03411],[-108.01075,33.02987],[-108.01236,33.03182],[-108.01152,33.03192],[-108.00863,33.03426],[-108.00679,33.03411]]]},"bbox":[-108.01237,33.02987,-108.00679,33.03442]},{"type":"Feature","id":45151,"properties":{"y":2011,"n":"Rincon","ag":"USFS","ac":14.4,"c":14,"cl":"Unknown","ad":"2011-12-31","cd":"","st":"NM","se":4},"geometry":{"type":"Polygon","coordinates":[[[-108.22141,33.15983],[-108.22004,33.16092],[-108.2202,33.16186],[-108.21943,33.163],[-108.21693,33.16318],[-108.21735,33.16255],[-108.21702,33.16206],[-108.21832,33.16166],[-108.22066,33.15987],[-108.22141,33.15983]]]},"bbox":[-108.22141,33.15977,-108.21691,33.16343]},{"type":"Feature","id":45152,"properties":{"y":1996,"n":"Saddle","ag":"USFS","ac":73.5,"c":14,"cl":"Unknown","ad":"1997-02-01","cd":"","st":"NM","se":4},"geometry":{"type":"Polygon","coordinates":[[[-108.70519,33.26012],[-108.70502,33.25826],[-108.70707,33.2583],[-108.70826,33.25728],[-108.70875,33.25412],[-108.71006,33.25396],[-108.71136,33.25452],[-108.71157,33.2576],[-108.71075,33.25786],[-108.71053,33.25896],[-108.70918,33.26063],[-108.70506,33.26219],[-108.70445,33.26152],[-108.70519,33.26012]]]},"bbox":[-108.71157,33.25388,-108.70445,33.26219]},{"type":"Feature","id":45153,"properties":{"y":2003,"n":"Monument","ag":"USFS","ac":30.0,"c":14,"cl":"Unknown","ad":"2004-02-01","cd":"","st":"NM","se":4},"geometry":{"type":"Polygon","coordinates":[[[-107.9192,33.08546],[-107.91768,33.0849],[-107.9171,33.08368],[-107.91769,33.08246],[-107.91925,33.08191],[-107.92078,33.08251],[-107.92131,33.08375],[-107.92068,33.08496],[-107.9192,33.08546]]]},"bbox":[-107.92131,33.08191,-107.9171,33.08546]},{"type":"Feature","id":45155,"properties":{"y":2018,"n":"Indio","ag":"USFS","ac":35.4,"c":14,"cl":"Unknown","ad":"2018-08-17","cd":"","st":"NM","se":2},"geometry":{"type":"Polygon","coordinates":[[[-108.46698,34.02506],[-108.46989,34.02599],[-108.47092,34.02785],[-108.46929,34.02802],[-108.46768,34.02885],[-108.46498,34.02873],[-108.46583,34.02801],[-108.46578,34.02655],[-108.46698,34.02506]]]},"bbox":[-108.47092,34.02506,-108.46498,34.02896]},{"type":"Feature","id":45157,"properties":{"y":2012,"n":"Middle","ag":"USFS","ac":2.9,"c":14,"cl":"Unknown","ad":"2012-12-31","cd":"","st":"NM","se":4},"geometry":{"type":"Polygon","coordinates":[[[-108.1163,33.09432],[-108.11592,33.09377],[-108.11614,33.09297],[-108.11738,33.09407],[-108.1163,33.09432]]]},"bbox":[-108.11738,33.09297,-108.11592,33.0944]},{"type":"Feature","id":45159,"properties":{"y":2011,"n":"Mouse","ag":"USFS","ac":10.3,"c":14,"cl":"Unknown","ad":"2011-12-31","cd":"","st":"NM","se":4},"geometry":{"type":"Polygon","coordinates":[[[-108.52925,33.35679],[-108.52647,33.35773],[-108.52583,33.35669],[-108.5273,33.35603],[-108.52925,33.35679]]]},"bbox":[-108.52925,33.35603,-108.52583,33.35773]},{"type":"Feature","id":45160,"properties":{"y":1981,"n":"Devils Pnf","ag":"USFS","ac":26.3,"c":14,"cl":"Unknown","ad":"2017-01-18","cd":"","st":"NM","se":4},"geometry":{"type":"Polygon","coordinates":[[[-109.03864,33.54134],[-109.03356,33.54133],[-109.03301,33.54057],[-109.03424,33.5396],[-109.03593,33.53978],[-109.03806,33.53915],[-109.03877,33.53957],[-109.03903,33.54031],[-109.03864,33.54134]]]},"bbox":[-109.03903,33.53915,-109.033,33.54143]},{"type":"Feature","id":45161,"properties":{"y":1999,"n":"Farm Pnf","ag":"USFS","ac":431.0,"c":14,"cl":"Unknown","ad":"2000-02-01","cd":"","st":"NM","se":4},"geometry":{"type":"Polygon","coordinates":[[[-108.26915,32.9844],[-108.26828,32.98423],[-108.26664,32.98281],[-108.25682,32.98138],[-108.25503,32.98035],[-108.25142,32.9797],[-108.24935,32.97786],[-108.24825,32.97513],[-108.24972,32.97549],[-108.25027,32.97513],[-108.25114,32.97582],[-108.25429,32.97651],[-108.25533,32.97642],[-108.2561,32.9755],[-108.25833,32.97621],[-108.25978,32.9759],[-108.26055,32.97771],[-108.26134,32.97827],[-108.26618,32.97854],[-108.26727,32.97803],[-108.27196,32.98118],[-108.27473,32.98217],[-108.27612,32.98384],[-108.27599,32.98696],[-108.27724,32.98914],[-108.27659,32.99101],[-108.27708,32.99352],[-108.27695,32.9967],[-108.27634,32.99807],[-108.27296,32.99541],[-108.27317,32.99348],[-108.27268,32.99084],[-108.27196,32.98929],[-108.27076,32.98826],[-108.27112,32.98614],[-108.26915,32.9844]]]},"bbox":[-108.27724,32.97513,-108.24822,32.99807]},{"type":"Feature","id":45162,"properties":{"y":2003,"n":"Chimney","ag":"USFS","ac":30.0,"c":14,"cl":"Unknown","ad":"2004-02-01","cd":"","st":"NM","se":4},"geometry":{"type":"Polygon","coordinates":[[[-108.68443,33.65211],[-108.6829,33.65157],[-108.68231,33.65035],[-108.68298,33.64904],[-108.68445,33.64857],[-108.68591,33.64907],[-108.68655,33.65039],[-108.68592,33.6516],[-108.68443,33.65211]]]},"bbox":[-108.68655,33.64857,-108.68231,33.65211]},{"type":"Feature","id":45163,"properties":{"y":1987,"n":"Tadpole","ag":"USFS","ac":328.4,"c":14,"cl":"Unknown","ad":"1994-02-01","cd":"","st":"NM","se":4},"geometry":{"type":"Polygon","coordinates":[[[-108.363,33.02092],[-108.35635,33.02015],[-108.35248,33.01845],[-108.35166,33.01708],[-108.35374,33.01528],[-108.35643,33.01382],[-108.35769,33.01195],[-108.35995,33.01056],[-108.36213,33.01079],[-108.36385,33.01167],[-108.36662,33.01064],[-108.36575,33.0132],[-108.36751,33.01498],[-108.36974,33.01545],[-108.36917,33.01691],[-108.37024,33.01854],[-108.36986,33.01953],[-108.36901,33.02006],[-108.363,33.02092]]]},"bbox":[-108.37024,33.01056,-108.35164,33.02092]},{"type":"Feature","id":45164,"properties":{"y":2005,"n":"Wahoo","ag":"USFS","ac":398.8,"c":14,"cl":"Unknown","ad":"2006-02-01","cd":"","st":"NM","se":4},"geometry":{"type":"Polygon","coordinates":[[[-107.75616,33.66816],[-107.7539,33.66904],[-107.756,33.66988],[-107.75554,33.67042],[-107.75643,33.67127],[-107.75369,33.67103],[-107.75118,33.67007],[-107.75004,33.67061],[-107.74804,33.67031],[-107.74634,33.67108],[-107.74632,33.66945],[-107.74535,33.6695],[-107.74393,33.6703],[-107.744,33.67195],[-107.7435,33.67048],[-107.74242,33.67064],[-107.74115,33.67012],[-107.73976,33.67138],[-107.73706,33.67127],[-107.73598,33.67283],[-107.73622,33.67487],[-107.73562,33.67519],[-107.73306,33.67503],[-107.73025,33.67586],[-107.72777,33.67533],[-107.72702,33.67451],[-107.72407,33.67454],[-107.72549,33.6735],[-107.73032,33.67399],[-107.73306,33.67088],[-107.73549,33.67009],[-107.73677,33.66836],[-107.73649,33.66756],[-107.73752,33.66632],[-107.73544,33.66495],[-107.73544,33.66332],[-107.73596,33.66248],[-107.73692,33.66196],[-107.73784,33.66216],[-107.73933,33.66119],[-107.7409,33.66152],[-107.74041,33.66225],[-107.74126,33.66308],[-107.74304,33.66334],[-107.7484,33.66288],[-107.74847,33.66381],[-107.74929,33.66458],[-107.74931,33.66565],[-107.75062,33.66627],[-107.75111,33.66712],[-107.75086,33.66812],[-107.75307,33.66826],[-107.75533,33.66729],[-107.75661,33.66726],[-107.75616,33.66816]]]},"bbox":[-107.75676,33.66115,-107.72407,33.67586]},{"type":"Feature","id":45166,"properties":{"y":1997,"n":"Judy","ag":"USFS","ac":204.7,"c":14,"cl":"Unknown","ad":"1998-02-01","cd":"","st":"NM","se":4},"geometry":{"type":"Polygon","coordinates":[[[-108.29914,33.59502],[-108.29104,33.59425],[-108.28281,33.59234],[-108.27769,33.58861],[-108.27695,33.58696],[-108.2808,33.58685],[-108.28646,33.5904],[-108.29139,33.59126],[-108.29296,33.59127],[-108.2936,33.59039],[-108.29525,33.58951],[-108.29763,33.58973],[-108.2987,33.59039],[-108.29939,33.59162],[-108.29914,33.59502]]]},"bbox":[-108.29939,33.58665,-108.27695,33.59502]},{"type":"Feature","id":45169,"properties":{"y":2016,"n":"Miller","ag":"USFS","ac":151.7,"c":14,"cl":"Unknown","ad":"2017-01-12","cd":"","st":"NM","se":4},"geometry":{"type":"Polygon","coordinates":[[[-109.02589,33.99948],[-109.02474,34.00201],[-109.0224,34.00413],[-109.02144,34.00406],[-109.02172,34.00443],[-109.02081,34.00511],[-109.01689,34.00512],[-109.01561,34.00413],[-109.01594,34.00231],[-109.01812,34.00345],[-109.01762,34.00284],[-109.01864,34.00151],[-109.02062,34.00077],[-109.01948,33.99804],[-109.01961,33.99706],[-109.02228,33.99499],[-109.0242,33.99434],[-109.02431,33.99391],[-109.02562,33.9955],[-109.02589,33.99948]]]},"bbox":[-109.02589,33.99391,-109.01556,34.00539]},{"type":"Feature","id":45170,"properties":{"y":2005,"n":"Willow","ag":"USFS","ac":143.2,"c":14,"cl":"Unknown","ad":"2006-02-01","cd":"","st":"NM","se":4},"geometry":{"type":"Polygon","coordinates":[[[-108.84857,33.61828],[-108.84832,33.61601],[-108.8514,33.61203],[-108.85156,33.61021],[-108.85248,33.60981],[-108.85517,33.61118],[-108.85616,33.60961],[-108.8572,33.60927],[-108.85776,33.60997],[-108.85738,33.61276],[-108.85922,33.61581],[-108.85853,33.6184],[-108.85755,33.61787],[-108.85648,33.61811],[-108.85572,33.61723],[-108.85276,33.61644],[-108.84985,33.61681],[-108.84857,33.61828]]]},"bbox":[-108.85922,33.60927,-108.8483,33.6184]},{"type":"Feature","id":45171,"properties":{"y":1974,"n":"South","ag":"USFS","ac":44.1,"c":14,"cl":"Unknown","ad":"1994-02-01","cd":"","st":"NM","se":4},"geometry":{"type":"Polygon","coordinates":[[[-108.77553,33.31792],[-108.77316,33.31884],[-108.77155,33.31751],[-108.77149,33.31637],[-108.77224,33.31548],[-108.77224,33.31445],[-108.77308,33.31372],[-108.77518,33.31397],[-108.77586,33.31489],[-108.77553,33.31792]]]},"bbox":[-108.77595,33.31369,-108.77145,33.3189]},{"type":"Feature","id":45172,"properties":{"y":2009,"n":"Sawmill","ag":"USFS","ac":1.8,"c":14,"cl":"Unknown","ad":"2010-02-01","cd":"","st":"NM","se":4},"geometry":{"type":"Polygon","coordinates":[[[-108.48874,32.65045],[-108.48779,32.65015],[-108.48866,32.64915],[-108.48891,32.64955],[-108.48874,32.65045]]]},"bbox":[-108.48895,32.64915,-108.48779,32.65045]},{"type":"Feature","id":45173,"properties":{"y":2009,"n":"Joshua","ag":"USFS","ac":129.5,"c":14,"cl":"Unknown","ad":"2010-02-01","cd":"","st":"NM","se":4},"geometry":{"type":"MultiPolygon","coordinates":[[[[-108.86639,33.86563],[-108.86377,33.86607],[-108.86427,33.86694],[-108.86372,33.86761],[-108.86123,33.86665],[-108.86298,33.86543],[-108.86198,33.86459],[-108.85958,33.86445],[-108.85817,33.86538],[-108.8579,33.86502],[-108.8588,33.86478],[-108.85809,33.8642],[-108.85604,33.86599],[-108.85479,33.86603],[-108.85564,33.86579],[-108.85555,33.86418],[-108.85679,33.86438],[-108.85756,33.864],[-108.85609,33.86394],[-108.85812,33.86165],[-108.86111,33.86192],[-108.86274,33.86286],[-108.86339,33.86267],[-108.86387,33.86215],[-108.8635,33.86129],[-108.86484,33.86097],[-108.86381,33.86077],[-108.86306,33.85981],[-108.86414,33.85864],[-108.86596,33.86019],[-108.87002,33.86199],[-108.86945,33.86271],[-108.86799,33.86305],[-108.86842,33.8633],[-108.86796,33.8636],[-108.86837,33.86367],[-108.86639,33.86563]],[[-108.86653,33.86543],[-108.86655,33.86541],[-108.86649,33.86542],[-108.86653,33.86543]]],[[[-108.86244,33.86721],[-108.86246,33.86721],[-108.86243,33.86721],[-108.86244,33.86721]]],[[[-108.86292,33.86759],[-108.86292,33.86759],[-108.86289,33.86759],[-108.86292,33.86759]]]]},"bbox":[-108.87002,33.85864,-108.85478,33.86762]},{"type":"Feature","id":45174,"properties":{"y":1996,"n":"Cabin Springs","ag":"USFS","ac":54.4,"c":14,"cl":"Unknown","ad":"1997-02-01","cd":"","st":"NM","se":4},"geometry":{"type":"MultiPolygon","coordinates":[[[[-108.12473,32.92852],[-108.1243,32.92831],[-108.12575,32.92758],[-108.12905,32.92464],[-108.13073,32.9249],[-108.13211,32.92683],[-108.13025,32.92864],[-108.12887,32.92911],[-108.12526,32.92943],[-108.12462,32.92908],[-108.12501,32.92874],[-108.12473,32.92852]]],[[[-108.12464,32.9285],[-108.12452,32.92852],[-108.12443,32.92845],[-108.12464,32.9285]]]]},"bbox":[-108.13211,32.92462,-108.1243,32.92949]},{"type":"Feature","id":45176,"properties":{"y":2012,"n":"Gomez","ag":"USFS","ac":31.2,"c":14,"cl":"Unknown","ad":"2012-12-31","cd":"","st":"NM","se":4},"geometry":{"type":"Polygon","coordinates":[[[-108.28261,32.84633],[-108.2819,32.84512],[-108.28082,32.84548],[-108.27991,32.84373],[-108.28185,32.84286],[-108.28402,32.84276],[-108.28481,32.84367],[-108.28407,32.8445],[-108.28447,32.84464],[-108.28433,32.84604],[-108.28377,32.8465],[-108.28261,32.84633]]]},"bbox":[-108.28482,32.84263,-108.27991,32.84658]},{"type":"Feature","id":45177,"properties":{"y":2000,"n":"Quarter","ag":"USFS","ac":11.2,"c":14,"cl":"Unknown","ad":"2001-02-01","cd":"","st":"NM","se":4},"geometry":{"type":"Polygon","coordinates":[[[-108.15606,32.9534],[-108.15816,32.9537],[-108.15821,32.95468],[-108.15765,32.9552],[-108.15545,32.95464],[-108.15555,32.95374],[-108.15606,32.9534]]]},"bbox":[-108.15821,32.95331,-108.15545,32.9552]},{"type":"Feature","id":45178,"properties":{"y":2017,"n":"Copperas","ag":"USFS","ac":48.0,"c":14,"cl":"Unknown","ad":"2017-06-29","cd":"","st":"NM","se":2},"geometry":{"type":"Polygon","coordinates":[[[-108.22601,33.10194],[-108.22882,33.10148],[-108.22958,33.10286],[-108.2296,33.10414],[-108.22894,33.10486],[-108.22886,33.10579],[-108.22733,33.10704],[-108.22507,33.10685],[-108.22544,33.10615],[-108.22497,33.10563],[-108.22555,33.10517],[-108.22576,33.10403],[-108.22571,33.10329],[-108.22479,33.103],[-108.22521,33.10237],[-108.22635,33.10233],[-108.22601,33.10194]]]},"bbox":[-108.22963,33.10148,-108.22479,33.10711]},{"type":"Feature","id":45179,"properties":{"y":2018,"n":"Chimney","ag":"USFS","ac":15.6,"c":14,"cl":"Unknown","ad":"2018-04-01","cd":"","st":"NM","se":1},"geometry":{"type":"Polygon","coordinates":[[[-108.71038,33.63242],[-108.70929,33.63207],[-108.70783,33.63314],[-108.70688,33.63319],[-108.70709,33.63253],[-108.70611,33.63189],[-108.70662,33.6311],[-108.70772,33.63148],[-108.71019,33.63086],[-108.71144,33.63137],[-108.7104,33.63181],[-108.71038,33.63242]]]},"bbox":[-108.71144,33.63086,-108.70611,33.63319]},{"type":"Feature","id":45180,"properties":{"y":1986,"n":"Maverick","ag":"USFS","ac":189.0,"c":14,"cl":"Unknown","ad":"1994-02-01","cd":"","st":"NM","se":4},"geometry":{"type":"Polygon","coordinates":[[[-108.17192,33.38098],[-108.16848,33.38085],[-108.16786,33.38059],[-108.16765,33.37956],[-108.16405,33.37866],[-108.16466,33.37776],[-108.16749,33.37639],[-108.16765,33.37574],[-108.16647,33.37343],[-108.16657,33.37239],[-108.16765,33.37128],[-108.17053,33.37149],[-108.173,33.3769],[-108.17433,33.37781],[-108.17679,33.37814],[-108.17613,33.379],[-108.17346,33.37956],[-108.1769,33.38158],[-108.17773,33.38282],[-108.17752,33.38372],[-108.17587,33.38501],[-108.17192,33.38098]]]},"bbox":[-108.17773,33.37115,-108.164,33.38502]},{"type":"Feature","id":45181,"properties":{"y":1996,"n":"Irish Pnf","ag":"USFS","ac":212.8,"c":14,"cl":"Unknown","ad":"1997-02-01","cd":"","st":"NM","se":4},"geometry":{"type":"Polygon","coordinates":[[[-108.29134,33.43787],[-108.28481,33.44108],[-108.28311,33.43805],[-108.28418,33.43666],[-108.28617,33.43127],[-108.28915,33.43037],[-108.29278,33.43063],[-108.29426,33.43132],[-108.29499,33.43385],[-108.29383,33.43804],[-108.29134,33.43787]]]},"bbox":[-108.29499,33.43037,-108.28311,33.44117]},{"type":"Feature","id":45182,"properties":{"y":2010,"n":"Flat Top","ag":"USFS","ac":13.5,"c":14,"cl":"Unknown","ad":"2011-02-01","cd":"","st":"NM","se":4},"geometry":{"type":"Polygon","coordinates":[[[-108.63883,33.65766],[-108.64103,33.65587],[-108.64292,33.65483],[-108.64312,33.65565],[-108.64241,33.65727],[-108.64012,33.65792],[-108.63883,33.65766]]]},"bbox":[-108.64316,33.65483,-108.63877,33.65792]},{"type":"Feature","id":45184,"properties":{"y":2000,"n":"Even","ag":"USFS","ac":789.2,"c":14,"cl":"Unknown","ad":"2001-02-01","cd":"","st":"NM","se":4},"geometry":{"type":"Polygon","coordinates":[[[-108.23522,32.98118],[-108.23492,32.98054],[-108.23333,32.9797],[-108.23088,32.97932],[-108.2286,32.97794],[-108.22371,32.97629],[-108.22279,32.97801],[-108.22251,32.97779],[-108.22151,32.97476],[-108.22014,32.97286],[-108.22084,32.96933],[-108.22585,32.9676],[-108.22783,32.96596],[-108.23089,32.96511],[-108.23185,32.96429],[-108.23669,32.96484],[-108.23673,32.96631],[-108.23879,32.96767],[-108.24168,32.97057],[-108.24603,32.97309],[-108.24778,32.97333],[-108.24861,32.97297],[-108.25026,32.97523],[-108.24823,32.97531],[-108.24935,32.97786],[-108.25142,32.9797],[-108.24827,32.9791],[-108.24236,32.97932],[-108.23765,32.98151],[-108.23727,32.98114],[-108.23522,32.98118]]]},"bbox":[-108.25142,32.96425,-108.22014,32.98151]},{"type":"Feature","id":45185,"properties":{"y":2022,"n":"Adam","ag":"USFS","ac":223.8,"c":14,"cl":"Unknown","ad":"2022-06-10","cd":"","st":"NM","se":2},"geometry":{"type":"Polygon","coordinates":[[[-108.62085,33.41495],[-108.62232,33.41504],[-108.62501,33.41618],[-108.6267,33.4162],[-108.62899,33.41749],[-108.62853,33.41807],[-108.629,33.41901],[-108.6284,33.42053],[-108.62622,33.42132],[-108.62582,33.42206],[-108.62542,33.42236],[-108.62336,33.42289],[-108.62181,33.42398],[-108.6183,33.42447],[-108.61582,33.42559],[-108.61575,33.42431],[-108.61464,33.42457],[-108.61461,33.42404],[-108.614,33.42393],[-108.61401,33.4229],[-108.61488,33.42263],[-108.61519,33.42328],[-108.61614,33.42205],[-108.61791,33.42147],[-108.61619,33.42064],[-108.61633,33.41971],[-108.61741,33.41783],[-108.61849,33.41727],[-108.61852,33.41661],[-108.62085,33.41495]]]},"bbox":[-108.62903,33.41493,-108.614,33.42564]},{"type":"Feature","id":45188,"properties":{"y":2019,"n":"Apache","ag":"USFS","ac":192.2,"c":14,"cl":"Unknown","ad":"2019-10-16","cd":"","st":"NM","se":3},"geometry":{"type":"Polygon","coordinates":[[[-108.60781,33.91759],[-108.60564,33.91799],[-108.60673,33.91637],[-108.6063,33.91457],[-108.60383,33.91303],[-108.60334,33.91149],[-108.60341,33.90851],[-108.60529,33.90695],[-108.60778,33.90757],[-108.60955,33.90972],[-108.61076,33.91167],[-108.6103,33.91351],[-108.61073,33.91373],[-108.61066,33.91484],[-108.61384,33.91451],[-108.61554,33.91483],[-108.61659,33.91605],[-108.61658,33.9168],[-108.61549,33.91749],[-108.61255,33.91824],[-108.61078,33.91841],[-108.60781,33.91759]]]},"bbox":[-108.61659,33.90693,-108.60309,33.91841]},{"type":"Feature","id":45189,"properties":{"y":2004,"n":"Mule","ag":"USFS","ac":41.0,"c":14,"cl":"Unknown","ad":"2005-02-01","cd":"","st":"NM","se":4},"geometry":{"type":"Polygon","coordinates":[[[-108.98614,33.07658],[-108.98435,33.07595],[-108.98367,33.07452],[-108.98434,33.07309],[-108.98616,33.07244],[-108.98785,33.07303],[-108.98859,33.07457],[-108.98786,33.07598],[-108.98614,33.07658]]]},"bbox":[-108.98859,33.07244,-108.98367,33.07658]},{"type":"Feature","id":45190,"properties":{"y":1997,"n":"Pasture","ag":"USFS","ac":179.1,"c":14,"cl":"Unknown","ad":"1998-02-01","cd":"","st":"NM","se":4},"geometry":{"type":"Polygon","coordinates":[[[-108.43856,33.12498],[-108.43725,33.12613],[-108.43471,33.12728],[-108.43023,33.12854],[-108.42674,33.12788],[-108.42596,33.12719],[-108.42574,33.12467],[-108.42673,33.12185],[-108.42886,33.12103],[-108.43279,33.12066],[-108.43419,33.122],[-108.43534,33.12203],[-108.43557,33.1232],[-108.4383,33.12443],[-108.43856,33.12498]]]},"bbox":[-108.43856,33.12063,-108.42574,33.12854]},{"type":"Feature","id":45192,"properties":{"y":2004,"n":"Continental","ag":"USFS","ac":35.0,"c":14,"cl":"Unknown","ad":"2005-02-01","cd":"","st":"NM","se":4},"geometry":{"type":"Polygon","coordinates":[[[-107.84109,33.46838],[-107.83944,33.46777],[-107.83882,33.46645],[-107.83957,33.46505],[-107.84116,33.46455],[-107.84282,33.4652],[-107.84339,33.46654],[-107.8427,33.46784],[-107.84109,33.46838]]]},"bbox":[-107.84339,33.46455,-107.83882,33.46838]},{"type":"Feature","id":45193,"properties":{"y":1997,"n":"Fort","ag":"USFS","ac":11.2,"c":14,"cl":"Unknown","ad":"1998-02-01","cd":"","st":"NM","se":4},"geometry":{"type":"Polygon","coordinates":[[[-108.14165,32.81605],[-108.14045,32.81601],[-108.14009,32.81551],[-108.14106,32.81322],[-108.14154,32.8132],[-108.14208,32.8142],[-108.14165,32.81605]]]},"bbox":[-108.14208,32.8132,-108.14009,32.81609]},{"type":"Feature","id":45194,"properties":{"y":2017,"n":"Outlaw","ag":"USFS","ac":79.5,"c":14,"cl":"Unknown","ad":"2017-12-18","cd":"","st":"NM","se":4},"geometry":{"type":"Polygon","coordinates":[[[-108.87909,33.20402],[-108.8799,33.2034],[-108.87858,33.20246],[-108.87907,33.20176],[-108.87843,33.20113],[-108.87849,33.20001],[-108.87928,33.20051],[-108.88065,33.20008],[-108.88201,33.20141],[-108.8834,33.20403],[-108.88451,33.2044],[-108.88552,33.20404],[-108.88605,33.20485],[-108.88825,33.20551],[-108.88692,33.20648],[-108.88639,33.20572],[-108.88497,33.20577],[-108.88435,33.20534],[-108.88338,33.20562],[-108.8835,33.20687],[-108.8826,33.20712],[-108.88236,33.20653],[-108.8829,33.20637],[-108.88209,33.2061],[-108.87903,33.20735],[-108.87826,33.20577],[-108.87909,33.20402]]]},"bbox":[-108.88825,33.20001,-108.87826,33.20735]},{"type":"Feature","id":45198,"properties":{"y":2011,"n":"Range","ag":"USFS","ac":130.1,"c":14,"cl":"Unknown","ad":"2011-12-31","cd":"","st":"NM","se":4},"geometry":{"type":"Polygon","coordinates":[[[-108.13611,32.79097],[-108.14206,32.78256],[-108.14282,32.78236],[-108.14485,32.78306],[-108.14615,32.78403],[-108.14631,32.78475],[-108.14796,32.7839],[-108.14843,32.78429],[-108.14606,32.78562],[-108.14575,32.78704],[-108.14314,32.7906],[-108.14162,32.79094],[-108.13811,32.79015],[-108.13776,32.79087],[-108.13611,32.79097]]]},"bbox":[-108.14843,32.78236,-108.13611,32.79121]},{"type":"Feature","id":45199,"properties":{"y":1995,"n":"Hell","ag":"USFS","ac":949.4,"c":14,"cl":"Unknown","ad":"1996-02-01","cd":"","st":"NM","se":4},"geometry":{"type":"Polygon","coordinates":[[[-108.39868,33.28877],[-108.39677,33.28577],[-108.39699,33.27841],[-108.39768,33.27644],[-108.39925,33.27654],[-108.40035,33.27576],[-108.40619,33.27768],[-108.40735,33.27641],[-108.40738,33.27549],[-108.40867,33.27513],[-108.41273,33.27675],[-108.41759,33.27593],[-108.4194,33.2762],[-108.41964,33.27743],[-108.4213,33.27678],[-108.42276,33.27688],[-108.42305,33.27866],[-108.42486,33.27677],[-108.426,33.27746],[-108.42622,33.27882],[-108.42706,33.27958],[-108.42755,33.27852],[-108.43055,33.27842],[-108.43145,33.27913],[-108.43106,33.27997],[-108.43272,33.27962],[-108.43496,33.28097],[-108.43537,33.28251],[-108.43436,33.28256],[-108.43591,33.28457],[-108.43447,33.2855],[-108.42788,33.28588],[-108.42593,33.28706],[-108.42182,33.28706],[-108.41848,33.28576],[-108.41833,33.28468],[-108.41726,33.28382],[-108.41624,33.28449],[-108.41603,33.28556],[-108.40977,33.28726],[-108.40773,33.28845],[-108.40753,33.28913],[-108.40588,33.2891],[-108.40452,33.28823],[-108.40095,33.28923],[-108.39868,33.28877]]]},"bbox":[-108.43591,33.27513,-108.39669,33.28923]},{"type":"Feature","id":45201,"properties":{"y":1995,"n":"Corral","ag":"USFS","ac":23.6,"c":14,"cl":"Unknown","ad":"1996-02-01","cd":"","st":"NM","se":4},"geometry":{"type":"Polygon","coordinates":[[[-108.7105,33.45909],[-108.70803,33.4595],[-108.7058,33.45849],[-108.70555,33.45785],[-108.70653,33.45684],[-108.70945,33.45752],[-108.71053,33.45806],[-108.7105,33.45909]]]},"bbox":[-108.71053,33.45684,-108.70555,33.45958]},{"type":"Feature","id":45203,"properties":{"y":2003,"n":"School","ag":"USFS","ac":132.0,"c":14,"cl":"Unknown","ad":"2004-02-01","cd":"","st":"NM","se":4},"geometry":{"type":"Polygon","coordinates":[[[-108.56943,33.48962],[-108.56759,33.48928],[-108.56622,33.48847],[-108.56531,33.48729],[-108.56499,33.4859],[-108.5653,33.48452],[-108.56621,33.48334],[-108.56783,33.48243],[-108.56949,33.48218],[-108.57253,33.48324],[-108.57359,33.48462],[-108.57386,33.48601],[-108.57349,33.48738],[-108.57254,33.48854],[-108.56943,33.48962]]]},"bbox":[-108.57386,33.48218,-108.56499,33.48962]},{"type":"Feature","id":45204,"properties":{"y":1994,"n":"Kennedy","ag":"USFS","ac":577.6,"c":14,"cl":"Unknown","ad":"1995-02-01","cd":"","st":"NM","se":4},"geometry":{"type":"Polygon","coordinates":[[[-108.0676,33.52384],[-108.06834,33.524],[-108.06685,33.52243],[-108.06741,33.52185],[-108.0659,33.52011],[-108.06584,33.51938],[-108.06768,33.52138],[-108.06921,33.52217],[-108.07022,33.52365],[-108.06724,33.52734],[-108.06009,33.53015],[-108.05895,33.52679],[-108.05831,33.52599],[-108.05608,33.52483],[-108.05498,33.52333],[-108.05441,33.52076],[-108.05673,33.51929],[-108.05948,33.51642],[-108.05951,33.51573],[-108.05841,33.51549],[-108.05904,33.51445],[-108.06103,33.51338],[-108.06108,33.51294],[-108.06025,33.51277],[-108.05981,33.51204],[-108.06159,33.51105],[-108.06007,33.51045],[-108.06183,33.50949],[-108.06182,33.50837],[-108.06311,33.50695],[-108.06456,33.50702],[-108.06422,33.5058],[-108.0672,33.50584],[-108.0663,33.50473],[-108.06748,33.50451],[-108.06942,33.50496],[-108.07343,33.50281],[-108.07364,33.50217],[-108.072,33.50165],[-108.06932,33.50204],[-108.06528,33.50441],[-108.06355,33.50487],[-108.06258,33.50487],[-108.06291,33.50395],[-108.06497,33.50236],[-108.06896,33.50067],[-108.06937,33.50009],[-108.07161,33.50013],[-108.07193,33.49922],[-108.07431,33.49915],[-108.07431,33.49846],[-108.07547,33.4978],[-108.07259,33.49799],[-108.07138,33.49869],[-108.0687,33.49866],[-108.06921,33.49764],[-108.0768,33.49683],[-108.07891,33.49898],[-108.08033,33.49972],[-108.08002,33.50064],[-108.07632,33.50268],[-108.07575,33.50428],[-108.0742,33.5047],[-108.07137,33.50822],[-108.06347,33.51374],[-108.05748,33.52065],[-108.05699,33.52247],[-108.05729,33.52419],[-108.0591,33.52462],[-108.06039,33.52448],[-108.06026,33.52342],[-108.05949,33.52298],[-108.0598,33.52234],[-108.06358,33.52324],[-108.06338,33.52258],[-108.06008,33.52166],[-108.05949,33.52099],[-108.06294,33.52092],[-108.06021,33.52009],[-108.06008,33.51928],[-108.06051,33.51908],[-108.06232,33.51921],[-108.06469,33.52026],[-108.0658,33.52318],[-108.06677,33.5244],[-108.0676,33.52384]]]},"bbox":[-108.08033,33.49667,-108.05441,33.53015]},{"type":"Feature","id":45205,"properties":{"y":2000,"n":"Tickle","ag":"USFS","ac":59.5,"c":14,"cl":"Unknown","ad":"2001-02-01","cd":"","st":"NM","se":4},"geometry":{"type":"Polygon","coordinates":[[[-108.60693,33.34159],[-108.60309,33.34262],[-108.60191,33.33987],[-108.60206,33.33914],[-108.60449,33.33719],[-108.60468,33.33784],[-108.6062,33.33869],[-108.60935,33.33912],[-108.61003,33.3396],[-108.60693,33.34159]]]},"bbox":[-108.61003,33.33719,-108.60191,33.34262]},{"type":"Feature","id":45206,"properties":{"y":2012,"n":"Twin","ag":"USFS","ac":0.3,"c":14,"cl":"Unknown","ad":"2012-12-31","cd":"","st":"NM","se":4},"geometry":{"type":"Polygon","coordinates":[[[-108.17754,32.89725],[-108.17729,32.89775],[-108.1772,32.89752],[-108.17754,32.89725]]]},"bbox":[-108.17759,32.89725,-108.1772,32.89777]},{"type":"Feature","id":45207,"properties":{"y":2014,"n":"Bart","ag":"USFS","ac":4.2,"c":14,"cl":"Unknown","ad":"2014-12-31","cd":"","st":"NM","se":4},"geometry":{"type":"Polygon","coordinates":[[[-108.31434,32.87562],[-108.31293,32.87678],[-108.31251,32.87609],[-108.31375,32.87524],[-108.31434,32.87562]]]},"bbox":[-108.31442,32.87524,-108.31251,32.87678]},{"type":"Feature","id":45208,"properties":{"y":2008,"n":"Kneeling Nun","ag":"USFS","ac":88.3,"c":14,"cl":"Unknown","ad":"2009-02-01","cd":"","st":"NM","se":4},"geometry":{"type":"Polygon","coordinates":[[[-108.02087,32.82483],[-108.0193,32.82387],[-108.01994,32.82244],[-108.01913,32.82135],[-108.01956,32.819],[-108.02306,32.81692],[-108.02547,32.81768],[-108.02573,32.81933],[-108.02419,32.82096],[-108.02499,32.82197],[-108.02408,32.82302],[-108.02226,32.82369],[-108.02087,32.82483]]]},"bbox":[-108.02578,32.81691,-108.01912,32.82485]},{"type":"Feature","id":45209,"properties":{"y":1987,"n":"Gomez","ag":"USFS","ac":15.5,"c":14,"cl":"Unknown","ad":"1994-02-01","cd":"","st":"NM","se":4},"geometry":{"type":"Polygon","coordinates":[[[-108.2849,32.84341],[-108.28258,32.84381],[-108.28148,32.84343],[-108.28181,32.84255],[-108.28304,32.84165],[-108.28434,32.8419],[-108.28524,32.84274],[-108.2849,32.84341]]]},"bbox":[-108.28529,32.84165,-108.28148,32.84381]},{"type":"Feature","id":45211,"properties":{"y":2014,"n":"Tige","ag":"USFS","ac":345.4,"c":14,"cl":"Unknown","ad":"2014-12-31","cd":"","st":"NM","se":4},"geometry":{"type":"Polygon","coordinates":[[[-109.0238,33.54991],[-109.02122,33.54918],[-109.01823,33.54672],[-109.01708,33.54464],[-109.0171,33.54348],[-109.01775,33.54248],[-109.02127,33.54037],[-109.03027,33.53713],[-109.0328,33.53747],[-109.03434,33.53947],[-109.03442,33.54115],[-109.03293,33.53869],[-109.03331,33.5411],[-109.03208,33.54358],[-109.02753,33.54871],[-109.02644,33.54941],[-109.0238,33.54991]]]},"bbox":[-109.03442,33.53705,-109.01708,33.54991]},{"type":"Feature","id":45213,"properties":{"y":2016,"n":"Black","ag":"USFS","ac":163.1,"c":14,"cl":"Unknown","ad":"2017-01-17","cd":"","st":"NM","se":4},"geometry":{"type":"Polygon","coordinates":[[[-108.15511,32.90991],[-108.15217,32.90967],[-108.15086,32.90875],[-108.15086,32.90739],[-108.15258,32.9054],[-108.1618,32.90344],[-108.16451,32.90359],[-108.16501,32.90427],[-108.16309,32.90641],[-108.16243,32.90909],[-108.16158,32.90964],[-108.15856,32.9094],[-108.15511,32.90991]]]},"bbox":[-108.16501,32.90344,-108.15071,32.90991]},{"type":"Feature","id":45214,"properties":{"y":1997,"n":"Martinez","ag":"USFS","ac":337.6,"c":14,"cl":"Unknown","ad":"1998-02-01","cd":"","st":"NM","se":4},"geometry":{"type":"Polygon","coordinates":[[[-108.9132,33.58783],[-108.91136,33.58891],[-108.91041,33.59049],[-108.90916,33.59081],[-108.90629,33.59411],[-108.90588,33.59543],[-108.90437,33.59604],[-108.90069,33.59218],[-108.89791,33.58789],[-108.90088,33.58446],[-108.90155,33.58193],[-108.90371,33.5804],[-108.90456,33.58036],[-108.91143,33.58469],[-108.9132,33.58783]]]},"bbox":[-108.9132,33.58036,-108.89791,33.59604]},{"type":"Feature","id":45215,"properties":{"y":1994,"n":"Ridge","ag":"USFS","ac":22.7,"c":14,"cl":"Unknown","ad":"1995-02-01","cd":"","st":"NM","se":4},"geometry":{"type":"Polygon","coordinates":[[[-108.1555,32.91775],[-108.15389,32.92],[-108.15219,32.91936],[-108.15201,32.91846],[-108.15313,32.91628],[-108.1542,32.91624],[-108.1555,32.91775]]]},"bbox":[-108.1555,32.91624,-108.15201,32.92004]},{"type":"Feature","id":45216,"properties":{"y":2004,"n":"Trout","ag":"USFS","ac":40.0,"c":14,"cl":"Unknown","ad":"2005-02-01","cd":"","st":"NM","se":4},"geometry":{"type":"Polygon","coordinates":[[[-109.00065,33.93543],[-108.99887,33.9348],[-108.99819,33.93339],[-108.99897,33.93189],[-109.00067,33.93134],[-109.00246,33.93202],[-109.00309,33.93345],[-109.00237,33.93484],[-109.00065,33.93543]]]},"bbox":[-109.00309,33.93134,-108.99819,33.93543]},{"type":"Feature","id":45217,"properties":{"y":2013,"n":"Papoose","ag":"USFS","ac":81.9,"c":14,"cl":"Unknown","ad":"2013-12-31","cd":"","st":"NM","se":4},"geometry":{"type":"Polygon","coordinates":[[[-108.28774,33.34727],[-108.28717,33.35084],[-108.28662,33.3509],[-108.28515,33.35005],[-108.28407,33.35151],[-108.28256,33.35141],[-108.281,33.35197],[-108.28035,33.35088],[-108.2815,33.34865],[-108.28034,33.34741],[-108.28085,33.34704],[-108.28086,33.34561],[-108.28203,33.34639],[-108.28296,33.34583],[-108.28774,33.34727]]]},"bbox":[-108.28794,33.34559,-108.28034,33.35198]},{"type":"Feature","id":45218,"properties":{"y":2014,"n":"Govina","ag":"USFS","ac":64.7,"c":14,"cl":"Unknown","ad":"2014-12-31","cd":"","st":"NM","se":4},"geometry":{"type":"MultiPolygon","coordinates":[[[[-108.48811,33.82125],[-108.48798,33.82355],[-108.48851,33.82437],[-108.4878,33.82509],[-108.48743,33.8272],[-108.48596,33.82764],[-108.48459,33.82731],[-108.4834,33.82549],[-108.48403,33.82442],[-108.48531,33.82435],[-108.4855,33.82321],[-108.48442,33.82213],[-108.48466,33.82111],[-108.48537,33.82048],[-108.4846,33.82005],[-108.48471,33.81951],[-108.48549,33.81907],[-108.48587,33.82017],[-108.48682,33.82007],[-108.48811,33.82125]]],[[[-108.4846,33.82005],[-108.48462,33.82008],[-108.48459,33.82009],[-108.4846,33.82005]]]]},"bbox":[-108.48854,33.81907,-108.4834,33.82764]},{"type":"Feature","id":45219,"properties":{"y":2012,"n":"Sapillo 2","ag":"USFS","ac":5.2,"c":14,"cl":"Unknown","ad":"2012-12-31","cd":"","st":"NM","se":4},"geometry":{"type":"Polygon","coordinates":[[[-108.11864,33.00737],[-108.11727,33.00746],[-108.11744,33.00678],[-108.11691,33.00627],[-108.11836,33.00619],[-108.11864,33.00737]],[[-108.11704,33.00637],[-108.11704,33.00636],[-108.11704,33.00636],[-108.11704,33.00637]]]},"bbox":[-108.11866,33.00605,-108.11691,33.00776]},{"type":"Feature","id":45220,"properties":{"y":2005,"n":"Bootleg","ag":"USFS","ac":83.8,"c":14,"cl":"Unknown","ad":"2017-01-20","cd":"","st":"NM","se":4},"geometry":{"type":"Polygon","coordinates":[[[-108.10664,32.93485],[-108.11043,32.93021],[-108.11355,32.93025],[-108.11408,32.93234],[-108.11353,32.93343],[-108.11424,32.9343],[-108.11436,32.93542],[-108.11276,32.93647],[-108.11198,32.93482],[-108.11101,32.93538],[-108.11104,32.93664],[-108.11037,32.93711],[-108.10937,32.93577],[-108.10845,32.93598],[-108.10664,32.93485]]]},"bbox":[-108.11436,32.93004,-108.10664,32.93717]},{"type":"Feature","id":45221,"properties":{"y":2009,"n":"Water 2","ag":"USFS","ac":0.4,"c":14,"cl":"Unknown","ad":"2010-02-01","cd":"","st":"NM","se":4},"geometry":{"type":"Polygon","coordinates":[[[-107.93257,33.47666],[-107.93308,33.47668],[-107.93282,33.47688],[-107.93257,33.47666]]]},"bbox":[-107.93308,33.47645,-107.93257,33.47688]},{"type":"Feature","id":45222,"properties":{"y":2004,"n":"Davis","ag":"USFS","ac":133.1,"c":14,"cl":"Unknown","ad":"2017-01-19","cd":"","st":"NM","se":4},"geometry":{"type":"Polygon","coordinates":[[[-108.49809,33.72128],[-108.49637,33.72193],[-108.49288,33.71974],[-108.49126,33.71735],[-108.49109,33.71615],[-108.49266,33.7146],[-108.49633,33.71388],[-108.49823,33.71268],[-108.4988,33.71161],[-108.49966,33.7144],[-108.49938,33.71619],[-108.49972,33.71754],[-108.49819,33.71957],[-108.49809,33.72128]]]},"bbox":[-108.49972,33.71161,-108.49103,33.72199]},{"type":"Feature","id":45224,"properties":{"y":2001,"n":"Water","ag":"USFS","ac":30.3,"c":14,"cl":"Unknown","ad":"2002-02-01","cd":"","st":"NM","se":4},"geometry":{"type":"Polygon","coordinates":[[[-107.93845,33.47233],[-107.93579,33.47013],[-107.93614,33.46813],[-107.93748,33.46755],[-107.93816,33.46769],[-107.93808,33.46826],[-107.9386,33.46855],[-107.93981,33.46883],[-107.9394,33.46962],[-107.93994,33.46942],[-107.93978,33.47038],[-107.93878,33.47113],[-107.93915,33.47148],[-107.93885,33.47191],[-107.93845,33.47233]]]},"bbox":[-107.93994,33.46755,-107.93579,33.47233]},{"type":"Feature","id":45225,"properties":{"y":2018,"n":"Ranch","ag":"USFS","ac":387.5,"c":14,"cl":"Unknown","ad":"2018-06-27","cd":"","st":"NM","se":2},"geometry":{"type":"Polygon","coordinates":[[[-108.89602,33.60013],[-108.89799,33.60358],[-108.89837,33.60724],[-108.8993,33.60759],[-108.90022,33.60886],[-108.89953,33.60962],[-108.89953,33.61127],[-108.89989,33.61185],[-108.90093,33.61212],[-108.90059,33.61277],[-108.8993,33.61312],[-108.89837,33.61561],[-108.89782,33.61596],[-108.89694,33.61534],[-108.89649,33.61562],[-108.89611,33.61665],[-108.89691,33.61763],[-108.89689,33.61829],[-108.89634,33.61871],[-108.89477,33.61864],[-108.89376,33.61837],[-108.89016,33.61388],[-108.88838,33.60996],[-108.88844,33.60634],[-108.8911,33.60292],[-108.89139,33.601],[-108.89213,33.59999],[-108.89453,33.59904],[-108.89602,33.60013]]]},"bbox":[-108.90093,33.59904,-108.88832,33.61871]},{"type":"Feature","id":45226,"properties":{"y":2019,"n":"Wagonbed","ag":"USFS","ac":446.0,"c":14,"cl":"Unknown","ad":"2019-07-02","cd":"","st":"NM","se":2},"geometry":{"type":"Polygon","coordinates":[[[-107.71043,33.17007],[-107.71218,33.1704],[-107.71435,33.17195],[-107.71477,33.17284],[-107.71459,33.17372],[-107.71256,33.17433],[-107.71252,33.17519],[-107.71339,33.17588],[-107.71432,33.17774],[-107.71224,33.17863],[-107.71255,33.18025],[-107.71145,33.18113],[-107.71325,33.18505],[-107.71287,33.18537],[-107.71202,33.18484],[-107.71051,33.18508],[-107.70857,33.18626],[-107.7079,33.18574],[-107.70408,33.18618],[-107.70336,33.18479],[-107.70172,33.18464],[-107.70119,33.18408],[-107.70389,33.18129],[-107.69868,33.1802],[-107.69799,33.17907],[-107.69905,33.17817],[-107.69586,33.17827],[-107.6961,33.17681],[-107.70186,33.17505],[-107.70327,33.17514],[-107.70604,33.17099],[-107.71043,33.17007]]]},"bbox":[-107.71482,33.17005,-107.69569,33.18626]},{"type":"Feature","id":45227,"properties":{"y":2014,"n":"Twinkle","ag":"USFS","ac":2.1,"c":14,"cl":"Unknown","ad":"2014-12-31","cd":"","st":"NM","se":4},"geometry":{"type":"Polygon","coordinates":[[[-107.99204,33.04707],[-107.99345,33.04658],[-107.99316,33.04742],[-107.99204,33.04707]]]},"bbox":[-107.99349,33.04648,-107.99199,33.04747]},{"type":"Feature","id":45229,"properties":{"y":2010,"n":"Monument","ag":"USFS","ac":17.0,"c":14,"cl":"Unknown","ad":"2011-02-01","cd":"","st":"NM","se":4},"geometry":{"type":"Polygon","coordinates":[[[-107.89605,33.10756],[-107.89304,33.10873],[-107.893,33.10538],[-107.89333,33.10506],[-107.89605,33.10756]]]},"bbox":[-107.89607,33.10506,-107.89295,33.10873]},{"type":"Feature","id":45230,"properties":{"y":2019,"n":"Reynolds","ag":"USFS","ac":28.0,"c":14,"cl":"Unknown","ad":"2019-06-05","cd":"","st":"NM","se":2},"geometry":{"type":"Polygon","coordinates":[[[-109.01367,33.88949],[-109.01138,33.88751],[-109.01158,33.8858],[-109.0148,33.88579],[-109.01521,33.88638],[-109.01553,33.88734],[-109.01517,33.8883],[-109.01367,33.88949]]]},"bbox":[-109.01553,33.88579,-109.01131,33.88949]},{"type":"Feature","id":45231,"properties":{"y":1994,"n":"Reading","ag":"USFS","ac":364.4,"c":14,"cl":"Unknown","ad":"1995-02-01","cd":"","st":"NM","se":4},"geometry":{"type":"Polygon","coordinates":[[[-108.32679,32.98619],[-108.32721,32.98485],[-108.32678,32.98168],[-108.32551,32.97814],[-108.32625,32.97755],[-108.3277,32.97865],[-108.32927,32.97902],[-108.32923,32.97975],[-108.32982,32.98034],[-108.32919,32.98103],[-108.32961,32.98181],[-108.33107,32.98254],[-108.33285,32.98247],[-108.33339,32.98346],[-108.33657,32.98445],[-108.33727,32.98516],[-108.33991,32.98533],[-108.34105,32.98594],[-108.34336,32.98484],[-108.34564,32.98635],[-108.34696,32.98627],[-108.3475,32.98706],[-108.35031,32.98702],[-108.35058,32.98804],[-108.34974,32.98903],[-108.34569,32.9904],[-108.33819,32.99102],[-108.33631,32.99187],[-108.33562,32.99189],[-108.33513,32.99118],[-108.3336,32.99185],[-108.33196,32.98999],[-108.32985,32.98915],[-108.32679,32.98619]]]},"bbox":[-108.35058,32.97755,-108.32551,32.99189]},{"type":"Feature","id":45233,"properties":{"y":2003,"n":"Stone","ag":"USFS","ac":40.0,"c":14,"cl":"Unknown","ad":"2004-02-01","cd":"","st":"NM","se":4},"geometry":{"type":"Polygon","coordinates":[[[-107.7722,33.66906],[-107.77043,33.66841],[-107.76976,33.667],[-107.77045,33.66559],[-107.77226,33.66496],[-107.77404,33.66565],[-107.77465,33.66709],[-107.77392,33.66848],[-107.7722,33.66906]]]},"bbox":[-107.77466,33.66496,-107.76976,33.66906]},{"type":"Feature","id":45235,"properties":{"y":1993,"n":"Skeleton Pnf","ag":"USFS","ac":31.8,"c":14,"cl":"Unknown","ad":"2017-01-18","cd":"","st":"NM","se":4},"geometry":{"type":"Polygon","coordinates":[[[-108.79031,33.33557],[-108.79406,33.33564],[-108.79464,33.33718],[-108.7952,33.33748],[-108.79521,33.33794],[-108.79436,33.33833],[-108.79439,33.33918],[-108.79371,33.33922],[-108.79331,33.3385],[-108.79162,33.33771],[-108.78968,33.33803],[-108.79061,33.33676],[-108.79031,33.33557]]]},"bbox":[-108.79526,33.33537,-108.78966,33.33923]},{"type":"Feature","id":45236,"properties":{"y":2003,"n":"Pup","ag":"USFS","ac":12.0,"c":14,"cl":"Unknown","ad":"2004-02-01","cd":"","st":"NM","se":4},"geometry":{"type":"Polygon","coordinates":[[[-108.96894,33.56812],[-108.96797,33.56778],[-108.9676,33.56701],[-108.96796,33.56623],[-108.96895,33.56588],[-108.96987,33.5662],[-108.97027,33.56703],[-108.96988,33.5678],[-108.96894,33.56812]]]},"bbox":[-108.97027,33.56588,-108.9676,33.56812]},{"type":"Feature","id":45237,"properties":{"y":2011,"n":"Girty","ag":"USFS","ac":25.9,"c":14,"cl":"Unknown","ad":"2011-12-31","cd":"","st":"NM","se":4},"geometry":{"type":"MultiPolygon","coordinates":[[[[-107.93321,32.91841],[-107.93302,32.91934],[-107.93296,32.91933],[-107.93271,32.9191],[-107.93278,32.91864],[-107.93162,32.91907],[-107.9313,32.91858],[-107.93064,32.91925],[-107.92985,32.91885],[-107.93093,32.91863],[-107.93105,32.91817],[-107.93001,32.91753],[-107.9303,32.91697],[-107.93149,32.91714],[-107.93129,32.91796],[-107.93179,32.91763],[-107.93161,32.9167],[-107.93079,32.9165],[-107.9308,32.9163],[-107.93101,32.91631],[-107.9311,32.91622],[-107.93109,32.91609],[-107.93056,32.91542],[-107.93149,32.91574],[-107.93263,32.91724],[-107.93314,32.91693],[-107.93285,32.91785],[-107.9333,32.91818],[-107.93475,32.91475],[-107.93522,32.91489],[-107.93538,32.9145],[-107.93567,32.91511],[-107.93667,32.91492],[-107.93664,32.9155],[-107.93555,32.9156],[-107.93542,32.91666],[-107.9344,32.91815],[-107.93321,32.91841]]],[[[-107.93109,32.91612],[-107.93108,32.91612],[-107.93109,32.91612],[-107.93109,32.91612]]]]},"bbox":[-107.93675,32.9145,-107.92985,32.91934]},{"type":"Feature","id":45241,"properties":{"y":2012,"n":"Powder","ag":"USFS","ac":26.0,"c":14,"cl":"Unknown","ad":"2012-12-31","cd":"","st":"NM","se":4},"geometry":{"type":"Polygon","coordinates":[[[-107.91482,33.03281],[-107.91641,33.03478],[-107.91329,33.03642],[-107.91202,33.03574],[-107.91176,33.03371],[-107.91482,33.03281]]]},"bbox":[-107.9165,33.03281,-107.9117,33.03642]},{"type":"Feature","id":45243,"properties":{"y":2010,"n":"Grouse","ag":"USFS","ac":17.4,"c":14,"cl":"Unknown","ad":"2011-02-01","cd":"","st":"NM","se":4},"geometry":{"type":"Polygon","coordinates":[[[-108.71167,33.30681],[-108.71225,33.30882],[-108.70937,33.30953],[-108.70926,33.30697],[-108.7103,33.30653],[-108.71167,33.30681]]]},"bbox":[-108.71226,33.30653,-108.70904,33.30955]},{"type":"Feature","id":45244,"properties":{"y":2007,"n":"Apache","ag":"USFS","ac":90.2,"c":14,"cl":"Unknown","ad":"2008-02-01","cd":"","st":"NM","se":4},"geometry":{"type":"Polygon","coordinates":[[[-108.59921,33.9308],[-108.59771,33.93218],[-108.59618,33.93271],[-108.59535,33.93237],[-108.59584,33.93078],[-108.59565,33.9297],[-108.59658,33.92841],[-108.59763,33.92501],[-108.59831,33.92493],[-108.59996,33.92595],[-108.60138,33.92743],[-108.60345,33.9277],[-108.60484,33.92843],[-108.60331,33.92887],[-108.60252,33.93101],[-108.60167,33.93118],[-108.60079,33.93051],[-108.59921,33.9308]]]},"bbox":[-108.60484,33.92493,-108.59535,33.93271]},{"type":"Feature","id":45245,"properties":{"y":2003,"n":"Rock","ag":"USFS","ac":55.3,"c":14,"cl":"Unknown","ad":"2004-02-01","cd":"","st":"NM","se":4},"geometry":{"type":"Polygon","coordinates":[[[-108.31167,33.10178],[-108.30989,33.0995],[-108.31036,33.0983],[-108.31399,33.098],[-108.31685,33.09959],[-108.31678,33.10049],[-108.31538,33.10171],[-108.31281,33.10223],[-108.31167,33.10178]]]},"bbox":[-108.31687,33.098,-108.30989,33.10223]},{"type":"Feature","id":45246,"properties":{"y":2019,"n":"Shelly","ag":"USFS","ac":132.7,"c":14,"cl":"Unknown","ad":"2019-07-06","cd":"","st":"NM","se":2},"geometry":{"type":"Polygon","coordinates":[[[-108.56024,33.17145],[-108.55812,33.17283],[-108.55745,33.17251],[-108.55661,33.17102],[-108.55699,33.16799],[-108.55308,33.16619],[-108.55248,33.1649],[-108.55309,33.16282],[-108.556,33.16112],[-108.5577,33.16144],[-108.55973,33.16482],[-108.56024,33.17145]]]},"bbox":[-108.56024,33.16098,-108.55248,33.17283]},{"type":"Feature","id":45247,"properties":{"y":2021,"n":"Maness","ag":"USFS","ac":41.6,"c":14,"cl":"Unknown","ad":"2021-06-29","cd":"","st":"NM","se":2},"geometry":{"type":"Polygon","coordinates":[[[-109.04589,33.70671],[-109.04444,33.70615],[-109.04348,33.7067],[-109.04557,33.70752],[-109.04569,33.70862],[-109.04492,33.70903],[-109.04172,33.70941],[-109.03988,33.70772],[-109.04142,33.70691],[-109.04085,33.70656],[-109.04269,33.70642],[-109.04399,33.7053],[-109.04545,33.70576],[-109.04593,33.70509],[-109.04669,33.70572],[-109.04662,33.70632],[-109.04589,33.70671]],[[-109.04169,33.70688],[-109.04168,33.70688],[-109.0417,33.70688],[-109.04169,33.70688]]]},"bbox":[-109.04669,33.70509,-109.03988,33.70946]},{"type":"Feature","id":45248,"properties":{"y":2019,"n":"Rincon","ag":"USFS","ac":15.2,"c":14,"cl":"Unknown","ad":"2019-05-13","cd":"","st":"NM","se":1},"geometry":{"type":"Polygon","coordinates":[[[-108.24481,33.14055],[-108.2438,33.14019],[-108.24334,33.13925],[-108.24385,33.13834],[-108.24488,33.13802],[-108.24589,33.13838],[-108.24635,33.13932],[-108.24584,33.14023],[-108.24481,33.14055]]]},"bbox":[-108.24635,33.13802,-108.24334,33.14055]},{"type":"Feature","id":45249,"properties":{"y":2013,"n":"Indian","ag":"USFS","ac":73.8,"c":14,"cl":"Unknown","ad":"2013-12-31","cd":"","st":"NM","se":4},"geometry":{"type":"MultiPolygon","coordinates":[[[[-108.28632,33.33034],[-108.28631,33.33035],[-108.2863,33.33034],[-108.28632,33.33034]]],[[[-108.28631,33.33035],[-108.28694,33.33046],[-108.28754,33.32975],[-108.28742,33.32906],[-108.28801,33.32907],[-108.28904,33.32981],[-108.28976,33.33192],[-108.28944,33.33235],[-108.28965,33.33461],[-108.28912,33.33516],[-108.28846,33.33491],[-108.28802,33.33598],[-108.28718,33.33591],[-108.28697,33.33627],[-108.28744,33.33652],[-108.2869,33.33676],[-108.28489,33.33583],[-108.28466,33.33403],[-108.28403,33.33378],[-108.28466,33.33315],[-108.28415,33.33274],[-108.28413,33.33164],[-108.28624,33.33079],[-108.28631,33.33035]]]]},"bbox":[-108.28981,33.329,-108.28403,33.33676]},{"type":"Feature","id":45250,"properties":{"y":2008,"n":"Baily","ag":"USFS","ac":330.0,"c":14,"cl":"Unknown","ad":"2009-02-01","cd":"","st":"NM","se":4},"geometry":{"type":"Polygon","coordinates":[[[-107.92887,33.22713],[-107.92925,33.22799],[-107.93026,33.22669],[-107.93264,33.22569],[-107.93836,33.22379],[-107.93999,33.2241],[-107.94258,33.22558],[-107.94276,33.22641],[-107.94231,33.22707],[-107.94403,33.23],[-107.94336,33.23128],[-107.94333,33.23253],[-107.9442,33.23363],[-107.94273,33.23472],[-107.94001,33.2354],[-107.93966,33.23492],[-107.94038,33.23411],[-107.94011,33.23337],[-107.93511,33.23491],[-107.93388,33.23441],[-107.93256,33.235],[-107.93162,33.23332],[-107.92912,33.23355],[-107.92945,33.23145],[-107.92879,33.22908],[-107.92887,33.22713]]]},"bbox":[-107.9442,33.22379,-107.92879,33.2354]},{"type":"Feature","id":45252,"properties":{"y":1998,"n":"Skates","ag":"USFS","ac":147.5,"c":14,"cl":"Unknown","ad":"1999-02-01","cd":"","st":"NM","se":4},"geometry":{"type":"Polygon","coordinates":[[[-108.12918,32.93694],[-108.1299,32.93718],[-108.13097,32.93954],[-108.13207,32.94001],[-108.1324,32.94065],[-108.13238,32.94316],[-108.13123,32.947],[-108.1298,32.947],[-108.12765,32.9482],[-108.12716,32.94778],[-108.12752,32.947],[-108.12535,32.94484],[-108.12509,32.94192],[-108.12614,32.93917],[-108.12918,32.93694]]]},"bbox":[-108.13258,32.93694,-108.12501,32.9482]},{"type":"Feature","id":45253,"properties":{"y":2020,"n":"Windy","ag":"USFS","ac":19.9,"c":14,"cl":"Unknown","ad":"2020-09-10","cd":"","st":"NM","se":3},"geometry":{"type":"Polygon","coordinates":[[[-108.75108,33.27397],[-108.74985,33.27399],[-108.74951,33.27308],[-108.74912,33.27024],[-108.74993,33.26949],[-108.75096,33.27027],[-108.75137,33.27255],[-108.75108,33.27397]]]},"bbox":[-108.75137,33.26949,-108.74912,33.27415]},{"type":"Feature","id":45254,"properties":{"y":2011,"n":"Feather","ag":"USFS","ac":549.3,"c":14,"cl":"Unknown","ad":"2011-12-31","cd":"","st":"NM","se":4},"geometry":{"type":"Polygon","coordinates":[[[-108.52646,33.34518],[-108.52714,33.34572],[-108.52601,33.34666],[-108.52302,33.34656],[-108.52177,33.3454],[-108.52154,33.34577],[-108.52202,33.34658],[-108.5203,33.34771],[-108.52066,33.34889],[-108.51759,33.34895],[-108.51745,33.34798],[-108.5185,33.34587],[-108.51871,33.34344],[-108.51776,33.34381],[-108.51695,33.34233],[-108.51562,33.34338],[-108.51419,33.343],[-108.51354,33.3421],[-108.51166,33.34208],[-108.51169,33.34119],[-108.51259,33.33984],[-108.51166,33.3397],[-108.51152,33.34026],[-108.5105,33.33994],[-108.51085,33.33867],[-108.5104,33.33589],[-108.51065,33.33463],[-108.50923,33.33389],[-108.51012,33.33291],[-108.51136,33.33305],[-108.51241,33.33216],[-108.51192,33.33143],[-108.50898,33.33134],[-108.50901,33.33078],[-108.50993,33.33063],[-108.50985,33.33002],[-108.51291,33.32924],[-108.51404,33.32791],[-108.51331,33.32768],[-108.51313,33.32695],[-108.51457,33.32699],[-108.5163,33.32755],[-108.51617,33.32829],[-108.5184,33.32946],[-108.51723,33.32997],[-108.51819,33.33113],[-108.51792,33.332],[-108.52113,33.33427],[-108.52165,33.33358],[-108.52238,33.33351],[-108.52309,33.33416],[-108.52534,33.33409],[-108.52526,33.33603],[-108.52421,33.33627],[-108.52482,33.33658],[-108.52461,33.33788],[-108.52598,33.33785],[-108.52681,33.34003],[-108.52791,33.34038],[-108.52782,33.3424],[-108.52703,33.34314],[-108.52703,33.34416],[-108.52647,33.34417],[-108.52646,33.34518]]]},"bbox":[-108.52794,33.32695,-108.50898,33.34905]},{"type":"Feature","id":45255,"properties":{"y":1994,"n":"Horse","ag":"USFS","ac":15.6,"c":14,"cl":"Unknown","ad":"1995-02-01","cd":"","st":"NM","se":4},"geometry":{"type":"Polygon","coordinates":[[[-108.29714,33.0097],[-108.29965,33.00923],[-108.29817,33.01129],[-108.29668,33.01215],[-108.29556,33.0121],[-108.29714,33.0097]]]},"bbox":[-108.29965,33.00923,-108.29556,33.01215]},{"type":"Feature","id":45258,"properties":{"y":2011,"n":"Escondido","ag":"USFS","ac":17.0,"c":14,"cl":"Unknown","ad":"2011-12-31","cd":"","st":"NM","se":4},"geometry":{"type":"Polygon","coordinates":[[[-108.41375,34.19394],[-108.41208,34.19375],[-108.41181,34.19314],[-108.41216,34.19262],[-108.41131,34.19205],[-108.41281,34.19071],[-108.41372,34.19105],[-108.41422,34.19183],[-108.41375,34.19394]]]},"bbox":[-108.41424,34.19071,-108.41131,34.19414]},{"type":"Feature","id":45259,"properties":{"y":2017,"n":"Whiterocks","ag":"USFS","ac":29.2,"c":14,"cl":"Unknown","ad":"2017-08-30","cd":"","st":"NM","se":2},"geometry":{"type":"Polygon","coordinates":[[[-109.04606,33.501],[-109.04394,33.50519],[-109.04271,33.50578],[-109.0424,33.50362],[-109.04043,33.50217],[-109.04606,33.501]]]},"bbox":[-109.04606,33.501,-109.04043,33.50594]},{"type":"Feature","id":45260,"properties":{"y":2018,"n":"Juniper","ag":"USFS","ac":116.6,"c":14,"cl":"Unknown","ad":"2018-06-07","cd":"","st":"NM","se":2},"geometry":{"type":"Polygon","coordinates":[[[-108.96874,33.21726],[-108.97019,33.21866],[-108.97023,33.21973],[-108.96721,33.22153],[-108.96514,33.2243],[-108.96404,33.22407],[-108.96091,33.22078],[-108.96123,33.21799],[-108.96337,33.21773],[-108.96503,33.21638],[-108.96874,33.21726]]]},"bbox":[-108.97035,33.21638,-108.96078,33.22433]},{"type":"Feature","id":45262,"properties":{"y":1996,"n":"Maverick Pnf","ag":"USFS","ac":58.7,"c":14,"cl":"Unknown","ad":"1997-02-01","cd":"","st":"NM","se":4},"geometry":{"type":"Polygon","coordinates":[[[-108.96789,33.67438],[-108.96622,33.67488],[-108.96498,33.67444],[-108.96132,33.67633],[-108.96078,33.67618],[-108.96075,33.67566],[-108.96162,33.674],[-108.96011,33.67446],[-108.96008,33.67401],[-108.96243,33.67123],[-108.96476,33.67127],[-108.96682,33.67217],[-108.96716,33.67374],[-108.96811,33.6739],[-108.96789,33.67438]]]},"bbox":[-108.96811,33.67117,-108.96008,33.67633]},{"type":"Feature","id":45263,"properties":{"y":2003,"n":"Parallel","ag":"USFS","ac":13.2,"c":14,"cl":"Unknown","ad":"2004-02-01","cd":"","st":"NM","se":4},"geometry":{"type":"Polygon","coordinates":[[[-108.73749,33.39727],[-108.73754,33.39515],[-108.73843,33.39459],[-108.73964,33.3949],[-108.73969,33.39622],[-108.73853,33.39736],[-108.73749,33.39727]]]},"bbox":[-108.7398,33.39453,-108.73741,33.39736]},{"type":"Feature","id":45264,"properties":{"y":2021,"n":"Dry","ag":"USFS","ac":17.2,"c":14,"cl":"Unknown","ad":"2021-04-13","cd":"","st":"NM","se":1},"geometry":{"type":"Polygon","coordinates":[[[-109.03284,33.74382],[-109.03162,33.74286],[-109.03302,33.74209],[-109.03189,33.74125],[-109.03361,33.73983],[-109.03522,33.73987],[-109.03561,33.74067],[-109.0334,33.74143],[-109.03446,33.74222],[-109.03314,33.74306],[-109.03284,33.74382]]]},"bbox":[-109.03567,33.73969,-109.03162,33.74384]},{"type":"Feature","id":45265,"properties":{"y":1996,"n":"Mesa","ag":"USFS","ac":101.8,"c":14,"cl":"Unknown","ad":"1997-02-01","cd":"","st":"NM","se":4},"geometry":{"type":"Polygon","coordinates":[[[-108.38308,32.87641],[-108.3781,32.87306],[-108.37718,32.87055],[-108.37595,32.86883],[-108.37948,32.86553],[-108.37997,32.86667],[-108.37979,32.86812],[-108.38114,32.86898],[-108.38244,32.87199],[-108.38449,32.8749],[-108.38393,32.87596],[-108.38308,32.87641]]]},"bbox":[-108.38449,32.86553,-108.37595,32.87641]},{"type":"Feature","id":45267,"properties":{"y":2005,"n":"October","ag":"USFS","ac":93.1,"c":14,"cl":"Unknown","ad":"2006-02-01","cd":"","st":"NM","se":4},"geometry":{"type":"Polygon","coordinates":[[[-108.70648,33.44051],[-108.70543,33.44136],[-108.70277,33.44149],[-108.70243,33.44201],[-108.69893,33.4417],[-108.6989,33.44016],[-108.69814,33.43932],[-108.69861,33.43874],[-108.69834,33.43831],[-108.69929,33.43784],[-108.69953,33.43689],[-108.70143,33.43713],[-108.70226,33.43683],[-108.70222,33.43617],[-108.70333,33.43589],[-108.70418,33.43675],[-108.70667,33.43678],[-108.70709,33.43735],[-108.7069,33.43869],[-108.70524,33.439],[-108.7055,33.43994],[-108.70648,33.44051]]]},"bbox":[-108.70709,33.43589,-108.69814,33.44201]},{"type":"Feature","id":45268,"properties":{"y":1993,"n":"Buds","ag":"USFS","ac":129.9,"c":14,"cl":"Unknown","ad":"1994-02-01","cd":"","st":"NM","se":4},"geometry":{"type":"Polygon","coordinates":[[[-108.52289,33.20134],[-108.52386,33.20146],[-108.52479,33.20271],[-108.52461,33.2039],[-108.52031,33.20604],[-108.51846,33.20895],[-108.52123,33.21418],[-108.52101,33.21472],[-108.5203,33.21481],[-108.51681,33.2132],[-108.51799,33.21107],[-108.51568,33.20929],[-108.51531,33.20673],[-108.5158,33.20521],[-108.51655,33.20455],[-108.51865,33.20336],[-108.5209,33.20278],[-108.52289,33.20134]]]},"bbox":[-108.52493,33.20122,-108.51531,33.21484]},{"type":"Feature","id":45270,"properties":{"y":2009,"n":"Georgetown","ag":"USFS","ac":72.0,"c":14,"cl":"Unknown","ad":"2010-02-01","cd":"","st":"NM","se":4},"geometry":{"type":"Polygon","coordinates":[[[-108.0605,32.83359],[-108.05809,32.83414],[-108.05679,32.8351],[-108.05587,32.8348],[-108.05379,32.83596],[-108.05158,32.83527],[-108.05402,32.83213],[-108.0585,32.83041],[-108.05969,32.83042],[-108.06078,32.83113],[-108.0605,32.83359]]]},"bbox":[-108.06084,32.83035,-108.05158,32.83596]},{"type":"Feature","id":45272,"properties":{"y":2009,"n":"Couger","ag":"USFS","ac":290.2,"c":14,"cl":"Unknown","ad":"2010-02-01","cd":"","st":"NM","se":4},"geometry":{"type":"Polygon","coordinates":[[[-107.93936,33.11162],[-107.93745,33.11038],[-107.93646,33.11045],[-107.93687,33.11093],[-107.93655,33.11208],[-107.93388,33.11273],[-107.93358,33.1132],[-107.93139,33.1102],[-107.93141,33.10747],[-107.9307,33.10757],[-107.93012,33.10601],[-107.9301,33.10546],[-107.93128,33.10536],[-107.93111,33.10336],[-107.93957,33.10833],[-107.94187,33.10823],[-107.94411,33.10885],[-107.94873,33.11482],[-107.9488,33.11577],[-107.94758,33.1176],[-107.9482,33.11921],[-107.94799,33.12019],[-107.94679,33.1206],[-107.94608,33.12011],[-107.94358,33.11666],[-107.94008,33.11339],[-107.93936,33.11162]]]},"bbox":[-107.9488,33.10336,-107.9301,33.12061]},{"type":"Feature","id":45273,"properties":{"y":1995,"n":"Whitetail","ag":"USFS","ac":162.1,"c":14,"cl":"Unknown","ad":"1996-02-01","cd":"","st":"NM","se":4},"geometry":{"type":"Polygon","coordinates":[[[-108.70956,33.38357],[-108.70013,33.38671],[-108.69911,33.38605],[-108.69857,33.3843],[-108.69916,33.383],[-108.7018,33.3811],[-108.70748,33.37857],[-108.70903,33.37874],[-108.7123,33.38092],[-108.71249,33.38139],[-108.70956,33.38357]]]},"bbox":[-108.71249,33.37857,-108.69857,33.38671]},{"type":"Feature","id":45274,"properties":{"y":1998,"n":"La Jolla","ag":"USFS","ac":38.9,"c":14,"cl":"Unknown","ad":"1999-02-01","cd":"","st":"NM","se":4},"geometry":{"type":"Polygon","coordinates":[[[-108.39887,33.62668],[-108.39475,33.62833],[-108.39302,33.62788],[-108.39223,33.62675],[-108.39372,33.62634],[-108.39601,33.62422],[-108.39846,33.62585],[-108.39887,33.62668]]]},"bbox":[-108.39887,33.62422,-108.39223,33.62833]},{"type":"Feature","id":45275,"properties":{"y":2021,"n":"Canon","ag":"USFS","ac":10.3,"c":14,"cl":"Unknown","ad":"2021-08-09","cd":"","st":"NM","se":2},"geometry":{"type":"Polygon","coordinates":[[[-108.43935,34.0153],[-108.43979,34.01555],[-108.4394,34.01707],[-108.43838,34.01822],[-108.4378,34.01819],[-108.43767,34.01768],[-108.43813,34.01736],[-108.43749,34.0159],[-108.43935,34.0153]]]},"bbox":[-108.43979,34.01529,-108.43749,34.01825]},{"type":"Feature","id":45276,"properties":{"y":2018,"n":"Dry","ag":"USFS","ac":12.9,"c":14,"cl":"Unknown","ad":"2018-07-22","cd":"","st":"NM","se":2},"geometry":{"type":"Polygon","coordinates":[[[-108.02833,33.30988],[-108.02733,33.30937],[-108.02694,33.30798],[-108.02918,33.30802],[-108.02894,33.30745],[-108.02984,33.30751],[-108.0303,33.3088],[-108.02833,33.30988]]]},"bbox":[-108.0303,33.30734,-108.02692,33.30988]},{"type":"Feature","id":45278,"properties":{"y":2019,"n":"Little","ag":"USFS","ac":311.4,"c":14,"cl":"Unknown","ad":"2019-07-04","cd":"","st":"NM","se":2},"geometry":{"type":"Polygon","coordinates":[[[-108.35091,33.22376],[-108.35195,33.22588],[-108.35064,33.22862],[-108.34961,33.22955],[-108.34806,33.2301],[-108.34505,33.22926],[-108.34458,33.23073],[-108.34216,33.23182],[-108.34242,33.23051],[-108.34152,33.22942],[-108.33983,33.22924],[-108.33726,33.23011],[-108.33484,33.22788],[-108.33791,33.22421],[-108.33652,33.22286],[-108.33721,33.22166],[-108.33458,33.2188],[-108.33059,33.21594],[-108.33614,33.21764],[-108.34046,33.22218],[-108.34391,33.22235],[-108.34626,33.22334],[-108.35091,33.22376]]]},"bbox":[-108.35195,33.21578,-108.33059,33.23182]},{"type":"Feature","id":45283,"properties":{"y":2013,"n":"Board","ag":"USFS","ac":0.3,"c":14,"cl":"Unknown","ad":"2013-12-31","cd":"","st":"NM","se":4},"geometry":{"type":"Polygon","coordinates":[[[-107.88732,32.99696],[-107.88776,32.99721],[-107.88722,32.99705],[-107.88732,32.99696]]]},"bbox":[-107.88788,32.99693,-107.88722,32.99721]},{"type":"Feature","id":45285,"properties":{"y":1994,"n":"Scott","ag":"USFS","ac":24.4,"c":14,"cl":"Unknown","ad":"1995-02-01","cd":"","st":"NM","se":4},"geometry":{"type":"Polygon","coordinates":[[[-108.21813,32.94005],[-108.21946,32.94054],[-108.21971,32.94155],[-108.21897,32.94348],[-108.21797,32.94438],[-108.21634,32.94368],[-108.2167,32.94198],[-108.21813,32.94005]]]},"bbox":[-108.21971,32.94005,-108.21634,32.94438]},{"type":"Feature","id":45286,"properties":{"y":2003,"n":"Heffner","ag":"USFS","ac":35.0,"c":14,"cl":"Unknown","ad":"2004-02-01","cd":"","st":"NM","se":4},"geometry":{"type":"Polygon","coordinates":[[[-107.88639,33.05449],[-107.88475,33.05389],[-107.88413,33.05257],[-107.88477,33.05125],[-107.88645,33.05066],[-107.8881,33.05131],[-107.88868,33.05265],[-107.88799,33.05395],[-107.88639,33.05449]]]},"bbox":[-107.88868,33.05066,-107.88413,33.05449]},{"type":"Feature","id":45287,"properties":{"y":2007,"n":"Ten","ag":"USFS","ac":965.8,"c":14,"cl":"Unknown","ad":"2008-02-01","cd":"","st":"NM","se":4},"geometry":{"type":"Polygon","coordinates":[[[-108.32802,33.45084],[-108.33006,33.44935],[-108.33032,33.44844],[-108.32994,33.44811],[-108.32768,33.44838],[-108.32753,33.44768],[-108.32868,33.44567],[-108.32822,33.44416],[-108.32895,33.44238],[-108.32932,33.43938],[-108.33009,33.43876],[-108.3327,33.43911],[-108.33507,33.43704],[-108.33528,33.43583],[-108.33457,33.43373],[-108.33482,33.43199],[-108.33554,33.43116],[-108.33862,33.43242],[-108.34012,33.43208],[-108.34077,33.4327],[-108.34155,33.43564],[-108.34343,33.43645],[-108.34429,33.43788],[-108.34506,33.43828],[-108.34784,33.4383],[-108.34997,33.43972],[-108.35126,33.43965],[-108.35344,33.43857],[-108.35458,33.43941],[-108.35383,33.44118],[-108.35038,33.44153],[-108.34992,33.44205],[-108.35095,33.44358],[-108.34858,33.44338],[-108.34468,33.44493],[-108.34526,33.44587],[-108.3471,33.44714],[-108.35076,33.44813],[-108.35133,33.44869],[-108.35115,33.451],[-108.34915,33.45279],[-108.34689,33.45333],[-108.34544,33.45497],[-108.34429,33.45536],[-108.34156,33.45479],[-108.33955,33.45566],[-108.33582,33.45528],[-108.33464,33.45492],[-108.33376,33.45399],[-108.33366,33.45001],[-108.33321,33.45012],[-108.33215,33.45366],[-108.33131,33.45411],[-108.32914,33.45188],[-108.32672,33.45089],[-108.32802,33.45084]]]},"bbox":[-108.35458,33.43116,-108.32672,33.45569]},{"type":"Feature","id":45288,"properties":{"y":2019,"n":"Indian","ag":"USFS","ac":6.3,"c":14,"cl":"Unknown","ad":"2019-05-27","cd":"","st":"NM","se":1},"geometry":{"type":"Polygon","coordinates":[[[-108.3521,33.35647],[-108.35056,33.35585],[-108.3521,33.355],[-108.35333,33.35535],[-108.35333,33.35597],[-108.3521,33.35647]]]},"bbox":[-108.35337,33.35498,-108.35056,33.35658]},{"type":"Feature","id":45289,"properties":{"y":2007,"n":"Lake","ag":"USFS","ac":314.2,"c":14,"cl":"Unknown","ad":"2008-02-01","cd":"","st":"NM","se":4},"geometry":{"type":"Polygon","coordinates":[[[-107.75429,33.10945],[-107.75375,33.10737],[-107.75213,33.10527],[-107.7519,33.10345],[-107.75347,33.10171],[-107.75603,33.10088],[-107.76007,33.10153],[-107.76275,33.10356],[-107.76383,33.10258],[-107.76555,33.10331],[-107.76619,33.10398],[-107.76587,33.10462],[-107.76445,33.10509],[-107.76599,33.10679],[-107.76819,33.10752],[-107.76855,33.10816],[-107.76402,33.11035],[-107.75842,33.11194],[-107.75548,33.11192],[-107.75467,33.11235],[-107.75405,33.11211],[-107.75385,33.10988],[-107.75429,33.10945]]]},"bbox":[-107.76855,33.10085,-107.7518,33.11235]},{"type":"Feature","id":45290,"properties":{"y":2009,"n":"Allie","ag":"USFS","ac":911.8,"c":14,"cl":"Unknown","ad":"2010-02-01","cd":"","st":"NM","se":4},"geometry":{"type":"Polygon","coordinates":[[[-108.12659,32.92688],[-108.12764,32.92564],[-108.12762,32.92433],[-108.12829,32.92367],[-108.13128,32.92359],[-108.1333,32.92412],[-108.13431,32.92399],[-108.13566,32.92278],[-108.13687,32.9232],[-108.13843,32.92275],[-108.13915,32.9243],[-108.14075,32.92534],[-108.1432,32.92573],[-108.14336,32.92697],[-108.14421,32.92784],[-108.14637,32.92793],[-108.14544,32.92939],[-108.14388,32.93053],[-108.14334,32.93179],[-108.14335,32.93346],[-108.14254,32.93286],[-108.13844,32.93219],[-108.13755,32.93147],[-108.13579,32.932],[-108.13527,32.93267],[-108.13738,32.93438],[-108.13963,32.93473],[-108.14151,32.93613],[-108.14349,32.93652],[-108.14635,32.93838],[-108.1442,32.93859],[-108.13967,32.94086],[-108.13458,32.94128],[-108.13093,32.94123],[-108.12584,32.93952],[-108.12488,32.94016],[-108.12386,32.94004],[-108.12218,32.9385],[-108.12082,32.9338],[-108.11699,32.93239],[-108.11326,32.93633],[-108.11358,32.93317],[-108.11577,32.92851],[-108.11999,32.92985],[-108.12167,32.92993],[-108.1243,32.92841],[-108.12535,32.92707],[-108.12659,32.92688]]]},"bbox":[-108.14637,32.92275,-108.11326,32.94138]},{"type":"Feature","id":45291,"properties":{"y":2011,"n":"Diamond","ag":"USFS","ac":1.8,"c":14,"cl":"Unknown","ad":"2011-12-31","cd":"","st":"NM","se":4},"geometry":{"type":"Polygon","coordinates":[[[-108.05743,33.30548],[-108.0575,33.30497],[-108.05797,33.30491],[-108.05779,33.30549],[-108.05861,33.30505],[-108.05808,33.30589],[-108.05743,33.30548]]]},"bbox":[-108.05863,33.30491,-108.05722,33.30589]},{"type":"Feature","id":45293,"properties":{"y":2003,"n":"Middle","ag":"USFS","ac":66.0,"c":14,"cl":"Unknown","ad":"2004-02-01","cd":"","st":"NM","se":4},"geometry":{"type":"Polygon","coordinates":[[[-108.0517,33.28798],[-108.04944,33.28716],[-108.04858,33.28535],[-108.04959,33.28342],[-108.05177,33.28273],[-108.05391,33.28349],[-108.05484,33.28545],[-108.0539,33.28723],[-108.0517,33.28798]]]},"bbox":[-108.05484,33.28273,-108.04858,33.28798]},{"type":"Feature","id":45294,"properties":{"y":2016,"n":"Bull","ag":"USFS","ac":5.2,"c":14,"cl":"Unknown","ad":"2016-05-25","cd":"","st":"NM","se":1},"geometry":{"type":"Polygon","coordinates":[[[-108.68051,33.57566],[-108.67872,33.57598],[-108.678,33.57571],[-108.68042,33.57487],[-108.68051,33.57566]]]},"bbox":[-108.68059,33.57484,-108.678,33.57602]},{"type":"Feature","id":45295,"properties":{"y":2021,"n":"Elk","ag":"USFS","ac":229.3,"c":14,"cl":"Unknown","ad":"2021-05-11","cd":"","st":"NM","se":1},"geometry":{"type":"Polygon","coordinates":[[[-108.26847,33.49647],[-108.26575,33.49636],[-108.26424,33.49725],[-108.26299,33.49563],[-108.26313,33.49434],[-108.26387,33.49279],[-108.26586,33.49105],[-108.27044,33.48993],[-108.27385,33.48964],[-108.27399,33.49022],[-108.2729,33.49169],[-108.2758,33.49302],[-108.28122,33.49394],[-108.27777,33.49487],[-108.27276,33.49508],[-108.27223,33.49594],[-108.272,33.49729],[-108.27599,33.49831],[-108.27506,33.49953],[-108.27625,33.50312],[-108.27495,33.5042],[-108.27286,33.49996],[-108.26847,33.49647]]]},"bbox":[-108.28122,33.48958,-108.26299,33.5042]},{"type":"Feature","id":45296,"properties":{"y":2008,"n":"Collins Park","ag":"USFS","ac":103.3,"c":14,"cl":"Unknown","ad":"2009-02-01","cd":"","st":"NM","se":4},"geometry":{"type":"Polygon","coordinates":[[[-108.47834,33.63106],[-108.48038,33.63018],[-108.48014,33.63121],[-108.4819,33.63065],[-108.48287,33.6311],[-108.48233,33.63224],[-108.48267,33.63215],[-108.48297,33.63306],[-108.48248,33.63426],[-108.48156,33.6337],[-108.4813,33.63471],[-108.47995,33.63415],[-108.47973,33.63451],[-108.48023,33.63488],[-108.47954,33.63516],[-108.47973,33.63615],[-108.47918,33.63514],[-108.4784,33.63604],[-108.47742,33.63542],[-108.47621,33.63593],[-108.47641,33.63542],[-108.47589,33.63606],[-108.47559,33.63565],[-108.47445,33.63632],[-108.4739,33.6355],[-108.47259,33.63608],[-108.47222,33.63533],[-108.47167,33.63535],[-108.47699,33.63018],[-108.47752,33.63097],[-108.47787,33.63046],[-108.47834,33.63106]]]},"bbox":[-108.48297,33.63012,-108.47167,33.63632]},{"type":"Feature","id":45297,"properties":{"y":2012,"n":"Continental","ag":"USFS","ac":38.6,"c":14,"cl":"Unknown","ad":"2012-12-31","cd":"","st":"NM","se":4},"geometry":{"type":"Polygon","coordinates":[[[-107.98566,33.02414],[-107.98501,33.02392],[-107.98346,33.02459],[-107.98017,33.02344],[-107.98103,33.02222],[-107.98359,33.02169],[-107.9861,33.02152],[-107.98686,33.02227],[-107.98827,33.02244],[-107.98768,33.02329],[-107.98637,33.02326],[-107.98566,33.02414]]]},"bbox":[-107.98827,33.02152,-107.98017,33.02459]},{"type":"Feature","id":45298,"properties":{"y":2007,"n":"El Caso","ag":"USFS","ac":21.6,"c":14,"cl":"Unknown","ad":"2008-02-01","cd":"","st":"NM","se":4},"geometry":{"type":"Polygon","coordinates":[[[-108.42255,34.12733],[-108.4198,34.1275],[-108.41804,34.12669],[-108.4206,34.12469],[-108.42229,34.1259],[-108.42296,34.12682],[-108.42255,34.12733]]]},"bbox":[-108.42296,34.12469,-108.41804,34.12753]},{"type":"Feature","id":45299,"properties":{"y":2012,"n":"Ws Mountain","ag":"USFS","ac":79.1,"c":14,"cl":"Unknown","ad":"2012-12-31","cd":"","st":"NM","se":4},"geometry":{"type":"Polygon","coordinates":[[[-109.04165,33.52472],[-109.04362,33.52558],[-109.04542,33.52493],[-109.04593,33.52529],[-109.04796,33.52805],[-109.04696,33.53055],[-109.04452,33.53061],[-109.0409,33.52808],[-109.04023,33.52632],[-109.04165,33.52472]]]},"bbox":[-109.04796,33.52472,-109.04023,33.53073]},{"type":"Feature","id":45300,"properties":{"y":2019,"n":"Adobe","ag":"USFS","ac":124.7,"c":14,"cl":"Unknown","ad":"2019-08-05","cd":"","st":"NM","se":2},"geometry":{"type":"Polygon","coordinates":[[[-107.87229,33.54028],[-107.86827,33.54293],[-107.86661,33.53959],[-107.86697,33.53663],[-107.86612,33.53565],[-107.86689,33.53483],[-107.86749,33.53503],[-107.86805,33.53416],[-107.87105,33.53409],[-107.87109,33.53463],[-107.87273,33.53538],[-107.87301,33.53595],[-107.8725,33.53665],[-107.87364,33.53669],[-107.8741,33.53749],[-107.87462,33.53737],[-107.87431,33.53801],[-107.8747,33.53857],[-107.87405,33.53867],[-107.87405,33.53967],[-107.87493,33.53966],[-107.87533,33.54027],[-107.8737,33.54085],[-107.87229,33.54028]],[[-107.86914,33.53447],[-107.86922,33.5344],[-107.86905,33.53443],[-107.86914,33.53447]]]},"bbox":[-107.8754,33.53398,-107.86612,33.54294]},{"type":"Feature","id":45301,"properties":{"y":2003,"n":"Meown","ag":"USFS","ac":26.0,"c":14,"cl":"Unknown","ad":"2004-02-01","cd":"","st":"NM","se":4},"geometry":{"type":"Polygon","coordinates":[[[-108.15191,33.23561],[-108.15049,33.2351],[-108.14995,33.23396],[-108.15049,33.23282],[-108.15195,33.23231],[-108.15329,33.23279],[-108.15388,33.23402],[-108.15329,33.23514],[-108.15191,33.23561]]]},"bbox":[-108.15388,33.23231,-108.14995,33.23561]},{"type":"Feature","id":45302,"properties":{"y":2005,"n":"East Fork","ag":"USFS","ac":170.3,"c":14,"cl":"Unknown","ad":"2006-02-01","cd":"","st":"NM","se":4},"geometry":{"type":"Polygon","coordinates":[[[-108.09355,33.21339],[-108.09466,33.21301],[-108.09378,33.21279],[-108.09439,33.21037],[-108.09318,33.21026],[-108.09263,33.20908],[-108.09089,33.20865],[-108.0902,33.20736],[-108.08932,33.20693],[-108.08898,33.20541],[-108.09024,33.20515],[-108.09127,33.2032],[-108.08876,33.20298],[-108.08939,33.20271],[-108.09361,33.202],[-108.09561,33.20245],[-108.09569,33.20344],[-108.09516,33.20434],[-108.09587,33.20474],[-108.09647,33.20425],[-108.09606,33.20537],[-108.09715,33.2061],[-108.09799,33.20406],[-108.09902,33.20395],[-108.09778,33.20768],[-108.09866,33.20783],[-108.0993,33.2068],[-108.09975,33.20689],[-108.10026,33.20766],[-108.09971,33.20837],[-108.10054,33.20962],[-108.10026,33.2103],[-108.09979,33.21084],[-108.09949,33.21024],[-108.09838,33.21009],[-108.09679,33.21082],[-108.09559,33.21191],[-108.09533,33.21313],[-108.09378,33.21376],[-108.09355,33.21339]]]},"bbox":[-108.10054,33.202,-108.08876,33.21376]},{"type":"Feature","id":45306,"properties":{"y":2000,"n":"Christine","ag":"USFS","ac":23.6,"c":14,"cl":"Unknown","ad":"2001-02-01","cd":"","st":"NM","se":4},"geometry":{"type":"Polygon","coordinates":[[[-108.56785,33.70012],[-108.56569,33.70012],[-108.56569,33.69696],[-108.569,33.69688],[-108.56867,33.69842],[-108.56772,33.69891],[-108.56785,33.70012]]]},"bbox":[-108.56913,33.69675,-108.56545,33.70027]},{"type":"Feature","id":45308,"properties":{"y":2018,"n":"Eckleberger","ag":"USFS","ac":11.5,"c":14,"cl":"Unknown","ad":"2018-10-31","cd":"","st":"NM","se":3},"geometry":{"type":"Polygon","coordinates":[[[-108.51183,33.60413],[-108.50991,33.6019],[-108.51103,33.60185],[-108.51134,33.60225],[-108.51239,33.6018],[-108.51319,33.602],[-108.5127,33.60387],[-108.51183,33.60413]]]},"bbox":[-108.51319,33.60172,-108.50978,33.60413]},{"type":"Feature","id":45310,"properties":{"y":2003,"n":"Sheep","ag":"USFS","ac":47.0,"c":14,"cl":"Unknown","ad":"2004-02-01","cd":"","st":"NM","se":4},"geometry":{"type":"Polygon","coordinates":[[[-108.30679,33.00163],[-108.30331,33.00132],[-108.3026,32.99842],[-108.30379,32.99701],[-108.30763,32.99815],[-108.30792,32.99934],[-108.30742,33.00092],[-108.30679,33.00163]]]},"bbox":[-108.30792,32.99699,-108.3026,33.00177]},{"type":"Feature","id":45311,"properties":{"y":2020,"n":"Double","ag":"USFS","ac":52.6,"c":14,"cl":"Unknown","ad":"2020-08-05","cd":"","st":"NM","se":2},"geometry":{"type":"Polygon","coordinates":[[[-108.44383,33.51329],[-108.4435,33.51541],[-108.44226,33.51646],[-108.44228,33.51698],[-108.44139,33.51711],[-108.4392,33.51589],[-108.43916,33.51468],[-108.43819,33.51334],[-108.4381,33.51226],[-108.43856,33.5111],[-108.43949,33.51085],[-108.44143,33.51313],[-108.44241,33.51282],[-108.44383,33.51329]]]},"bbox":[-108.44384,33.51085,-108.4381,33.51711]},{"type":"Feature","id":45314,"properties":{"y":2016,"n":"405","ag":"USFS","ac":87.1,"c":14,"cl":"Unknown","ad":"2017-01-12","cd":"","st":"NM","se":4},"geometry":{"type":"Polygon","coordinates":[[[-108.61892,33.42737],[-108.62323,33.42581],[-108.62639,33.42668],[-108.62713,33.42847],[-108.62694,33.42941],[-108.62846,33.42997],[-108.62847,33.43071],[-108.62457,33.43094],[-108.61999,33.42971],[-108.6191,33.42893],[-108.61892,33.42737]]]},"bbox":[-108.62847,33.42581,-108.61892,33.43096]},{"type":"Feature","id":45316,"properties":{"y":1994,"n":"Spruce","ag":"USFS","ac":131.6,"c":14,"cl":"Unknown","ad":"1995-02-01","cd":"","st":"NM","se":4},"geometry":{"type":"MultiPolygon","coordinates":[[[[-108.67365,33.28847],[-108.67211,33.28826],[-108.67354,33.28663],[-108.67546,33.28654],[-108.67492,33.28935],[-108.67365,33.28847]]],[[[-108.68349,33.2921],[-108.67985,33.29224],[-108.68051,33.29153],[-108.6831,33.29057],[-108.68309,33.28997],[-108.67811,33.28907],[-108.67705,33.28934],[-108.67661,33.28876],[-108.67699,33.28701],[-108.67831,33.28618],[-108.6894,33.28812],[-108.68946,33.28923],[-108.6878,33.29146],[-108.68385,33.2926],[-108.68349,33.2921]]]]},"bbox":[-108.68954,33.28618,-108.67211,33.2926]},{"type":"Feature","id":45317,"properties":{"y":2009,"n":"Eagle","ag":"USFS","ac":442.4,"c":14,"cl":"Unknown","ad":"2010-02-01","cd":"","st":"NM","se":4},"geometry":{"type":"Polygon","coordinates":[[[-108.57788,33.72784],[-108.5737,33.72585],[-108.5702,33.72236],[-108.56948,33.71582],[-108.57021,33.71322],[-108.57138,33.71143],[-108.57474,33.70837],[-108.57782,33.70644],[-108.57894,33.70754],[-108.57952,33.7097],[-108.5806,33.71037],[-108.58204,33.71002],[-108.58503,33.71346],[-108.58441,33.71414],[-108.58276,33.71325],[-108.58138,33.71364],[-108.58042,33.71291],[-108.57921,33.71289],[-108.5788,33.71354],[-108.58239,33.71468],[-108.58358,33.71572],[-108.58359,33.71641],[-108.58235,33.71689],[-108.58165,33.71822],[-108.58228,33.71956],[-108.58215,33.72188],[-108.58103,33.72178],[-108.57815,33.72005],[-108.57861,33.72279],[-108.57773,33.72294],[-108.57352,33.71971],[-108.57245,33.71994],[-108.57253,33.72249],[-108.57484,33.72275],[-108.57511,33.72473],[-108.57821,33.72637],[-108.57985,33.72609],[-108.58033,33.7269],[-108.5797,33.72761],[-108.57788,33.72784]]]},"bbox":[-108.58503,33.70644,-108.56945,33.72786]},{"type":"Feature","id":45318,"properties":{"y":2018,"n":"Powderhorn","ag":"USFS","ac":2.9,"c":14,"cl":"Unknown","ad":"2018-07-26","cd":"","st":"NM","se":2},"geometry":{"type":"Polygon","coordinates":[[[-107.95392,33.03011],[-107.95324,33.02897],[-107.95361,33.02873],[-107.95462,33.02942],[-107.95392,33.03011]]]},"bbox":[-107.95462,33.02873,-107.95324,33.03014]},{"type":"Feature","id":45319,"properties":{"y":2011,"n":"Yellow","ag":"USFS","ac":258.7,"c":14,"cl":"Unknown","ad":"2011-12-31","cd":"","st":"NM","se":4},"geometry":{"type":"Polygon","coordinates":[[[-108.32198,33.29669],[-108.32451,33.29758],[-108.32685,33.29744],[-108.33109,33.2981],[-108.3326,33.29885],[-108.33332,33.30018],[-108.33499,33.30141],[-108.33469,33.30276],[-108.33237,33.30438],[-108.33277,33.30479],[-108.33172,33.30725],[-108.32983,33.30688],[-108.32765,33.30843],[-108.32706,33.30822],[-108.32666,33.30554],[-108.32267,33.30226],[-108.31999,33.30139],[-108.31988,33.3001],[-108.3192,33.29944],[-108.32026,33.29774],[-108.32198,33.29669]]]},"bbox":[-108.33501,33.29663,-108.3192,33.30843]},{"type":"Feature","id":45320,"properties":{"y":2009,"n":"Number 5","ag":"USFS","ac":931.1,"c":14,"cl":"Unknown","ad":"2010-02-01","cd":"","st":"NM","se":4},"geometry":{"type":"Polygon","coordinates":[[[-105.47142,33.31933],[-105.46697,33.32475],[-105.46622,33.32372],[-105.46625,33.32214],[-105.46468,33.32078],[-105.46359,33.31778],[-105.46318,33.31633],[-105.46375,33.31413],[-105.46321,33.31359],[-105.4631,33.31243],[-105.45907,33.30647],[-105.45859,33.30412],[-105.45887,33.30344],[-105.46219,33.30209],[-105.46613,33.30216],[-105.47082,33.30379],[-105.47203,33.30379],[-105.4786,33.30651],[-105.48171,33.30874],[-105.48493,33.30935],[-105.48658,33.31018],[-105.48677,33.31112],[-105.48912,33.31174],[-105.49071,33.31158],[-105.49174,33.31212],[-105.49034,33.31315],[-105.48856,33.31316],[-105.48941,33.31441],[-105.48763,33.31371],[-105.48482,33.3138],[-105.4868,33.31615],[-105.48632,33.31698],[-105.48295,33.31694],[-105.48232,33.31782],[-105.4811,33.31782],[-105.47988,33.31712],[-105.48008,33.31964],[-105.47886,33.31941],[-105.47829,33.31823],[-105.47745,33.318],[-105.47634,33.32114],[-105.47502,33.31926],[-105.47361,33.3188],[-105.47231,33.32053],[-105.47271,33.32167],[-105.47225,33.32176],[-105.47147,33.32108],[-105.47142,33.31933]]]},"bbox":[-105.49174,33.30209,-105.45859,33.32475]},{"type":"Feature","id":45321,"properties":{"y":2009,"n":"Salado","ag":"USFS","ac":16.4,"c":14,"cl":"Unknown","ad":"2010-02-01","cd":"","st":"NM","se":4},"geometry":{"type":"Polygon","coordinates":[[[-105.46698,33.54836],[-105.46661,33.55062],[-105.46604,33.55048],[-105.46542,33.55129],[-105.46407,33.55119],[-105.4646,33.55013],[-105.4629,33.55045],[-105.4639,33.54952],[-105.4657,33.54927],[-105.46522,33.54856],[-105.46477,33.54892],[-105.46382,33.5486],[-105.46417,33.54824],[-105.46698,33.54836]]]},"bbox":[-105.46709,33.54805,-105.4629,33.55135]},{"type":"Feature","id":45322,"properties":{"y":2009,"n":"Bell","ag":"USFS","ac":25.0,"c":14,"cl":"Unknown","ad":"2010-02-01","cd":"","st":"NM","se":4},"geometry":{"type":"Polygon","coordinates":[[[-105.51626,32.76389],[-105.51778,32.76576],[-105.51453,32.76689],[-105.51348,32.76666],[-105.51388,32.7636],[-105.51626,32.76389]]]},"bbox":[-105.51793,32.7636,-105.51337,32.76689]},{"type":"Feature","id":45323,"properties":{"y":2010,"n":"Dry Canyon","ag":"USFS","ac":15.2,"c":14,"cl":"Unknown","ad":"2011-02-01","cd":"","st":"NM","se":4},"geometry":{"type":"Polygon","coordinates":[[[-105.91666,32.95128],[-105.91651,32.95074],[-105.9152,32.95068],[-105.91443,32.94956],[-105.91477,32.94896],[-105.91539,32.94905],[-105.91486,32.94864],[-105.91503,32.9478],[-105.91737,32.94909],[-105.917,32.94971],[-105.91792,32.94984],[-105.91666,32.95128]]]},"bbox":[-105.91792,32.9478,-105.91438,32.95128]},{"type":"Feature","id":45324,"properties":{"y":2009,"n":"Creek","ag":"USFS","ac":20.5,"c":14,"cl":"Unknown","ad":"2010-02-01","cd":"","st":"NM","se":4},"geometry":{"type":"Polygon","coordinates":[[[-105.3816,32.89399],[-105.3816,32.89529],[-105.38038,32.89704],[-105.379,32.89818],[-105.37794,32.89811],[-105.3787,32.89551],[-105.37977,32.89498],[-105.3803,32.89407],[-105.3816,32.89399]]]},"bbox":[-105.3816,32.89384,-105.37794,32.89818]},{"type":"Feature","id":45325,"properties":{"y":2009,"n":"Chimney","ag":"USFS","ac":105.3,"c":14,"cl":"Unknown","ad":"2010-02-01","cd":"","st":"NM","se":4},"geometry":{"type":"Polygon","coordinates":[[[-105.35461,32.73342],[-105.35384,32.73123],[-105.35274,32.73022],[-105.35344,32.72658],[-105.35711,32.72527],[-105.35793,32.72606],[-105.3578,32.72694],[-105.36008,32.72598],[-105.36129,32.72657],[-105.36082,32.72741],[-105.35851,32.7289],[-105.35579,32.72928],[-105.35747,32.73025],[-105.35739,32.73065],[-105.3568,32.73064],[-105.35594,32.73013],[-105.35651,32.731],[-105.35839,32.73095],[-105.35702,32.73267],[-105.36127,32.7329],[-105.3614,32.73368],[-105.35956,32.73437],[-105.35776,32.73326],[-105.35601,32.73326],[-105.35556,32.73378],[-105.35461,32.73342]]]},"bbox":[-105.36148,32.72527,-105.35264,32.73438]},{"type":"Feature","id":45326,"properties":{"y":2009,"n":"Timberon","ag":"USFS","ac":109.0,"c":14,"cl":"Unknown","ad":"2010-02-01","cd":"","st":"NM","se":4},"geometry":{"type":"Polygon","coordinates":[[[-105.72834,32.62803],[-105.72749,32.62756],[-105.72571,32.62786],[-105.72349,32.62681],[-105.72189,32.6272],[-105.72048,32.62685],[-105.72022,32.6255],[-105.72125,32.62538],[-105.71957,32.62469],[-105.71951,32.62412],[-105.72041,32.62405],[-105.72079,32.62468],[-105.72205,32.62509],[-105.72274,32.62464],[-105.72335,32.62507],[-105.7236,32.62431],[-105.72462,32.62542],[-105.72549,32.62517],[-105.72518,32.62432],[-105.72686,32.62364],[-105.72845,32.62472],[-105.72906,32.6243],[-105.72937,32.62541],[-105.73043,32.62632],[-105.73156,32.62519],[-105.73275,32.62556],[-105.73391,32.62525],[-105.73481,32.62775],[-105.73461,32.62844],[-105.73349,32.62873],[-105.73379,32.62998],[-105.73171,32.62903],[-105.73109,32.628],[-105.72834,32.62803]]]},"bbox":[-105.73481,32.62364,-105.71946,32.62998]},{"type":"Feature","id":45327,"properties":{"y":2009,"n":"Carson","ag":"USFS","ac":27.8,"c":14,"cl":"Unknown","ad":"2010-02-01","cd":"","st":"NM","se":4},"geometry":{"type":"Polygon","coordinates":[[[-104.72939,32.14676],[-104.72686,32.14643],[-104.72664,32.14412],[-104.72921,32.14346],[-104.73019,32.14381],[-104.73087,32.14343],[-104.73147,32.14384],[-104.73173,32.14462],[-104.73113,32.14519],[-104.73045,32.14503],[-104.7295,32.14586],[-104.72939,32.14676]]]},"bbox":[-104.73173,32.14343,-104.72653,32.14682]},{"type":"Feature","id":45328,"properties":{"y":2010,"n":"Trimble","ag":"USFS","ac":18.9,"c":14,"cl":"Unknown","ad":"2011-02-01","cd":"","st":"NM","se":4},"geometry":{"type":"Polygon","coordinates":[[[-104.66258,32.21867],[-104.66247,32.21804],[-104.66283,32.21797],[-104.66419,32.21849],[-104.66513,32.21793],[-104.66586,32.21813],[-104.66546,32.21917],[-104.66383,32.21969],[-104.66277,32.22089],[-104.66157,32.22136],[-104.66124,32.22044],[-104.66216,32.21956],[-104.66258,32.21867]],[[-104.66264,32.21854],[-104.66258,32.21867],[-104.66252,32.21886],[-104.66264,32.21854]]]},"bbox":[-104.66586,32.21793,-104.66122,32.22136]},{"type":"Feature","id":45329,"properties":{"y":2010,"n":"Last Chance","ag":"USFS","ac":124.7,"c":14,"cl":"Unknown","ad":"2011-02-01","cd":"","st":"NM","se":4},"geometry":{"type":"Polygon","coordinates":[[[-104.70962,32.26193],[-104.7069,32.26034],[-104.70992,32.26035],[-104.71174,32.25825],[-104.71366,32.25706],[-104.71443,32.25414],[-104.71539,32.25415],[-104.71665,32.25308],[-104.71751,32.25329],[-104.71796,32.25252],[-104.71917,32.25253],[-104.71958,32.25171],[-104.71973,32.25304],[-104.72184,32.25352],[-104.72325,32.25446],[-104.72309,32.25669],[-104.72067,32.25754],[-104.71936,32.25724],[-104.72002,32.25574],[-104.71836,32.25595],[-104.7175,32.25634],[-104.71568,32.25869],[-104.71457,32.25851],[-104.71482,32.25933],[-104.7132,32.2598],[-104.71103,32.26185],[-104.70962,32.26193]]]},"bbox":[-104.72325,32.25171,-104.7069,32.26193]},{"type":"Feature","id":45330,"properties":{"y":1994,"n":"Miller","ag":"USFS","ac":47.3,"c":14,"cl":"Unknown","ad":"1995-02-01","cd":"","st":"NM","se":4},"geometry":{"type":"Polygon","coordinates":[[[-105.46178,32.87846],[-105.46794,32.87848],[-105.46791,32.88148],[-105.46173,32.88145],[-105.46178,32.87846]]]},"bbox":[-105.46794,32.87846,-105.46173,32.88148]},{"type":"Feature","id":45332,"properties":{"y":1945,"n":"Brady","ag":"USFS","ac":809.8,"c":14,"cl":"Unknown","ad":"1994-02-01","cd":"","st":"NM","se":4},"geometry":{"type":"Polygon","coordinates":[[[-105.70531,33.34495],[-105.70285,33.35747],[-105.70026,33.3614],[-105.69862,33.3621],[-105.69414,33.36277],[-105.69198,33.36226],[-105.69234,33.35966],[-105.69144,33.35675],[-105.6925,33.3469],[-105.69517,33.34161],[-105.69827,33.33861],[-105.70302,33.33552],[-105.70729,33.3345],[-105.71293,33.33464],[-105.71265,33.33595],[-105.70531,33.34495]]]},"bbox":[-105.71299,33.33435,-105.69144,33.36277]},{"type":"Feature","id":45333,"properties":{"y":1989,"n":"Spring","ag":"USFS","ac":268.0,"c":14,"cl":"Unknown","ad":"1994-02-01","cd":"","st":"NM","se":4},"geometry":{"type":"Polygon","coordinates":[[[-105.64158,32.78601],[-105.64054,32.78842],[-105.63466,32.78932],[-105.63379,32.78709],[-105.63269,32.78682],[-105.63218,32.78607],[-105.63724,32.78501],[-105.63818,32.78436],[-105.63844,32.78345],[-105.63625,32.78275],[-105.62947,32.78206],[-105.62886,32.78139],[-105.6301,32.77993],[-105.63659,32.77693],[-105.63983,32.77802],[-105.64117,32.77786],[-105.64465,32.7823],[-105.64278,32.78581],[-105.64158,32.78601]]]},"bbox":[-105.64465,32.77693,-105.62886,32.78938]},{"type":"Feature","id":45334,"properties":{"y":2014,"n":"Bensen","ag":"USFS","ac":114.5,"c":14,"cl":"Unknown","ad":"2015-02-01","cd":"","st":"NM","se":4},"geometry":{"type":"MultiPolygon","coordinates":[[[[-105.86172,32.76743],[-105.86078,32.76699],[-105.86133,32.76632],[-105.8622,32.76708],[-105.86172,32.76743]]],[[[-105.86248,32.76819],[-105.86545,32.76717],[-105.86517,32.765],[-105.86904,32.76419],[-105.87227,32.76537],[-105.87353,32.76683],[-105.87482,32.76744],[-105.8745,32.76802],[-105.87323,32.76764],[-105.86945,32.76962],[-105.86882,32.77079],[-105.862,32.76897],[-105.86248,32.76819]]]]},"bbox":[-105.87482,32.76419,-105.86078,32.77079]},{"type":"Feature","id":45337,"properties":{"y":1964,"n":"Stanton","ag":"USFS","ac":777.1,"c":14,"cl":"Unknown","ad":"1994-02-01","cd":"","st":"NM","se":4},"geometry":{"type":"Polygon","coordinates":[[[-105.51764,33.49916],[-105.51465,33.50088],[-105.51407,33.50208],[-105.5129,33.50545],[-105.51235,33.50887],[-105.51086,33.51216],[-105.50872,33.51506],[-105.5071,33.51582],[-105.50474,33.51815],[-105.50284,33.52135],[-105.50086,33.51923],[-105.49803,33.5177],[-105.49085,33.51511],[-105.4892,33.51488],[-105.4884,33.51524],[-105.48853,33.5138],[-105.49558,33.5066],[-105.49898,33.50451],[-105.49954,33.50371],[-105.50364,33.50217],[-105.5065,33.49965],[-105.51079,33.49883],[-105.51766,33.49877],[-105.51764,33.49916]]]},"bbox":[-105.51766,33.49867,-105.4883,33.52135]},{"type":"Feature","id":45339,"properties":{"y":1977,"n":"Moon","ag":"USFS","ac":76.5,"c":14,"cl":"Unknown","ad":"1994-02-01","cd":"","st":"NM","se":4},"geometry":{"type":"Polygon","coordinates":[[[-105.65846,33.34276],[-105.66492,33.34287],[-105.66524,33.34428],[-105.66421,33.3474],[-105.65864,33.34736],[-105.65846,33.34276]]]},"bbox":[-105.66524,33.34259,-105.65842,33.34747]},{"type":"Feature","id":45340,"properties":{"y":1950,"n":"Walker","ag":"USFS","ac":936.7,"c":14,"cl":"Unknown","ad":"1994-02-01","cd":"","st":"NM","se":4},"geometry":{"type":"MultiPolygon","coordinates":[[[[-105.56942,33.0001],[-105.56895,33.00535],[-105.56686,33.00798],[-105.56529,33.0065],[-105.56314,33.00655],[-105.5619,33.0048],[-105.56026,33.00507],[-105.55883,33.00386],[-105.55778,33.0037],[-105.55536,33.00457],[-105.55314,33.00369],[-105.55046,33.00429],[-105.54975,33.00368],[-105.54949,33.00171],[-105.54838,33.00029],[-105.54877,33.00001],[-105.54917,32.99678],[-105.54891,32.99388],[-105.54781,32.99086],[-105.54833,32.99048],[-105.55173,32.99147],[-105.55662,32.99482],[-105.56048,32.99537],[-105.56361,32.99724],[-105.56825,32.99867],[-105.56942,33.0001]]],[[[-105.57963,32.98509],[-105.58068,32.9863],[-105.57865,32.98838],[-105.57884,32.98898],[-105.58623,32.98866],[-105.58753,32.98921],[-105.59099,32.98938],[-105.59145,32.99119],[-105.59093,32.99294],[-105.58818,32.99491],[-105.58596,32.99518],[-105.58472,32.99436],[-105.58433,32.99261],[-105.58341,32.992],[-105.58296,32.99255],[-105.58302,32.99502],[-105.5823,32.99556],[-105.58034,32.99211],[-105.57949,32.99161],[-105.5774,32.99413],[-105.57367,32.9967],[-105.5721,32.99692],[-105.5691,32.99527],[-105.56786,32.9967],[-105.56701,32.99648],[-105.56701,32.99428],[-105.56753,32.99363],[-105.57067,32.99221],[-105.57512,32.98706],[-105.57832,32.98531],[-105.57963,32.98509]]],[[[-105.57163,33.0052],[-105.57116,33.00427],[-105.57328,33.00271],[-105.57479,33.00267],[-105.57598,33.00352],[-105.57414,33.00552],[-105.57251,33.00569],[-105.57163,33.0052]]],[[[-105.5737,32.99795],[-105.5758,33.00091],[-105.5739,33.00193],[-105.5718,33.00041],[-105.5737,32.99795]]],[[[-105.57829,32.9991],[-105.57613,32.99729],[-105.57717,32.99656],[-105.57971,32.99615],[-105.58026,32.99739],[-105.57829,32.9991]]]]},"bbox":[-105.59145,32.98509,-105.54774,33.00798]},{"type":"Feature","id":45341,"properties":{"y":2017,"n":"Seven Cabins","ag":"USFS","ac":502.4,"c":14,"cl":"Unknown","ad":"2017-03-03","cd":"","st":"NM","se":1},"geometry":{"type":"Polygon","coordinates":[[[-105.30308,33.66011],[-105.30253,33.66087],[-105.30307,33.66132],[-105.30144,33.66337],[-105.30046,33.66369],[-105.29986,33.66519],[-105.29922,33.66378],[-105.29753,33.66339],[-105.29681,33.66616],[-105.29415,33.66617],[-105.29279,33.66755],[-105.29077,33.66721],[-105.28726,33.6711],[-105.2825,33.67308],[-105.28099,33.67291],[-105.28057,33.6716],[-105.28087,33.67104],[-105.28209,33.67069],[-105.28312,33.66947],[-105.28204,33.66812],[-105.2858,33.66632],[-105.2883,33.66357],[-105.29013,33.66249],[-105.29078,33.66052],[-105.29366,33.65623],[-105.29407,33.65454],[-105.29951,33.64894],[-105.30116,33.64877],[-105.30187,33.64926],[-105.30185,33.65328],[-105.30296,33.6559],[-105.30266,33.65803],[-105.30308,33.66011]]]},"bbox":[-105.30319,33.64875,-105.28057,33.67322]},{"type":"Feature","id":45342,"properties":{"y":1962,"n":"Unknown","ag":"USFS","ac":624.2,"c":14,"cl":"Unknown","ad":"1994-02-01","cd":"","st":"NM","se":4},"geometry":{"type":"Polygon","coordinates":[[[-105.71898,32.7697],[-105.72015,32.77009],[-105.7229,32.77378],[-105.72339,32.77631],[-105.71971,32.77913],[-105.71742,32.78015],[-105.71529,32.78369],[-105.71468,32.78582],[-105.71499,32.78709],[-105.71583,32.78792],[-105.72138,32.78697],[-105.72024,32.78987],[-105.71492,32.79289],[-105.70618,32.79315],[-105.7016,32.79498],[-105.69978,32.79442],[-105.69914,32.79299],[-105.69949,32.7914],[-105.70264,32.78973],[-105.7066,32.78571],[-105.70825,32.78364],[-105.70854,32.78101],[-105.7102,32.77905],[-105.71395,32.77596],[-105.71608,32.77187],[-105.71898,32.7697]]]},"bbox":[-105.72353,32.7697,-105.69914,32.79498]},{"type":"Feature","id":45344,"properties":{"y":1966,"n":"Masterson","ag":"USFS","ac":214.8,"c":14,"cl":"Unknown","ad":"1994-02-01","cd":"","st":"NM","se":4},"geometry":{"type":"Polygon","coordinates":[[[-105.63152,32.79084],[-105.64146,32.79024],[-105.64379,32.79155],[-105.64479,32.79402],[-105.64283,32.79577],[-105.63892,32.79697],[-105.63697,32.79677],[-105.63185,32.79793],[-105.63058,32.79596],[-105.63142,32.79286],[-105.6309,32.79135],[-105.63152,32.79084]]]},"bbox":[-105.64479,32.7901,-105.63058,32.79796]},{"type":"Feature","id":45346,"properties":{"y":1950,"n":"Unknown","ag":"USFS","ac":171.0,"c":14,"cl":"Unknown","ad":"1994-02-01","cd":"","st":"NM","se":4},"geometry":{"type":"Polygon","coordinates":[[[-105.52554,32.98935],[-105.52279,32.99022],[-105.51523,32.99005],[-105.51405,32.98875],[-105.51391,32.9862],[-105.51824,32.98351],[-105.52118,32.98326],[-105.5249,32.98527],[-105.52564,32.98708],[-105.52554,32.98935]]]},"bbox":[-105.52566,32.98312,-105.51391,32.99022]},{"type":"Feature","id":45347,"properties":{"y":1942,"n":"Mickison","ag":"USFS","ac":84.0,"c":14,"cl":"Unknown","ad":"1994-02-01","cd":"","st":"NM","se":4},"geometry":{"type":"Polygon","coordinates":[[[-105.56518,32.89446],[-105.56474,32.89044],[-105.56199,32.88957],[-105.5621,32.88858],[-105.56329,32.88744],[-105.56401,32.88803],[-105.56477,32.88734],[-105.56746,32.88843],[-105.56948,32.89174],[-105.57156,32.8931],[-105.56999,32.89362],[-105.56921,32.89459],[-105.56847,32.89396],[-105.56678,32.89381],[-105.56518,32.89446]]]},"bbox":[-105.57159,32.88733,-105.56193,32.89459]},{"type":"Feature","id":45348,"properties":{"y":2011,"n":"Mckittrick","ag":"USFS","ac":77.8,"c":14,"cl":"Unknown","ad":"2012-02-01","cd":"","st":"NM","se":4},"geometry":{"type":"Polygon","coordinates":[[[-104.81065,32.01454],[-104.81255,32.01449],[-104.81342,32.0151],[-104.81361,32.01789],[-104.81299,32.01904],[-104.81366,32.02019],[-104.81265,32.02152],[-104.81007,32.02298],[-104.80972,32.02259],[-104.8104,32.02196],[-104.81046,32.02107],[-104.80833,32.0206],[-104.80771,32.01944],[-104.80812,32.01816],[-104.81017,32.01702],[-104.81164,32.01486],[-104.81065,32.01454]]]},"bbox":[-104.81366,32.01443,-104.80771,32.02298]},{"type":"Feature","id":45349,"properties":{"y":2011,"n":"Terry Ranch","ag":"USFS","ac":12.7,"c":14,"cl":"Unknown","ad":"2012-02-01","cd":"","st":"NM","se":4},"geometry":{"type":"Polygon","coordinates":[[[-105.05162,32.5641],[-105.05216,32.56534],[-105.05179,32.56604],[-105.05002,32.5668],[-105.0496,32.56594],[-105.05005,32.56465],[-105.05162,32.5641]]]},"bbox":[-105.05216,32.5641,-105.0496,32.5668]},{"type":"Feature","id":45350,"properties":{"y":2011,"n":"Wildhorse","ag":"USFS","ac":11.8,"c":14,"cl":"Unknown","ad":"2012-02-01","cd":"","st":"NM","se":4},"geometry":{"type":"Polygon","coordinates":[[[-104.93837,32.40915],[-104.93854,32.41011],[-104.93806,32.41073],[-104.93629,32.41142],[-104.93536,32.41123],[-104.93519,32.41063],[-104.93677,32.40951],[-104.93837,32.40915]]]},"bbox":[-104.93854,32.40915,-104.93519,32.41142]},{"type":"Feature","id":45351,"properties":{"y":2012,"n":"Tower","ag":"USFS","ac":26.6,"c":14,"cl":"Unknown","ad":"2013-02-01","cd":"","st":"NM","se":4},"geometry":{"type":"Polygon","coordinates":[[[-105.46431,32.74473],[-105.46217,32.74186],[-105.46211,32.74132],[-105.46307,32.7406],[-105.46441,32.7407],[-105.46543,32.74148],[-105.465,32.74262],[-105.46579,32.74338],[-105.46583,32.74498],[-105.46431,32.74473]]]},"bbox":[-105.46592,32.7406,-105.46211,32.74505]},{"type":"Feature","id":45352,"properties":{"y":2024,"n":"Lolo","ag":"USFS","ac":453.9,"c":14,"cl":"Unknown","ad":"2024-07-25","cd":"","st":"NM","se":2},"geometry":{"type":"Polygon","coordinates":[[[-108.42927,34.20115],[-108.42191,34.20717],[-108.42165,34.20829],[-108.41827,34.20846],[-108.41702,34.20783],[-108.41637,34.20842],[-108.4149,34.2086],[-108.41205,34.20581],[-108.41064,34.20569],[-108.41059,34.20523],[-108.40903,34.20448],[-108.40936,34.20332],[-108.40897,34.20262],[-108.40779,34.20273],[-108.4084,34.20162],[-108.40654,34.20134],[-108.40512,34.19976],[-108.40539,34.19926],[-108.40619,34.1994],[-108.4083,34.19839],[-108.41344,34.19402],[-108.41433,34.19421],[-108.41512,34.19583],[-108.41375,34.19817],[-108.41588,34.20006],[-108.42101,34.19978],[-108.42741,34.19606],[-108.42869,34.19647],[-108.42927,34.20115]]]},"bbox":[-108.42938,34.19402,-108.40512,34.2086]},{"type":"Feature","id":45353,"properties":{"y":2024,"n":"Gravel","ag":"USFS","ac":95.6,"c":14,"cl":"Unknown","ad":"2024-07-18","cd":"","st":"NM","se":2},"geometry":{"type":"Polygon","coordinates":[[[-108.15348,33.42023],[-108.15135,33.42225],[-108.14672,33.42353],[-108.14171,33.42209],[-108.14147,33.42022],[-108.14061,33.41975],[-108.13994,33.41818],[-108.14217,33.41953],[-108.14315,33.41812],[-108.14895,33.42034],[-108.15348,33.42023]]]},"bbox":[-108.15348,33.41812,-108.13994,33.42353]},{"type":"Feature","id":45354,"properties":{"y":2024,"n":"Houghton","ag":"USFS","ac":61.9,"c":14,"cl":"Unknown","ad":"2024-07-18","cd":"","st":"NM","se":2},"geometry":{"type":"Polygon","coordinates":[[[-108.24342,33.47047],[-108.24503,33.46994],[-108.24607,33.47017],[-108.2479,33.47294],[-108.24884,33.47313],[-108.25072,33.47471],[-108.24989,33.47533],[-108.24288,33.4758],[-108.24392,33.47456],[-108.2441,33.47151],[-108.24342,33.47047]]]},"bbox":[-108.25072,33.46994,-108.24288,33.4758]},{"type":"Feature","id":45355,"properties":{"y":2024,"n":"Cooper","ag":"USFS","ac":162.5,"c":14,"cl":"Unknown","ad":"2024-10-18","cd":"","st":"NM","se":3},"geometry":{"type":"Polygon","coordinates":[[[-108.55478,33.3686],[-108.55661,33.36729],[-108.55662,33.36724],[-108.55701,33.36654],[-108.55757,33.36607],[-108.559,33.36573],[-108.56035,33.36629],[-108.56078,33.36707],[-108.56258,33.36722],[-108.5635,33.36785],[-108.55943,33.37107],[-108.55834,33.37327],[-108.55939,33.37359],[-108.55871,33.37385],[-108.55702,33.37401],[-108.55741,33.37348],[-108.55653,33.37301],[-108.55363,33.37298],[-108.55133,33.37239],[-108.54905,33.3734],[-108.54732,33.37367],[-108.54661,33.3732],[-108.5481,33.37074],[-108.55478,33.3686]],[[-108.55663,33.3673],[-108.55663,33.3673],[-108.55663,33.3673],[-108.55663,33.3673]]]},"bbox":[-108.5635,33.36572,-108.54649,33.37402]},{"type":"Feature","id":45356,"properties":{"y":2023,"n":"Farm","ag":"USFS","ac":4.7,"c":14,"cl":"Unknown","ad":"2023-07-27","cd":"","st":"NM","se":2},"geometry":{"type":"Polygon","coordinates":[[[-108.29134,33.00034],[-108.29198,32.99948],[-108.29187,33.00001],[-108.29248,32.99936],[-108.2931,32.99973],[-108.29234,33.00124],[-108.29129,33.00103],[-108.29194,33.00052],[-108.29134,33.00034]]]},"bbox":[-108.2931,32.99936,-108.29129,33.0013]},{"type":"Feature","id":45357,"properties":{"y":2023,"n":"Round","ag":"USFS","ac":14.7,"c":14,"cl":"Unknown","ad":"2023-08-03","cd":"","st":"NM","se":2},"geometry":{"type":"Polygon","coordinates":[[[-108.99576,33.43585],[-108.99447,33.43593],[-108.99304,33.43433],[-108.99419,33.43287],[-108.99513,33.43339],[-108.99527,33.43409],[-108.99592,33.43414],[-108.99545,33.43486],[-108.99576,33.43585]]]},"bbox":[-108.99595,33.43287,-108.99296,33.4361]},{"type":"Feature","id":45358,"properties":{"y":2023,"n":"Headwater","ag":"USFS","ac":19.7,"c":14,"cl":"Unknown","ad":"2023-04-30","cd":"","st":"NM","se":1},"geometry":{"type":"Polygon","coordinates":[[[-108.64388,34.01473],[-108.64401,34.01354],[-108.64362,34.01293],[-108.64442,34.01178],[-108.64705,34.01307],[-108.64738,34.01416],[-108.64594,34.01494],[-108.6444,34.01444],[-108.64388,34.01473]]]},"bbox":[-108.64738,34.01178,-108.64357,34.01494]},{"type":"Feature","id":45359,"properties":{"y":2023,"n":"Sapillo","ag":"USFS","ac":12.2,"c":14,"cl":"Unknown","ad":"2023-05-21","cd":"","st":"NM","se":1},"geometry":{"type":"Polygon","coordinates":[[[-108.23327,33.03141],[-108.23222,33.03266],[-108.23141,33.03239],[-108.232,33.0315],[-108.23127,33.03116],[-108.23097,33.03147],[-108.23043,33.03088],[-108.23095,33.02991],[-108.23186,33.02955],[-108.23272,33.02994],[-108.23327,33.03141]]]},"bbox":[-108.23327,33.02955,-108.23043,33.0327]},{"type":"Feature","id":45360,"properties":{"y":2023,"n":"White","ag":"USFS","ac":18.2,"c":14,"cl":"Unknown","ad":"2023-08-09","cd":"","st":"NM","se":2},"geometry":{"type":"Polygon","coordinates":[[[-107.9395,33.44784],[-107.93679,33.44799],[-107.937,33.44748],[-107.93617,33.44705],[-107.93599,33.44622],[-107.9379,33.44581],[-107.93806,33.44529],[-107.93955,33.44522],[-107.93999,33.44668],[-107.9395,33.44784]]]},"bbox":[-107.93999,33.44502,-107.93597,33.44808]},{"type":"Feature","id":45361,"properties":{"y":2023,"n":"Roaring","ag":"USFS","ac":16.7,"c":14,"cl":"Unknown","ad":"2023-08-28","cd":"","st":"NM","se":2},"geometry":{"type":"Polygon","coordinates":[[[-109.00159,33.90247],[-109.00503,33.90342],[-109.00366,33.9054],[-109.00235,33.90434],[-109.00054,33.90411],[-109.00159,33.90247]]]},"bbox":[-109.00503,33.90247,-109.00054,33.9054]},{"type":"Feature","id":45362,"properties":{"y":2023,"n":"Gallinas","ag":"USFS","ac":4.3,"c":14,"cl":"Unknown","ad":"2023-07-29","cd":"","st":"NM","se":2},"geometry":{"type":"Polygon","coordinates":[[[-107.87106,32.87326],[-107.86991,32.87344],[-107.86919,32.87188],[-107.87085,32.87245],[-107.87106,32.87326]]]},"bbox":[-107.87111,32.87185,-107.86918,32.87364]},{"type":"Feature","id":45364,"properties":{"y":2023,"n":"Snow","ag":"USFS","ac":18.9,"c":14,"cl":"Unknown","ad":"2023-07-14","cd":"","st":"NM","se":2},"geometry":{"type":"Polygon","coordinates":[[[-108.51367,33.45249],[-108.51249,33.45157],[-108.51171,33.45157],[-108.5116,33.45105],[-108.51247,33.44998],[-108.5152,33.44916],[-108.51459,33.45104],[-108.51474,33.45241],[-108.51367,33.45249]]]},"bbox":[-108.51532,33.44916,-108.51153,33.45256]},{"type":"Feature","id":45366,"properties":{"y":2023,"n":"Ls Mesa","ag":"USFS","ac":132.2,"c":14,"cl":"Unknown","ad":"2023-06-11","cd":"","st":"NM","se":2},"geometry":{"type":"Polygon","coordinates":[[[-108.44131,32.98293],[-108.4426,32.98293],[-108.44314,32.98389],[-108.44287,32.98437],[-108.4413,32.98559],[-108.43965,32.98828],[-108.4365,32.99128],[-108.43415,32.99258],[-108.43078,32.99358],[-108.42925,32.99333],[-108.42869,32.99269],[-108.42752,32.98988],[-108.42814,32.99058],[-108.4315,32.98885],[-108.43604,32.98838],[-108.43902,32.98593],[-108.44014,32.98372],[-108.44131,32.98293]]]},"bbox":[-108.44314,32.98277,-108.42752,32.99362]},{"type":"Feature","id":45368,"properties":{"y":2023,"n":"Doe","ag":"USFS","ac":59.8,"c":14,"cl":"Unknown","ad":"2023-08-31","cd":"","st":"NM","se":2},"geometry":{"type":"Polygon","coordinates":[[[-107.86512,33.53898],[-107.86373,33.53855],[-107.8628,33.53903],[-107.86047,33.53771],[-107.85944,33.53823],[-107.85906,33.53477],[-107.86436,33.53586],[-107.86478,33.53515],[-107.86376,33.53426],[-107.86519,33.53447],[-107.86689,33.53675],[-107.86636,33.53846],[-107.86512,33.53898]]]},"bbox":[-107.86689,33.53426,-107.85897,33.53903]},{"type":"Feature","id":45371,"properties":{"y":1971,"n":"Boat","ag":"USFS","ac":413.9,"c":14,"cl":"Unknown","ad":"1994-02-01","cd":"","st":"NM","se":4},"geometry":{"type":"Polygon","coordinates":[[[-105.331,32.82205],[-105.33009,32.82138],[-105.33214,32.81778],[-105.33445,32.81037],[-105.33183,32.80906],[-105.33194,32.80757],[-105.33378,32.80683],[-105.34359,32.80649],[-105.34416,32.80572],[-105.34519,32.80566],[-105.34592,32.80668],[-105.34821,32.80621],[-105.34924,32.80893],[-105.34724,32.81156],[-105.34687,32.81414],[-105.34965,32.81728],[-105.34951,32.81794],[-105.34865,32.81851],[-105.34765,32.81848],[-105.34304,32.81654],[-105.33493,32.81609],[-105.33368,32.81695],[-105.33211,32.82149],[-105.331,32.82205]]]},"bbox":[-105.34965,32.80566,-105.33009,32.82205]},{"type":"Feature","id":45372,"properties":{"y":1969,"n":"Smokey","ag":"USFS","ac":254.3,"c":14,"cl":"Unknown","ad":"1994-02-01","cd":"","st":"NM","se":4},"geometry":{"type":"Polygon","coordinates":[[[-105.48456,33.60872],[-105.48458,33.61061],[-105.48297,33.61279],[-105.4852,33.61551],[-105.48483,33.61795],[-105.48376,33.61959],[-105.48237,33.62023],[-105.4804,33.6195],[-105.47744,33.61921],[-105.47665,33.61964],[-105.47514,33.61924],[-105.47594,33.61197],[-105.4778,33.61012],[-105.48014,33.60663],[-105.48146,33.60642],[-105.48343,33.60688],[-105.48456,33.60872]]]},"bbox":[-105.48524,33.60642,-105.47495,33.62023]},{"type":"Feature","id":45374,"properties":{"y":2009,"n":"Hunter","ag":"USFS","ac":13.1,"c":14,"cl":"Unknown","ad":"2010-02-01","cd":"","st":"NM","se":4},"geometry":{"type":"Polygon","coordinates":[[[-105.61845,32.60551],[-105.61838,32.60681],[-105.61708,32.60803],[-105.61541,32.6081],[-105.61594,32.60749],[-105.61594,32.6065],[-105.61701,32.60566],[-105.61845,32.60551]]]},"bbox":[-105.61868,32.60551,-105.61541,32.60825]},{"type":"Feature","id":45375,"properties":{"y":2010,"n":"Buckhorn","ag":"USFS","ac":54.8,"c":14,"cl":"Unknown","ad":"2011-02-01","cd":"","st":"NM","se":4},"geometry":{"type":"Polygon","coordinates":[[[-105.49439,33.38747],[-105.49749,33.38498],[-105.49908,33.38514],[-105.50002,33.38603],[-105.50026,33.38859],[-105.49679,33.38987],[-105.4947,33.389],[-105.49439,33.38747]]]},"bbox":[-105.50031,33.38498,-105.49439,33.38987]},{"type":"Feature","id":45377,"properties":{"y":1939,"n":"Littleton","ag":"USFS","ac":116.5,"c":14,"cl":"Unknown","ad":"1994-02-01","cd":"","st":"NM","se":4},"geometry":{"type":"Polygon","coordinates":[[[-105.74903,33.46605],[-105.75002,33.46589],[-105.75066,33.467],[-105.75077,33.46771],[-105.75018,33.46848],[-105.7482,33.46878],[-105.74408,33.47152],[-105.74246,33.46832],[-105.73873,33.46506],[-105.73851,33.46402],[-105.74009,33.46397],[-105.74265,33.46656],[-105.74329,33.46588],[-105.74241,33.46497],[-105.74239,33.46396],[-105.74498,33.46469],[-105.74534,33.4653],[-105.74802,33.46532],[-105.74903,33.46605]]]},"bbox":[-105.75077,33.46378,-105.73846,33.47154]},{"type":"Feature","id":45379,"properties":{"y":2008,"n":"16 Spring","ag":"USFS","ac":16.7,"c":14,"cl":"Unknown","ad":"2009-02-01","cd":"","st":"NM","se":4},"geometry":{"type":"Polygon","coordinates":[[[-105.62926,32.95218],[-105.62825,32.95513],[-105.6272,32.95607],[-105.62622,32.95498],[-105.62661,32.95388],[-105.62783,32.95226],[-105.62926,32.95218]]]},"bbox":[-105.62926,32.95202,-105.62622,32.95607]},{"type":"Feature","id":45380,"properties":{"y":1963,"n":"Bonita","ag":"USFS","ac":282.1,"c":14,"cl":"Unknown","ad":"1994-02-01","cd":"","st":"NM","se":4},"geometry":{"type":"Polygon","coordinates":[[[-105.74457,33.46457],[-105.74319,33.46317],[-105.74435,33.46144],[-105.7431,33.46141],[-105.74145,33.4603],[-105.74132,33.45957],[-105.74267,33.45795],[-105.74647,33.45657],[-105.74777,33.45658],[-105.75054,33.45867],[-105.75216,33.45877],[-105.75456,33.45763],[-105.75711,33.45781],[-105.75827,33.45936],[-105.75602,33.46462],[-105.75259,33.46613],[-105.75058,33.46614],[-105.74864,33.46528],[-105.74457,33.46457]]]},"bbox":[-105.75827,33.45657,-105.74132,33.46614]},{"type":"Feature","id":45381,"properties":{"y":1983,"n":"Dead Horse","ag":"USFS","ac":22.7,"c":14,"cl":"Unknown","ad":"2016-12-29","cd":"","st":"NM","se":4},"geometry":{"type":"Polygon","coordinates":[[[-106.76819,36.4397],[-106.76791,36.43917],[-106.76876,36.43717],[-106.76967,36.43628],[-106.77249,36.43847],[-106.77205,36.43958],[-106.77075,36.43916],[-106.76819,36.4397]]]},"bbox":[-106.77249,36.43627,-106.76791,36.43982]},{"type":"Feature","id":45382,"properties":{"y":1991,"n":"Corral 9131","ag":"USFS","ac":61.0,"c":14,"cl":"Unknown","ad":"2018-04-28","cd":"","st":"NM","se":1},"geometry":{"type":"Polygon","coordinates":[[[-106.2932,35.78372],[-106.29485,35.78157],[-106.29695,35.78217],[-106.29876,35.78476],[-106.29853,35.78525],[-106.29417,35.78722],[-106.29235,35.78638],[-106.29123,35.78501],[-106.2932,35.78372]]]},"bbox":[-106.29876,35.78157,-106.29123,35.78722]},{"type":"Feature","id":45383,"properties":{"y":1985,"n":"Backgate 2","ag":"USFS","ac":12.3,"c":14,"cl":"Unknown","ad":"2018-04-28","cd":"","st":"NM","se":1},"geometry":{"type":"Polygon","coordinates":[[[-106.3588,35.83143],[-106.36133,35.83245],[-106.36102,35.83407],[-106.3586,35.83384],[-106.3588,35.83143]]]},"bbox":[-106.36144,35.83137,-106.3586,35.83412]},{"type":"Feature","id":45384,"properties":{"y":1988,"n":"Oso","ag":"USFS","ac":51.7,"c":14,"cl":"Unknown","ad":"2016-12-29","cd":"","st":"NM","se":4},"geometry":{"type":"Polygon","coordinates":[[[-105.84801,35.90348],[-105.84516,35.90302],[-105.84275,35.90339],[-105.84091,35.90312],[-105.84198,35.90008],[-105.84246,35.89975],[-105.84356,35.90034],[-105.84589,35.90036],[-105.84701,35.90085],[-105.84744,35.90159],[-105.84907,35.90192],[-105.84923,35.90267],[-105.84801,35.90348]]]},"bbox":[-105.84923,35.89975,-105.84085,35.90359]},{"type":"Feature","id":45385,"properties":{"y":1990,"n":"Spring","ag":"USFS","ac":48.6,"c":14,"cl":"Unknown","ad":"2016-12-29","cd":"","st":"NM","se":4},"geometry":{"type":"Polygon","coordinates":[[[-106.25323,35.95872],[-106.25166,35.95821],[-106.25088,35.95677],[-106.25304,35.95618],[-106.2556,35.95666],[-106.25856,35.95644],[-106.26058,35.95708],[-106.26069,35.95809],[-106.25944,35.9585],[-106.25323,35.95872]]]},"bbox":[-106.26072,35.95618,-106.25085,35.95875]},{"type":"Feature","id":45386,"properties":{"y":2000,"n":"Cochiti","ag":"USFS","ac":695.4,"c":14,"cl":"Unknown","ad":"2016-12-29","cd":"","st":"NM","se":4},"geometry":{"type":"Polygon","coordinates":[[[-106.25184,35.52746],[-106.24826,35.52698],[-106.24442,35.52504],[-106.24231,35.52263],[-106.24127,35.51904],[-106.24186,35.51611],[-106.24424,35.51297],[-106.24718,35.51124],[-106.25158,35.5104],[-106.256,35.51115],[-106.25899,35.51282],[-106.26147,35.51591],[-106.26214,35.51882],[-106.26122,35.52244],[-106.25918,35.52489],[-106.2554,35.52691],[-106.25184,35.52746]]]},"bbox":[-106.26214,35.5104,-106.24127,35.52746]},{"type":"Feature","id":45388,"properties":{"y":1990,"n":"Catus","ag":"USFS","ac":46.9,"c":14,"cl":"Unknown","ad":"2016-12-29","cd":"","st":"NM","se":4},"geometry":{"type":"Polygon","coordinates":[[[-105.72626,36.01011],[-105.72581,36.0091],[-105.72855,36.0085],[-105.73081,36.00741],[-105.73132,36.0059],[-105.73318,36.00652],[-105.73473,36.0081],[-105.73455,36.00886],[-105.73319,36.00931],[-105.73106,36.00939],[-105.73014,36.01002],[-105.72797,36.01044],[-105.72626,36.01011]]]},"bbox":[-105.73473,36.00587,-105.72566,36.01044]},{"type":"Feature","id":45389,"properties":{"y":1992,"n":"Clara","ag":"USFS","ac":129.2,"c":14,"cl":"Unknown","ad":"2016-12-29","cd":"","st":"NM","se":4},"geometry":{"type":"Polygon","coordinates":[[[-106.26042,36.02457],[-106.26286,36.02478],[-106.26666,36.02653],[-106.26543,36.0278],[-106.26506,36.03012],[-106.26422,36.03147],[-106.26453,36.03223],[-106.26354,36.03392],[-106.26,36.03288],[-106.25849,36.03164],[-106.25799,36.02959],[-106.25927,36.02747],[-106.2595,36.02493],[-106.26042,36.02457]]]},"bbox":[-106.26669,36.0245,-106.25792,36.03392]},{"type":"Feature","id":45390,"properties":{"y":1994,"n":"Unknown","ag":"USFS","ac":138.8,"c":14,"cl":"Unknown","ad":"1995-02-01","cd":"","st":"NM","se":4},"geometry":{"type":"Polygon","coordinates":[[[-107.25891,36.6412],[-107.26215,36.64223],[-107.26331,36.64361],[-107.26364,36.64501],[-107.26331,36.64642],[-107.26236,36.64762],[-107.26065,36.64856],[-107.25891,36.64883],[-107.25567,36.64779],[-107.25451,36.64642],[-107.25418,36.64501],[-107.25451,36.64361],[-107.25546,36.6424],[-107.25717,36.64147],[-107.25891,36.6412]]]},"bbox":[-107.26364,36.6412,-107.25418,36.64883]},{"type":"Feature","id":45391,"properties":{"y":2000,"n":"Monument","ag":"USFS","ac":169.0,"c":14,"cl":"Unknown","ad":"2016-12-29","cd":"","st":"NM","se":4},"geometry":{"type":"Polygon","coordinates":[[[-105.68223,35.53201],[-105.67851,35.53149],[-105.67486,35.52998],[-105.67475,35.52926],[-105.67255,35.52812],[-105.67133,35.52607],[-105.67144,35.52527],[-105.6734,35.52508],[-105.6787,35.52728],[-105.67923,35.52655],[-105.68044,35.52625],[-105.68206,35.52719],[-105.68563,35.52695],[-105.68751,35.52745],[-105.68815,35.52898],[-105.68727,35.53059],[-105.6854,35.53159],[-105.68223,35.53201]]]},"bbox":[-105.68815,35.52499,-105.67133,35.53201]},{"type":"Feature","id":45392,"properties":{"y":2000,"n":"Relay","ag":"USFS","ac":30.0,"c":14,"cl":"Unknown","ad":"2016-12-29","cd":"","st":"NM","se":4},"geometry":{"type":"Polygon","coordinates":[[[-106.70315,36.46957],[-106.70159,36.46907],[-106.70092,36.46783],[-106.70153,36.46656],[-106.70307,36.46602],[-106.70463,36.46652],[-106.7053,36.46776],[-106.70469,36.46903],[-106.70315,36.46957]]]},"bbox":[-106.7053,36.46602,-106.70092,36.46957]},{"type":"Feature","id":45393,"properties":{"y":1975,"n":"Unknown","ag":"USFS","ac":12.0,"c":14,"cl":"Unknown","ad":"2016-12-29","cd":"","st":"NM","se":4},"geometry":{"type":"Polygon","coordinates":[[[-105.51503,35.37006],[-105.51406,35.36973],[-105.51366,35.36894],[-105.51405,35.36815],[-105.51502,35.36781],[-105.51599,35.36814],[-105.5164,35.36893],[-105.516,35.36972],[-105.51503,35.37006]]]},"bbox":[-105.5164,35.36781,-105.51366,35.37006]},{"type":"Feature","id":45394,"properties":{"y":1989,"n":"Puerco","ag":"USFS","ac":98.9,"c":14,"cl":"Unknown","ad":"2016-12-29","cd":"","st":"NM","se":4},"geometry":{"type":"Polygon","coordinates":[[[-106.70161,36.0937],[-106.70773,36.09361],[-106.7092,36.09494],[-106.70696,36.0966],[-106.70387,36.09791],[-106.70442,36.09989],[-106.7036,36.1008],[-106.70206,36.09879],[-106.69992,36.09774],[-106.69873,36.09658],[-106.69866,36.09595],[-106.6993,36.09472],[-106.70161,36.0937]]]},"bbox":[-106.7092,36.09319,-106.69866,36.1008]},{"type":"Feature","id":45395,"properties":{"y":2002,"n":"Guacamalla","ag":"USFS","ac":20.0,"c":14,"cl":"Unknown","ad":"2016-12-29","cd":"","st":"NM","se":4},"geometry":{"type":"Polygon","coordinates":[[[-106.57413,35.7206],[-106.57287,35.72019],[-106.57233,35.71917],[-106.57283,35.71814],[-106.57408,35.7177],[-106.57534,35.71811],[-106.57588,35.71913],[-106.57538,35.72016],[-106.57413,35.7206]]]},"bbox":[-106.57588,35.7177,-106.57233,35.7206]},{"type":"Feature","id":45396,"properties":{"y":2007,"n":"Stable Spring","ag":"USFS","ac":13.1,"c":14,"cl":"Unknown","ad":"2016-12-29","cd":"","st":"NM","se":4},"geometry":{"type":"Polygon","coordinates":[[[-106.77344,35.80007],[-106.77242,35.79974],[-106.77198,35.79892],[-106.77238,35.79809],[-106.77339,35.79773],[-106.77442,35.79806],[-106.77486,35.79888],[-106.77445,35.79971],[-106.77344,35.80007]]]},"bbox":[-106.77486,35.79773,-106.77198,35.80007]},{"type":"Feature","id":45398,"properties":{"y":1989,"n":"Canoncito","ag":"USFS","ac":188.4,"c":14,"cl":"Unknown","ad":"2016-12-29","cd":"","st":"NM","se":4},"geometry":{"type":"Polygon","coordinates":[[[-106.70773,36.13722],[-106.705,36.13726],[-106.70365,36.13673],[-106.70352,36.1357],[-106.70406,36.13479],[-106.70981,36.13317],[-106.7163,36.13235],[-106.71853,36.13255],[-106.72258,36.13168],[-106.723,36.13348],[-106.71912,36.13651],[-106.70876,36.13851],[-106.70773,36.13722]]]},"bbox":[-106.723,36.13168,-106.70352,36.13851]},{"type":"Feature","id":45399,"properties":{"y":1997,"n":"Corral","ag":"USFS","ac":42.0,"c":14,"cl":"Unknown","ad":"2016-12-29","cd":"","st":"NM","se":4},"geometry":{"type":"Polygon","coordinates":[[[-106.87953,36.22517],[-106.88068,36.22322],[-106.8846,36.22407],[-106.88419,36.22611],[-106.88467,36.22675],[-106.88245,36.22786],[-106.88005,36.22714],[-106.87953,36.22517]]]},"bbox":[-106.88467,36.22322,-106.87953,36.22786]},{"type":"Feature","id":45400,"properties":{"y":2014,"n":"Bear Springs","ag":"USFS","ac":25.8,"c":14,"cl":"Unknown","ad":"2016-12-29","cd":"","st":"NM","se":4},"geometry":{"type":"Polygon","coordinates":[[[-106.55424,35.66155],[-106.55459,35.66025],[-106.55574,35.66038],[-106.55648,35.66092],[-106.55606,35.66157],[-106.55827,35.66219],[-106.55796,35.66334],[-106.55699,35.66306],[-106.55754,35.66391],[-106.55593,35.66426],[-106.55505,35.66379],[-106.5542,35.66223],[-106.55324,35.6621],[-106.55309,35.66156],[-106.55424,35.66155]]]},"bbox":[-106.55839,35.66024,-106.55307,35.66426]},{"type":"Feature","id":45401,"properties":{"y":2006,"n":"Chaparral","ag":"USFS","ac":18.0,"c":14,"cl":"Unknown","ad":"2016-12-29","cd":"","st":"NM","se":4},"geometry":{"type":"Polygon","coordinates":[[[-106.81304,36.88055],[-106.81183,36.88016],[-106.81131,36.87932],[-106.81168,36.87831],[-106.81283,36.87781],[-106.8142,36.87819],[-106.81472,36.87915],[-106.81424,36.88013],[-106.81304,36.88055]]]},"bbox":[-106.81472,36.8778,-106.8113,36.88055]},{"type":"Feature","id":45402,"properties":{"y":2013,"n":"Schoolhouse","ag":"USFS","ac":35.2,"c":14,"cl":"Unknown","ad":"2016-12-29","cd":"","st":"NM","se":4},"geometry":{"type":"Polygon","coordinates":[[[-106.76206,35.84075],[-106.76118,35.84034],[-106.76163,35.83987],[-106.76087,35.84005],[-106.76089,35.83946],[-106.76293,35.83731],[-106.76521,35.8396],[-106.76549,35.84079],[-106.76506,35.84152],[-106.76417,35.84148],[-106.76355,35.84219],[-106.76133,35.84185],[-106.76114,35.84117],[-106.76206,35.84075]]]},"bbox":[-106.76554,35.83731,-106.76083,35.84219]},{"type":"Feature","id":45403,"properties":{"y":2004,"n":"Mccoy","ag":"USFS","ac":12.8,"c":14,"cl":"Unknown","ad":"2016-12-29","cd":"","st":"NM","se":4},"geometry":{"type":"Polygon","coordinates":[[[-106.864,36.4841],[-106.86432,36.48242],[-106.86499,36.48178],[-106.86682,36.48267],[-106.86563,36.48488],[-106.864,36.4841]]]},"bbox":[-106.86685,36.48176,-106.864,36.48488]},{"type":"Feature","id":45404,"properties":{"y":2003,"n":"Molina","ag":"USFS","ac":437.2,"c":14,"cl":"Unknown","ad":"2016-12-29","cd":"","st":"NM","se":4},"geometry":{"type":"Polygon","coordinates":[[[-105.80482,35.90532],[-105.801,35.90515],[-105.79823,35.90432],[-105.79838,35.90129],[-105.7994,35.89796],[-105.80297,35.8939],[-105.80413,35.89354],[-105.80579,35.89383],[-105.81317,35.89611],[-105.81581,35.89813],[-105.8165,35.89955],[-105.81659,35.90114],[-105.81564,35.90264],[-105.81295,35.90494],[-105.8114,35.90727],[-105.81008,35.90771],[-105.80482,35.90532]]]},"bbox":[-105.81659,35.89354,-105.79809,35.90771]},{"type":"Feature","id":45405,"properties":{"y":1973,"n":"Tijeras","ag":"USFS","ac":12.0,"c":14,"cl":"Unknown","ad":"2016-12-29","cd":"","st":"NM","se":4},"geometry":{"type":"Polygon","coordinates":[[[-105.60559,35.66116],[-105.60462,35.66083],[-105.60421,35.66004],[-105.6046,35.65925],[-105.60557,35.65891],[-105.60655,35.65924],[-105.60696,35.66003],[-105.60656,35.66082],[-105.60559,35.66116]]]},"bbox":[-105.60696,35.65891,-105.60421,35.66116]},{"type":"Feature","id":45406,"properties":{"y":2010,"n":"Elk","ag":"USFS","ac":222.5,"c":14,"cl":"Unknown","ad":"2016-12-29","cd":"","st":"NM","se":4},"geometry":{"type":"Polygon","coordinates":[[[-106.3796,36.00469],[-106.37935,36.00344],[-106.38072,36.00087],[-106.37997,35.99964],[-106.37252,35.99879],[-106.36923,35.99935],[-106.36872,35.99841],[-106.36946,35.99777],[-106.3714,35.99804],[-106.37286,35.99641],[-106.37935,35.99511],[-106.38139,35.99719],[-106.38149,35.99878],[-106.38454,35.99953],[-106.38795,35.99944],[-106.38982,36.00152],[-106.38975,36.00321],[-106.38879,36.00471],[-106.38538,36.00461],[-106.38384,36.00678],[-106.38323,36.0058],[-106.3807,36.0054],[-106.3796,36.00469]]]},"bbox":[-106.38987,35.99511,-106.36864,36.00678]},{"type":"Feature","id":45407,"properties":{"y":2010,"n":"Tecolote","ag":"USFS","ac":811.3,"c":14,"cl":"Unknown","ad":"2016-12-29","cd":"","st":"NM","se":4},"geometry":{"type":"MultiPolygon","coordinates":[[[[-105.48679,35.69046],[-105.4876,35.6881],[-105.48614,35.68406],[-105.48243,35.68133],[-105.48298,35.68028],[-105.48225,35.67675],[-105.47776,35.67111],[-105.47721,35.67132],[-105.47473,35.66963],[-105.47379,35.66609],[-105.47462,35.66479],[-105.47478,35.66305],[-105.474,35.6615],[-105.47557,35.66055],[-105.47768,35.66025],[-105.4789,35.66038],[-105.47913,35.66112],[-105.48114,35.66085],[-105.48072,35.66133],[-105.48087,35.66293],[-105.48496,35.66502],[-105.48495,35.66551],[-105.48643,35.66697],[-105.48655,35.66855],[-105.48918,35.67067],[-105.49014,35.67073],[-105.48957,35.6716],[-105.49281,35.67133],[-105.49444,35.67182],[-105.49458,35.67352],[-105.49397,35.67424],[-105.49304,35.67418],[-105.49309,35.67467],[-105.49386,35.67608],[-105.4937,35.67706],[-105.49417,35.67819],[-105.49546,35.67971],[-105.49539,35.68109],[-105.49631,35.68219],[-105.49621,35.68337],[-105.49509,35.68435],[-105.49519,35.68563],[-105.49468,35.68608],[-105.49551,35.68715],[-105.49659,35.68697],[-105.49603,35.68814],[-105.49643,35.68912],[-105.49477,35.69027],[-105.49157,35.6891],[-105.49033,35.69072],[-105.48926,35.69101],[-105.48679,35.69046]]],[[[-105.476,35.67253],[-105.47626,35.6724],[-105.47629,35.67253],[-105.476,35.67253]]],[[[-105.48866,35.69573],[-105.48886,35.69549],[-105.48894,35.69573],[-105.48866,35.69573]]],[[[-105.49046,35.69749],[-105.49078,35.69709],[-105.49098,35.69736],[-105.49046,35.69749]]],[[[-105.49987,35.69546],[-105.50031,35.69552],[-105.50046,35.69586],[-105.49994,35.69594],[-105.49987,35.69546]]]]},"bbox":[-105.50048,35.66025,-105.47379,35.69749]},{"type":"Feature","id":45409,"properties":{"y":2011,"n":"Valle Canyon","ag":"USFS","ac":101.0,"c":14,"cl":"Unknown","ad":"2016-12-29","cd":"","st":"NM","se":4},"geometry":{"type":"Polygon","coordinates":[[[-106.39869,35.87446],[-106.39624,35.87219],[-106.39326,35.87063],[-106.39104,35.8709],[-106.39001,35.87038],[-106.38932,35.87118],[-106.38826,35.87011],[-106.38652,35.86931],[-106.3892,35.86938],[-106.3897,35.86889],[-106.38928,35.86858],[-106.39016,35.86836],[-106.39211,35.86652],[-106.39258,35.86731],[-106.39922,35.8705],[-106.40235,35.87418],[-106.40179,35.87445],[-106.40025,35.87386],[-106.39866,35.87499],[-106.39799,35.87507],[-106.39869,35.87446]]]},"bbox":[-106.40235,35.86651,-106.38652,35.87507]},{"type":"Feature","id":45410,"properties":{"y":2009,"n":"Ortiz","ag":"USFS","ac":22.7,"c":14,"cl":"Unknown","ad":"2016-12-29","cd":"","st":"NM","se":4},"geometry":{"type":"Polygon","coordinates":[[[-105.60958,35.36484],[-105.60624,35.36421],[-105.60436,35.36199],[-105.60489,35.3616],[-105.6071,35.3617],[-105.60843,35.36257],[-105.60958,35.36484]]]},"bbox":[-105.6096,35.36153,-105.60436,35.36485]},{"type":"Feature","id":45411,"properties":{"y":2017,"n":"Peggy","ag":"USFS","ac":886.7,"c":14,"cl":"Unknown","ad":"2017-09-27","cd":"","st":"NM","se":3},"geometry":{"type":"Polygon","coordinates":[[[-106.79869,35.7404],[-106.79776,35.74142],[-106.79149,35.73871],[-106.78803,35.73971],[-106.78476,35.74161],[-106.78359,35.7446],[-106.78075,35.74572],[-106.78019,35.74567],[-106.78005,35.74515],[-106.77838,35.74489],[-106.77699,35.74354],[-106.77664,35.74213],[-106.7752,35.74103],[-106.77722,35.73955],[-106.77627,35.73864],[-106.77716,35.73775],[-106.77605,35.73573],[-106.7756,35.73316],[-106.77651,35.73123],[-106.77589,35.73055],[-106.77628,35.73002],[-106.77808,35.72962],[-106.77809,35.72869],[-106.77884,35.72823],[-106.78073,35.72485],[-106.77994,35.72282],[-106.78113,35.72325],[-106.78184,35.72236],[-106.78305,35.72206],[-106.78543,35.72306],[-106.78766,35.72302],[-106.79148,35.72455],[-106.79322,35.72671],[-106.79459,35.72697],[-106.79853,35.73115],[-106.79837,35.73547],[-106.79685,35.73688],[-106.79761,35.73948],[-106.79869,35.7404]]]},"bbox":[-106.79874,35.72206,-106.7752,35.74572]},{"type":"Feature","id":45412,"properties":{"y":1985,"n":"Cerro","ag":"USFS","ac":33.5,"c":14,"cl":"Unknown","ad":"2018-04-28","cd":"","st":"NM","se":1},"geometry":{"type":"Polygon","coordinates":[[[-106.41152,35.86818],[-106.41466,35.86551],[-106.41647,35.86573],[-106.41768,35.8645],[-106.41767,35.86341],[-106.4189,35.8625],[-106.4197,35.86281],[-106.41994,35.86456],[-106.41339,35.86829],[-106.41152,35.86818]]]},"bbox":[-106.42009,35.8625,-106.41152,35.86845]},{"type":"Feature","id":45414,"properties":{"y":2016,"n":"Mcclure","ag":"USFS","ac":7.5,"c":14,"cl":"Unknown","ad":"2016-12-29","cd":"","st":"NM","se":4},"geometry":{"type":"Polygon","coordinates":[[[-105.80315,35.72912],[-105.80297,35.72789],[-105.80361,35.72694],[-105.80452,35.72707],[-105.80411,35.72833],[-105.80485,35.72941],[-105.80387,35.72986],[-105.80315,35.72912]]]},"bbox":[-105.80485,35.72694,-105.80296,35.72986]},{"type":"Feature","id":45415,"properties":{"y":2018,"n":"Penasco","ag":"USFS","ac":12.3,"c":14,"cl":"Unknown","ad":"2018-08-30","cd":"","st":"NM","se":2},"geometry":{"type":"Polygon","coordinates":[[[-106.67591,36.29915],[-106.67424,36.2983],[-106.67415,36.29759],[-106.67469,36.29714],[-106.67672,36.29694],[-106.67703,36.29821],[-106.67591,36.29915]]]},"bbox":[-106.67708,36.29689,-106.67415,36.29915]},{"type":"Feature","id":45416,"properties":{"y":2018,"n":"Gallinas","ag":"USFS","ac":22.8,"c":14,"cl":"Unknown","ad":"2019-02-20","cd":"","st":"NM","se":4},"geometry":{"type":"Polygon","coordinates":[[[-105.52326,35.71695],[-105.5197,35.71867],[-105.51914,35.71937],[-105.5171,35.71962],[-105.51709,35.71786],[-105.52182,35.71659],[-105.52326,35.71695]]]},"bbox":[-105.52326,35.71659,-105.517,35.71971]},{"type":"Feature","id":45418,"properties":{"y":1988,"n":"Bean","ag":"USFS","ac":117.8,"c":14,"cl":"Unknown","ad":"2016-12-29","cd":"","st":"NM","se":4},"geometry":{"type":"Polygon","coordinates":[[[-105.85996,35.92477],[-105.85798,35.92511],[-105.85528,35.92426],[-105.85307,35.92416],[-105.85192,35.92327],[-105.85228,35.92147],[-105.85097,35.91995],[-105.85099,35.91934],[-105.85184,35.91868],[-105.85434,35.91869],[-105.85832,35.9199],[-105.86178,35.92411],[-105.86318,35.92474],[-105.86189,35.92551],[-105.8603,35.92533],[-105.85996,35.92477]]]},"bbox":[-105.86318,35.91863,-105.85091,35.92551]},{"type":"Feature","id":45419,"properties":{"y":2018,"n":"Chicoma","ag":"USFS","ac":41.9,"c":14,"cl":"Unknown","ad":"2018-05-05","cd":"","st":"NM","se":1},"geometry":{"type":"Polygon","coordinates":[[[-106.2722,36.03046],[-106.27438,36.031],[-106.27573,36.03073],[-106.27795,36.03194],[-106.27844,36.03306],[-106.27728,36.03335],[-106.27601,36.03311],[-106.27629,36.03262],[-106.27592,36.0326],[-106.27299,36.03476],[-106.2724,36.03353],[-106.27164,36.03323],[-106.2717,36.03157],[-106.2722,36.03046]]]},"bbox":[-106.27845,36.0304,-106.27164,36.03479]},{"type":"Feature","id":45420,"properties":{"y":2018,"n":"Aragon","ag":"USFS","ac":503.3,"c":14,"cl":"Unknown","ad":"2018-08-02","cd":"","st":"NM","se":2},"geometry":{"type":"Polygon","coordinates":[[[-106.74129,36.50591],[-106.73728,36.50636],[-106.73174,36.50319],[-106.7297,36.50314],[-106.72909,36.50265],[-106.72908,36.50131],[-106.73097,36.49894],[-106.73104,36.49816],[-106.73053,36.49729],[-106.72697,36.4965],[-106.72727,36.49197],[-106.72979,36.49248],[-106.7308,36.49137],[-106.73209,36.4911],[-106.73334,36.48873],[-106.73318,36.48731],[-106.73393,36.4866],[-106.73826,36.48577],[-106.73834,36.48678],[-106.74049,36.48855],[-106.74046,36.49039],[-106.74234,36.49371],[-106.74087,36.49558],[-106.74164,36.5006],[-106.74122,36.5022],[-106.74159,36.50365],[-106.74129,36.50591]]]},"bbox":[-106.74234,36.48577,-106.72673,36.50641]},{"type":"Feature","id":45421,"properties":{"y":1974,"n":"Dandy","ag":"USFS","ac":75.0,"c":14,"cl":"Unknown","ad":"2016-12-29","cd":"","st":"NM","se":4},"geometry":{"type":"Polygon","coordinates":[[[-105.7095,35.43006],[-105.70707,35.42926],[-105.70605,35.42728],[-105.70704,35.42529],[-105.70945,35.42446],[-105.71188,35.42526],[-105.7129,35.42724],[-105.71192,35.42923],[-105.7095,35.43006]]]},"bbox":[-105.7129,35.42446,-105.70605,35.43006]},{"type":"Feature","id":45422,"properties":{"y":2018,"n":"Alamo","ag":"USFS","ac":15.2,"c":14,"cl":"Unknown","ad":"2018-05-30","cd":"","st":"NM","se":1},"geometry":{"type":"Polygon","coordinates":[[[-106.44568,35.82624],[-106.44802,35.82737],[-106.44793,35.82838],[-106.44616,35.8292],[-106.44526,35.82868],[-106.44487,35.82764],[-106.44542,35.82767],[-106.4449,35.82711],[-106.44512,35.82649],[-106.44568,35.82624]],[[-106.44738,35.82711],[-106.44736,35.82711],[-106.44737,35.82711],[-106.44738,35.82711]],[[-106.44738,35.8271],[-106.44737,35.8271],[-106.44739,35.8271],[-106.44738,35.8271]]]},"bbox":[-106.44818,35.82624,-106.44487,35.8292]},{"type":"Feature","id":45423,"properties":{"y":1996,"n":"Navajo","ag":"USFS","ac":16.6,"c":14,"cl":"Unknown","ad":"2016-12-29","cd":"","st":"NM","se":4},"geometry":{"type":"Polygon","coordinates":[[[-106.64267,36.22838],[-106.6437,36.2294],[-106.64465,36.22964],[-106.64146,36.23281],[-106.64096,36.23265],[-106.64025,36.23182],[-106.64244,36.23011],[-106.64267,36.22838]]]},"bbox":[-106.64465,36.22838,-106.64025,36.23281]},{"type":"Feature","id":45424,"properties":{"y":1996,"n":"Sanchez","ag":"USFS","ac":61.3,"c":14,"cl":"Unknown","ad":"2016-12-29","cd":"","st":"NM","se":4},"geometry":{"type":"Polygon","coordinates":[[[-106.72635,36.47253],[-106.72534,36.46971],[-106.72292,36.46848],[-106.72525,36.46787],[-106.72617,36.46664],[-106.73138,36.46814],[-106.73125,36.46994],[-106.7307,36.47035],[-106.72992,36.47009],[-106.73004,36.47081],[-106.72966,36.47108],[-106.72832,36.47101],[-106.72635,36.47253]]]},"bbox":[-106.73138,36.46664,-106.72292,36.47253]},{"type":"Feature","id":45425,"properties":{"y":2017,"n":"Alameda","ag":"USFS","ac":374.8,"c":14,"cl":"Unknown","ad":"2017-09-27","cd":"","st":"NM","se":3},"geometry":{"type":"Polygon","coordinates":[[[-106.76792,36.42942],[-106.76899,36.43088],[-106.7688,36.43155],[-106.7672,36.4326],[-106.76796,36.43485],[-106.76952,36.43641],[-106.76857,36.43721],[-106.76662,36.44084],[-106.76523,36.44081],[-106.76317,36.43726],[-106.76218,36.43794],[-106.7614,36.43731],[-106.75878,36.43773],[-106.75777,36.43708],[-106.7558,36.43756],[-106.75414,36.43601],[-106.75232,36.43692],[-106.74962,36.43715],[-106.7513,36.4357],[-106.75119,36.43482],[-106.75249,36.43341],[-106.74942,36.42938],[-106.74963,36.42818],[-106.75042,36.42817],[-106.75122,36.42947],[-106.75164,36.42694],[-106.75313,36.42627],[-106.75467,36.42658],[-106.75489,36.42732],[-106.75343,36.42779],[-106.75305,36.42804],[-106.75329,36.42832],[-106.75676,36.4293],[-106.75974,36.42908],[-106.76319,36.4303],[-106.76501,36.42972],[-106.76649,36.42992],[-106.76724,36.43055],[-106.76792,36.42942]]]},"bbox":[-106.76952,36.42622,-106.74942,36.44099]},{"type":"Feature","id":45426,"properties":{"y":2018,"n":"Sarca","ag":"USFS","ac":178.3,"c":14,"cl":"Unknown","ad":"2018-08-07","cd":"","st":"NM","se":2},"geometry":{"type":"Polygon","coordinates":[[[-105.81868,35.9077],[-105.82125,35.90779],[-105.82189,35.90869],[-105.82144,35.90996],[-105.82187,35.91023],[-105.82098,35.91085],[-105.82096,35.91148],[-105.82,35.91195],[-105.8198,35.91268],[-105.81801,35.91399],[-105.81793,35.91543],[-105.81835,35.91569],[-105.8184,35.91624],[-105.8157,35.91602],[-105.81554,35.91521],[-105.81646,35.91477],[-105.81517,35.91378],[-105.8131,35.91427],[-105.81303,35.91263],[-105.81341,35.91221],[-105.81302,35.9121],[-105.81341,35.91175],[-105.81284,35.91141],[-105.81291,35.91016],[-105.81216,35.91031],[-105.8116,35.90981],[-105.81102,35.90845],[-105.81276,35.90614],[-105.81352,35.90604],[-105.81539,35.90454],[-105.81715,35.9041],[-105.81786,35.90517],[-105.81697,35.90637],[-105.8181,35.90643],[-105.81868,35.9077]]]},"bbox":[-105.82192,35.9041,-105.81102,35.91636]},{"type":"Feature","id":45428,"properties":{"y":2016,"n":"Cuerno","ag":"USFS","ac":698.7,"c":14,"cl":"Unknown","ad":"2016-12-29","cd":"","st":"NM","se":4},"geometry":{"type":"Polygon","coordinates":[[[-106.44656,36.14083],[-106.4456,36.13996],[-106.4455,36.13879],[-106.44634,36.13676],[-106.44581,36.13495],[-106.44638,36.13369],[-106.44555,36.13096],[-106.44627,36.12838],[-106.44821,36.12483],[-106.45282,36.12117],[-106.45502,36.12043],[-106.45894,36.1169],[-106.46115,36.11404],[-106.46226,36.11345],[-106.46207,36.11046],[-106.4636,36.10937],[-106.46512,36.10737],[-106.46424,36.10547],[-106.4671,36.10231],[-106.46748,36.10013],[-106.47082,36.09408],[-106.47075,36.0932],[-106.47269,36.09089],[-106.47264,36.08814],[-106.47305,36.08795],[-106.47479,36.09003],[-106.47637,36.09018],[-106.47594,36.0913],[-106.47847,36.09006],[-106.47924,36.08917],[-106.4791,36.09012],[-106.47831,36.09066],[-106.47909,36.09131],[-106.47891,36.092],[-106.47786,36.09323],[-106.47501,36.10223],[-106.4717,36.10633],[-106.47065,36.10605],[-106.46938,36.10671],[-106.46916,36.10854],[-106.46606,36.11395],[-106.4654,36.11642],[-106.46,36.12166],[-106.45862,36.12165],[-106.45594,36.12304],[-106.45507,36.12394],[-106.45456,36.1264],[-106.45237,36.12743],[-106.45008,36.13251],[-106.44892,36.13336],[-106.44697,36.13722],[-106.44656,36.14083]]]},"bbox":[-106.4794,36.08795,-106.4455,36.14083]},{"type":"Feature","id":45429,"properties":{"y":2016,"n":"Barbero","ag":"USFS","ac":142.6,"c":14,"cl":"Unknown","ad":"2016-12-29","cd":"","st":"NM","se":4},"geometry":{"type":"Polygon","coordinates":[[[-105.61246,35.38674],[-105.61256,35.38835],[-105.61309,35.38875],[-105.61218,35.39035],[-105.61008,35.39205],[-105.60829,35.39239],[-105.60705,35.39156],[-105.60607,35.38967],[-105.60628,35.38814],[-105.60487,35.38569],[-105.60608,35.38317],[-105.61258,35.38308],[-105.61253,35.38556],[-105.61384,35.38593],[-105.61246,35.38674]]]},"bbox":[-105.61384,35.38308,-105.60487,35.39242]},{"type":"Feature","id":45431,"properties":{"y":2011,"n":"Falls","ag":"USFS","ac":12.0,"c":14,"cl":"Unknown","ad":"2016-12-29","cd":"","st":"NM","se":4},"geometry":{"type":"Polygon","coordinates":[[[-106.60133,35.81919],[-106.60035,35.81887],[-106.59993,35.81808],[-106.60032,35.81729],[-106.60129,35.81694],[-106.60227,35.81726],[-106.60269,35.81805],[-106.6023,35.81885],[-106.60133,35.81919]]]},"bbox":[-106.60269,35.81694,-106.59993,35.81919]},{"type":"Feature","id":45432,"properties":{"y":2008,"n":"Peak","ag":"USFS","ac":316.6,"c":14,"cl":"Unknown","ad":"2016-12-29","cd":"","st":"NM","se":4},"geometry":{"type":"Polygon","coordinates":[[[-106.25975,36.0489],[-106.25728,36.04817],[-106.25476,36.04873],[-106.25252,36.04679],[-106.2532,36.0441],[-106.25473,36.04446],[-106.25593,36.0442],[-106.2569,36.04225],[-106.25644,36.03946],[-106.25527,36.03886],[-106.25346,36.03892],[-106.25326,36.0375],[-106.25397,36.03787],[-106.25565,36.03724],[-106.25674,36.03604],[-106.25701,36.03462],[-106.25808,36.03603],[-106.25864,36.03806],[-106.2597,36.03876],[-106.26137,36.03756],[-106.26422,36.03723],[-106.26435,36.03654],[-106.26298,36.03444],[-106.26429,36.03254],[-106.26413,36.03156],[-106.26489,36.03047],[-106.26521,36.02858],[-106.26632,36.02748],[-106.26718,36.0285],[-106.26721,36.0305],[-106.26825,36.03381],[-106.26806,36.03519],[-106.26709,36.03583],[-106.26775,36.03731],[-106.26629,36.03858],[-106.26637,36.03956],[-106.26249,36.04186],[-106.26159,36.04312],[-106.26129,36.0445],[-106.25983,36.04425],[-106.26102,36.04851],[-106.26362,36.05019],[-106.26445,36.05108],[-106.26446,36.05179],[-106.26388,36.05213],[-106.25975,36.0489]]]},"bbox":[-106.26827,36.02748,-106.25252,36.05213]},{"type":"Feature","id":45433,"properties":{"y":2003,"n":"Apache","ag":"USFS","ac":229.0,"c":14,"cl":"Unknown","ad":"2016-12-29","cd":"","st":"NM","se":4},"geometry":{"type":"Polygon","coordinates":[[[-105.52211,35.57185],[-105.52343,35.56969],[-105.52472,35.56922],[-105.52519,35.56776],[-105.52383,35.56658],[-105.52159,35.56704],[-105.52245,35.56596],[-105.52248,35.56489],[-105.52494,35.56168],[-105.52704,35.56178],[-105.52848,35.56269],[-105.53021,35.56198],[-105.53133,35.56256],[-105.53205,35.56245],[-105.53298,35.56135],[-105.53712,35.56069],[-105.53786,35.56196],[-105.53879,35.56241],[-105.53687,35.56354],[-105.53477,35.5663],[-105.53014,35.56782],[-105.52934,35.5686],[-105.52947,35.56932],[-105.52807,35.57031],[-105.52493,35.57153],[-105.52211,35.57185]]]},"bbox":[-105.53879,35.56069,-105.52159,35.572]},{"type":"Feature","id":45434,"properties":{"y":2012,"n":"Bear Springs","ag":"USFS","ac":621.8,"c":14,"cl":"Unknown","ad":"2016-12-29","cd":"","st":"NM","se":4},"geometry":{"type":"Polygon","coordinates":[[[-106.55059,35.67418],[-106.552,35.67294],[-106.55173,35.67191],[-106.55094,35.67158],[-106.5511,35.66999],[-106.55207,35.66918],[-106.55184,35.6679],[-106.55297,35.66648],[-106.55477,35.66567],[-106.55521,35.6663],[-106.55647,35.6666],[-106.55711,35.6662],[-106.55719,35.66673],[-106.55803,35.66607],[-106.55753,35.66574],[-106.55774,35.66537],[-106.55945,35.66462],[-106.55905,35.66407],[-106.55984,35.66358],[-106.56036,35.66449],[-106.56144,35.66508],[-106.56147,35.66568],[-106.56218,35.6656],[-106.56188,35.66631],[-106.56407,35.66771],[-106.564,35.6685],[-106.56626,35.66832],[-106.56626,35.66901],[-106.56751,35.67013],[-106.56816,35.67283],[-106.57023,35.67522],[-106.56848,35.67643],[-106.56543,35.67753],[-106.56534,35.67867],[-106.56322,35.68069],[-106.56288,35.68157],[-106.55921,35.68203],[-106.55934,35.68336],[-106.55851,35.6845],[-106.55645,35.68493],[-106.55533,35.68448],[-106.55456,35.68294],[-106.55281,35.68177],[-106.5514,35.67794],[-106.54974,35.67627],[-106.55004,35.67487],[-106.55097,35.67465],[-106.55059,35.67418]]]},"bbox":[-106.57023,35.66358,-106.54974,35.68493]},{"type":"Feature","id":45435,"properties":{"y":2012,"n":"Colorado Peak","ag":"USFS","ac":245.2,"c":14,"cl":"Unknown","ad":"2016-12-29","cd":"","st":"NM","se":4},"geometry":{"type":"MultiPolygon","coordinates":[[[[-106.2363,35.70128],[-106.23629,35.7013],[-106.2361,35.70173],[-106.2363,35.70128]]],[[[-106.23629,35.7013],[-106.23806,35.699],[-106.24131,35.69722],[-106.24621,35.69199],[-106.25011,35.68967],[-106.24939,35.69294],[-106.24731,35.69604],[-106.24576,35.69944],[-106.24665,35.70224],[-106.24597,35.70302],[-106.24411,35.70307],[-106.2373,35.7064],[-106.23467,35.7069],[-106.23468,35.70571],[-106.23629,35.7013]]]]},"bbox":[-106.25011,35.68967,-106.23467,35.70695]},{"type":"Feature","id":45436,"properties":{"y":2004,"n":"Polvadera","ag":"USFS","ac":13.2,"c":14,"cl":"Unknown","ad":"2016-12-29","cd":"","st":"NM","se":4},"geometry":{"type":"Polygon","coordinates":[[[-106.45324,36.11371],[-106.45099,36.11385],[-106.44978,36.11273],[-106.44995,36.11207],[-106.4511,36.1118],[-106.4522,36.11293],[-106.45356,36.11224],[-106.45404,36.11246],[-106.45324,36.11371]]]},"bbox":[-106.45404,36.11174,-106.44977,36.11404]},{"type":"Feature","id":45437,"properties":{"y":2000,"n":"February","ag":"USFS","ac":12.7,"c":14,"cl":"Unknown","ad":"2001-02-01","cd":"","st":"NM","se":4},"geometry":{"type":"Polygon","coordinates":[[[-106.10213,36.47204],[-106.10378,36.47253],[-106.10373,36.4734],[-106.10269,36.47326],[-106.09985,36.47446],[-106.09965,36.47387],[-106.10061,36.47236],[-106.10213,36.47204]]]},"bbox":[-106.10378,36.47204,-106.09965,36.47446]},{"type":"Feature","id":45438,"properties":{"y":2000,"n":"La Jara","ag":"USFS","ac":34.9,"c":14,"cl":"Unknown","ad":"2001-02-01","cd":"","st":"NM","se":4},"geometry":{"type":"Polygon","coordinates":[[[-106.24603,36.42761],[-106.24676,36.42778],[-106.24727,36.42891],[-106.24898,36.42827],[-106.24995,36.42928],[-106.24916,36.43123],[-106.24799,36.43146],[-106.24368,36.43041],[-106.24603,36.42761]]]},"bbox":[-106.25,36.42761,-106.24368,36.43146]},{"type":"Feature","id":45439,"properties":{"y":2000,"n":"Pile","ag":"USFS","ac":31.3,"c":14,"cl":"Unknown","ad":"2001-02-01","cd":"","st":"NM","se":4},"geometry":{"type":"Polygon","coordinates":[[[-106.21499,36.36428],[-106.21689,36.36475],[-106.21744,36.3655],[-106.21646,36.36667],[-106.21623,36.36802],[-106.21531,36.3685],[-106.21429,36.36755],[-106.21271,36.36725],[-106.21336,36.36534],[-106.21499,36.36428]]]},"bbox":[-106.21744,36.36428,-106.21271,36.3685]},{"type":"Feature","id":45440,"properties":{"y":2000,"n":"Drake","ag":"USFS","ac":10.1,"c":14,"cl":"Unknown","ad":"2001-02-01","cd":"","st":"NM","se":4},"geometry":{"type":"Polygon","coordinates":[[[-105.50279,36.34957],[-105.50371,36.3499],[-105.50404,36.35067],[-105.50358,36.35139],[-105.50269,36.35162],[-105.50184,36.35129],[-105.50151,36.35052],[-105.50191,36.34984],[-105.50279,36.34957]]]},"bbox":[-105.50405,36.34957,-105.50151,36.35162]},{"type":"Feature","id":45441,"properties":{"y":2000,"n":"Ring","ag":"USFS","ac":20.0,"c":14,"cl":"Unknown","ad":"2001-02-01","cd":"","st":"NM","se":4},"geometry":{"type":"Polygon","coordinates":[[[-105.11964,36.77266],[-105.11978,36.77382],[-105.11873,36.77472],[-105.1172,36.77464],[-105.11632,36.77373],[-105.11649,36.77267],[-105.1174,36.77202],[-105.11862,36.77199],[-105.11964,36.77266]]]},"bbox":[-105.11987,36.77192,-105.11626,36.77481]},{"type":"Feature","id":45442,"properties":{"y":2001,"n":"Horseshoe","ag":"USFS","ac":50.0,"c":14,"cl":"Unknown","ad":"2002-02-01","cd":"","st":"NM","se":4},"geometry":{"type":"Polygon","coordinates":[[[-105.8055,36.08239],[-105.80743,36.08302],[-105.80831,36.08469],[-105.80741,36.08636],[-105.80548,36.08697],[-105.80355,36.08634],[-105.80267,36.08467],[-105.80357,36.083],[-105.8055,36.08239]]]},"bbox":[-105.80831,36.08239,-105.80267,36.08697]},{"type":"Feature","id":45443,"properties":{"y":2001,"n":"Agua","ag":"USFS","ac":39.7,"c":14,"cl":"Unknown","ad":"2002-02-01","cd":"","st":"NM","se":4},"geometry":{"type":"Polygon","coordinates":[[[-106.16609,36.46272],[-106.16734,36.46347],[-106.16789,36.46485],[-106.16754,36.46528],[-106.16518,36.46478],[-106.16214,36.46614],[-106.16125,36.46596],[-106.16135,36.46496],[-106.16052,36.46439],[-106.1611,36.46344],[-106.16609,36.46272]]]},"bbox":[-106.16789,36.46272,-106.16052,36.46614]},{"type":"Feature","id":45444,"properties":{"y":2001,"n":"Windy","ag":"USFS","ac":12.3,"c":14,"cl":"Unknown","ad":"2002-02-01","cd":"","st":"NM","se":4},"geometry":{"type":"Polygon","coordinates":[[[-106.2621,36.44293],[-106.2627,36.44383],[-106.26254,36.445],[-106.26051,36.44532],[-106.26018,36.44474],[-106.26065,36.44298],[-106.2621,36.44293]]]},"bbox":[-106.2627,36.44292,-106.26018,36.44542]},{"type":"Feature","id":45446,"properties":{"y":2002,"n":"Olguin","ag":"USFS","ac":10.0,"c":14,"cl":"Unknown","ad":"2003-02-01","cd":"","st":"NM","se":4},"geometry":{"type":"Polygon","coordinates":[[[-106.11979,36.45977],[-106.12085,36.46048],[-106.1221,36.4605],[-106.12239,36.46089],[-106.1193,36.4619],[-106.11867,36.46037],[-106.11979,36.45977]]]},"bbox":[-106.12239,36.45977,-106.11863,36.4619]},{"type":"Feature","id":45447,"properties":{"y":2019,"n":"Corral","ag":"USFS","ac":14.1,"c":14,"cl":"Unknown","ad":"2019-11-11","cd":"","st":"NM","se":3},"geometry":{"type":"Polygon","coordinates":[[[-105.34592,36.40421],[-105.34568,36.40311],[-105.34681,36.40164],[-105.34571,36.40223],[-105.34385,36.4018],[-105.34515,36.40132],[-105.345,36.39996],[-105.34769,36.40077],[-105.34592,36.40421]]]},"bbox":[-105.3477,36.39994,-105.34385,36.40421]},{"type":"Feature","id":45448,"properties":{"y":2023,"n":"American Mesa","ag":"USFS","ac":409.5,"c":14,"cl":"Unknown","ad":"2023-10-30","cd":"","st":"NM","se":3},"geometry":{"type":"Polygon","coordinates":[[[-107.24827,36.82706],[-107.2492,36.82686],[-107.24926,36.82631],[-107.25262,36.82665],[-107.25315,36.82621],[-107.25479,36.82642],[-107.25496,36.82593],[-107.256,36.82619],[-107.25589,36.82744],[-107.25797,36.82742],[-107.25803,36.82698],[-107.25877,36.82689],[-107.25849,36.82623],[-107.25919,36.82611],[-107.25919,36.8267],[-107.25993,36.82676],[-107.26013,36.82624],[-107.26072,36.82633],[-107.2608,36.82572],[-107.2614,36.82566],[-107.26077,36.82474],[-107.26257,36.82387],[-107.2636,36.82438],[-107.26656,36.82421],[-107.26668,36.82475],[-107.26832,36.82521],[-107.26935,36.82479],[-107.2694,36.82533],[-107.27064,36.82384],[-107.27334,36.82433],[-107.27314,36.82401],[-107.27367,36.82362],[-107.27638,36.8247],[-107.27359,36.82505],[-107.27318,36.82542],[-107.27431,36.82574],[-107.27351,36.8262],[-107.27264,36.82565],[-107.27177,36.8262],[-107.27046,36.82609],[-107.26952,36.82663],[-107.26938,36.82725],[-107.26686,36.82784],[-107.26723,36.82803],[-107.26695,36.82843],[-107.26243,36.82988],[-107.26252,36.83083],[-107.26066,36.8326],[-107.26032,36.83216],[-107.25941,36.83223],[-107.25754,36.83328],[-107.25749,36.83264],[-107.25646,36.83322],[-107.25638,36.83281],[-107.25497,36.83288],[-107.25432,36.83234],[-107.25312,36.83293],[-107.25356,36.83234],[-107.25331,36.83188],[-107.25293,36.83223],[-107.25192,36.83164],[-107.25067,36.83206],[-107.2506,36.83163],[-107.24865,36.83116],[-107.24838,36.83183],[-107.24775,36.83166],[-107.24689,36.83239],[-107.24648,36.83228],[-107.24667,36.83196],[-107.24546,36.8322],[-107.24548,36.83325],[-107.24424,36.83393],[-107.24414,36.83295],[-107.24333,36.83277],[-107.24474,36.83286],[-107.24508,36.83162],[-107.24361,36.83105],[-107.2429,36.83124],[-107.24302,36.83158],[-107.24168,36.83113],[-107.24071,36.8324],[-107.24127,36.83233],[-107.24146,36.83291],[-107.24178,36.83256],[-107.24237,36.8326],[-107.24148,36.83302],[-107.24163,36.83448],[-107.23903,36.83473],[-107.23888,36.83393],[-107.23982,36.83332],[-107.23905,36.83359],[-107.23884,36.83317],[-107.23805,36.83364],[-107.23743,36.83329],[-107.23671,36.83185],[-107.23547,36.83081],[-107.23611,36.83053],[-107.23745,36.83125],[-107.23799,36.83089],[-107.2387,36.83109],[-107.2386,36.83136],[-107.23882,36.83166],[-107.23942,36.83146],[-107.2389,36.83117],[-107.23888,36.83085],[-107.23957,36.83101],[-107.2404,36.82918],[-107.24777,36.82646],[-107.24827,36.82706]]]},"bbox":[-107.27638,36.82362,-107.23547,36.83483]},{"type":"Feature","id":45449,"properties":{"y":2002,"n":"Posos Complex","ag":"USFS","ac":184.8,"c":14,"cl":"Unknown","ad":"2003-02-01","cd":"","st":"NM","se":4},"geometry":{"type":"Polygon","coordinates":[[[-106.05717,36.58215],[-106.05649,36.58534],[-106.05353,36.58528],[-106.0504,36.58134],[-106.04961,36.57899],[-106.04989,36.57805],[-106.05451,36.57746],[-106.06127,36.57498],[-106.0611,36.5762],[-106.06243,36.57765],[-106.06139,36.58124],[-106.06071,36.58169],[-106.05829,36.58156],[-106.05717,36.58215]]]},"bbox":[-106.06243,36.57498,-106.04961,36.58546]},{"type":"Feature","id":45450,"properties":{"y":2002,"n":"Manuel","ag":"USFS","ac":25.1,"c":14,"cl":"Unknown","ad":"2003-02-01","cd":"","st":"NM","se":4},"geometry":{"type":"Polygon","coordinates":[[[-107.26708,36.787],[-107.2685,36.78737],[-107.26921,36.78842],[-107.26884,36.78958],[-107.26759,36.79022],[-107.26602,36.78994],[-107.26521,36.78883],[-107.26566,36.78759],[-107.26708,36.787]]]},"bbox":[-107.26923,36.787,-107.26519,36.79025]},{"type":"Feature","id":45452,"properties":{"y":2005,"n":"Osha Park","ag":"USFS","ac":162.0,"c":14,"cl":"Unknown","ad":"2006-02-01","cd":"","st":"NM","se":4},"geometry":{"type":"Polygon","coordinates":[[[-105.45256,36.28817],[-105.45101,36.29103],[-105.44964,36.29153],[-105.44683,36.29113],[-105.44446,36.28951],[-105.44256,36.28746],[-105.43919,36.28569],[-105.43881,36.28391],[-105.43915,36.2832],[-105.44294,36.28297],[-105.44636,36.28416],[-105.44674,36.2845],[-105.44611,36.28573],[-105.44921,36.28539],[-105.45067,36.28579],[-105.45256,36.28817]]]},"bbox":[-105.45256,36.28284,-105.43881,36.29153]},{"type":"Feature","id":45453,"properties":{"y":1995,"n":"Martinez Ridge","ag":"USFS","ac":15.2,"c":14,"cl":"Unknown","ad":"1996-02-01","cd":"","st":"NM","se":4},"geometry":{"type":"Polygon","coordinates":[[[-107.29051,36.68875],[-107.29161,36.68904],[-107.29215,36.68978],[-107.29193,36.69069],[-107.291,36.69124],[-107.28977,36.69108],[-107.28907,36.69025],[-107.28934,36.68927],[-107.29051,36.68875]]]},"bbox":[-107.29218,36.68875,-107.28904,36.69128]},{"type":"Feature","id":45454,"properties":{"y":1995,"n":"Gonzo","ag":"USFS","ac":35.6,"c":14,"cl":"Unknown","ad":"1996-02-01","cd":"","st":"NM","se":4},"geometry":{"type":"Polygon","coordinates":[[[-106.11237,36.67131],[-106.11296,36.67262],[-106.11255,36.67435],[-106.11011,36.67609],[-106.10822,36.67566],[-106.10793,36.67477],[-106.10833,36.67386],[-106.11237,36.67131]]]},"bbox":[-106.11299,36.6713,-106.10793,36.6761]},{"type":"Feature","id":45455,"properties":{"y":1995,"n":"Felipito","ag":"USFS","ac":12.5,"c":14,"cl":"Unknown","ad":"1996-02-01","cd":"","st":"NM","se":4},"geometry":{"type":"Polygon","coordinates":[[[-106.23374,36.562],[-106.2358,36.56141],[-106.23585,36.56272],[-106.23641,36.56345],[-106.23372,36.56355],[-106.23374,36.562]]]},"bbox":[-106.23645,36.56141,-106.2335,36.56376]},{"type":"Feature","id":45456,"properties":{"y":1995,"n":"Jic","ag":"USFS","ac":75.5,"c":14,"cl":"Unknown","ad":"1996-02-01","cd":"","st":"NM","se":4},"geometry":{"type":"Polygon","coordinates":[[[-107.25221,36.76553],[-107.25476,36.76642],[-107.2557,36.76834],[-107.25476,36.77027],[-107.25221,36.77116],[-107.24966,36.77027],[-107.24872,36.76834],[-107.24966,36.76642],[-107.25221,36.76553]]]},"bbox":[-107.2557,36.76553,-107.24872,36.77116]},{"type":"Feature","id":45457,"properties":{"y":1996,"n":"Canyon","ag":"USFS","ac":21.9,"c":14,"cl":"Unknown","ad":"1997-02-01","cd":"","st":"NM","se":4},"geometry":{"type":"Polygon","coordinates":[[[-105.59066,36.22062],[-105.59197,36.22097],[-105.59262,36.22195],[-105.59227,36.22303],[-105.5911,36.22362],[-105.58966,36.22335],[-105.58891,36.22231],[-105.58934,36.22116],[-105.59066,36.22062]]]},"bbox":[-105.59264,36.22062,-105.5889,36.22364]},{"type":"Feature","id":45458,"properties":{"y":1996,"n":"Trampas","ag":"USFS","ac":269.9,"c":14,"cl":"Unknown","ad":"1997-02-01","cd":"","st":"NM","se":4},"geometry":{"type":"Polygon","coordinates":[[[-105.7904,36.07243],[-105.79319,36.07295],[-105.79517,36.07412],[-105.79647,36.07581],[-105.79692,36.07777],[-105.79645,36.07973],[-105.79512,36.0814],[-105.79313,36.08257],[-105.79034,36.08306],[-105.78793,36.08268],[-105.78557,36.08137],[-105.78427,36.07968],[-105.78382,36.07772],[-105.78429,36.07576],[-105.78562,36.07409],[-105.78761,36.07292],[-105.7904,36.07243]]]},"bbox":[-105.79692,36.07243,-105.78382,36.08306]},{"type":"Feature","id":45459,"properties":{"y":2019,"n":"Plaza","ag":"USFS","ac":19.1,"c":14,"cl":"Unknown","ad":"2019-11-01","cd":"","st":"NM","se":3},"geometry":{"type":"Polygon","coordinates":[[[-106.15166,36.55388],[-106.15272,36.55286],[-106.15392,36.55285],[-106.15488,36.5537],[-106.1554,36.55566],[-106.15274,36.55557],[-106.15204,36.55512],[-106.15166,36.55388]]]},"bbox":[-106.15542,36.55268,-106.15164,36.55585]},{"type":"Feature","id":45460,"properties":{"y":2019,"n":"Acre Across","ag":"USFS","ac":12.0,"c":14,"cl":"Unknown","ad":"2019-10-04","cd":"","st":"NM","se":3},"geometry":{"type":"Polygon","coordinates":[[[-106.25953,36.45661],[-106.25976,36.45585],[-106.26067,36.45616],[-106.26138,36.45702],[-106.26214,36.45958],[-106.26067,36.4594],[-106.25953,36.45661]]]},"bbox":[-106.26216,36.45585,-106.25953,36.45958]},{"type":"Feature","id":45461,"properties":{"y":1995,"n":"Blas","ag":"USFS","ac":23.0,"c":14,"cl":"Unknown","ad":"1996-02-01","cd":"","st":"NM","se":4},"geometry":{"type":"Polygon","coordinates":[[[-106.39519,36.44343],[-106.39898,36.44337],[-106.39561,36.44534],[-106.39531,36.44633],[-106.39443,36.447],[-106.39417,36.44565],[-106.39276,36.44572],[-106.3925,36.44508],[-106.39093,36.44522],[-106.39193,36.44451],[-106.39362,36.44474],[-106.39496,36.44429],[-106.39519,36.44343]]]},"bbox":[-106.39898,36.44321,-106.39093,36.447]},{"type":"Feature","id":45462,"properties":{"y":1996,"n":"Yeso","ag":"USFS","ac":71.2,"c":14,"cl":"Unknown","ad":"1997-02-01","cd":"","st":"NM","se":4},"geometry":{"type":"Polygon","coordinates":[[[-106.41262,36.38647],[-106.41366,36.38658],[-106.41364,36.38744],[-106.40819,36.39193],[-106.40467,36.39375],[-106.40323,36.3934],[-106.40312,36.39206],[-106.40713,36.38876],[-106.40917,36.38744],[-106.41024,36.38768],[-106.41262,36.38647]]]},"bbox":[-106.4139,36.38647,-106.40293,36.39385]},{"type":"Feature","id":45464,"properties":{"y":1997,"n":"Cabin","ag":"USFS","ac":9.5,"c":14,"cl":"Unknown","ad":"1998-02-01","cd":"","st":"NM","se":4},"geometry":{"type":"Polygon","coordinates":[[[-106.0731,36.69895],[-106.07369,36.6992],[-106.07217,36.70077],[-106.06936,36.70166],[-106.06851,36.70145],[-106.06909,36.70088],[-106.07169,36.70022],[-106.0731,36.69895]]]},"bbox":[-106.07369,36.69895,-106.06851,36.7017]},{"type":"Feature","id":45465,"properties":{"y":2019,"n":"Maton","ag":"USFS","ac":97.2,"c":14,"cl":"Unknown","ad":"2019-10-04","cd":"","st":"NM","se":3},"geometry":{"type":"MultiPolygon","coordinates":[[[[-106.24066,36.42333],[-106.24009,36.42181],[-106.2405,36.42162],[-106.24111,36.42179],[-106.24101,36.42224],[-106.24212,36.42239],[-106.24066,36.42333]]],[[[-106.24111,36.42553],[-106.24058,36.42409],[-106.24149,36.42356],[-106.24111,36.42349],[-106.2414,36.42307],[-106.24218,36.42265],[-106.24348,36.42327],[-106.24374,36.4243],[-106.24324,36.42418],[-106.24322,36.42455],[-106.24111,36.42553]]],[[[-106.24438,36.45478],[-106.24181,36.45415],[-106.24185,36.45272],[-106.24262,36.45189],[-106.24723,36.44946],[-106.24655,36.45275],[-106.24492,36.45355],[-106.24438,36.45478]]],[[[-106.2489,36.45038],[-106.2478,36.44987],[-106.2482,36.44904],[-106.24965,36.44915],[-106.24947,36.45014],[-106.2489,36.45038]]],[[[-106.25237,36.4469],[-106.25251,36.44525],[-106.2537,36.44545],[-106.25525,36.44765],[-106.25335,36.44789],[-106.25237,36.4469]]],[[[-106.25652,36.44387],[-106.25733,36.44554],[-106.25712,36.44716],[-106.25638,36.445],[-106.25652,36.44387]]],[[[-106.25722,36.44768],[-106.25698,36.44743],[-106.25727,36.44743],[-106.25722,36.44768]]],[[[-106.25818,36.44877],[-106.25909,36.44869],[-106.26122,36.45042],[-106.2618,36.45161],[-106.2615,36.45251],[-106.26106,36.45283],[-106.25977,36.45212],[-106.25923,36.45062],[-106.25772,36.44937],[-106.25818,36.44877]]],[[[-106.2605,36.45379],[-106.26174,36.45381],[-106.26182,36.45474],[-106.26017,36.45464],[-106.25984,36.45426],[-106.2605,36.45379]]]]},"bbox":[-106.26197,36.42162,-106.24009,36.45487]},{"type":"Feature","id":45466,"properties":{"y":1995,"n":"Dinner","ag":"USFS","ac":90.1,"c":14,"cl":"Unknown","ad":"1996-02-01","cd":"","st":"NM","se":4},"geometry":{"type":"Polygon","coordinates":[[[-105.63359,36.05998],[-105.63617,36.06082],[-105.63735,36.06307],[-105.63613,36.0653],[-105.6333,36.06611],[-105.63063,36.06499],[-105.62979,36.06284],[-105.63099,36.06079],[-105.63359,36.05998]]]},"bbox":[-105.63735,36.05998,-105.62978,36.06612]},{"type":"Feature","id":45467,"properties":{"y":2009,"n":"Cabresto Mesa","ag":"USFS","ac":89.4,"c":14,"cl":"Unknown","ad":"2010-02-01","cd":"","st":"NM","se":4},"geometry":{"type":"MultiPolygon","coordinates":[[[[-107.26826,36.80248],[-107.26732,36.80232],[-107.26842,36.80086],[-107.26932,36.80067],[-107.27039,36.80162],[-107.26894,36.80354],[-107.26826,36.80248]]],[[[-107.28113,36.80095],[-107.28022,36.80009],[-107.27947,36.8006],[-107.27947,36.79927],[-107.27907,36.79899],[-107.2782,36.80007],[-107.27681,36.79957],[-107.27735,36.79948],[-107.27713,36.7989],[-107.27783,36.79808],[-107.27908,36.79805],[-107.2805,36.79678],[-107.28181,36.79739],[-107.28367,36.79666],[-107.28334,36.79637],[-107.28376,36.79591],[-107.28416,36.796],[-107.28402,36.79659],[-107.28466,36.79649],[-107.28558,36.7954],[-107.28514,36.79466],[-107.28978,36.79445],[-107.28882,36.79571],[-107.28671,36.79712],[-107.28538,36.79918],[-107.28456,36.7989],[-107.28384,36.79914],[-107.2829,36.80046],[-107.28113,36.80095]]]]},"bbox":[-107.28983,36.79428,-107.26732,36.80354]},{"type":"Feature","id":45468,"properties":{"y":2010,"n":"Ojito","ag":"USFS","ac":258.2,"c":14,"cl":"Unknown","ad":"2011-02-01","cd":"","st":"NM","se":4},"geometry":{"type":"Polygon","coordinates":[[[-105.71571,36.13012],[-105.71337,36.12885],[-105.71205,36.12737],[-105.71088,36.12481],[-105.70806,36.12118],[-105.70611,36.11379],[-105.71001,36.11329],[-105.71842,36.12355],[-105.71905,36.12516],[-105.71729,36.12633],[-105.71703,36.12708],[-105.71577,36.12761],[-105.71684,36.12934],[-105.71643,36.13001],[-105.71571,36.13012]]]},"bbox":[-105.71905,36.11324,-105.70611,36.13012]},{"type":"Feature","id":45469,"properties":{"y":2010,"n":"3 Peaks","ag":"USFS","ac":10.6,"c":14,"cl":"Unknown","ad":"2011-02-01","cd":"","st":"NM","se":4},"geometry":{"type":"Polygon","coordinates":[[[-105.78315,36.4189],[-105.78246,36.41775],[-105.78308,36.41723],[-105.78482,36.41766],[-105.78546,36.41887],[-105.78315,36.4189]]]},"bbox":[-105.78546,36.41723,-105.78246,36.41916]},{"type":"Feature","id":45470,"properties":{"y":2010,"n":"Olguin","ag":"USFS","ac":12.9,"c":14,"cl":"Unknown","ad":"2011-02-01","cd":"","st":"NM","se":4},"geometry":{"type":"Polygon","coordinates":[[[-106.09274,36.45504],[-106.09032,36.45305],[-106.09082,36.45272],[-106.09211,36.45289],[-106.09406,36.4542],[-106.0933,36.45508],[-106.09274,36.45504]]]},"bbox":[-106.09406,36.45272,-106.09032,36.45508]},{"type":"Feature","id":45471,"properties":{"y":2011,"n":"Osha","ag":"USFS","ac":695.4,"c":14,"cl":"Unknown","ad":"2012-02-01","cd":"","st":"NM","se":4},"geometry":{"type":"MultiPolygon","coordinates":[[[[-105.57751,36.18173],[-105.57646,36.17995],[-105.57882,36.17789],[-105.57831,36.17755],[-105.57681,36.17814],[-105.57607,36.17727],[-105.57394,36.17841],[-105.574,36.17775],[-105.57478,36.17708],[-105.57373,36.17654],[-105.57354,36.17574],[-105.57472,36.17538],[-105.5747,36.17484],[-105.57525,36.17519],[-105.57523,36.17469],[-105.57629,36.17426],[-105.57666,36.17282],[-105.5781,36.17303],[-105.57986,36.17198],[-105.58075,36.17233],[-105.58116,36.17308],[-105.58143,36.17221],[-105.58071,36.17163],[-105.58083,36.17029],[-105.5821,36.16951],[-105.58246,36.16992],[-105.58365,36.16972],[-105.58345,36.16845],[-105.58393,36.16732],[-105.58298,36.16679],[-105.5842,36.16669],[-105.58484,36.16732],[-105.58603,36.16636],[-105.58628,36.16695],[-105.58672,36.16674],[-105.58713,36.16582],[-105.58794,36.16567],[-105.58862,36.16639],[-105.58949,36.16615],[-105.58959,36.16517],[-105.59014,36.1651],[-105.59065,36.16425],[-105.5891,36.16424],[-105.58938,36.16383],[-105.58857,36.16315],[-105.58872,36.16256],[-105.58831,36.16261],[-105.58829,36.16218],[-105.59134,36.16202],[-105.59091,36.16112],[-105.58991,36.16089],[-105.59031,36.16044],[-105.58976,36.15979],[-105.59201,36.15808],[-105.59482,36.15756],[-105.59545,36.1568],[-105.59451,36.15667],[-105.59424,36.15574],[-105.59547,36.15453],[-105.59638,36.15437],[-105.59694,36.15632],[-105.59863,36.15666],[-105.59955,36.15826],[-105.59926,36.15894],[-105.60096,36.16265],[-105.59995,36.16418],[-105.59761,36.16247],[-105.59929,36.16559],[-105.59816,36.16656],[-105.59803,36.16756],[-105.59669,36.16899],[-105.5981,36.1688],[-105.59835,36.16917],[-105.59731,36.16961],[-105.59614,36.1692],[-105.59577,36.17018],[-105.59648,36.17069],[-105.59526,36.17065],[-105.59459,36.17143],[-105.59551,36.17284],[-105.59475,36.1733],[-105.59466,36.17399],[-105.59307,36.17386],[-105.59312,36.17473],[-105.59123,36.17503],[-105.5907,36.17571],[-105.5894,36.1747],[-105.58709,36.17456],[-105.58596,36.17605],[-105.58436,36.1769],[-105.58386,36.17835],[-105.58244,36.17818],[-105.58189,36.18088],[-105.57984,36.18164],[-105.57751,36.18173]]],[[[-105.58414,36.18042],[-105.58484,36.17976],[-105.58433,36.17861],[-105.58501,36.17784],[-105.58753,36.17682],[-105.5892,36.17729],[-105.58843,36.17818],[-105.58875,36.17862],[-105.58825,36.17879],[-105.58854,36.17976],[-105.58745,36.17979],[-105.58697,36.17936],[-105.58526,36.18039],[-105.58414,36.18042]]],[[[-105.58903,36.15761],[-105.5896,36.1578],[-105.58983,36.15803],[-105.58941,36.15807],[-105.58903,36.15761]]],[[[-105.59337,36.15637],[-105.59281,36.15593],[-105.59385,36.156],[-105.59337,36.15637]]],[[[-105.59344,36.15754],[-105.59346,36.15727],[-105.59356,36.1575],[-105.59344,36.15754]]]]},"bbox":[-105.60096,36.15426,-105.57352,36.18183]},{"type":"Feature","id":45472,"properties":{"y":2011,"n":"439","ag":"USFS","ac":8.8,"c":14,"cl":"Unknown","ad":"2012-02-01","cd":"","st":"NM","se":4},"geometry":{"type":"Polygon","coordinates":[[[-105.50437,36.20656],[-105.5023,36.20609],[-105.50247,36.20479],[-105.50302,36.20467],[-105.50527,36.20595],[-105.50437,36.20656]]]},"bbox":[-105.50527,36.20467,-105.50216,36.20656]},{"type":"Feature","id":45473,"properties":{"y":1999,"n":"Kiowa","ag":"USFS","ac":98.1,"c":14,"cl":"Unknown","ad":"2000-02-01","cd":"","st":"NM","se":4},"geometry":{"type":"Polygon","coordinates":[[[-106.05717,36.58215],[-106.05882,36.58269],[-106.05973,36.58229],[-106.06095,36.58286],[-106.06445,36.58261],[-106.06534,36.58451],[-106.06391,36.58809],[-106.0619,36.58873],[-106.05876,36.58841],[-106.05911,36.58739],[-106.05834,36.58725],[-106.05777,36.58613],[-106.05717,36.58215]]]},"bbox":[-106.06534,36.58211,-106.05716,36.58875]},{"type":"Feature","id":45474,"properties":{"y":2016,"n":"Rock Tank","ag":"USFS","ac":137.4,"c":14,"cl":"Unknown","ad":"2017-02-01","cd":"","st":"NM","se":4},"geometry":{"type":"Polygon","coordinates":[[[-106.09349,36.62381],[-106.09712,36.62023],[-106.09661,36.61894],[-106.097,36.61808],[-106.09602,36.61783],[-106.09526,36.61614],[-106.0939,36.61525],[-106.09866,36.61549],[-106.10169,36.61684],[-106.10494,36.61974],[-106.10361,36.62023],[-106.10352,36.62149],[-106.10187,36.62277],[-106.0946,36.62406],[-106.09349,36.62381]]]},"bbox":[-106.10494,36.61525,-106.09349,36.62407]},{"type":"Feature","id":45475,"properties":{"y":1996,"n":"Dragon","ag":"USFS","ac":15.0,"c":14,"cl":"Unknown","ad":"1997-02-01","cd":"","st":"NM","se":4},"geometry":{"type":"Polygon","coordinates":[[[-105.51568,36.38168],[-105.51676,36.38198],[-105.51731,36.38279],[-105.51701,36.38368],[-105.51605,36.38417],[-105.51485,36.38394],[-105.51423,36.38308],[-105.51458,36.38213],[-105.51568,36.38168]]]},"bbox":[-105.51732,36.38168,-105.51422,36.38419]},{"type":"Feature","id":45476,"properties":{"y":1996,"n":"Munoz","ag":"USFS","ac":33.2,"c":14,"cl":"Unknown","ad":"1997-02-01","cd":"","st":"NM","se":4},"geometry":{"type":"Polygon","coordinates":[[[-107.26561,36.62815],[-107.26719,36.62866],[-107.26792,36.63001],[-107.26719,36.63137],[-107.26561,36.63188],[-107.26403,36.63137],[-107.2633,36.63002],[-107.26403,36.62865],[-107.26561,36.62815]]]},"bbox":[-107.26792,36.62815,-107.2633,36.63188]},{"type":"Feature","id":45477,"properties":{"y":1997,"n":"Jarita","ag":"USFS","ac":119.6,"c":14,"cl":"Unknown","ad":"1998-02-01","cd":"","st":"NM","se":4},"geometry":{"type":"Polygon","coordinates":[[[-106.04701,36.54715],[-106.05152,36.54898],[-106.05098,36.55034],[-106.04972,36.55098],[-106.05045,36.55294],[-106.05044,36.55462],[-106.04996,36.55487],[-106.0443,36.55371],[-106.04247,36.55376],[-106.04224,36.55334],[-106.04247,36.5512],[-106.04375,36.54935],[-106.0449,36.54813],[-106.04701,36.54715]]]},"bbox":[-106.05152,36.54715,-106.0422,36.55487]},{"type":"Feature","id":45478,"properties":{"y":1998,"n":"Unknown","ag":"USFS","ac":108.2,"c":14,"cl":"Unknown","ad":"1999-02-01","cd":"","st":"NM","se":4},"geometry":{"type":"Polygon","coordinates":[[[-106.24165,36.57667],[-106.24445,36.57717],[-106.24619,36.57901],[-106.24606,36.58132],[-106.24412,36.58302],[-106.24128,36.58332],[-106.23954,36.58264],[-106.23836,36.5814],[-106.238,36.57987],[-106.23853,36.57837],[-106.23984,36.57722],[-106.24165,36.57667]]]},"bbox":[-106.24637,36.57666,-106.238,36.5834]},{"type":"Feature","id":45479,"properties":{"y":2011,"n":"Windy Gap","ag":"USFS","ac":13.4,"c":14,"cl":"Unknown","ad":"2012-02-01","cd":"","st":"NM","se":4},"geometry":{"type":"Polygon","coordinates":[[[-105.18085,36.78251],[-105.18057,36.78178],[-105.17873,36.78113],[-105.18115,36.77635],[-105.18085,36.78251]]]},"bbox":[-105.18128,36.77635,-105.17873,36.78255]},{"type":"Feature","id":45480,"properties":{"y":2011,"n":"Jarita Ranches","ag":"USFS","ac":26.8,"c":14,"cl":"Unknown","ad":"2012-02-01","cd":"","st":"NM","se":4},"geometry":{"type":"Polygon","coordinates":[[[-106.13381,36.4433],[-106.13239,36.44207],[-106.13298,36.44192],[-106.13245,36.44162],[-106.13271,36.44064],[-106.13402,36.43997],[-106.13617,36.44012],[-106.13658,36.4409],[-106.13649,36.44275],[-106.13381,36.4433]]]},"bbox":[-106.13658,36.43992,-106.13239,36.44331]},{"type":"Feature","id":45481,"properties":{"y":2011,"n":"Hondo West Fire","ag":"USFS","ac":13.0,"c":14,"cl":"Unknown","ad":"2012-02-01","cd":"","st":"NM","se":4},"geometry":{"type":"Polygon","coordinates":[[[-106.21813,36.56377],[-106.2206,36.56418],[-106.22143,36.56388],[-106.2226,36.56425],[-106.22075,36.56527],[-106.21961,36.56527],[-106.21901,36.56474],[-106.2191,36.56526],[-106.21836,36.56546],[-106.21724,36.56489],[-106.21813,36.56377]]]},"bbox":[-106.2226,36.56371,-106.21724,36.56546]},{"type":"Feature","id":45482,"properties":{"y":2011,"n":"Arroyo Fire","ag":"USFS","ac":29.7,"c":14,"cl":"Unknown","ad":"2012-02-01","cd":"","st":"NM","se":4},"geometry":{"type":"Polygon","coordinates":[[[-105.93107,36.32766],[-105.92822,36.32571],[-105.92866,36.32475],[-105.92937,36.32453],[-105.92927,36.32409],[-105.93138,36.32452],[-105.93197,36.32611],[-105.93411,36.32661],[-105.93462,36.32712],[-105.9357,36.32685],[-105.93645,36.3281],[-105.93564,36.32837],[-105.93336,36.32705],[-105.93152,36.32719],[-105.93107,36.32766]]]},"bbox":[-105.93645,36.32409,-105.92822,36.32837]},{"type":"Feature","id":45483,"properties":{"y":2019,"n":"Potrero","ag":"USFS","ac":10.7,"c":14,"cl":"Unknown","ad":"2019-06-23","cd":"","st":"NM","se":2},"geometry":{"type":"Polygon","coordinates":[[[-106.22684,36.45502],[-106.22519,36.45644],[-106.22422,36.45622],[-106.22455,36.45442],[-106.225,36.4541],[-106.22642,36.45406],[-106.22684,36.45502]]]},"bbox":[-106.22687,36.45393,-106.22413,36.45649]},{"type":"Feature","id":45484,"properties":{"y":2011,"n":"Hondo East Fire","ag":"USFS","ac":59.9,"c":14,"cl":"Unknown","ad":"2012-02-01","cd":"","st":"NM","se":4},"geometry":{"type":"Polygon","coordinates":[[[-106.19685,36.57722],[-106.19836,36.57533],[-106.19733,36.57553],[-106.19686,36.57458],[-106.19791,36.57389],[-106.19967,36.57485],[-106.20029,36.57419],[-106.20178,36.57383],[-106.20201,36.57437],[-106.20313,36.57405],[-106.20539,36.57505],[-106.20418,36.57636],[-106.20449,36.57692],[-106.20217,36.57736],[-106.20248,36.57786],[-106.20197,36.57802],[-106.20216,36.57862],[-106.20122,36.57848],[-106.20108,36.57907],[-106.20075,36.57894],[-106.20125,36.57793],[-106.20096,36.57769],[-106.20206,36.57739],[-106.20191,36.57703],[-106.20018,36.57711],[-106.19968,36.57807],[-106.19777,36.57779],[-106.19685,36.57722]]]},"bbox":[-106.20539,36.57383,-106.19678,36.57908]},{"type":"Feature","id":45486,"properties":{"y":2017,"n":"Whitman","ag":"USFS","ac":333.5,"c":14,"cl":"Unknown","ad":"2017-02-28","cd":"","st":"NM","se":4},"geometry":{"type":"Polygon","coordinates":[[[-105.10158,36.79307],[-105.10085,36.79623],[-105.09999,36.79764],[-105.09433,36.80191],[-105.09095,36.79905],[-105.08782,36.79843],[-105.09024,36.79523],[-105.08899,36.79164],[-105.08734,36.78963],[-105.08748,36.78924],[-105.09007,36.78903],[-105.0932,36.7902],[-105.09775,36.78608],[-105.10002,36.78556],[-105.09952,36.78831],[-105.10146,36.79101],[-105.10158,36.79307]]]},"bbox":[-105.1016,36.78556,-105.0873,36.80191]},{"type":"Feature","id":45487,"properties":{"y":2017,"n":"1860 Fire","ag":"USFS","ac":79.5,"c":14,"cl":"Unknown","ad":"2018-02-28","cd":"","st":"NM","se":4},"geometry":{"type":"Polygon","coordinates":[[[-106.38796,36.43318],[-106.38756,36.4342],[-106.38782,36.43637],[-106.38719,36.43672],[-106.38702,36.43829],[-106.38272,36.43912],[-106.38181,36.4382],[-106.3793,36.43858],[-106.37832,36.43801],[-106.38347,36.43397],[-106.38796,36.43318]]]},"bbox":[-106.38802,36.43314,-106.37832,36.43912]},{"type":"Feature","id":45488,"properties":{"y":2019,"n":"Meste\u00f1as","ag":"USFS","ac":15.4,"c":14,"cl":"Unknown","ad":"2019-08-15","cd":"","st":"NM","se":2},"geometry":{"type":"Polygon","coordinates":[[[-107.26078,36.75547],[-107.25894,36.75655],[-107.25828,36.7555],[-107.26024,36.75226],[-107.26119,36.75313],[-107.26045,36.75429],[-107.26078,36.75547]]]},"bbox":[-107.26119,36.75226,-107.25828,36.75655]},{"type":"Feature","id":45489,"properties":{"y":2018,"n":"Potrero","ag":"USFS","ac":37.2,"c":14,"cl":"Unknown","ad":"2018-08-23","cd":"","st":"NM","se":2},"geometry":{"type":"Polygon","coordinates":[[[-106.22699,36.44891],[-106.22305,36.44682],[-106.22199,36.44511],[-106.22529,36.44467],[-106.22732,36.44529],[-106.2274,36.44715],[-106.22863,36.4488],[-106.22699,36.44891]]]},"bbox":[-106.22863,36.44467,-106.22187,36.44907]},{"type":"Feature","id":45490,"properties":{"y":2021,"n":"Banderitas","ag":"USFS","ac":1.0,"c":14,"cl":"Unknown","ad":"2021-05-17","cd":"","st":"NM","se":1},"geometry":{"type":"Polygon","coordinates":[[[-105.08337,36.32199],[-105.08445,36.32199],[-105.08391,36.32274],[-105.08337,36.32199]]]},"bbox":[-105.08445,36.32199,-105.08337,36.32274]},{"type":"Feature","id":45491,"properties":{"y":2021,"n":"Bobcat Fire","ag":"USFS","ac":20.0,"c":14,"cl":"Unknown","ad":"2021-10-26","cd":"","st":"NM","se":3},"geometry":{"type":"Polygon","coordinates":[[[-105.3496,36.71389],[-105.35444,36.71389],[-105.35202,36.71725],[-105.3496,36.71389]]]},"bbox":[-105.35444,36.71389,-105.3496,36.71725]},{"type":"Feature","id":45492,"properties":{"y":2021,"n":"Francisco","ag":"USFS","ac":15.3,"c":14,"cl":"Unknown","ad":"2021-05-04","cd":"","st":"NM","se":1},"geometry":{"type":"Polygon","coordinates":[[[-105.84042,36.0768],[-105.84162,36.07583],[-105.84371,36.07634],[-105.84428,36.07734],[-105.84408,36.07815],[-105.84276,36.07835],[-105.84042,36.0768]]]},"bbox":[-105.84428,36.07583,-105.84042,36.07854]},{"type":"Feature","id":45494,"properties":{"y":2019,"n":"Jarosita","ag":"USFS","ac":34.1,"c":14,"cl":"Unknown","ad":"2019-10-15","cd":"","st":"NM","se":3},"geometry":{"type":"Polygon","coordinates":[[[-106.2288,36.62642],[-106.22528,36.62636],[-106.22486,36.62338],[-106.22518,36.62296],[-106.22774,36.62279],[-106.22883,36.62363],[-106.22915,36.62525],[-106.2288,36.62642]]]},"bbox":[-106.22915,36.62261,-106.22486,36.6266]},{"type":"Feature","id":45496,"properties":{"y":1992,"n":"Quemado","ag":"USFS","ac":50.0,"c":14,"cl":"Unknown","ad":"1994-02-01","cd":"","st":"NM","se":4},"geometry":{"type":"Polygon","coordinates":[[[-105.38227,36.19963],[-105.38419,36.20027],[-105.38507,36.20194],[-105.38416,36.2036],[-105.38222,36.20421],[-105.38029,36.20358],[-105.37942,36.2019],[-105.38033,36.20024],[-105.38227,36.19963]]]},"bbox":[-105.38507,36.19963,-105.37942,36.20421]},{"type":"Feature","id":45498,"properties":{"y":1991,"n":"Francisquito","ag":"USFS","ac":85.4,"c":14,"cl":"Unknown","ad":"1994-02-01","cd":"","st":"NM","se":4},"geometry":{"type":"Polygon","coordinates":[[[-106.19588,36.43638],[-106.19806,36.43662],[-106.19891,36.43752],[-106.19909,36.44123],[-106.19834,36.4421],[-106.19652,36.44252],[-106.19477,36.44194],[-106.19265,36.44058],[-106.19168,36.43925],[-106.19162,36.43852],[-106.19234,36.4377],[-106.19588,36.43638]]]},"bbox":[-106.19909,36.43638,-106.19157,36.44252]},{"type":"Feature","id":45499,"properties":{"y":2023,"n":"El Valle","ag":"USFS","ac":525.6,"c":14,"cl":"Unknown","ad":"2024-01-16","cd":"","st":"NM","se":4},"geometry":{"type":"Polygon","coordinates":[[[-105.74559,36.10362],[-105.74792,36.10472],[-105.74826,36.10579],[-105.74947,36.10608],[-105.74935,36.10749],[-105.75078,36.10945],[-105.75271,36.1141],[-105.75183,36.11523],[-105.75089,36.11561],[-105.75054,36.11484],[-105.74952,36.11472],[-105.74674,36.1178],[-105.74543,36.11806],[-105.74102,36.11505],[-105.7406,36.11405],[-105.73777,36.11346],[-105.73482,36.112],[-105.73125,36.10887],[-105.73257,36.10776],[-105.73296,36.10576],[-105.73535,36.10494],[-105.73554,36.10301],[-105.73499,36.10215],[-105.73572,36.10169],[-105.73682,36.10234],[-105.73789,36.102],[-105.73831,36.10105],[-105.73994,36.10131],[-105.74143,36.10033],[-105.74283,36.10204],[-105.7448,36.10225],[-105.74559,36.10362]]]},"bbox":[-105.75271,36.10033,-105.73125,36.11806]},{"type":"Feature","id":45500,"properties":{"y":1976,"n":"Indian Creek","ag":"USFS","ac":79.9,"c":14,"cl":"Unknown","ad":"1994-02-01","cd":"","st":"NM","se":4},"geometry":{"type":"Polygon","coordinates":[[[-105.60188,36.18124],[-105.60432,36.18204],[-105.60542,36.18415],[-105.60444,36.18613],[-105.60183,36.18703],[-105.59939,36.18623],[-105.59829,36.18411],[-105.59927,36.18214],[-105.60188,36.18124]]]},"bbox":[-105.60542,36.18124,-105.59829,36.18703]},{"type":"Feature","id":45501,"properties":{"y":1982,"n":"Canon De Samuel","ag":"USFS","ac":99.9,"c":14,"cl":"Unknown","ad":"1994-02-01","cd":"","st":"NM","se":4},"geometry":{"type":"Polygon","coordinates":[[[-105.47667,36.06705],[-105.47956,36.06809],[-105.48062,36.07031],[-105.48033,36.0715],[-105.47934,36.07266],[-105.4766,36.07352],[-105.47388,36.07262],[-105.47292,36.07145],[-105.47265,36.07026],[-105.47294,36.06907],[-105.47393,36.06791],[-105.47667,36.06705]]]},"bbox":[-105.48062,36.06705,-105.47265,36.07352]},{"type":"Feature","id":45502,"properties":{"y":1974,"n":"La Jara","ag":"USFS","ac":12.7,"c":14,"cl":"Unknown","ad":"1994-02-01","cd":"","st":"NM","se":4},"geometry":{"type":"Polygon","coordinates":[[[-106.17847,36.61336],[-106.17911,36.61596],[-106.17792,36.61643],[-106.17701,36.6161],[-106.17654,36.61393],[-106.17847,36.61336]]]},"bbox":[-106.17911,36.61336,-106.17654,36.61643]},{"type":"Feature","id":45503,"properties":{"y":1987,"n":"Casita Piedra","ag":"USFS","ac":50.0,"c":14,"cl":"Unknown","ad":"1994-02-01","cd":"","st":"NM","se":4},"geometry":{"type":"Polygon","coordinates":[[[-105.41264,36.39685],[-105.41457,36.39748],[-105.41545,36.39916],[-105.41466,36.40072],[-105.41259,36.40143],[-105.41066,36.40079],[-105.40979,36.39912],[-105.4107,36.39745],[-105.41264,36.39685]]]},"bbox":[-105.41545,36.39685,-105.40979,36.40143]},{"type":"Feature","id":45504,"properties":{"y":1990,"n":"Deer Park","ag":"USFS","ac":50.0,"c":14,"cl":"Unknown","ad":"1994-02-01","cd":"","st":"NM","se":4},"geometry":{"type":"Polygon","coordinates":[[[-105.59229,36.3212],[-105.59422,36.32183],[-105.5951,36.32351],[-105.59419,36.32517],[-105.59225,36.32578],[-105.59032,36.32515],[-105.58944,36.32347],[-105.59035,36.32181],[-105.59229,36.3212]]]},"bbox":[-105.5951,36.3212,-105.58944,36.32578]},{"type":"Feature","id":45505,"properties":{"y":1989,"n":"Cedar Springs","ag":"USFS","ac":626.1,"c":14,"cl":"Unknown","ad":"1994-02-01","cd":"","st":"NM","se":4},"geometry":{"type":"Polygon","coordinates":[[[-107.23323,36.68308],[-107.23201,36.68095],[-107.23486,36.68064],[-107.23665,36.68097],[-107.23877,36.68025],[-107.24024,36.67864],[-107.25027,36.6736],[-107.25032,36.67227],[-107.25162,36.67099],[-107.25315,36.67308],[-107.25508,36.67189],[-107.2592,36.67099],[-107.25969,36.66933],[-107.26091,36.66855],[-107.26332,36.66865],[-107.26347,36.66911],[-107.26134,36.67109],[-107.26134,36.67246],[-107.2624,36.67376],[-107.2615,36.67479],[-107.25791,36.67565],[-107.25375,36.68],[-107.25309,36.68016],[-107.25213,36.67949],[-107.24962,36.68065],[-107.24784,36.68525],[-107.24653,36.68614],[-107.24624,36.68686],[-107.24918,36.68846],[-107.24907,36.68914],[-107.24466,36.68944],[-107.24254,36.69027],[-107.24107,36.68883],[-107.23951,36.69037],[-107.2377,36.69108],[-107.23759,36.6918],[-107.23683,36.6916],[-107.23548,36.68983],[-107.23354,36.68908],[-107.23356,36.68832],[-107.23464,36.68701],[-107.23323,36.68308]]]},"bbox":[-107.26347,36.66835,-107.23201,36.6918]},{"type":"Feature","id":45506,"properties":{"y":2013,"n":"Chino","ag":"USFS","ac":22.7,"c":14,"cl":"Unknown","ad":"2014-02-01","cd":"","st":"NM","se":4},"geometry":{"type":"Polygon","coordinates":[[[-106.15514,36.91907],[-106.15044,36.91975],[-106.14955,36.91891],[-106.14983,36.91791],[-106.15299,36.91719],[-106.15511,36.91852],[-106.15514,36.91907]]]},"bbox":[-106.15523,36.91719,-106.14955,36.91975]},{"type":"Feature","id":45507,"properties":{"y":2014,"n":"La Jara Canyon","ag":"USFS","ac":10.6,"c":14,"cl":"Unknown","ad":"2015-02-01","cd":"","st":"NM","se":4},"geometry":{"type":"Polygon","coordinates":[[[-106.18183,36.6204],[-106.18326,36.61941],[-106.18459,36.61979],[-106.18446,36.62058],[-106.18355,36.62138],[-106.18149,36.62117],[-106.18183,36.6204]]]},"bbox":[-106.18461,36.61941,-106.18143,36.62138]},{"type":"Feature","id":45508,"properties":{"y":2016,"n":"Independence","ag":"USFS","ac":19.7,"c":14,"cl":"Unknown","ad":"2017-02-01","cd":"","st":"NM","se":4},"geometry":{"type":"Polygon","coordinates":[[[-105.58919,36.65127],[-105.58678,36.65086],[-105.58711,36.65063],[-105.58627,36.65017],[-105.58701,36.65021],[-105.58742,36.64962],[-105.58593,36.64898],[-105.58811,36.64827],[-105.58876,36.6488],[-105.59008,36.64888],[-105.59014,36.65046],[-105.58959,36.65049],[-105.58919,36.65127]]]},"bbox":[-105.59019,36.64827,-105.58591,36.65142]},{"type":"Feature","id":45509,"properties":{"y":2016,"n":"Manuel","ag":"USFS","ac":11.2,"c":14,"cl":"Unknown","ad":"2017-02-01","cd":"","st":"NM","se":4},"geometry":{"type":"Polygon","coordinates":[[[-107.26917,36.7814],[-107.26734,36.78031],[-107.26724,36.77922],[-107.26935,36.7793],[-107.26977,36.78015],[-107.26917,36.7814]]]},"bbox":[-107.26977,36.77895,-107.26705,36.7814]},{"type":"Feature","id":45510,"properties":{"y":2023,"n":"Bobcat Pass","ag":"USFS","ac":0.2,"c":14,"cl":"Unknown","ad":"2024-01-16","cd":"","st":"NM","se":4},"geometry":{"type":"Polygon","coordinates":[[[-105.37471,36.71322],[-105.37448,36.71295],[-105.37479,36.71294],[-105.37471,36.71322]]]},"bbox":[-105.37479,36.7129,-105.37445,36.71323]},{"type":"Feature","id":45511,"properties":{"y":2011,"n":"Roybal Springs","ag":"USFS","ac":77.9,"c":14,"cl":"Unknown","ad":"2012-02-01","cd":"","st":"NM","se":4},"geometry":{"type":"Polygon","coordinates":[[[-106.10878,36.69784],[-106.1083,36.69945],[-106.10938,36.69937],[-106.11034,36.70103],[-106.10915,36.7019],[-106.10843,36.70163],[-106.10634,36.70335],[-106.10147,36.7023],[-106.10105,36.70259],[-106.10121,36.70222],[-106.09836,36.70134],[-106.10048,36.70032],[-106.10321,36.70022],[-106.10569,36.6994],[-106.10873,36.69732],[-106.11087,36.69719],[-106.10986,36.69734],[-106.10905,36.69807],[-106.10878,36.69784]]]},"bbox":[-106.11087,36.69708,-106.09836,36.70338]},{"type":"Feature","id":45512,"properties":{"y":2011,"n":"Oso Fire","ag":"USFS","ac":3.6,"c":14,"cl":"Unknown","ad":"2012-02-01","cd":"","st":"NM","se":4},"geometry":{"type":"Polygon","coordinates":[[[-106.26482,36.43527],[-106.26555,36.43448],[-106.26683,36.43497],[-106.26616,36.43556],[-106.26482,36.43527]]]},"bbox":[-106.26683,36.43448,-106.26474,36.43557]},{"type":"Feature","id":45513,"properties":{"y":2016,"n":"Mcgaffey","ag":"USFS","ac":524.4,"c":14,"cl":"Unknown","ad":"2017-02-01","cd":"","st":"NM","se":4},"geometry":{"type":"Polygon","coordinates":[[[-105.61252,36.2697],[-105.61486,36.27168],[-105.6151,36.27241],[-105.61326,36.28166],[-105.61162,36.28131],[-105.60929,36.28167],[-105.609,36.2823],[-105.60834,36.28239],[-105.60825,36.28468],[-105.6077,36.28515],[-105.60595,36.28356],[-105.60556,36.28039],[-105.60583,36.27858],[-105.60789,36.27423],[-105.60777,36.27178],[-105.60694,36.2716],[-105.60671,36.27047],[-105.60492,36.26845],[-105.60427,36.26672],[-105.60487,36.26191],[-105.60713,36.25977],[-105.60889,36.25656],[-105.60989,36.25603],[-105.61017,36.25657],[-105.61377,36.25807],[-105.61647,36.26008],[-105.61485,36.26669],[-105.61252,36.2697]]]},"bbox":[-105.61647,36.25603,-105.60427,36.28515]},{"type":"Feature","id":45514,"properties":{"y":2016,"n":"El Valle","ag":"USFS","ac":32.1,"c":14,"cl":"Unknown","ad":"2017-02-01","cd":"","st":"NM","se":4},"geometry":{"type":"Polygon","coordinates":[[[-105.72607,36.1291],[-105.72807,36.12917],[-105.72941,36.13146],[-105.72922,36.13183],[-105.72621,36.13146],[-105.72512,36.13344],[-105.72396,36.13282],[-105.72473,36.13068],[-105.72458,36.12941],[-105.7252,36.12849],[-105.72607,36.1291]]]},"bbox":[-105.72941,36.12849,-105.72396,36.13344]},{"type":"Feature","id":45515,"properties":{"y":1990,"n":"1990 Fire","ag":"USFS","ac":16.8,"c":14,"cl":"Unknown","ad":"1994-02-01","cd":"","st":"NM","se":4},"geometry":{"type":"Polygon","coordinates":[[[-105.99902,36.61485],[-105.99954,36.6151],[-105.99915,36.61696],[-105.99831,36.61748],[-105.99627,36.61761],[-105.99652,36.61692],[-105.99589,36.6166],[-105.99601,36.61597],[-105.99902,36.61485]]]},"bbox":[-105.99954,36.61485,-105.99584,36.61769]},{"type":"Feature","id":45516,"properties":{"y":1977,"n":"Unknown","ag":"USFS","ac":175.0,"c":14,"cl":"Unknown","ad":"1994-02-01","cd":"","st":"NM","se":4},"geometry":{"type":"Polygon","coordinates":[[[-102.29337,36.43225],[-102.30075,36.42895],[-102.30452,36.42917],[-102.30672,36.43127],[-102.30696,36.43301],[-102.30568,36.43409],[-102.30008,36.4357],[-102.29728,36.43599],[-102.29508,36.43611],[-102.29274,36.43439],[-102.29269,36.43342],[-102.29337,36.43225]]]},"bbox":[-102.30696,36.42895,-102.29269,36.43611]},{"type":"Feature","id":45517,"properties":{"y":1967,"n":"Ritito","ag":"USFS","ac":899.6,"c":14,"cl":"Unknown","ad":"1994-02-01","cd":"","st":"NM","se":4},"geometry":{"type":"Polygon","coordinates":[[[-106.15378,36.57908],[-106.16067,36.5802],[-106.16724,36.57914],[-106.16836,36.57961],[-106.1691,36.58202],[-106.16821,36.58506],[-106.16895,36.58785],[-106.16874,36.58937],[-106.17126,36.59294],[-106.16899,36.59799],[-106.16949,36.59993],[-106.16886,36.60131],[-106.1636,36.60302],[-106.16129,36.60214],[-106.16039,36.60078],[-106.1543,36.59856],[-106.15074,36.59234],[-106.15077,36.5903],[-106.15215,36.58806],[-106.15281,36.5853],[-106.15117,36.58195],[-106.15232,36.57976],[-106.15378,36.57908]]]},"bbox":[-106.17126,36.57908,-106.15074,36.60302]},{"type":"Feature","id":45518,"properties":{"y":1981,"n":"1981 Fire","ag":"USFS","ac":24.8,"c":14,"cl":"Unknown","ad":"1994-02-01","cd":"","st":"NM","se":4},"geometry":{"type":"Polygon","coordinates":[[[-106.22178,36.84705],[-106.22395,36.8475],[-106.22441,36.84834],[-106.2236,36.84897],[-106.22127,36.84924],[-106.21854,36.84846],[-106.21924,36.84754],[-106.22178,36.84705]]]},"bbox":[-106.22444,36.84705,-106.21854,36.84924]},{"type":"Feature","id":45519,"properties":{"y":1972,"n":"1972 Fire","ag":"USFS","ac":30.4,"c":14,"cl":"Unknown","ad":"1994-02-01","cd":"","st":"NM","se":4},"geometry":{"type":"Polygon","coordinates":[[[-106.09528,36.75956],[-106.09765,36.76021],[-106.09824,36.76143],[-106.09606,36.76251],[-106.09284,36.76272],[-106.09264,36.76222],[-106.0937,36.76046],[-106.09528,36.75956]]]},"bbox":[-106.09824,36.75956,-106.09262,36.76274]},{"type":"Feature","id":45520,"properties":{"y":1990,"n":"Lamy","ag":"USFS","ac":189.8,"c":14,"cl":"Unknown","ad":"1994-02-01","cd":"","st":"NM","se":4},"geometry":{"type":"Polygon","coordinates":[[[-106.08096,36.74525],[-106.08153,36.74575],[-106.08136,36.74722],[-106.08442,36.74806],[-106.08786,36.75193],[-106.08844,36.75332],[-106.08326,36.75642],[-106.08235,36.75601],[-106.08382,36.75357],[-106.08157,36.75399],[-106.07806,36.75359],[-106.07742,36.7529],[-106.0774,36.75157],[-106.07441,36.74806],[-106.07467,36.74754],[-106.08096,36.74525]]]},"bbox":[-106.08844,36.74525,-106.07441,36.75645]},{"type":"Feature","id":45521,"properties":{"y":1994,"n":"1994 Fire","ag":"USFS","ac":10.0,"c":14,"cl":"Unknown","ad":"1995-02-01","cd":"","st":"NM","se":4},"geometry":{"type":"Polygon","coordinates":[[[-105.82871,36.33481],[-105.82879,36.33519],[-105.82097,36.33837],[-105.82233,36.33693],[-105.82871,36.33481]]]},"bbox":[-105.82893,36.33481,-105.82097,36.33837]},{"type":"Feature","id":45522,"properties":{"y":1999,"n":"Canjilon Creek Fire","ag":"USFS","ac":358.6,"c":14,"cl":"Unknown","ad":"2000-02-01","cd":"","st":"NM","se":4},"geometry":{"type":"Polygon","coordinates":[[[-106.31693,36.52971],[-106.32041,36.53055],[-106.32137,36.53147],[-106.32527,36.53116],[-106.32561,36.53204],[-106.32066,36.53895],[-106.3157,36.54256],[-106.31275,36.54554],[-106.31156,36.54552],[-106.31018,36.54326],[-106.31169,36.53834],[-106.30985,36.53641],[-106.30817,36.53547],[-106.30899,36.53467],[-106.31265,36.53343],[-106.3109,36.53261],[-106.31082,36.53176],[-106.31142,36.53088],[-106.31382,36.53001],[-106.31557,36.53054],[-106.3169,36.53018],[-106.31693,36.52971]]]},"bbox":[-106.32561,36.52971,-106.30817,36.54564]},{"type":"Feature","id":45526,"properties":{"y":2001,"n":"Valencia","ag":"USFS","ac":25.1,"c":14,"cl":"Unknown","ad":"2002-02-01","cd":"","st":"NM","se":4},"geometry":{"type":"Polygon","coordinates":[[[-107.24518,36.64811],[-107.24659,36.64848],[-107.24731,36.64953],[-107.24694,36.65069],[-107.24569,36.65133],[-107.24413,36.65105],[-107.24331,36.64994],[-107.24376,36.6487],[-107.24518,36.64811]]]},"bbox":[-107.24732,36.64811,-107.2433,36.65136]},{"type":"Feature","id":45527,"properties":{"y":2012,"n":"Midnight","ag":"USFS","ac":362.4,"c":14,"cl":"Unknown","ad":"2013-02-01","cd":"","st":"NM","se":4},"geometry":{"type":"MultiPolygon","coordinates":[[[[-105.32341,36.75232],[-105.32377,36.7522],[-105.32386,36.75258],[-105.32362,36.75273],[-105.32341,36.75232]]],[[[-105.32492,36.75703],[-105.32457,36.75659],[-105.32573,36.75571],[-105.32833,36.75448],[-105.32813,36.75379],[-105.32849,36.7535],[-105.32751,36.75277],[-105.3281,36.75214],[-105.32709,36.75181],[-105.32791,36.75086],[-105.32833,36.75081],[-105.32771,36.75157],[-105.32854,36.75183],[-105.33082,36.75089],[-105.33376,36.75227],[-105.33273,36.75373],[-105.33291,36.75416],[-105.33188,36.75448],[-105.3336,36.75455],[-105.33401,36.75507],[-105.3337,36.75579],[-105.33134,36.75549],[-105.32992,36.75707],[-105.32821,36.75686],[-105.32492,36.75703]]],[[[-105.32473,36.75459],[-105.32484,36.75416],[-105.32517,36.75442],[-105.32473,36.75459]]],[[[-105.32776,36.75713],[-105.32786,36.7569],[-105.3281,36.75703],[-105.32776,36.75713]]],[[[-105.32897,36.74739],[-105.32932,36.74716],[-105.32911,36.74749],[-105.32897,36.74739]]],[[[-105.33006,36.75064],[-105.3303,36.75047],[-105.3303,36.75069],[-105.33006,36.75064]]],[[[-105.33049,36.75067],[-105.33071,36.75052],[-105.33071,36.75069],[-105.33049,36.75067]]],[[[-105.33562,36.75153],[-105.33238,36.75101],[-105.33272,36.75083],[-105.33138,36.75009],[-105.33087,36.7487],[-105.33255,36.74674],[-105.33415,36.74633],[-105.33329,36.74586],[-105.33367,36.74514],[-105.33586,36.74427],[-105.33669,36.74504],[-105.33773,36.74522],[-105.33832,36.74415],[-105.34024,36.74359],[-105.34058,36.74257],[-105.34285,36.74282],[-105.34234,36.74256],[-105.34268,36.74126],[-105.34385,36.74168],[-105.34586,36.74041],[-105.34724,36.7402],[-105.34922,36.74107],[-105.34785,36.74264],[-105.34811,36.74297],[-105.34697,36.7431],[-105.34647,36.74353],[-105.34661,36.74422],[-105.34602,36.7442],[-105.34674,36.74467],[-105.34659,36.74519],[-105.34731,36.74617],[-105.3458,36.74886],[-105.34454,36.75],[-105.34072,36.7513],[-105.33562,36.75153]]]]},"bbox":[-105.34922,36.7402,-105.32341,36.7572]},{"type":"Feature","id":45528,"properties":{"y":2016,"n":"La Canada","ag":"USFS","ac":55.2,"c":14,"cl":"Unknown","ad":"2017-02-01","cd":"","st":"NM","se":4},"geometry":{"type":"Polygon","coordinates":[[[-106.15475,36.47452],[-106.15851,36.47303],[-106.15994,36.47361],[-106.15991,36.4743],[-106.1617,36.47444],[-106.16129,36.47538],[-106.16,36.47629],[-106.15948,36.47773],[-106.15821,36.47807],[-106.15705,36.47728],[-106.15512,36.47731],[-106.15508,36.47636],[-106.15426,36.47622],[-106.15382,36.47543],[-106.15475,36.47452]]]},"bbox":[-106.1617,36.47303,-106.15382,36.47807]},{"type":"Feature","id":45529,"properties":{"y":1990,"n":"Hunter","ag":"USFS","ac":12.2,"c":14,"cl":"Unknown","ad":"1994-02-01","cd":"","st":"NM","se":4},"geometry":{"type":"Polygon","coordinates":[[[-106.11712,36.5773],[-106.11681,36.5784],[-106.1176,36.57843],[-106.11776,36.57897],[-106.11511,36.57968],[-106.115,36.57762],[-106.11712,36.5773]]]},"bbox":[-106.1178,36.5773,-106.11484,36.57968]},{"type":"Feature","id":45530,"properties":{"y":2023,"n":"Bull","ag":"USFS","ac":0.0,"c":14,"cl":"Unknown","ad":"2023-07-23","cd":"","st":"NM","se":2},"geometry":{"type":"Polygon","coordinates":[[[-105.4659,36.76836],[-105.46601,36.76843],[-105.46599,36.7685],[-105.4659,36.76836]]]},"bbox":[-105.46601,36.76835,-105.4659,36.7685]},{"type":"Feature","id":45533,"properties":{"y":2023,"n":"Madison","ag":"USFS","ac":0.5,"c":14,"cl":"Unknown","ad":"2023-10-26","cd":"","st":"NM","se":3},"geometry":{"type":"Polygon","coordinates":[[[-105.42876,36.36296],[-105.42926,36.36293],[-105.42952,36.36328],[-105.429,36.3633],[-105.42876,36.36296]]]},"bbox":[-105.42952,36.36292,-105.42873,36.36337]},{"type":"Feature","id":45534,"properties":{"y":2024,"n":"Yeso","ag":"USFS","ac":650.0,"c":14,"cl":"Unknown","ad":"2025-01-15","cd":"","st":"NM","se":4},"geometry":{"type":"Polygon","coordinates":[[[-106.39915,36.40486],[-106.39473,36.40413],[-106.39331,36.40278],[-106.39126,36.40261],[-106.39052,36.40191],[-106.39086,36.40061],[-106.39256,36.39954],[-106.39103,36.39882],[-106.39079,36.39762],[-106.38644,36.39478],[-106.38511,36.39438],[-106.38362,36.39287],[-106.38098,36.39267],[-106.38209,36.39173],[-106.39542,36.38673],[-106.39673,36.38543],[-106.39879,36.38508],[-106.40007,36.38421],[-106.40218,36.38454],[-106.40379,36.38671],[-106.40404,36.38853],[-106.4031,36.39243],[-106.4037,36.39374],[-106.40262,36.39586],[-106.40279,36.39799],[-106.40225,36.40094],[-106.40251,36.4028],[-106.4032,36.40338],[-106.40091,36.40438],[-106.40168,36.4052],[-106.4014,36.40593],[-106.40128,36.40606],[-106.40117,36.40614],[-106.39915,36.40486]]]},"bbox":[-106.40404,36.38419,-106.38097,36.40614]},{"type":"Feature","id":45535,"properties":{"y":2024,"n":"Rio Chiquito","ag":"USFS","ac":0.0,"c":14,"cl":"Unknown","ad":"2024-05-09","cd":"","st":"NM","se":1},"geometry":{"type":"Polygon","coordinates":[[[-105.56472,36.33316],[-105.56476,36.33322],[-105.56473,36.33321],[-105.56472,36.33316]]]},"bbox":[-105.56479,36.33314,-105.56471,36.33322]},{"type":"Feature","id":45536,"properties":{"y":2024,"n":"Mestenas Canyon","ag":"USFS","ac":836.6,"c":14,"cl":"Unknown","ad":"2024-12-19","cd":"","st":"NM","se":4},"geometry":{"type":"Polygon","coordinates":[[[-107.25203,36.7681],[-107.25076,36.76851],[-107.24923,36.76999],[-107.24728,36.76985],[-107.24569,36.76958],[-107.24549,36.76839],[-107.24423,36.76715],[-107.24393,36.76501],[-107.24693,36.7616],[-107.24647,36.75873],[-107.25186,36.7514],[-107.25307,36.75146],[-107.25473,36.75245],[-107.25529,36.7521],[-107.25693,36.75245],[-107.25885,36.75136],[-107.25933,36.75141],[-107.25938,36.75201],[-107.25994,36.75152],[-107.26084,36.75159],[-107.26142,36.75033],[-107.26381,36.75091],[-107.26553,36.75471],[-107.26728,36.7567],[-107.26639,36.75868],[-107.2647,36.75956],[-107.26539,36.76083],[-107.26619,36.76109],[-107.26607,36.7615],[-107.26771,36.76193],[-107.26724,36.76281],[-107.26793,36.76369],[-107.2672,36.76382],[-107.26611,36.76585],[-107.2679,36.76723],[-107.26719,36.76807],[-107.2595,36.77019],[-107.25203,36.7681]]]},"bbox":[-107.26796,36.75025,-107.24389,36.77019]},{"type":"Feature","id":45537,"properties":{"y":2018,"n":"Antelope","ag":"USFS","ac":262.5,"c":14,"cl":"Unknown","ad":"2019-03-25","cd":"","st":"NM","se":1},"geometry":{"type":"Polygon","coordinates":[[[-107.55,35.36581],[-107.54476,35.36306],[-107.54,35.36229],[-107.53451,35.35921],[-107.53355,35.35832],[-107.53358,35.35732],[-107.53415,35.35652],[-107.53671,35.35695],[-107.54503,35.35943],[-107.54682,35.35783],[-107.5483,35.35732],[-107.55262,35.35763],[-107.55512,35.35936],[-107.55497,35.36185],[-107.55,35.36581]]]},"bbox":[-107.55516,35.35652,-107.53353,35.36583]},{"type":"Feature","id":45538,"properties":{"y":2018,"n":"Mcclellan","ag":"USFS","ac":286.4,"c":14,"cl":"Unknown","ad":"2019-03-25","cd":"","st":"NM","se":1},"geometry":{"type":"Polygon","coordinates":[[[-100.86207,35.21512],[-100.8645,35.21692],[-100.86503,35.21836],[-100.86703,35.21832],[-100.8668,35.22016],[-100.86277,35.22129],[-100.85883,35.2251],[-100.85152,35.22509],[-100.85143,35.22019],[-100.85779,35.21254],[-100.85855,35.21224],[-100.85946,35.21475],[-100.86038,35.21519],[-100.86207,35.21512]]]},"bbox":[-100.86719,35.21224,-100.85143,35.2251]},{"type":"Feature","id":45539,"properties":{"y":2019,"n":"Ellena Gallegos","ag":"USFS","ac":56.0,"c":14,"cl":"Unknown","ad":"2019-07-02","cd":"","st":"NM","se":2},"geometry":{"type":"MultiPolygon","coordinates":[[[[-106.46709,35.14666],[-106.46992,35.14776],[-106.47143,35.14762],[-106.47235,35.14838],[-106.47298,35.14931],[-106.47216,35.14977],[-106.47264,35.15059],[-106.46974,35.15079],[-106.46949,35.15021],[-106.46995,35.14965],[-106.46793,35.14966],[-106.46833,35.14892],[-106.4671,35.14865],[-106.46698,35.14823],[-106.46757,35.148],[-106.46629,35.14727],[-106.46414,35.14777],[-106.4637,35.14737],[-106.46097,35.14715],[-106.46198,35.14645],[-106.46222,35.14684],[-106.46294,35.14675],[-106.46235,35.14611],[-106.4639,35.14687],[-106.46564,35.14693],[-106.46515,35.1466],[-106.46579,35.1466],[-106.46583,35.1461],[-106.46444,35.14511],[-106.46424,35.14357],[-106.46581,35.14409],[-106.46561,35.14479],[-106.46619,35.14506],[-106.4664,35.14589],[-106.46719,35.14579],[-106.46709,35.14666]]],[[[-106.4643,35.14355],[-106.46426,35.14352],[-106.46432,35.14349],[-106.4643,35.14355]]]]},"bbox":[-106.47298,35.14349,-106.46097,35.15085]},{"type":"Feature","id":45540,"properties":{"y":2019,"n":"Blue Mountain","ag":"USFS","ac":37.0,"c":14,"cl":"Unknown","ad":"2019-09-16","cd":"","st":"NM","se":3},"geometry":{"type":"Polygon","coordinates":[[[-107.48978,33.69424],[-107.49167,33.69518],[-107.49171,33.69588],[-107.49013,33.69763],[-107.48836,33.69794],[-107.48613,33.69452],[-107.48764,33.69403],[-107.48978,33.69424]]]},"bbox":[-107.49178,33.694,-107.48613,33.69803]},{"type":"Feature","id":45541,"properties":{"y":2016,"n":"Unit 88","ag":"USFS","ac":100.6,"c":14,"cl":"Unknown","ad":"2016-03-01","cd":"","st":"NM","se":1},"geometry":{"type":"Polygon","coordinates":[[[-99.57917,35.75846],[-99.5764,35.75832],[-99.57401,35.75452],[-99.57324,35.75005],[-99.57565,35.74854],[-99.578,35.74823],[-99.5782,35.74997],[-99.57774,35.7511],[-99.57895,35.75205],[-99.57755,35.7537],[-99.57936,35.75719],[-99.57917,35.75846]]]},"bbox":[-99.57948,35.74815,-99.57321,35.75857]},{"type":"Feature","id":45542,"properties":{"y":2018,"n":"Deep","ag":"USFS","ac":15.2,"c":14,"cl":"Unknown","ad":"2019-03-25","cd":"","st":"NM","se":1},"geometry":{"type":"Polygon","coordinates":[[[-107.37664,33.68884],[-107.37791,33.68758],[-107.37946,33.68788],[-107.37999,33.6888],[-107.37823,33.69054],[-107.3775,33.69026],[-107.37734,33.68935],[-107.37664,33.68884]]]},"bbox":[-107.37999,33.68758,-107.37664,33.69054]},{"type":"Feature","id":45545,"properties":{"y":2016,"n":"Thurman","ag":"USFS","ac":35.9,"c":14,"cl":"Unknown","ad":"2016-03-01","cd":"","st":"NM","se":1},"geometry":{"type":"Polygon","coordinates":[[[-99.72203,35.6099],[-99.72054,35.60667],[-99.72028,35.60191],[-99.72084,35.60081],[-99.72086,35.60291],[-99.72256,35.60224],[-99.72298,35.60343],[-99.72232,35.60613],[-99.72246,35.60853],[-99.72301,35.6093],[-99.72289,35.61003],[-99.72203,35.6099]]]},"bbox":[-99.72301,35.60078,-99.72026,35.61016]},{"type":"Feature","id":45546,"properties":{"y":2016,"n":"Hartley","ag":"USFS","ac":140.4,"c":14,"cl":"Unknown","ad":"2016-03-01","cd":"","st":"NM","se":1},"geometry":{"type":"Polygon","coordinates":[[[-99.94371,35.72557],[-99.94324,35.72616],[-99.94326,35.71232],[-99.94392,35.71167],[-99.94468,35.71177],[-99.9446,35.71288],[-99.94651,35.71334],[-99.94735,35.71715],[-99.94711,35.71893],[-99.94828,35.71917],[-99.94836,35.72328],[-99.94771,35.72402],[-99.94762,35.72527],[-99.94659,35.72546],[-99.94635,35.72603],[-99.9445,35.7261],[-99.94371,35.72557]]]},"bbox":[-99.94836,35.71167,-99.94312,35.72616]},{"type":"Feature","id":45547,"properties":{"y":1990,"n":"Goat","ag":"USFS","ac":50.3,"c":14,"cl":"Unknown","ad":"1994-02-01","cd":"","st":"NM","se":4},"geometry":{"type":"Polygon","coordinates":[[[-107.24784,34.19739],[-107.24475,34.19778],[-107.24228,34.19605],[-107.24257,34.19494],[-107.24386,34.19359],[-107.24776,34.19439],[-107.24844,34.19589],[-107.24828,34.19654],[-107.24784,34.19739]]]},"bbox":[-107.24844,34.19359,-107.24228,34.19803]},{"type":"Feature","id":45548,"properties":{"y":1981,"n":"Kelly","ag":"USFS","ac":25.5,"c":14,"cl":"Unknown","ad":"1994-02-01","cd":"","st":"NM","se":4},"geometry":{"type":"Polygon","coordinates":[[[-107.18995,34.07665],[-107.18808,34.07776],[-107.18639,34.07652],[-107.18613,34.07549],[-107.18789,34.07392],[-107.18933,34.07428],[-107.18995,34.07665]]]},"bbox":[-107.18995,34.07392,-107.18613,34.07776]},{"type":"Feature","id":45549,"properties":{"y":2016,"n":"Tracy","ag":"USFS","ac":95.8,"c":14,"cl":"Unknown","ad":"2016-02-16","cd":"","st":"NM","se":4},"geometry":{"type":"Polygon","coordinates":[[[-99.79959,35.6679],[-99.79798,35.66782],[-99.79741,35.66577],[-99.79823,35.6652],[-99.79774,35.66271],[-99.79838,35.66273],[-99.79866,35.66094],[-99.79765,35.66024],[-99.79873,35.66012],[-99.79866,35.65702],[-99.79961,35.65604],[-99.79991,35.65699],[-99.79958,35.65787],[-99.80047,35.65821],[-99.80027,35.65923],[-99.80098,35.65916],[-99.80119,35.65867],[-99.80087,35.65677],[-99.80139,35.65751],[-99.80224,35.65688],[-99.8022,35.65746],[-99.80273,35.65762],[-99.80249,35.65823],[-99.80352,35.65917],[-99.80367,35.66008],[-99.80298,35.66033],[-99.80354,35.66104],[-99.80331,35.66194],[-99.80115,35.66361],[-99.79959,35.6679]]]},"bbox":[-99.80368,35.65604,-99.79741,35.66798]},{"type":"Feature","id":45550,"properties":{"y":2016,"n":"105 East","ag":"USFS","ac":19.3,"c":14,"cl":"Unknown","ad":"2017-01-23","cd":"","st":"NM","se":4},"geometry":{"type":"Polygon","coordinates":[[[-99.58908,35.60475],[-99.58788,35.60428],[-99.58744,35.60326],[-99.58814,35.60221],[-99.58942,35.60194],[-99.59056,35.60249],[-99.59089,35.60354],[-99.59021,35.60447],[-99.58908,35.60475]]]},"bbox":[-99.59091,35.60192,-99.58744,35.60475]},{"type":"Feature","id":45551,"properties":{"y":1978,"n":"Mesa","ag":"USFS","ac":10.6,"c":14,"cl":"Unknown","ad":"1994-02-01","cd":"","st":"NM","se":4},"geometry":{"type":"Polygon","coordinates":[[[-107.10239,34.01916],[-107.10131,34.01841],[-107.10183,34.01698],[-107.1035,34.01734],[-107.10375,34.01837],[-107.10335,34.01899],[-107.10239,34.01916]]]},"bbox":[-107.10375,34.01698,-107.1013,34.01916]},{"type":"Feature","id":45552,"properties":{"y":2016,"n":"Corral Canyon","ag":"USFS","ac":10.0,"c":14,"cl":"Unknown","ad":"2017-01-24","cd":"","st":"NM","se":4},"geometry":{"type":"Polygon","coordinates":[[[-107.35672,33.5796],[-107.355,33.57963],[-107.35462,33.57892],[-107.35496,33.57819],[-107.35582,33.57787],[-107.35669,33.57816],[-107.35706,33.57887],[-107.35672,33.5796]]]},"bbox":[-107.35706,33.57787,-107.35462,33.57991]},{"type":"Feature","id":45553,"properties":{"y":2016,"n":"Hwy. 296","ag":"USFS","ac":90.1,"c":14,"cl":"Unknown","ad":"2017-01-23","cd":"","st":"NM","se":4},"geometry":{"type":"Polygon","coordinates":[[[-102.80097,36.42838],[-102.79666,36.42542],[-102.7967,36.4215],[-102.79754,36.42128],[-102.80088,36.42216],[-102.80435,36.42444],[-102.80478,36.42522],[-102.80404,36.42646],[-102.80097,36.42838]]]},"bbox":[-102.80478,36.42128,-102.79666,36.42838]},{"type":"Feature","id":45554,"properties":{"y":2016,"n":"Monticello","ag":"USFS","ac":155.1,"c":14,"cl":"Unknown","ad":"2017-01-23","cd":"","st":"NM","se":4},"geometry":{"type":"Polygon","coordinates":[[[-107.52791,33.50737],[-107.52586,33.50703],[-107.52447,33.50626],[-107.52348,33.50513],[-107.52298,33.50344],[-107.52323,33.50205],[-107.52431,33.50056],[-107.52565,33.49973],[-107.52767,33.49931],[-107.52932,33.49952],[-107.5311,33.50042],[-107.53226,33.50187],[-107.53259,33.50324],[-107.53219,33.50495],[-107.53127,33.50612],[-107.52954,33.50709],[-107.52791,33.50737]]]},"bbox":[-107.53259,33.49931,-107.52298,33.50737]},{"type":"Feature","id":45555,"properties":{"y":2016,"n":"Pritchard","ag":"USFS","ac":47.2,"c":14,"cl":"Unknown","ad":"2016-07-09","cd":"","st":"NM","se":2},"geometry":{"type":"Polygon","coordinates":[[[-102.56879,36.29681],[-102.56833,36.29209],[-102.5674,36.29163],[-102.56408,36.29172],[-102.56266,36.29092],[-102.56176,36.28953],[-102.56378,36.28921],[-102.56964,36.29147],[-102.56971,36.29293],[-102.56892,36.29284],[-102.56986,36.29434],[-102.56987,36.29669],[-102.56879,36.29681]]]},"bbox":[-102.57002,36.28918,-102.5617,36.29705]},{"type":"Feature","id":45556,"properties":{"y":2016,"n":"Ogle","ag":"USFS","ac":60.7,"c":14,"cl":"Unknown","ad":"2016-07-25","cd":"","st":"NM","se":2},"geometry":{"type":"Polygon","coordinates":[[[-102.86621,36.5451],[-102.8684,36.54867],[-102.86696,36.54982],[-102.86482,36.54862],[-102.86437,36.54516],[-102.86085,36.54516],[-102.85861,36.54386],[-102.85735,36.54228],[-102.86128,36.54511],[-102.86341,36.54505],[-102.86373,36.54452],[-102.86207,36.54429],[-102.86048,36.54331],[-102.86028,36.54285],[-102.86157,36.54334],[-102.86047,36.54238],[-102.86231,36.54319],[-102.86309,36.54309],[-102.86187,36.54221],[-102.86324,36.54286],[-102.86456,36.54268],[-102.86592,36.54397],[-102.86645,36.54477],[-102.86621,36.5451]]]},"bbox":[-102.8684,36.54221,-102.85735,36.54982]},{"type":"Feature","id":45557,"properties":{"y":2016,"n":"Unit 82","ag":"USFS","ac":47.4,"c":14,"cl":"Unknown","ad":"2016-02-23","cd":"","st":"NM","se":4},"geometry":{"type":"Polygon","coordinates":[[[-99.59158,35.77945],[-99.59367,35.77804],[-99.59622,35.77817],[-99.59489,35.77927],[-99.5943,35.7808],[-99.59252,35.78163],[-99.59255,35.78253],[-99.59308,35.78294],[-99.59276,35.78355],[-99.58885,35.78357],[-99.58962,35.7817],[-99.59158,35.77945]]]},"bbox":[-99.59622,35.77788,-99.58881,35.78374]},{"type":"Feature","id":45559,"properties":{"y":2018,"n":"Road 169","ag":"USFS","ac":35.5,"c":14,"cl":"Unknown","ad":"2019-03-25","cd":"","st":"NM","se":1},"geometry":{"type":"Polygon","coordinates":[[[-108.28817,35.22844],[-108.28858,35.22693],[-108.29017,35.22591],[-108.29228,35.22685],[-108.29273,35.22849],[-108.29242,35.22909],[-108.28952,35.23031],[-108.28857,35.22985],[-108.28817,35.22844]]]},"bbox":[-108.29273,35.22591,-108.28817,35.23031]},{"type":"Feature","id":45560,"properties":{"y":2018,"n":"Pj","ag":"USFS","ac":134.4,"c":14,"cl":"Unknown","ad":"2019-03-25","cd":"","st":"NM","se":1},"geometry":{"type":"Polygon","coordinates":[[[-106.43216,34.97329],[-106.43073,34.97155],[-106.43109,34.97033],[-106.43516,34.96832],[-106.44656,34.96696],[-106.4458,34.96869],[-106.44427,34.97022],[-106.43517,34.97297],[-106.4347,34.97125],[-106.43432,34.97125],[-106.4337,34.9718],[-106.4337,34.97294],[-106.43216,34.97329]]]},"bbox":[-106.44656,34.96696,-106.43073,34.97339]},{"type":"Feature","id":45561,"properties":{"y":2018,"n":"Monahan","ag":"USFS","ac":16.5,"c":14,"cl":"Unknown","ad":"2019-03-25","cd":"","st":"NM","se":1},"geometry":{"type":"Polygon","coordinates":[[[-108.31233,35.23687],[-108.31264,35.23433],[-108.31392,35.23421],[-108.31496,35.23481],[-108.31464,35.2366],[-108.31233,35.23687]]]},"bbox":[-108.31506,35.23416,-108.31227,35.23704]},{"type":"Feature","id":45562,"properties":{"y":1990,"n":"Teepee Fire","ag":"USFS","ac":215.2,"c":14,"cl":"Unknown","ad":"1994-02-01","cd":"","st":"NM","se":4},"geometry":{"type":"Polygon","coordinates":[[[-107.42943,33.67007],[-107.43094,33.66886],[-107.43481,33.66935],[-107.43843,33.66913],[-107.44003,33.66971],[-107.44036,33.67152],[-107.43962,33.67578],[-107.43819,33.67665],[-107.43508,33.67735],[-107.43121,33.67713],[-107.4287,33.67634],[-107.42877,33.67406],[-107.42956,33.67329],[-107.42904,33.67231],[-107.42969,33.67135],[-107.42943,33.67007]]]},"bbox":[-107.44036,33.66886,-107.42852,33.67735]},{"type":"Feature","id":45563,"properties":{"y":1979,"n":"Unknown","ag":"USFS","ac":228.3,"c":14,"cl":"Unknown","ad":"1994-02-01","cd":"","st":"NM","se":4},"geometry":{"type":"Polygon","coordinates":[[[-102.79736,36.41482],[-102.80432,36.41477],[-102.80493,36.42076],[-102.80631,36.42502],[-102.80598,36.42619],[-102.8039,36.42654],[-102.80014,36.42598],[-102.79806,36.42511],[-102.79683,36.42297],[-102.79677,36.41595],[-102.79736,36.41482]]]},"bbox":[-102.80631,36.4146,-102.79677,36.42654]},{"type":"Feature","id":45564,"properties":{"y":2013,"n":"Piedra","ag":"USFS","ac":32.6,"c":14,"cl":"Unknown","ad":"2014-02-01","cd":"","st":"NM","se":4},"geometry":{"type":"Polygon","coordinates":[[[-106.47109,35.2483],[-106.47156,35.24786],[-106.47243,35.24867],[-106.47362,35.24867],[-106.47314,35.24953],[-106.47388,35.25004],[-106.47397,35.25093],[-106.47046,35.25234],[-106.47045,35.25125],[-106.47088,35.25096],[-106.47059,35.25065],[-106.47146,35.25022],[-106.47201,35.25048],[-106.47199,35.25],[-106.47062,35.24956],[-106.46981,35.24845],[-106.46916,35.24835],[-106.46922,35.24785],[-106.46839,35.24781],[-106.4684,35.24684],[-106.46988,35.24684],[-106.47017,35.24746],[-106.47046,35.24709],[-106.47109,35.2483]]]},"bbox":[-106.47397,35.2466,-106.46821,35.25234]},{"type":"Feature","id":45565,"properties":{"y":2016,"n":"108","ag":"USFS","ac":73.4,"c":14,"cl":"Unknown","ad":"2017-01-23","cd":"","st":"NM","se":4},"geometry":{"type":"Polygon","coordinates":[[[-102.88809,36.50059],[-102.89086,36.50075],[-102.89116,36.5025],[-102.89194,36.50372],[-102.89178,36.50539],[-102.89442,36.50646],[-102.89443,36.50914],[-102.89359,36.5093],[-102.89014,36.50793],[-102.88838,36.50668],[-102.88879,36.50651],[-102.88835,36.50464],[-102.8891,36.50353],[-102.88816,36.50233],[-102.88809,36.50059]]]},"bbox":[-102.89443,36.50059,-102.88793,36.5093]},{"type":"Feature","id":45566,"properties":{"y":2017,"n":"K-44","ag":"USFS","ac":41.8,"c":14,"cl":"Unknown","ad":"2018-03-28","cd":"","st":"NM","se":1},"geometry":{"type":"Polygon","coordinates":[[[-103.0288,36.50868],[-103.0327,36.50586],[-103.03177,36.50622],[-103.03227,36.5059],[-103.03166,36.50566],[-103.03263,36.50498],[-103.03094,36.50485],[-103.03206,36.50426],[-103.03141,36.50417],[-103.03133,36.50296],[-103.03294,36.50218],[-103.0344,36.50065],[-103.03571,36.50065],[-103.03463,36.50578],[-103.03097,36.50798],[-103.03093,36.50736],[-103.0288,36.50868]]]},"bbox":[-103.03577,36.50065,-103.02875,36.50871]},{"type":"Feature","id":45567,"properties":{"y":2017,"n":"Rinker","ag":"USFS","ac":18.9,"c":14,"cl":"Unknown","ad":"2018-03-28","cd":"","st":"NM","se":1},"geometry":{"type":"Polygon","coordinates":[[[-103.03577,36.50094],[-103.03713,36.50063],[-103.03806,36.50105],[-103.03713,36.5034],[-103.03465,36.50481],[-103.03577,36.50094]]]},"bbox":[-103.03806,36.50063,-103.03465,36.50481]},{"type":"Feature","id":45568,"properties":{"y":2018,"n":"David Canyon","ag":"USFS","ac":15.4,"c":14,"cl":"Unknown","ad":"2019-03-25","cd":"","st":"NM","se":1},"geometry":{"type":"Polygon","coordinates":[[[-106.36266,34.98721],[-106.36271,34.98846],[-106.36204,34.98965],[-106.35951,34.98938],[-106.35972,34.98735],[-106.36266,34.98721]]]},"bbox":[-106.3628,34.98716,-106.35945,34.98973]},{"type":"Feature","id":45569,"properties":{"y":2019,"n":"Unit 84","ag":"USFS","ac":204.0,"c":14,"cl":"Unknown","ad":"2019-04-22","cd":"","st":"NM","se":1},"geometry":{"type":"MultiPolygon","coordinates":[[[[-99.58581,35.76944],[-99.58598,35.76993],[-99.58615,35.77162],[-99.58609,35.77288],[-99.5882,35.77301],[-99.58844,35.77549],[-99.58957,35.7755],[-99.58814,35.77635],[-99.58765,35.77813],[-99.58847,35.77878],[-99.58796,35.77889],[-99.58781,35.77953],[-99.58545,35.77992],[-99.57491,35.77962],[-99.57496,35.77707],[-99.57549,35.77658],[-99.58169,35.77661],[-99.57997,35.77425],[-99.57971,35.77065],[-99.58129,35.77189],[-99.58217,35.77149],[-99.58308,35.77234],[-99.58424,35.77182],[-99.58479,35.77019],[-99.58581,35.76944]],[[-99.58547,35.77992],[-99.58553,35.77991],[-99.58546,35.77992],[-99.58547,35.77992]],[[-99.58547,35.77991],[-99.58547,35.77991],[-99.58547,35.77991],[-99.58547,35.77991]],[[-99.58584,35.76964],[-99.58582,35.76963],[-99.58584,35.76965],[-99.58584,35.76964]]],[[[-99.58545,35.77992],[-99.58545,35.77992],[-99.58545,35.77992],[-99.58545,35.77992]]],[[[-99.58545,35.77992],[-99.58546,35.77994],[-99.58544,35.77993],[-99.58545,35.77992]]],[[[-99.58546,35.77994],[-99.58547,35.77994],[-99.58547,35.77994],[-99.58546,35.77994]]],[[[-99.58547,35.77994],[-99.58552,35.77993],[-99.58547,35.77994],[-99.58547,35.77994]]]]},"bbox":[-99.58957,35.76944,-99.57489,35.77994]},{"type":"Feature","id":45570,"properties":{"y":2019,"n":"Rb105","ag":"USFS","ac":16.0,"c":14,"cl":"Unknown","ad":"2019-07-03","cd":"","st":"NM","se":2},"geometry":{"type":"Polygon","coordinates":[[[-102.92902,36.54805],[-102.93243,36.55159],[-102.9315,36.55146],[-102.92933,36.54975],[-102.92561,36.54589],[-102.92902,36.54805]]]},"bbox":[-102.93243,36.54589,-102.92561,36.55174]},{"type":"Feature","id":45571,"properties":{"y":2019,"n":"Rb2","ag":"USFS","ac":42.0,"c":14,"cl":"Unknown","ad":"2020-03-26","cd":"","st":"NM","se":1},"geometry":{"type":"Polygon","coordinates":[[[-102.99829,36.35484],[-102.99484,36.35503],[-102.9906,36.35399],[-102.98998,36.35256],[-102.99031,36.35072],[-102.99829,36.35484]]]},"bbox":[-102.99829,36.35072,-102.98998,36.35507]},{"type":"Feature","id":45572,"properties":{"y":2016,"n":"505","ag":"USFS","ac":25.8,"c":14,"cl":"Unknown","ad":"2017-01-23","cd":"","st":"NM","se":4},"geometry":{"type":"Polygon","coordinates":[[[-107.13456,34.1103],[-107.14756,34.10903],[-107.14983,34.10916],[-107.14224,34.11016],[-107.13456,34.1103]]]},"bbox":[-107.14983,34.10903,-107.13456,34.11044]},{"type":"Feature","id":45573,"properties":{"y":2018,"n":"Cuarenta","ag":"USFS","ac":52.7,"c":14,"cl":"Unknown","ad":"2019-03-25","cd":"","st":"NM","se":1},"geometry":{"type":"Polygon","coordinates":[[[-107.26382,35.51803],[-107.26519,35.51824],[-107.26561,35.52011],[-107.26298,35.52319],[-107.25943,35.5239],[-107.26062,35.52046],[-107.26382,35.51803]]]},"bbox":[-107.26578,35.51788,-107.25943,35.524]},{"type":"Feature","id":45574,"properties":{"y":1988,"n":"Unknown","ag":"USFS","ac":197.0,"c":14,"cl":"Unknown","ad":"1994-02-01","cd":"","st":"NM","se":4},"geometry":{"type":"Polygon","coordinates":[[[-103.01493,36.50155],[-103.0184,36.50149],[-103.02069,36.50371],[-103.02087,36.50486],[-103.02245,36.50677],[-103.02242,36.50803],[-103.02078,36.50835],[-103.01397,36.51138],[-103.01078,36.51144],[-103.01061,36.50966],[-103.01148,36.50596],[-103.01239,36.50386],[-103.01493,36.50155]]]},"bbox":[-103.02245,36.50124,-103.01061,36.51144]},{"type":"Feature","id":45575,"properties":{"y":1976,"n":"Copperton","ag":"USFS","ac":10.0,"c":14,"cl":"Unknown","ad":"1994-02-01","cd":"","st":"NM","se":4},"geometry":{"type":"Polygon","coordinates":[[[-108.14577,35.13928],[-108.1461,35.13855],[-108.14697,35.13822],[-108.14788,35.13851],[-108.14826,35.13923],[-108.14792,35.13995],[-108.14705,35.14027],[-108.14616,35.14],[-108.14577,35.13928]]]},"bbox":[-108.14826,35.13822,-108.14577,35.14027]},{"type":"Feature","id":45576,"properties":{"y":1990,"n":"Cooper","ag":"USFS","ac":120.0,"c":14,"cl":"Unknown","ad":"1994-02-01","cd":"","st":"NM","se":4},"geometry":{"type":"Polygon","coordinates":[[[-106.40946,35.22592],[-106.40775,35.22392],[-106.40769,35.22328],[-106.40843,35.22008],[-106.40929,35.21898],[-106.41456,35.21932],[-106.41694,35.22002],[-106.4174,35.22123],[-106.41712,35.22208],[-106.4159,35.2225],[-106.41459,35.22385],[-106.41283,35.22447],[-106.41179,35.22666],[-106.40946,35.22592]]]},"bbox":[-106.4174,35.21898,-106.40769,35.22666]},{"type":"Feature","id":45577,"properties":{"y":1981,"n":"Monica","ag":"USFS","ac":87.0,"c":14,"cl":"Unknown","ad":"1994-02-01","cd":"","st":"NM","se":4},"geometry":{"type":"Polygon","coordinates":[[[-107.51371,33.89804],[-107.51762,33.8979],[-107.51973,33.89986],[-107.52023,33.9026],[-107.5193,33.9037],[-107.51759,33.90391],[-107.51648,33.90348],[-107.51339,33.90136],[-107.51259,33.89989],[-107.51291,33.89891],[-107.51371,33.89804]]]},"bbox":[-107.52023,33.89758,-107.51259,33.90391]},{"type":"Feature","id":45578,"properties":{"y":1990,"n":"Ryan","ag":"USFS","ac":30.2,"c":14,"cl":"Unknown","ad":"1994-02-01","cd":"","st":"NM","se":4},"geometry":{"type":"Polygon","coordinates":[[[-107.29387,34.31724],[-107.29216,34.31796],[-107.29034,34.31696],[-107.29,34.31462],[-107.2913,34.31402],[-107.29387,34.31466],[-107.29387,34.31724]]]},"bbox":[-107.29394,34.31402,-107.29,34.31796]},{"type":"Feature","id":45579,"properties":{"y":1970,"n":"Fire #54","ag":"USFS","ac":59.7,"c":14,"cl":"Unknown","ad":"1994-02-01","cd":"","st":"NM","se":4},"geometry":{"type":"Polygon","coordinates":[[[-107.4289,33.47173],[-107.42796,33.47252],[-107.42609,33.47252],[-107.42387,33.46872],[-107.42431,33.46645],[-107.42648,33.46679],[-107.42938,33.46908],[-107.4289,33.47173]]]},"bbox":[-107.42938,33.46645,-107.42387,33.47252]},{"type":"Feature","id":45580,"properties":{"y":1975,"n":"Fire #79","ag":"USFS","ac":16.7,"c":14,"cl":"Unknown","ad":"1994-02-01","cd":"","st":"NM","se":4},"geometry":{"type":"Polygon","coordinates":[[[-107.93588,34.16344],[-107.93416,34.16322],[-107.93472,34.16201],[-107.93689,34.16054],[-107.93827,34.16035],[-107.93745,34.16225],[-107.93588,34.16344]]]},"bbox":[-107.93828,34.16022,-107.93416,34.1635]},{"type":"Feature","id":45581,"properties":{"y":1979,"n":"Fire #83","ag":"USFS","ac":12.3,"c":14,"cl":"Unknown","ad":"1994-02-01","cd":"","st":"NM","se":4},"geometry":{"type":"Polygon","coordinates":[[[-107.17308,33.91842],[-107.17132,33.91776],[-107.17102,33.91707],[-107.17146,33.91618],[-107.17317,33.91631],[-107.17397,33.91702],[-107.17386,33.91814],[-107.17308,33.91842]]]},"bbox":[-107.17412,33.91618,-107.17102,33.91842]},{"type":"Feature","id":45582,"properties":{"y":1980,"n":"G-1  Aka  Wood Fire","ag":"USFS","ac":19.7,"c":14,"cl":"Unknown","ad":"1994-02-01","cd":"","st":"NM","se":4},"geometry":{"type":"Polygon","coordinates":[[[-107.32965,33.68994],[-107.32966,33.6886],[-107.33102,33.68781],[-107.33264,33.68843],[-107.33327,33.68957],[-107.33306,33.6903],[-107.33174,33.69075],[-107.32965,33.68994]]]},"bbox":[-107.33327,33.68781,-107.32965,33.69075]},{"type":"Feature","id":45583,"properties":{"y":1980,"n":"G-2 Aka  Luna Fire","ag":"USFS","ac":24.5,"c":14,"cl":"Unknown","ad":"1994-02-01","cd":"","st":"NM","se":4},"geometry":{"type":"Polygon","coordinates":[[[-107.41651,33.49637],[-107.41567,33.49424],[-107.41671,33.49368],[-107.41888,33.49433],[-107.41963,33.49501],[-107.41984,33.496],[-107.41854,33.49702],[-107.41651,33.49637]]]},"bbox":[-107.41984,33.49368,-107.41567,33.49702]},{"type":"Feature","id":45584,"properties":{"y":1980,"n":"G-3","ag":"USFS","ac":19.7,"c":14,"cl":"Unknown","ad":"1994-02-01","cd":"","st":"NM","se":4},"geometry":{"type":"Polygon","coordinates":[[[-107.34131,33.60196],[-107.34031,33.60079],[-107.33996,33.59945],[-107.34053,33.5986],[-107.34224,33.59895],[-107.34331,33.59973],[-107.34262,33.6014],[-107.34131,33.60196]]]},"bbox":[-107.34331,33.5986,-107.33996,33.60199]},{"type":"Feature","id":45585,"properties":{"y":1980,"n":"G-6","ag":"USFS","ac":51.1,"c":14,"cl":"Unknown","ad":"1994-02-01","cd":"","st":"NM","se":4},"geometry":{"type":"Polygon","coordinates":[[[-107.08601,33.99017],[-107.08432,33.99081],[-107.08298,33.99053],[-107.08231,33.98977],[-107.0821,33.98858],[-107.08282,33.98612],[-107.08419,33.98567],[-107.08647,33.98628],[-107.08712,33.98842],[-107.08601,33.99017]]]},"bbox":[-107.08714,33.98567,-107.0821,33.99081]},{"type":"Feature","id":45588,"properties":{"y":2017,"n":"Gallo Peak","ag":"USFS","ac":197.4,"c":14,"cl":"Unknown","ad":"2017-09-27","cd":"","st":"NM","se":3},"geometry":{"type":"Polygon","coordinates":[[[-106.46026,34.62794],[-106.45929,34.62689],[-106.45673,34.62777],[-106.45446,34.62928],[-106.45238,34.62956],[-106.45121,34.62921],[-106.45028,34.62748],[-106.45216,34.62158],[-106.4535,34.62041],[-106.45557,34.61995],[-106.45793,34.62018],[-106.46041,34.62138],[-106.46126,34.62269],[-106.46154,34.6243],[-106.46026,34.62794]]]},"bbox":[-106.46154,34.61995,-106.45027,34.62956]},{"type":"Feature","id":45589,"properties":{"y":2018,"n":"La Mosca Tank","ag":"USFS","ac":11.1,"c":14,"cl":"Unknown","ad":"2019-03-25","cd":"","st":"NM","se":1},"geometry":{"type":"Polygon","coordinates":[[[-107.6297,35.27504],[-107.63165,35.27558],[-107.63198,35.27626],[-107.63018,35.27772],[-107.62909,35.27564],[-107.6297,35.27504]]]},"bbox":[-107.63198,35.27504,-107.62909,35.27772]},{"type":"Feature","id":45590,"properties":{"y":1993,"n":"Coffee Pot","ag":"USFS","ac":30.6,"c":14,"cl":"Unknown","ad":"1994-02-01","cd":"","st":"NM","se":4},"geometry":{"type":"Polygon","coordinates":[[[-107.24319,33.91946],[-107.24151,33.91672],[-107.2417,33.91592],[-107.24233,33.91564],[-107.24437,33.91584],[-107.246,33.91674],[-107.24492,33.91899],[-107.24424,33.91946],[-107.24319,33.91946]]]},"bbox":[-107.246,33.91564,-107.24151,33.91946]},{"type":"Feature","id":45591,"properties":{"y":2019,"n":"Seneca Valley","ag":"USFS","ac":132.0,"c":14,"cl":"Unknown","ad":"2019-08-14","cd":"","st":"NM","se":2},"geometry":{"type":"Polygon","coordinates":[[[-103.01984,36.58222],[-103.01825,36.5836],[-103.01736,36.58365],[-103.01796,36.58207],[-103.02006,36.57951],[-103.0232,36.57708],[-103.02539,36.57738],[-103.02715,36.57829],[-103.02818,36.57739],[-103.02982,36.57779],[-103.02847,36.57945],[-103.02836,36.58176],[-103.02666,36.58352],[-103.02444,36.58417],[-103.02279,36.58411],[-103.02108,36.58345],[-103.01984,36.58222]]]},"bbox":[-103.02982,36.57705,-103.01736,36.58421]},{"type":"Feature","id":45592,"properties":{"y":2016,"n":"Puertecito","ag":"USFS","ac":105.7,"c":14,"cl":"Unknown","ad":"2016-07-13","cd":"","st":"NM","se":2},"geometry":{"type":"Polygon","coordinates":[[[-107.19992,33.90875],[-107.20229,33.90702],[-107.20233,33.90595],[-107.20317,33.90491],[-107.20577,33.90436],[-107.20713,33.90504],[-107.20779,33.90757],[-107.21001,33.90942],[-107.20746,33.91207],[-107.20499,33.91001],[-107.20398,33.91029],[-107.20202,33.90953],[-107.20051,33.9102],[-107.19987,33.9095],[-107.19992,33.90875]]]},"bbox":[-107.21001,33.90432,-107.19981,33.91207]},{"type":"Feature","id":45593,"properties":{"y":1985,"n":"Crosby","ag":"USFS","ac":44.9,"c":14,"cl":"Unknown","ad":"1994-02-01","cd":"","st":"NM","se":4},"geometry":{"type":"Polygon","coordinates":[[[-107.95208,34.12035],[-107.95121,34.1189],[-107.95141,34.11802],[-107.95254,34.11792],[-107.95512,34.1185],[-107.95788,34.12059],[-107.95698,34.12225],[-107.95603,34.12231],[-107.95208,34.12035]]]},"bbox":[-107.95788,34.11792,-107.95121,34.12231]},{"type":"Feature","id":45594,"properties":{"y":1993,"n":"Crosby","ag":"USFS","ac":106.3,"c":14,"cl":"Unknown","ad":"1994-02-01","cd":"","st":"NM","se":4},"geometry":{"type":"Polygon","coordinates":[[[-107.95142,34.13421],[-107.95252,34.13288],[-107.95354,34.13274],[-107.95774,34.13276],[-107.95926,34.13442],[-107.95977,34.13572],[-107.95962,34.13713],[-107.95636,34.13898],[-107.9536,34.13866],[-107.95125,34.13538],[-107.95142,34.13421]]]},"bbox":[-107.95983,34.13252,-107.95125,34.13903]},{"type":"Feature","id":45595,"properties":{"y":1977,"n":"Deep Fire","ag":"USFS","ac":44.8,"c":14,"cl":"Unknown","ad":"1994-02-01","cd":"","st":"NM","se":4},"geometry":{"type":"Polygon","coordinates":[[[-107.38652,33.69329],[-107.38369,33.69392],[-107.38436,33.6898],[-107.38615,33.68842],[-107.3874,33.68855],[-107.3882,33.6895],[-107.38815,33.69077],[-107.38652,33.69329]]]},"bbox":[-107.3882,33.68842,-107.38367,33.69399]},{"type":"Feature","id":45596,"properties":{"y":1986,"n":"E-1","ag":"USFS","ac":37.9,"c":14,"cl":"Unknown","ad":"1994-02-01","cd":"","st":"NM","se":4},"geometry":{"type":"Polygon","coordinates":[[[-107.45883,33.88479],[-107.45865,33.88335],[-107.45946,33.88281],[-107.46219,33.88313],[-107.464,33.88427],[-107.46396,33.88594],[-107.46252,33.88646],[-107.46027,33.88583],[-107.45883,33.88479]]]},"bbox":[-107.46416,33.88274,-107.45861,33.88646]},{"type":"Feature","id":45597,"properties":{"y":1986,"n":"E-2","ag":"USFS","ac":10.0,"c":14,"cl":"Unknown","ad":"1994-02-01","cd":"","st":"NM","se":4},"geometry":{"type":"Polygon","coordinates":[[[-107.28013,34.32691],[-107.27997,34.32608],[-107.28082,34.32538],[-107.28214,34.32543],[-107.28271,34.32591],[-107.2821,34.32706],[-107.28013,34.32691]]]},"bbox":[-107.28272,34.32538,-107.27997,34.32723]},{"type":"Feature","id":45598,"properties":{"y":1984,"n":"F-1","ag":"USFS","ac":23.1,"c":14,"cl":"Unknown","ad":"1994-02-01","cd":"","st":"NM","se":4},"geometry":{"type":"Polygon","coordinates":[[[-107.4839,33.94755],[-107.48291,33.94659],[-107.4852,33.94506],[-107.48682,33.94646],[-107.4874,33.94759],[-107.4864,33.94847],[-107.4839,33.94755]]]},"bbox":[-107.4874,33.94506,-107.48291,33.94847]},{"type":"Feature","id":45600,"properties":{"y":2019,"n":"Chavez Canyon","ag":"USFS","ac":122.0,"c":14,"cl":"Unknown","ad":"2019-08-05","cd":"","st":"NM","se":2},"geometry":{"type":"Polygon","coordinates":[[[-107.36969,33.88226],[-107.36845,33.88017],[-107.36828,33.87654],[-107.36732,33.87394],[-107.36792,33.87134],[-107.3699,33.87089],[-107.37206,33.87172],[-107.3728,33.87422],[-107.37262,33.87622],[-107.3734,33.87829],[-107.37251,33.87966],[-107.37251,33.88149],[-107.36969,33.88226]]]},"bbox":[-107.3734,33.87089,-107.36732,33.88226]},{"type":"Feature","id":45601,"properties":{"y":1993,"n":"Box  Draw","ag":"USFS","ac":10.4,"c":14,"cl":"Unknown","ad":"1994-02-01","cd":"","st":"NM","se":4},"geometry":{"type":"Polygon","coordinates":[[[-107.49571,33.74545],[-107.49464,33.74441],[-107.49637,33.74316],[-107.4973,33.74371],[-107.49732,33.74454],[-107.49571,33.74545]]]},"bbox":[-107.49732,33.74316,-107.49464,33.74545]},{"type":"Feature","id":45602,"properties":{"y":1988,"n":"C-1","ag":"USFS","ac":64.3,"c":14,"cl":"Unknown","ad":"1994-02-01","cd":"","st":"NM","se":4},"geometry":{"type":"Polygon","coordinates":[[[-107.58633,33.58943],[-107.58658,33.58999],[-107.5861,33.59076],[-107.58362,33.59116],[-107.58131,33.5928],[-107.57852,33.59342],[-107.57697,33.59315],[-107.57609,33.59249],[-107.57654,33.5907],[-107.57833,33.59005],[-107.58633,33.58943]]]},"bbox":[-107.58658,33.58922,-107.57609,33.59342]},{"type":"Feature","id":45603,"properties":{"y":1988,"n":"C-3","ag":"USFS","ac":25.4,"c":14,"cl":"Unknown","ad":"1994-02-01","cd":"","st":"NM","se":4},"geometry":{"type":"Polygon","coordinates":[[[-107.32147,33.58193],[-107.32319,33.58364],[-107.32277,33.58467],[-107.3202,33.58514],[-107.3195,33.58447],[-107.31944,33.58242],[-107.32147,33.58193]]]},"bbox":[-107.32319,33.58193,-107.31931,33.58519]},{"type":"Feature","id":45604,"properties":{"y":1976,"n":"Fire # 12","ag":"USFS","ac":45.7,"c":14,"cl":"Unknown","ad":"1994-02-01","cd":"","st":"NM","se":4},"geometry":{"type":"Polygon","coordinates":[[[-107.51922,33.90046],[-107.52203,33.90078],[-107.52117,33.90272],[-107.51924,33.90445],[-107.51742,33.90506],[-107.51556,33.90441],[-107.51526,33.90361],[-107.51584,33.90302],[-107.51922,33.90046]]]},"bbox":[-107.52203,33.90038,-107.51526,33.90506]},{"type":"Feature","id":45605,"properties":{"y":1973,"n":"Fire # 4","ag":"USFS","ac":10.0,"c":14,"cl":"Unknown","ad":"1994-02-01","cd":"","st":"NM","se":4},"geometry":{"type":"Polygon","coordinates":[[[-107.3251,33.58641],[-107.3231,33.58733],[-107.3226,33.58561],[-107.32382,33.58501],[-107.3251,33.58641]]]},"bbox":[-107.3251,33.58501,-107.3226,33.58733]},{"type":"Feature","id":45606,"properties":{"y":1971,"n":"Fire #101","ag":"USFS","ac":12.0,"c":14,"cl":"Unknown","ad":"1994-02-01","cd":"","st":"NM","se":4},"geometry":{"type":"Polygon","coordinates":[[[-107.57089,33.87467],[-107.57003,33.87358],[-107.57162,33.87278],[-107.57296,33.87298],[-107.57391,33.87396],[-107.57089,33.87467]]]},"bbox":[-107.57391,33.87278,-107.57003,33.87467]},{"type":"Feature","id":45607,"properties":{"y":1971,"n":"Fire #159","ag":"USFS","ac":15.3,"c":14,"cl":"Unknown","ad":"1994-02-01","cd":"","st":"NM","se":4},"geometry":{"type":"Polygon","coordinates":[[[-107.24077,33.94689],[-107.2405,33.9454],[-107.24102,33.94439],[-107.24188,33.94376],[-107.24324,33.94454],[-107.24251,33.94674],[-107.24077,33.94689]]]},"bbox":[-107.24324,33.94376,-107.2405,33.94707]},{"type":"Feature","id":45608,"properties":{"y":1976,"n":"Fire #16 Aka Red Fire","ag":"USFS","ac":16.0,"c":14,"cl":"Unknown","ad":"1994-02-01","cd":"","st":"NM","se":4},"geometry":{"type":"Polygon","coordinates":[[[-107.27684,33.70849],[-107.27682,33.70945],[-107.27438,33.71099],[-107.27337,33.71089],[-107.27463,33.70833],[-107.27623,33.70788],[-107.27684,33.70849]]]},"bbox":[-107.27684,33.70788,-107.27337,33.71099]},{"type":"Feature","id":45609,"properties":{"y":1970,"n":"Fire #19","ag":"USFS","ac":16.4,"c":14,"cl":"Unknown","ad":"1994-02-01","cd":"","st":"NM","se":4},"geometry":{"type":"Polygon","coordinates":[[[-107.58022,33.60087],[-107.58227,33.60103],[-107.58249,33.60198],[-107.58037,33.60337],[-107.57908,33.60297],[-107.57922,33.60163],[-107.58022,33.60087]]]},"bbox":[-107.58251,33.60082,-107.57908,33.60337]},{"type":"Feature","id":45610,"properties":{"y":1973,"n":"Fire #28","ag":"USFS","ac":15.9,"c":14,"cl":"Unknown","ad":"1994-02-01","cd":"","st":"NM","se":4},"geometry":{"type":"Polygon","coordinates":[[[-107.12007,33.96147],[-107.11923,33.96118],[-107.11879,33.95988],[-107.12056,33.95901],[-107.12177,33.95929],[-107.1222,33.96005],[-107.12181,33.96094],[-107.12007,33.96147]]]},"bbox":[-107.1222,33.95901,-107.11879,33.96149]},{"type":"Feature","id":45611,"properties":{"y":1971,"n":"Fire #4","ag":"USFS","ac":57.4,"c":14,"cl":"Unknown","ad":"1994-02-01","cd":"","st":"NM","se":4},"geometry":{"type":"Polygon","coordinates":[[[-107.25868,33.94385],[-107.26035,33.94105],[-107.26236,33.94036],[-107.2644,33.94102],[-107.26423,33.94298],[-107.25963,33.94675],[-107.25797,33.94662],[-107.25868,33.94385]]]},"bbox":[-107.2644,33.94036,-107.25797,33.94675]},{"type":"Feature","id":45612,"properties":{"y":1970,"n":"Fire #45","ag":"USFS","ac":19.2,"c":14,"cl":"Unknown","ad":"1994-02-01","cd":"","st":"NM","se":4},"geometry":{"type":"Polygon","coordinates":[[[-107.44443,33.49996],[-107.44305,33.49968],[-107.44253,33.49892],[-107.44385,33.49698],[-107.44609,33.49709],[-107.44587,33.49882],[-107.44443,33.49996]]]},"bbox":[-107.44609,33.49698,-107.44253,33.49996]},{"type":"Feature","id":45613,"properties":{"y":1970,"n":"Fire #49","ag":"USFS","ac":12.7,"c":14,"cl":"Unknown","ad":"1994-02-01","cd":"","st":"NM","se":4},"geometry":{"type":"Polygon","coordinates":[[[-107.20708,34.04789],[-107.20493,34.04674],[-107.205,34.04594],[-107.20624,34.04572],[-107.20778,34.04635],[-107.20822,34.04734],[-107.20708,34.04789]]]},"bbox":[-107.20822,34.04572,-107.20493,34.04794]},{"type":"Feature","id":45614,"properties":{"y":2018,"n":"Mariposa","ag":"USFS","ac":956.9,"c":14,"cl":"Unknown","ad":"2019-03-25","cd":"","st":"NM","se":1},"geometry":{"type":"MultiPolygon","coordinates":[[[[-107.32346,35.47566],[-107.3212,35.47944],[-107.31973,35.48025],[-107.31757,35.47919],[-107.31207,35.47986],[-107.30699,35.47833],[-107.30654,35.47764],[-107.30654,35.4744],[-107.30067,35.46715],[-107.30136,35.46455],[-107.30109,35.4637],[-107.29957,35.46271],[-107.29354,35.46231],[-107.29304,35.46144],[-107.29329,35.46065],[-107.29517,35.45911],[-107.29715,35.45961],[-107.29798,35.45891],[-107.29808,35.4586],[-107.29668,35.45784],[-107.29675,35.45702],[-107.29848,35.4566],[-107.30071,35.45675],[-107.2996,35.45561],[-107.30128,35.45516],[-107.3019,35.45567],[-107.30256,35.45535],[-107.30342,35.45351],[-107.30559,35.45286],[-107.30433,35.45489],[-107.30599,35.45622],[-107.30574,35.45693],[-107.30847,35.4563],[-107.3097,35.45644],[-107.31007,35.45713],[-107.30909,35.46065],[-107.30772,35.46266],[-107.30798,35.46343],[-107.30987,35.46469],[-107.31241,35.46513],[-107.31578,35.46402],[-107.31803,35.46256],[-107.32066,35.46203],[-107.32224,35.46247],[-107.32224,35.46331],[-107.32021,35.46531],[-107.32079,35.4687],[-107.3204,35.47031],[-107.3208,35.47114],[-107.32416,35.47336],[-107.32346,35.47566]]],[[[-107.30106,35.45431],[-107.30185,35.45425],[-107.30252,35.45476],[-107.30117,35.45513],[-107.30106,35.45431]]]]},"bbox":[-107.32423,35.45276,-107.29304,35.48025]},{"type":"Feature","id":45617,"properties":{"y":1989,"n":"Coyote","ag":"USFS","ac":294.0,"c":14,"cl":"Unknown","ad":"1994-02-01","cd":"","st":"NM","se":4},"geometry":{"type":"Polygon","coordinates":[[[-106.39847,35.03081],[-106.39776,35.03002],[-106.3973,35.03021],[-106.39537,35.03238],[-106.39505,35.03385],[-106.39294,35.03592],[-106.39015,35.0369],[-106.38915,35.03689],[-106.39077,35.03487],[-106.38961,35.03268],[-106.38641,35.0333],[-106.38537,35.03268],[-106.38413,35.03292],[-106.38265,35.03201],[-106.38003,35.03217],[-106.37794,35.0335],[-106.37753,35.03328],[-106.37816,35.03135],[-106.37896,35.03075],[-106.38309,35.02998],[-106.38522,35.03091],[-106.38819,35.03118],[-106.38891,35.02989],[-106.39296,35.02938],[-106.39509,35.02862],[-106.39718,35.02693],[-106.40027,35.02535],[-106.40174,35.02544],[-106.40219,35.02646],[-106.40464,35.02566],[-106.40744,35.02701],[-106.40677,35.02981],[-106.40468,35.02999],[-106.40663,35.03069],[-106.40615,35.03182],[-106.40307,35.03232],[-106.40135,35.03167],[-106.40045,35.03025],[-106.4022,35.02835],[-106.40089,35.02875],[-106.39955,35.03044],[-106.39847,35.03081]]]},"bbox":[-106.40745,35.02524,-106.37753,35.03696]},{"type":"Feature","id":45618,"properties":{"y":1978,"n":"Break","ag":"USFS","ac":462.2,"c":14,"cl":"Unknown","ad":"1994-02-01","cd":"","st":"NM","se":4},"geometry":{"type":"Polygon","coordinates":[[[-106.37979,34.60575],[-106.37661,34.60643],[-106.37252,34.6055],[-106.37245,34.60426],[-106.37326,34.60349],[-106.37235,34.60111],[-106.3728,34.60034],[-106.37806,34.59781],[-106.38115,34.59752],[-106.38512,34.59803],[-106.39092,34.59954],[-106.39668,34.6019],[-106.39941,34.60519],[-106.39922,34.60583],[-106.39824,34.60614],[-106.39385,34.60555],[-106.38979,34.6062],[-106.38662,34.60755],[-106.38487,34.60749],[-106.38336,34.60665],[-106.37979,34.60575]]]},"bbox":[-106.39941,34.59752,-106.37225,34.60755]},{"type":"Feature","id":45620,"properties":{"y":1989,"n":"Inlow #2","ag":"USFS","ac":19.9,"c":14,"cl":"Unknown","ad":"1994-02-01","cd":"","st":"NM","se":4},"geometry":{"type":"Polygon","coordinates":[[[-106.38715,34.78007],[-106.38449,34.78069],[-106.38339,34.77981],[-106.38354,34.77889],[-106.3858,34.7781],[-106.38672,34.77829],[-106.3875,34.77911],[-106.38715,34.78007]]]},"bbox":[-106.3875,34.7781,-106.38339,34.78069]},{"type":"Feature","id":45621,"properties":{"y":1987,"n":"Knight","ag":"USFS","ac":100.5,"c":14,"cl":"Unknown","ad":"1994-02-01","cd":"","st":"NM","se":4},"geometry":{"type":"Polygon","coordinates":[[[-106.35384,34.79414],[-106.35968,34.79407],[-106.36122,34.79484],[-106.36153,34.79569],[-106.35921,34.79877],[-106.35505,34.79904],[-106.3522,34.79792],[-106.35145,34.79662],[-106.35204,34.79531],[-106.35384,34.79414]]]},"bbox":[-106.36153,34.79392,-106.35145,34.79915]},{"type":"Feature","id":45622,"properties":{"y":1990,"n":"Negro","ag":"USFS","ac":80.2,"c":14,"cl":"Unknown","ad":"1994-02-01","cd":"","st":"NM","se":4},"geometry":{"type":"Polygon","coordinates":[[[-106.34824,34.81374],[-106.35348,34.81301],[-106.35419,34.81157],[-106.35388,34.80942],[-106.35424,34.80862],[-106.35469,34.80876],[-106.3578,34.81638],[-106.35685,34.81629],[-106.35589,34.81512],[-106.35495,34.81508],[-106.3549,34.81598],[-106.35575,34.81743],[-106.35484,34.81769],[-106.34824,34.81374]]]},"bbox":[-106.3578,34.80862,-106.34824,34.81776]},{"type":"Feature","id":45623,"properties":{"y":1989,"n":"Pino","ag":"USFS","ac":38.8,"c":14,"cl":"Unknown","ad":"1994-02-01","cd":"","st":"NM","se":4},"geometry":{"type":"MultiPolygon","coordinates":[[[[-105.76574,34.20098],[-105.76736,34.20126],[-105.76803,34.20216],[-105.76784,34.20309],[-105.76611,34.20345],[-105.76448,34.20272],[-105.76409,34.20225],[-105.76466,34.20131],[-105.76574,34.20098]]],[[[-105.77943,34.203],[-105.78072,34.20275],[-105.78191,34.20347],[-105.78215,34.20501],[-105.78098,34.20555],[-105.77884,34.20546],[-105.77871,34.20395],[-105.77943,34.203]]]]},"bbox":[-105.78215,34.20098,-105.76409,34.20555]},{"type":"Feature","id":45624,"properties":{"y":1976,"n":"Priest","ag":"USFS","ac":50.8,"c":14,"cl":"Unknown","ad":"1994-02-01","cd":"","st":"NM","se":4},"geometry":{"type":"Polygon","coordinates":[[[-106.43544,34.58799],[-106.43399,34.58728],[-106.43469,34.58591],[-106.43576,34.58551],[-106.44128,34.5857],[-106.44247,34.58628],[-106.44306,34.58734],[-106.44148,34.58834],[-106.43544,34.58799]]]},"bbox":[-106.44306,34.58551,-106.43399,34.5884]},{"type":"Feature","id":45625,"properties":{"y":2005,"n":"Whitewater","ag":"USFS","ac":11.8,"c":14,"cl":"Unknown","ad":"2006-02-01","cd":"","st":"NM","se":4},"geometry":{"type":"Polygon","coordinates":[[[-107.50385,33.79434],[-107.50488,33.79417],[-107.50591,33.79522],[-107.50365,33.79687],[-107.5032,33.79653],[-107.50316,33.79542],[-107.50385,33.79434]]]},"bbox":[-107.50591,33.79416,-107.50316,33.79687]},{"type":"Feature","id":45626,"properties":{"y":2005,"n":"Texas","ag":"USFS","ac":31.6,"c":14,"cl":"Unknown","ad":"2006-02-01","cd":"","st":"NM","se":4},"geometry":{"type":"Polygon","coordinates":[[[-99.99737,35.66324],[-99.99723,35.66021],[-99.99983,35.65735],[-100.00023,35.65865],[-99.99935,35.66326],[-99.99737,35.66324]]]},"bbox":[-100.00026,35.65735,-99.99714,35.66339]},{"type":"Feature","id":45627,"properties":{"y":1988,"n":"Tajique","ag":"USFS","ac":941.4,"c":14,"cl":"Unknown","ad":"1994-02-01","cd":"","st":"NM","se":4},"geometry":{"type":"Polygon","coordinates":[[[-106.32887,34.80807],[-106.32738,34.80617],[-106.3297,34.80325],[-106.32982,34.80214],[-106.3291,34.7961],[-106.32803,34.79457],[-106.32371,34.79336],[-106.32319,34.79124],[-106.3238,34.79055],[-106.32371,34.78918],[-106.32849,34.78889],[-106.3335,34.78961],[-106.3366,34.78809],[-106.33888,34.78761],[-106.34041,34.78788],[-106.34196,34.78926],[-106.34406,34.78998],[-106.35806,34.79335],[-106.36114,34.79472],[-106.36157,34.79563],[-106.36102,34.79604],[-106.35394,34.796],[-106.35045,34.79913],[-106.347,34.80026],[-106.34042,34.80122],[-106.33884,34.80221],[-106.33882,34.80499],[-106.33835,34.80602],[-106.33615,34.80748],[-106.33254,34.80763],[-106.33137,34.80827],[-106.32887,34.80807]]]},"bbox":[-106.36157,34.78761,-106.32319,34.80827]},{"type":"Feature","id":45628,"properties":{"y":2007,"n":"Rb3","ag":"USFS","ac":511.8,"c":14,"cl":"Unknown","ad":"2008-02-01","cd":"","st":"NM","se":4},"geometry":{"type":"Polygon","coordinates":[[[-102.93435,36.34273],[-102.93623,36.34296],[-102.94089,36.35513],[-102.94025,36.35563],[-102.94129,36.35589],[-102.94177,36.35688],[-102.94785,36.36031],[-102.94981,36.36231],[-102.95176,36.36292],[-102.95283,36.36389],[-102.95297,36.36477],[-102.95117,36.36683],[-102.95028,36.36672],[-102.94853,36.36544],[-102.93768,36.36233],[-102.93228,36.35895],[-102.92992,36.35291],[-102.92974,36.3505],[-102.93081,36.34789],[-102.92991,36.34728],[-102.93051,36.34651],[-102.93253,36.34619],[-102.93318,36.34563],[-102.93427,36.34395],[-102.93435,36.34273]]]},"bbox":[-102.95297,36.34273,-102.92974,36.36683]},{"type":"Feature","id":45629,"properties":{"y":1983,"n":"Camp Two","ag":"USFS","ac":10.2,"c":14,"cl":"Unknown","ad":"1994-02-01","cd":"","st":"NM","se":4},"geometry":{"type":"Polygon","coordinates":[[[-108.35698,35.22725],[-108.35731,35.22651],[-108.35819,35.22618],[-108.3591,35.22647],[-108.35949,35.2272],[-108.35913,35.22793],[-108.35825,35.22824],[-108.35737,35.22797],[-108.35698,35.22725]]]},"bbox":[-108.35949,35.22618,-108.35697,35.22824]},{"type":"Feature","id":45630,"properties":{"y":1989,"n":"B-2","ag":"USFS","ac":30.8,"c":14,"cl":"Unknown","ad":"1994-02-01","cd":"","st":"NM","se":4},"geometry":{"type":"Polygon","coordinates":[[[-107.31648,33.74563],[-107.31582,33.74474],[-107.31585,33.74276],[-107.31819,33.74169],[-107.31929,33.74209],[-107.31962,33.74277],[-107.31931,33.74452],[-107.31789,33.7458],[-107.31648,33.74563]]]},"bbox":[-107.31962,33.74169,-107.31582,33.7458]},{"type":"Feature","id":45631,"properties":{"y":1989,"n":"B-3  Aka Cable Fire","ag":"USFS","ac":59.6,"c":14,"cl":"Unknown","ad":"1994-02-01","cd":"","st":"NM","se":4},"geometry":{"type":"Polygon","coordinates":[[[-107.15621,33.96075],[-107.15358,33.95935],[-107.15334,33.9586],[-107.15377,33.95787],[-107.15721,33.95686],[-107.15678,33.95611],[-107.1572,33.95477],[-107.15835,33.9535],[-107.16052,33.95278],[-107.16182,33.95382],[-107.16081,33.95539],[-107.15887,33.95611],[-107.15733,33.95826],[-107.15785,33.95897],[-107.1572,33.96012],[-107.15621,33.96075]]]},"bbox":[-107.16182,33.95278,-107.15334,33.96075]},{"type":"Feature","id":45632,"properties":{"y":1989,"n":"B-4","ag":"USFS","ac":157.3,"c":14,"cl":"Unknown","ad":"1994-02-01","cd":"","st":"NM","se":4},"geometry":{"type":"Polygon","coordinates":[[[-107.46819,33.49686],[-107.47147,33.49914],[-107.47227,33.50004],[-107.47216,33.50091],[-107.46926,33.50241],[-107.46627,33.5074],[-107.4657,33.50783],[-107.46348,33.50772],[-107.46277,33.50671],[-107.46307,33.50144],[-107.46457,33.49856],[-107.4667,33.49674],[-107.46819,33.49686]]]},"bbox":[-107.47227,33.49674,-107.46274,33.50793]},{"type":"Feature","id":45633,"properties":{"y":1989,"n":"B-5","ag":"USFS","ac":31.0,"c":14,"cl":"Unknown","ad":"1994-02-01","cd":"","st":"NM","se":4},"geometry":{"type":"Polygon","coordinates":[[[-107.58122,33.59882],[-107.58347,33.59843],[-107.58467,33.59913],[-107.5846,33.59981],[-107.58276,33.60197],[-107.58118,33.60212],[-107.58045,33.60179],[-107.58018,33.6004],[-107.58122,33.59882]]]},"bbox":[-107.58467,33.59843,-107.58018,33.60212]},{"type":"Feature","id":45634,"properties":{"y":1981,"n":"Basin","ag":"USFS","ac":10.9,"c":14,"cl":"Unknown","ad":"1994-02-01","cd":"","st":"NM","se":4},"geometry":{"type":"Polygon","coordinates":[[[-107.35865,33.67411],[-107.35697,33.67294],[-107.35757,33.6723],[-107.36004,33.67225],[-107.35986,33.67346],[-107.35865,33.67411]]]},"bbox":[-107.36004,33.67216,-107.35697,33.67411]},{"type":"Feature","id":45635,"properties":{"y":1989,"n":"B-1","ag":"USFS","ac":59.8,"c":14,"cl":"Unknown","ad":"1994-02-01","cd":"","st":"NM","se":4},"geometry":{"type":"Polygon","coordinates":[[[-107.39274,33.9236],[-107.39389,33.92585],[-107.39294,33.92747],[-107.3914,33.92768],[-107.38897,33.92728],[-107.38818,33.92665],[-107.3875,33.92503],[-107.38757,33.92431],[-107.38859,33.9233],[-107.39145,33.92298],[-107.39274,33.9236]]]},"bbox":[-107.39389,33.92298,-107.3875,33.92768]},{"type":"Feature","id":45636,"properties":{"y":2004,"n":"Davenport","ag":"USFS","ac":163.5,"c":14,"cl":"Unknown","ad":"2005-02-01","cd":"","st":"NM","se":4},"geometry":{"type":"Polygon","coordinates":[[[-107.91747,34.2794],[-107.91468,34.27838],[-107.91413,34.27633],[-107.91233,34.27619],[-107.91178,34.27573],[-107.91165,34.27494],[-107.91237,34.27448],[-107.9125,34.27377],[-107.91397,34.27326],[-107.91476,34.27216],[-107.91593,34.27319],[-107.9172,34.27274],[-107.91798,34.27045],[-107.91865,34.27031],[-107.9197,34.27091],[-107.92135,34.27103],[-107.92342,34.27223],[-107.92337,34.2728],[-107.92257,34.27289],[-107.92307,34.27387],[-107.92318,34.27547],[-107.92275,34.27608],[-107.92312,34.27672],[-107.92126,34.27797],[-107.92141,34.27883],[-107.92029,34.27767],[-107.91928,34.27759],[-107.91867,34.27803],[-107.91865,34.27893],[-107.91747,34.2794]]]},"bbox":[-107.92354,34.27031,-107.91165,34.2794]},{"type":"Feature","id":45637,"properties":{"y":2004,"n":"Adams","ag":"USFS","ac":10.6,"c":14,"cl":"Unknown","ad":"2005-02-01","cd":"","st":"NM","se":4},"geometry":{"type":"Polygon","coordinates":[[[-99.89381,35.79473],[-99.89179,35.79472],[-99.89181,35.79299],[-99.89245,35.79266],[-99.89374,35.79308],[-99.89448,35.79404],[-99.89381,35.79473]]]},"bbox":[-99.89448,35.79266,-99.89179,35.79473]},{"type":"Feature","id":45638,"properties":{"y":2004,"n":"George","ag":"USFS","ac":237.2,"c":14,"cl":"Unknown","ad":"2005-02-01","cd":"","st":"NM","se":4},"geometry":{"type":"Polygon","coordinates":[[[-99.78158,35.78656],[-99.78056,35.78472],[-99.78033,35.78284],[-99.78083,35.78064],[-99.7841,35.77913],[-99.78756,35.77871],[-99.79073,35.78014],[-99.79216,35.78242],[-99.79236,35.78487],[-99.79142,35.78713],[-99.78814,35.78871],[-99.78487,35.78893],[-99.78158,35.78656]]]},"bbox":[-99.79236,35.77871,-99.78033,35.78893]},{"type":"Feature","id":45639,"properties":{"y":2004,"n":"Harrision","ag":"USFS","ac":349.6,"c":14,"cl":"Unknown","ad":"2005-02-01","cd":"","st":"NM","se":4},"geometry":{"type":"Polygon","coordinates":[[[-99.83101,35.7227],[-99.82637,35.72382],[-99.82058,35.72204],[-99.81846,35.71734],[-99.82089,35.71307],[-99.82581,35.71174],[-99.83138,35.71286],[-99.8336,35.71602],[-99.83386,35.7202],[-99.83101,35.7227]]]},"bbox":[-99.83386,35.71174,-99.81846,35.72382]},{"type":"Feature","id":45640,"properties":{"y":2004,"n":"Unit 26","ag":"USFS","ac":99.7,"c":14,"cl":"Unknown","ad":"2005-02-01","cd":"","st":"NM","se":4},"geometry":{"type":"Polygon","coordinates":[[[-99.95927,35.73931],[-99.95634,35.73953],[-99.95326,35.73889],[-99.95239,35.73614],[-99.95443,35.73351],[-99.95713,35.73362],[-99.96019,35.7346],[-99.96109,35.73684],[-99.95927,35.73931]]]},"bbox":[-99.96109,35.73351,-99.95239,35.73953]},{"type":"Feature","id":45641,"properties":{"y":2003,"n":"Rincon","ag":"USFS","ac":17.2,"c":14,"cl":"Unknown","ad":"2004-02-01","cd":"","st":"NM","se":4},"geometry":{"type":"Polygon","coordinates":[[[-107.77748,34.26188],[-107.77962,34.26137],[-107.78062,34.26227],[-107.78039,34.26319],[-107.7787,34.26422],[-107.77728,34.26267],[-107.77748,34.26188]]]},"bbox":[-107.78062,34.26131,-107.77727,34.26422]},{"type":"Feature","id":45642,"properties":{"y":2003,"n":"Tool","ag":"USFS","ac":25.6,"c":14,"cl":"Unknown","ad":"2004-02-01","cd":"","st":"NM","se":4},"geometry":{"type":"Polygon","coordinates":[[[-107.47308,33.78704],[-107.4721,33.78538],[-107.47203,33.78235],[-107.47271,33.78104],[-107.47345,33.78166],[-107.47426,33.78358],[-107.47388,33.78683],[-107.47308,33.78704]]]},"bbox":[-107.47426,33.78104,-107.47203,33.78706]},{"type":"Feature","id":45643,"properties":{"y":2003,"n":"Mcclellan","ag":"USFS","ac":99.7,"c":14,"cl":"Unknown","ad":"2004-02-01","cd":"","st":"NM","se":4},"geometry":{"type":"Polygon","coordinates":[[[-100.88058,35.2181],[-100.88378,35.21613],[-100.88637,35.21649],[-100.88772,35.21727],[-100.88857,35.21971],[-100.88759,35.22149],[-100.88665,35.22219],[-100.88484,35.22253],[-100.88265,35.22219],[-100.88163,35.22135],[-100.88048,35.22004],[-100.88058,35.2181]]]},"bbox":[-100.88857,35.21613,-100.88048,35.22253]},{"type":"Feature","id":45644,"properties":{"y":1993,"n":"A-1","ag":"USFS","ac":30.6,"c":14,"cl":"Unknown","ad":"1994-02-01","cd":"","st":"NM","se":4},"geometry":{"type":"Polygon","coordinates":[[[-107.46458,33.70259],[-107.46076,33.7021],[-107.46095,33.70064],[-107.46365,33.69947],[-107.46526,33.70005],[-107.46545,33.70165],[-107.46458,33.70259]]]},"bbox":[-107.46563,33.69947,-107.4607,33.70259]},{"type":"Feature","id":45645,"properties":{"y":2005,"n":"New","ag":"USFS","ac":34.6,"c":14,"cl":"Unknown","ad":"2006-02-01","cd":"","st":"NM","se":4},"geometry":{"type":"Polygon","coordinates":[[[-106.39291,34.68749],[-106.39749,34.68672],[-106.39814,34.68797],[-106.39763,34.68961],[-106.39564,34.68992],[-106.39268,34.68835],[-106.39291,34.68749]]]},"bbox":[-106.39816,34.68655,-106.39254,34.68999]},{"type":"Feature","id":45646,"properties":{"y":2005,"n":"Davenport","ag":"USFS","ac":37.3,"c":14,"cl":"Unknown","ad":"2006-02-01","cd":"","st":"NM","se":4},"geometry":{"type":"Polygon","coordinates":[[[-107.91738,34.28525],[-107.91723,34.28619],[-107.91562,34.2872],[-107.91511,34.28829],[-107.91397,34.28784],[-107.9132,34.2866],[-107.9115,34.28653],[-107.91195,34.28525],[-107.91271,34.28479],[-107.91266,34.28387],[-107.91386,34.28368],[-107.91609,34.28486],[-107.91695,34.28454],[-107.91738,34.28525]]]},"bbox":[-107.91738,34.28366,-107.91148,34.28829]},{"type":"Feature","id":45647,"properties":{"y":2011,"n":"101","ag":"USFS","ac":17.1,"c":14,"cl":"Unknown","ad":"2012-02-01","cd":"","st":"NM","se":4},"geometry":{"type":"Polygon","coordinates":[[[-104.22318,36.2146],[-104.22313,36.21551],[-104.21974,36.21823],[-104.21733,36.21816],[-104.22045,36.21629],[-104.21843,36.21703],[-104.22027,36.21604],[-104.2192,36.21626],[-104.22318,36.2146]]]},"bbox":[-104.22318,36.2146,-104.21733,36.21823]},{"type":"Feature","id":45648,"properties":{"y":2011,"n":"Al","ag":"USFS","ac":180.7,"c":14,"cl":"Unknown","ad":"2012-02-01","cd":"","st":"NM","se":4},"geometry":{"type":"Polygon","coordinates":[[[-107.46711,33.92008],[-107.46838,33.92213],[-107.46984,33.93003],[-107.46915,33.93152],[-107.46693,33.93182],[-107.46673,33.93324],[-107.46599,33.9339],[-107.46437,33.93367],[-107.46403,33.93192],[-107.46311,33.93053],[-107.46387,33.92762],[-107.46282,33.9255],[-107.46088,33.92482],[-107.46075,33.92404],[-107.46143,33.92308],[-107.46386,33.92255],[-107.4658,33.92018],[-107.46711,33.92008]]]},"bbox":[-107.46996,33.91985,-107.46075,33.9339]},{"type":"Feature","id":45650,"properties":{"y":1976,"n":"Gooseberry","ag":"USFS","ac":69.8,"c":14,"cl":"Unknown","ad":"1994-02-01","cd":"","st":"NM","se":4},"geometry":{"type":"Polygon","coordinates":[[[-107.6154,35.22737],[-107.61634,35.22541],[-107.61866,35.2246],[-107.621,35.22537],[-107.62198,35.22728],[-107.62104,35.22919],[-107.61872,35.23],[-107.61638,35.22923],[-107.6154,35.22737]]]},"bbox":[-107.62198,35.2246,-107.6154,35.23]},{"type":"Feature","id":45651,"properties":{"y":1976,"n":"Effran","ag":"USFS","ac":23.4,"c":14,"cl":"Unknown","ad":"1994-02-01","cd":"","st":"NM","se":4},"geometry":{"type":"Polygon","coordinates":[[[-107.5121,35.35553],[-107.51262,35.35441],[-107.51399,35.35392],[-107.51534,35.35437],[-107.51591,35.35547],[-107.51536,35.35658],[-107.51402,35.35705],[-107.51269,35.35662],[-107.5121,35.35553]]]},"bbox":[-107.51591,35.35392,-107.5121,35.35705]},{"type":"Feature","id":45652,"properties":{"y":1979,"n":"Foster","ag":"USFS","ac":59.3,"c":14,"cl":"Unknown","ad":"1994-02-01","cd":"","st":"NM","se":4},"geometry":{"type":"Polygon","coordinates":[[[-108.41214,35.37013],[-108.41296,35.36835],[-108.41513,35.36756],[-108.41729,35.36826],[-108.41822,35.37],[-108.41736,35.37178],[-108.41523,35.37254],[-108.4131,35.37187],[-108.41214,35.37013]]]},"bbox":[-108.41822,35.36756,-108.41214,35.37254]},{"type":"Feature","id":45654,"properties":{"y":1989,"n":"Housner","ag":"USFS","ac":19.3,"c":14,"cl":"Unknown","ad":"1994-02-01","cd":"","st":"NM","se":4},"geometry":{"type":"Polygon","coordinates":[[[-108.17361,35.12389],[-108.17408,35.12287],[-108.17529,35.12242],[-108.17653,35.12281],[-108.17707,35.12382],[-108.17658,35.12483],[-108.17537,35.12526],[-108.17414,35.12486],[-108.17361,35.12389]]]},"bbox":[-108.17707,35.12242,-108.17361,35.12526]},{"type":"Feature","id":45655,"properties":{"y":2008,"n":"Naranjo","ag":"USFS","ac":29.6,"c":14,"cl":"Unknown","ad":"2009-02-01","cd":"","st":"NM","se":4},"geometry":{"type":"Polygon","coordinates":[[[-103.184,36.29747],[-103.18753,36.29343],[-103.18822,36.2977],[-103.18693,36.29736],[-103.18681,36.2967],[-103.18589,36.29934],[-103.18553,36.29829],[-103.184,36.29747]]]},"bbox":[-103.18822,36.29343,-103.184,36.29936]},{"type":"Feature","id":45656,"properties":{"y":1982,"n":"Pole","ag":"USFS","ac":20.6,"c":14,"cl":"Unknown","ad":"1994-02-01","cd":"","st":"NM","se":4},"geometry":{"type":"Polygon","coordinates":[[[-108.12768,35.19796],[-108.12816,35.19691],[-108.12941,35.19644],[-108.13069,35.19684],[-108.13125,35.19789],[-108.13075,35.19893],[-108.12949,35.19938],[-108.12824,35.19898],[-108.12768,35.19796]]]},"bbox":[-108.13125,35.19644,-108.12768,35.19938]},{"type":"Feature","id":45657,"properties":{"y":2008,"n":"Coast Guard","ag":"USFS","ac":47.5,"c":14,"cl":"Unknown","ad":"2009-02-01","cd":"","st":"NM","se":4},"geometry":{"type":"Polygon","coordinates":[[[-102.90632,36.50423],[-102.90471,36.50629],[-102.90179,36.50822],[-102.89907,36.50876],[-102.90088,36.50371],[-102.90632,36.50423]]]},"bbox":[-102.90632,36.50371,-102.89907,36.50876]},{"type":"Feature","id":45658,"properties":{"y":2008,"n":"Shipman","ag":"USFS","ac":145.7,"c":14,"cl":"Unknown","ad":"2009-02-01","cd":"","st":"NM","se":4},"geometry":{"type":"Polygon","coordinates":[[[-107.47828,33.51795],[-107.48191,33.51531],[-107.48898,33.51157],[-107.4906,33.51021],[-107.49192,33.50988],[-107.49246,33.5104],[-107.49183,33.51161],[-107.48037,33.52038],[-107.47585,33.52502],[-107.47437,33.52547],[-107.47404,33.52425],[-107.47828,33.51795]]]},"bbox":[-107.49249,33.50985,-107.47404,33.5255]},{"type":"Feature","id":45659,"properties":{"y":2009,"n":"Fisher","ag":"USFS","ac":64.5,"c":14,"cl":"Unknown","ad":"2010-02-01","cd":"","st":"NM","se":4},"geometry":{"type":"Polygon","coordinates":[[[-107.56391,33.87155],[-107.56604,33.87235],[-107.56847,33.87034],[-107.56926,33.87035],[-107.56982,33.87113],[-107.5688,33.87307],[-107.56888,33.87462],[-107.56776,33.87477],[-107.56707,33.87581],[-107.56396,33.87721],[-107.56337,33.87715],[-107.56305,33.87652],[-107.56464,33.876],[-107.56432,33.87519],[-107.5633,33.87498],[-107.5629,33.87427],[-107.56377,33.87383],[-107.56311,33.8719],[-107.56391,33.87155]]]},"bbox":[-107.56982,33.87034,-107.5629,33.87721]},{"type":"Feature","id":45660,"properties":{"y":1993,"n":"A-2","ag":"USFS","ac":447.8,"c":14,"cl":"Unknown","ad":"1994-02-01","cd":"","st":"NM","se":4},"geometry":{"type":"Polygon","coordinates":[[[-107.51343,33.68033],[-107.50964,33.67992],[-107.50782,33.68017],[-107.50337,33.6791],[-107.50373,33.67734],[-107.50299,33.67076],[-107.50532,33.6702],[-107.50872,33.67219],[-107.51181,33.67294],[-107.5135,33.67225],[-107.51488,33.67295],[-107.51726,33.67274],[-107.51922,33.67335],[-107.52058,33.67164],[-107.52111,33.6698],[-107.52339,33.66927],[-107.52487,33.67041],[-107.52483,33.67284],[-107.5257,33.675],[-107.52291,33.6797],[-107.52063,33.67933],[-107.51813,33.68013],[-107.51343,33.68033]]]},"bbox":[-107.5257,33.66927,-107.50299,33.68033]},{"type":"Feature","id":45661,"properties":{"y":1993,"n":"Prop","ag":"USFS","ac":51.4,"c":14,"cl":"Unknown","ad":"1994-02-01","cd":"","st":"NM","se":4},"geometry":{"type":"Polygon","coordinates":[[[-108.06918,35.21849],[-108.06994,35.21684],[-108.07191,35.21611],[-108.07397,35.21676],[-108.07482,35.21839],[-108.07402,35.22004],[-108.07204,35.22074],[-108.07003,35.22008],[-108.06918,35.21849]]]},"bbox":[-108.07482,35.21611,-108.06918,35.22074]},{"type":"Feature","id":45662,"properties":{"y":1985,"n":"Quartz","ag":"USFS","ac":21.6,"c":14,"cl":"Unknown","ad":"1994-02-01","cd":"","st":"NM","se":4},"geometry":{"type":"Polygon","coordinates":[[[-108.03955,35.08067],[-108.04004,35.07959],[-108.04132,35.07912],[-108.04265,35.07955],[-108.04321,35.0806],[-108.04269,35.08167],[-108.04143,35.08213],[-108.04012,35.08172],[-108.03955,35.08067]]]},"bbox":[-108.04321,35.07912,-108.03954,35.08213]},{"type":"Feature","id":45663,"properties":{"y":1993,"n":"Redondo","ag":"USFS","ac":15.1,"c":14,"cl":"Unknown","ad":"1994-02-01","cd":"","st":"NM","se":4},"geometry":{"type":"Polygon","coordinates":[[[-107.25968,35.45585],[-107.26011,35.45495],[-107.26118,35.45456],[-107.2623,35.45492],[-107.26276,35.45581],[-107.26233,35.45669],[-107.26125,35.45708],[-107.26016,35.45673],[-107.25968,35.45585]]]},"bbox":[-107.26276,35.45456,-107.25968,35.45708]},{"type":"Feature","id":45664,"properties":{"y":1988,"n":"Rivera","ag":"USFS","ac":12.3,"c":14,"cl":"Unknown","ad":"1994-02-01","cd":"","st":"NM","se":4},"geometry":{"type":"Polygon","coordinates":[[[-108.16095,35.06833],[-108.16134,35.06751],[-108.16231,35.06716],[-108.16329,35.06749],[-108.16371,35.06828],[-108.16332,35.06909],[-108.16235,35.06943],[-108.16137,35.06911],[-108.16095,35.06833]]]},"bbox":[-108.16371,35.06716,-108.16095,35.06943]},{"type":"Feature","id":45665,"properties":{"y":1991,"n":"Salitre","ag":"USFS","ac":619.8,"c":14,"cl":"Unknown","ad":"1994-02-01","cd":"","st":"NM","se":4},"geometry":{"type":"Polygon","coordinates":[[[-108.09486,35.23624],[-108.09546,35.23321],[-108.09752,35.23047],[-108.10055,35.22868],[-108.10436,35.22794],[-108.10821,35.22848],[-108.11138,35.23012],[-108.11364,35.23274],[-108.11448,35.23587],[-108.11381,35.2389],[-108.11182,35.2415],[-108.10878,35.24329],[-108.10497,35.24403],[-108.10128,35.24354],[-108.09795,35.24185],[-108.09569,35.23923],[-108.09486,35.23624]]]},"bbox":[-108.11448,35.22794,-108.09485,35.24403]},{"type":"Feature","id":45666,"properties":{"y":2011,"n":"Alexander","ag":"USFS","ac":16.0,"c":14,"cl":"Unknown","ad":"2012-02-01","cd":"","st":"NM","se":4},"geometry":{"type":"MultiPolygon","coordinates":[[[[-107.6057,33.81349],[-107.60674,33.81379],[-107.60644,33.81484],[-107.608,33.81444],[-107.60702,33.81569],[-107.60825,33.81533],[-107.60876,33.81566],[-107.60783,33.8166],[-107.60819,33.81715],[-107.60719,33.81738],[-107.60675,33.81622],[-107.60481,33.81521],[-107.60553,33.81495],[-107.60519,33.81431],[-107.60584,33.81389],[-107.6057,33.81349]]],[[[-107.6057,33.81349],[-107.6057,33.81349],[-107.6057,33.81349],[-107.6057,33.81349]]]]},"bbox":[-107.60876,33.81349,-107.60481,33.81738]},{"type":"Feature","id":45667,"properties":{"y":1989,"n":"Sedgwick","ag":"USFS","ac":100.2,"c":14,"cl":"Unknown","ad":"1994-02-01","cd":"","st":"NM","se":4},"geometry":{"type":"Polygon","coordinates":[[[-108.13991,35.12677],[-108.14017,35.12549],[-108.14102,35.12441],[-108.14379,35.12343],[-108.14659,35.12434],[-108.14779,35.12662],[-108.14672,35.12888],[-108.14397,35.1299],[-108.14115,35.12902],[-108.13991,35.12677]]]},"bbox":[-108.14779,35.12343,-108.13991,35.1299]},{"type":"Feature","id":45668,"properties":{"y":2005,"n":"Red","ag":"USFS","ac":14.9,"c":14,"cl":"Unknown","ad":"2006-02-01","cd":"","st":"NM","se":4},"geometry":{"type":"Polygon","coordinates":[[[-107.491,33.70192],[-107.49069,33.70302],[-107.48912,33.70376],[-107.48724,33.70301],[-107.48809,33.70184],[-107.4879,33.70116],[-107.491,33.70192]]]},"bbox":[-107.491,33.70116,-107.48724,33.70376]},{"type":"Feature","id":45669,"properties":{"y":2005,"n":"Turkey Park","ag":"USFS","ac":19.7,"c":14,"cl":"Unknown","ad":"2006-02-01","cd":"","st":"NM","se":4},"geometry":{"type":"Polygon","coordinates":[[[-107.96857,34.13433],[-107.97159,34.13436],[-107.97196,34.13547],[-107.97158,34.13607],[-107.97049,34.13603],[-107.96965,34.1368],[-107.96882,34.13665],[-107.96783,34.1353],[-107.96857,34.13433]]]},"bbox":[-107.97196,34.13417,-107.96781,34.1368]},{"type":"Feature","id":45670,"properties":{"y":2005,"n":"Swartwood","ag":"USFS","ac":5.4,"c":14,"cl":"Unknown","ad":"2006-02-01","cd":"","st":"NM","se":4},"geometry":{"type":"Polygon","coordinates":[[[-99.82489,35.66838],[-99.82316,35.66907],[-99.8223,35.66993],[-99.82264,35.66815],[-99.82489,35.66838]]]},"bbox":[-99.82489,35.66814,-99.82224,35.66997]},{"type":"Feature","id":45671,"properties":{"y":2006,"n":"Main","ag":"USFS","ac":39.5,"c":14,"cl":"Unknown","ad":"2007-02-01","cd":"","st":"NM","se":4},"geometry":{"type":"Polygon","coordinates":[[[-107.77282,34.26889],[-107.7722,34.26986],[-107.77102,34.27023],[-107.76949,34.26988],[-107.769,34.26849],[-107.76816,34.26782],[-107.76874,34.26726],[-107.76861,34.26658],[-107.76778,34.26527],[-107.76606,34.2649],[-107.76598,34.26435],[-107.76726,34.2639],[-107.76838,34.26409],[-107.769,34.26611],[-107.7693,34.26583],[-107.77018,34.2663],[-107.77093,34.26559],[-107.77145,34.2672],[-107.77022,34.26761],[-107.77179,34.26797],[-107.77282,34.26889]]]},"bbox":[-107.77282,34.2639,-107.76589,34.27023]},{"type":"Feature","id":45672,"properties":{"y":2006,"n":"Anderson","ag":"USFS","ac":129.0,"c":14,"cl":"Unknown","ad":"2007-02-01","cd":"","st":"NM","se":4},"geometry":{"type":"Polygon","coordinates":[[[-106.39152,34.70359],[-106.39146,34.70292],[-106.39096,34.70269],[-106.39118,34.70194],[-106.3907,34.70056],[-106.39171,34.70011],[-106.39085,34.69852],[-106.39007,34.69808],[-106.39102,34.69642],[-106.39186,34.69641],[-106.39264,34.69732],[-106.39528,34.6967],[-106.39604,34.69759],[-106.39664,34.69736],[-106.39976,34.69933],[-106.39977,34.69889],[-106.40034,34.69893],[-106.40234,34.7014],[-106.40144,34.70146],[-106.4006,34.70223],[-106.39976,34.70176],[-106.39686,34.70258],[-106.39422,34.70198],[-106.3941,34.70353],[-106.39152,34.70359]]]},"bbox":[-106.40234,34.69641,-106.39007,34.70367]},{"type":"Feature","id":45674,"properties":{"y":2006,"n":"Mitchel","ag":"USFS","ac":612.1,"c":14,"cl":"Unknown","ad":"2007-02-01","cd":"","st":"NM","se":4},"geometry":{"type":"Polygon","coordinates":[[[-104.04976,36.06311],[-104.04928,36.06434],[-104.04703,36.0666],[-104.04462,36.072],[-104.04047,36.07686],[-104.03593,36.08391],[-104.03251,36.08541],[-104.03052,36.08529],[-104.02866,36.08452],[-104.02785,36.08328],[-104.02753,36.08099],[-104.0279,36.07919],[-104.02969,36.07635],[-104.03255,36.06869],[-104.03379,36.06688],[-104.0472,36.06185],[-104.04872,36.06205],[-104.04976,36.06311]]]},"bbox":[-104.04976,36.06185,-104.02753,36.08541]},{"type":"Feature","id":45675,"properties":{"y":2006,"n":"Dellinger","ag":"USFS","ac":99.0,"c":14,"cl":"Unknown","ad":"2007-02-01","cd":"","st":"NM","se":4},"geometry":{"type":"Polygon","coordinates":[[[-103.05885,36.39792],[-103.05967,36.39835],[-103.06064,36.40088],[-103.06046,36.40371],[-103.05894,36.40686],[-103.05696,36.40766],[-103.05556,36.40572],[-103.05548,36.40046],[-103.05719,36.39831],[-103.05885,36.39792]]]},"bbox":[-103.06064,36.39791,-103.05534,36.40766]},{"type":"Feature","id":45676,"properties":{"y":2006,"n":"Newby","ag":"USFS","ac":399.7,"c":14,"cl":"Unknown","ad":"2007-02-01","cd":"","st":"NM","se":4},"geometry":{"type":"Polygon","coordinates":[[[-103.00225,36.57937],[-102.98977,36.58111],[-102.96733,36.58672],[-102.9633,36.58713],[-102.96152,36.58684],[-102.95993,36.58489],[-102.96041,36.5837],[-102.96153,36.58288],[-102.96468,36.58205],[-102.9723,36.58114],[-102.98986,36.57763],[-102.99753,36.57664],[-103.00252,36.57679],[-103.00288,36.57809],[-103.00225,36.57937]]]},"bbox":[-103.00288,36.57653,-102.95993,36.58713]},{"type":"Feature","id":45677,"properties":{"y":2012,"n":"Chimney","ag":"USFS","ac":20.0,"c":14,"cl":"Unknown","ad":"2013-02-01","cd":"","st":"NM","se":4},"geometry":{"type":"Polygon","coordinates":[[[-106.46599,35.22339],[-106.46267,35.22161],[-106.46275,35.22017],[-106.46635,35.22045],[-106.46587,35.22135],[-106.46636,35.22269],[-106.46599,35.22339]]]},"bbox":[-106.46638,35.22015,-106.46244,35.22339]},{"type":"Feature","id":45678,"properties":{"y":2006,"n":"Garley","ag":"USFS","ac":114.6,"c":14,"cl":"Unknown","ad":"2007-02-01","cd":"","st":"NM","se":4},"geometry":{"type":"Polygon","coordinates":[[[-107.56083,35.19563],[-107.55781,35.19467],[-107.55784,35.19401],[-107.55639,35.19414],[-107.55632,35.1934],[-107.5557,35.19319],[-107.55672,35.19143],[-107.55822,35.19142],[-107.55877,35.19017],[-107.55985,35.19036],[-107.56061,35.18991],[-107.56531,35.19151],[-107.56815,35.19192],[-107.56805,35.19303],[-107.5672,35.19314],[-107.56717,35.19434],[-107.56642,35.1943],[-107.56581,35.19521],[-107.56292,35.19529],[-107.56209,35.19479],[-107.56083,35.19563]]]},"bbox":[-107.56819,35.1899,-107.5557,35.19563]},{"type":"Feature","id":45679,"properties":{"y":2011,"n":"Hickey","ag":"USFS","ac":28.1,"c":14,"cl":"Unknown","ad":"2012-02-01","cd":"","st":"NM","se":4},"geometry":{"type":"Polygon","coordinates":[[[-100.00457,35.70412],[-100.00085,35.70426],[-99.99798,35.70325],[-99.9976,35.7027],[-99.99778,35.70164],[-100.0001,35.70133],[-100.00457,35.70412]]]},"bbox":[-100.00457,35.70125,-99.9976,35.70434]},{"type":"Feature","id":45681,"properties":{"y":2006,"n":"Rb-45","ag":"USFS","ac":323.0,"c":14,"cl":"Unknown","ad":"2007-02-01","cd":"","st":"NM","se":4},"geometry":{"type":"Polygon","coordinates":[[[-102.68198,36.5052],[-102.68136,36.50611],[-102.68049,36.50625],[-102.6712,36.50284],[-102.66614,36.50049],[-102.66367,36.4985],[-102.66286,36.49661],[-102.66325,36.49468],[-102.66477,36.49288],[-102.66687,36.4919],[-102.67085,36.49235],[-102.67371,36.49461],[-102.67861,36.50218],[-102.68182,36.50391],[-102.68198,36.5052]]]},"bbox":[-102.68198,36.49189,-102.66286,36.50625]},{"type":"Feature","id":45682,"properties":{"y":2006,"n":"Rabbit","ag":"USFS","ac":496.8,"c":14,"cl":"Unknown","ad":"2007-02-01","cd":"","st":"NM","se":4},"geometry":{"type":"Polygon","coordinates":[[[-103.17004,36.67096],[-103.16684,36.67679],[-103.16482,36.6787],[-103.16132,36.68609],[-103.15873,36.68949],[-103.15727,36.69083],[-103.15506,36.69185],[-103.15026,36.69142],[-103.14783,36.68809],[-103.14762,36.68535],[-103.14904,36.68322],[-103.15116,36.68149],[-103.15968,36.67751],[-103.16132,36.67474],[-103.16517,36.67141],[-103.1676,36.67026],[-103.16962,36.67038],[-103.17004,36.67096]]]},"bbox":[-103.17004,36.67019,-103.14762,36.69189]},{"type":"Feature","id":45683,"properties":{"y":2012,"n":"Holdup","ag":"USFS","ac":170.8,"c":14,"cl":"Unknown","ad":"2013-02-01","cd":"","st":"NM","se":4},"geometry":{"type":"Polygon","coordinates":[[[-107.48586,33.61789],[-107.48498,33.61841],[-107.48377,33.6182],[-107.48167,33.62129],[-107.47944,33.62246],[-107.47576,33.61951],[-107.47441,33.61621],[-107.4751,33.61493],[-107.47938,33.61449],[-107.48044,33.61335],[-107.48156,33.61361],[-107.48357,33.61307],[-107.485,33.61158],[-107.48494,33.61381],[-107.48444,33.61461],[-107.48586,33.61789]]]},"bbox":[-107.48586,33.61158,-107.47441,33.62248]},{"type":"Feature","id":45685,"properties":{"y":2012,"n":"North","ag":"USFS","ac":11.2,"c":14,"cl":"Unknown","ad":"2013-02-01","cd":"","st":"NM","se":4},"geometry":{"type":"Polygon","coordinates":[[[-106.3811,34.64367],[-106.38506,34.64523],[-106.38472,34.64545],[-106.38276,34.64532],[-106.38003,34.64429],[-106.3811,34.64367]]]},"bbox":[-106.38506,34.64366,-106.38003,34.64549]},{"type":"Feature","id":45686,"properties":{"y":2012,"n":"Sawmill","ag":"USFS","ac":101.0,"c":14,"cl":"Unknown","ad":"2013-02-01","cd":"","st":"NM","se":4},"geometry":{"type":"Polygon","coordinates":[[[-107.15823,33.94653],[-107.15843,33.9459],[-107.15758,33.94576],[-107.15767,33.94527],[-107.1584,33.94524],[-107.15874,33.94429],[-107.15995,33.9449],[-107.16043,33.94427],[-107.16143,33.94506],[-107.16226,33.94473],[-107.16262,33.94562],[-107.164,33.94517],[-107.16342,33.94666],[-107.16402,33.94648],[-107.16428,33.94763],[-107.16503,33.94783],[-107.16408,33.94983],[-107.16337,33.95004],[-107.16283,33.95202],[-107.16071,33.95137],[-107.16028,33.95183],[-107.16069,33.95264],[-107.15993,33.9527],[-107.1599,33.95358],[-107.15916,33.95275],[-107.15866,33.95327],[-107.15834,33.95253],[-107.15796,33.95251],[-107.15798,33.95317],[-107.15757,33.95297],[-107.15768,33.9519],[-107.1583,33.95175],[-107.15768,33.95171],[-107.15817,33.95062],[-107.15759,33.95074],[-107.15762,33.95006],[-107.15886,33.95067],[-107.15925,33.94992],[-107.15855,33.94979],[-107.15868,33.94928],[-107.16019,33.94948],[-107.15933,33.94904],[-107.15976,33.94841],[-107.15823,33.94653]]]},"bbox":[-107.16503,33.94425,-107.15754,33.95359]},{"type":"Feature","id":45687,"properties":{"y":2012,"n":"Strong City","ag":"USFS","ac":149.6,"c":14,"cl":"Unknown","ad":"2013-02-01","cd":"","st":"NM","se":4},"geometry":{"type":"Polygon","coordinates":[[[-99.56272,35.67217],[-99.5623,35.67401],[-99.56277,35.67596],[-99.56201,35.67702],[-99.56136,35.67749],[-99.56,35.67768],[-99.5594,35.67731],[-99.55796,35.67789],[-99.5579,35.67861],[-99.55543,35.68112],[-99.5534,35.68088],[-99.5534,35.67709],[-99.55295,35.67658],[-99.55343,35.67648],[-99.55344,35.67245],[-99.56272,35.67217]]]},"bbox":[-99.56277,35.67217,-99.55295,35.68115]},{"type":"Feature","id":45688,"properties":{"y":2012,"n":"Stateline","ag":"USFS","ac":73.6,"c":14,"cl":"Unknown","ad":"2013-02-01","cd":"","st":"NM","se":4},"geometry":{"type":"Polygon","coordinates":[[[-100.01065,35.64868],[-100.00925,35.64933],[-100.00772,35.64931],[-100.00213,35.64812],[-100.00025,35.64633],[-99.99993,35.64537],[-100.00288,35.64504],[-100.00418,35.64551],[-100.00499,35.64438],[-100.00874,35.64657],[-100.00914,35.64748],[-100.01065,35.64868]]]},"bbox":[-100.01065,35.64432,-99.99993,35.64933]},{"type":"Feature","id":45689,"properties":{"y":2009,"n":"Main","ag":"USFS","ac":275.8,"c":14,"cl":"Unknown","ad":"2010-02-01","cd":"","st":"NM","se":4},"geometry":{"type":"Polygon","coordinates":[[[-106.38816,34.96837],[-106.38784,34.96618],[-106.3894,34.96377],[-106.38987,34.96204],[-106.39169,34.95964],[-106.39163,34.95825],[-106.39023,34.95765],[-106.38685,34.95775],[-106.37877,34.95947],[-106.37767,34.95864],[-106.37777,34.95783],[-106.37887,34.95706],[-106.38155,34.956],[-106.38229,34.9543],[-106.38217,34.95083],[-106.38299,34.95041],[-106.38394,34.95069],[-106.38608,34.95343],[-106.38766,34.95362],[-106.39099,34.95304],[-106.39348,34.95353],[-106.3944,34.9546],[-106.3955,34.95734],[-106.39551,34.9591],[-106.39371,34.963],[-106.38816,34.96837]]]},"bbox":[-106.39565,34.95041,-106.37766,34.96843]},{"type":"Feature","id":45690,"properties":{"y":2009,"n":"Boundary","ag":"USFS","ac":27.5,"c":14,"cl":"Unknown","ad":"2010-02-01","cd":"","st":"NM","se":4},"geometry":{"type":"Polygon","coordinates":[[[-107.28462,35.52135],[-107.28364,35.52278],[-107.28058,35.52145],[-107.27718,35.52165],[-107.27668,35.52095],[-107.27809,35.52025],[-107.28092,35.52018],[-107.28377,35.52073],[-107.28462,35.52135]]]},"bbox":[-107.28462,35.52018,-107.27667,35.52278]},{"type":"Feature","id":45691,"properties":{"y":2011,"n":"Rosedale","ag":"USFS","ac":130.4,"c":14,"cl":"Unknown","ad":"2012-02-01","cd":"","st":"NM","se":4},"geometry":{"type":"Polygon","coordinates":[[[-107.42215,33.7752],[-107.42385,33.7754],[-107.42513,33.77621],[-107.42504,33.77781],[-107.42655,33.77966],[-107.42951,33.78029],[-107.42993,33.78296],[-107.42183,33.78149],[-107.41995,33.78234],[-107.4167,33.7811],[-107.42215,33.7752]]]},"bbox":[-107.43008,33.77518,-107.4167,33.78303]},{"type":"Feature","id":45692,"properties":{"y":2011,"n":"Duranzo","ag":"USFS","ac":16.0,"c":14,"cl":"Unknown","ad":"2012-02-01","cd":"","st":"NM","se":4},"geometry":{"type":"Polygon","coordinates":[[[-107.35376,35.4588],[-107.351,35.45709],[-107.35238,35.45559],[-107.35324,35.45586],[-107.35473,35.45748],[-107.35376,35.4588]]]},"bbox":[-107.35476,35.45559,-107.351,35.4588]},{"type":"Feature","id":45693,"properties":{"y":2011,"n":"Chivato","ag":"USFS","ac":10.5,"c":14,"cl":"Unknown","ad":"2012-02-01","cd":"","st":"NM","se":4},"geometry":{"type":"Polygon","coordinates":[[[-107.46518,35.29316],[-107.46568,35.29396],[-107.46532,35.29527],[-107.46401,35.296],[-107.46359,35.29549],[-107.46419,35.29372],[-107.46518,35.29316]]]},"bbox":[-107.46568,35.29315,-107.46359,35.29605]},{"type":"Feature","id":45694,"properties":{"y":2010,"n":"Wood","ag":"USFS","ac":16.6,"c":14,"cl":"Unknown","ad":"2011-02-01","cd":"","st":"NM","se":4},"geometry":{"type":"MultiPolygon","coordinates":[[[[-107.92133,34.30733],[-107.92125,34.30741],[-107.92109,34.30753],[-107.92097,34.30752],[-107.92073,34.30785],[-107.9197,34.30844],[-107.91962,34.30866],[-107.91941,34.30871],[-107.92049,34.30891],[-107.9211,34.3084],[-107.92148,34.30897],[-107.92267,34.30879],[-107.9227,34.30938],[-107.92147,34.30922],[-107.92126,34.30952],[-107.92175,34.30971],[-107.92099,34.30996],[-107.92019,34.30966],[-107.92047,34.31038],[-107.91808,34.30977],[-107.91795,34.30908],[-107.91901,34.3088],[-107.91863,34.30711],[-107.91966,34.30782],[-107.92038,34.30713],[-107.92133,34.30733]]],[[[-107.92133,34.30733],[-107.92133,34.30733],[-107.92132,34.30734],[-107.92133,34.30733]]]]},"bbox":[-107.9228,34.30704,-107.91791,34.31038]},{"type":"Feature","id":45695,"properties":{"y":2010,"n":"Corona","ag":"USFS","ac":112.2,"c":14,"cl":"Unknown","ad":"2011-02-01","cd":"","st":"NM","se":4},"geometry":{"type":"Polygon","coordinates":[[[-105.60057,34.30208],[-105.5985,34.30251],[-105.59866,34.30455],[-105.59721,34.30432],[-105.59705,34.3024],[-105.59848,34.29975],[-105.60454,34.29755],[-105.60887,34.29525],[-105.6109,34.29512],[-105.61163,34.29668],[-105.60875,34.29825],[-105.6076,34.2997],[-105.60746,34.30102],[-105.60616,34.30125],[-105.6048,34.29981],[-105.60057,34.30208]]]},"bbox":[-105.61163,34.29512,-105.59705,34.30455]},{"type":"Feature","id":45696,"properties":{"y":2010,"n":"Unit 27","ag":"USFS","ac":90.6,"c":14,"cl":"Unknown","ad":"2011-02-01","cd":"","st":"NM","se":4},"geometry":{"type":"Polygon","coordinates":[[[-99.92547,35.71765],[-99.92539,35.71559],[-99.92878,35.71555],[-99.93039,35.71474],[-99.93252,35.71593],[-99.9343,35.71745],[-99.9342,35.71907],[-99.93401,35.71959],[-99.93336,35.71969],[-99.93319,35.72057],[-99.93426,35.72162],[-99.93404,35.72249],[-99.93296,35.72253],[-99.92985,35.71981],[-99.929,35.71969],[-99.92862,35.71884],[-99.92547,35.71765]]]},"bbox":[-99.9343,35.71474,-99.92539,35.72253]},{"type":"Feature","id":45697,"properties":{"y":2011,"n":"Monte Largo","ag":"USFS","ac":53.2,"c":14,"cl":"Unknown","ad":"2012-02-01","cd":"","st":"NM","se":4},"geometry":{"type":"Polygon","coordinates":[[[-106.48703,35.10876],[-106.48547,35.11015],[-106.47932,35.11036],[-106.47852,35.11017],[-106.47744,35.10802],[-106.48084,35.10701],[-106.48261,35.10785],[-106.48578,35.10781],[-106.48703,35.10876]]]},"bbox":[-106.48703,35.10701,-106.47744,35.11038]},{"type":"Feature","id":45698,"properties":{"y":2011,"n":"Admin","ag":"USFS","ac":61.9,"c":14,"cl":"Unknown","ad":"2012-02-01","cd":"","st":"NM","se":4},"geometry":{"type":"Polygon","coordinates":[[[-99.60442,35.78231],[-99.60387,35.78178],[-99.60422,35.78037],[-99.60662,35.77859],[-99.61097,35.7778],[-99.61215,35.77719],[-99.61475,35.77774],[-99.61483,35.77859],[-99.61424,35.77932],[-99.60976,35.77989],[-99.60811,35.78062],[-99.60763,35.782],[-99.60638,35.78136],[-99.60442,35.78231]]]},"bbox":[-99.61483,35.77719,-99.60387,35.78231]},{"type":"Feature","id":45699,"properties":{"y":2000,"n":"Cowboy","ag":"USFS","ac":14.7,"c":14,"cl":"Unknown","ad":"2001-02-01","cd":"","st":"NM","se":4},"geometry":{"type":"Polygon","coordinates":[[[-108.16826,35.05255],[-108.16869,35.05165],[-108.16975,35.05128],[-108.17082,35.05163],[-108.17128,35.0525],[-108.17085,35.05338],[-108.16982,35.05375],[-108.16874,35.05342],[-108.16826,35.05255]]]},"bbox":[-108.17128,35.05128,-108.16826,35.05375]},{"type":"Feature","id":45700,"properties":{"y":2011,"n":"Gwartney","ag":"USFS","ac":57.1,"c":14,"cl":"Unknown","ad":"2012-02-01","cd":"","st":"NM","se":4},"geometry":{"type":"Polygon","coordinates":[[[-99.55057,35.61382],[-99.55139,35.61005],[-99.55217,35.61005],[-99.55232,35.61203],[-99.55294,35.61265],[-99.55369,35.6126],[-99.55334,35.61422],[-99.55366,35.61665],[-99.54865,35.61697],[-99.54857,35.61739],[-99.54737,35.61752],[-99.5468,35.61587],[-99.54847,35.6156],[-99.54997,35.61472],[-99.55057,35.61382]]]},"bbox":[-99.55376,35.61003,-99.5468,35.61757]},{"type":"Feature","id":45701,"properties":{"y":2011,"n":"Nissan","ag":"USFS","ac":4.0,"c":14,"cl":"Unknown","ad":"2012-02-01","cd":"","st":"NM","se":4},"geometry":{"type":"Polygon","coordinates":[[[-99.7816,35.58096],[-99.78053,35.58042],[-99.78228,35.58008],[-99.78286,35.58091],[-99.7816,35.58096]]]},"bbox":[-99.78286,35.58007,-99.78053,35.5811]},{"type":"Feature","id":45702,"properties":{"y":2011,"n":"Junction Ok","ag":"USFS","ac":747.2,"c":14,"cl":"Unknown","ad":"2012-02-01","cd":"","st":"NM","se":4},"geometry":{"type":"Polygon","coordinates":[[[-99.89937,35.63011],[-99.89943,35.62803],[-99.90041,35.62637],[-99.90292,35.62576],[-99.90391,35.62607],[-99.90483,35.62484],[-99.90832,35.6249],[-99.90826,35.63042],[-99.90752,35.63054],[-99.90715,35.62987],[-99.90648,35.62686],[-99.90483,35.62686],[-99.90415,35.62748],[-99.90433,35.62981],[-99.90556,35.62999],[-99.90648,35.63152],[-99.90593,35.63244],[-99.90648,35.63355],[-99.90624,35.6368],[-99.9066,35.63796],[-99.90587,35.639],[-99.90636,35.6398],[-99.90483,35.64624],[-99.9025,35.64667],[-99.902,35.64759],[-99.89949,35.64894],[-99.89777,35.65047],[-99.8952,35.65145],[-99.89465,35.65292],[-99.88876,35.65286],[-99.88901,35.65133],[-99.89048,35.64998],[-99.89029,35.64507],[-99.89103,35.63913],[-99.89446,35.63569],[-99.89544,35.63373],[-99.89937,35.63011]]]},"bbox":[-99.90832,35.62484,-99.8887,35.65298]},{"type":"Feature","id":45703,"properties":{"y":2011,"n":"Ezersky","ag":"USFS","ac":52.7,"c":14,"cl":"Unknown","ad":"2012-02-01","cd":"","st":"NM","se":4},"geometry":{"type":"Polygon","coordinates":[[[-99.56472,35.69389],[-99.56417,35.69375],[-99.56376,35.69101],[-99.56169,35.68764],[-99.56206,35.68689],[-99.56469,35.68666],[-99.56538,35.68694],[-99.56624,35.68862],[-99.56647,35.69023],[-99.56443,35.6904],[-99.5644,35.69113],[-99.56529,35.69153],[-99.56596,35.69283],[-99.56552,35.69412],[-99.56679,35.69753],[-99.56572,35.69669],[-99.56472,35.69389]]]},"bbox":[-99.56699,35.68666,-99.56157,35.69753]},{"type":"Feature","id":45704,"properties":{"y":2011,"n":"Windy","ag":"USFS","ac":80.8,"c":14,"cl":"Unknown","ad":"2012-02-01","cd":"","st":"NM","se":4},"geometry":{"type":"Polygon","coordinates":[[[-99.92117,35.65017],[-99.91242,35.64863],[-99.91036,35.64883],[-99.90749,35.64994],[-99.90634,35.64997],[-99.90618,35.64922],[-99.91298,35.6471],[-99.91615,35.64752],[-99.92332,35.6464],[-99.92583,35.64693],[-99.9244,35.64702],[-99.92273,35.64796],[-99.92117,35.65017]]]},"bbox":[-99.92583,35.6464,-99.90618,35.65017]},{"type":"Feature","id":45705,"properties":{"y":2011,"n":"Creek","ag":"USFS","ac":3.0,"c":14,"cl":"Unknown","ad":"2012-02-01","cd":"","st":"NM","se":4},"geometry":{"type":"Polygon","coordinates":[[[-99.87769,35.81254],[-99.87939,35.81168],[-99.87989,35.81267],[-99.87897,35.81244],[-99.87769,35.81254]]]},"bbox":[-99.87989,35.81168,-99.87769,35.81267]},{"type":"Feature","id":45706,"properties":{"y":2011,"n":"Dry","ag":"USFS","ac":39.4,"c":14,"cl":"Unknown","ad":"2012-02-01","cd":"","st":"NM","se":4},"geometry":{"type":"Polygon","coordinates":[[[-107.44966,33.84124],[-107.45537,33.83809],[-107.45663,33.83814],[-107.45743,33.83929],[-107.45722,33.84096],[-107.4562,33.84198],[-107.45453,33.84187],[-107.45311,33.84092],[-107.44966,33.84124]]]},"bbox":[-107.45744,33.83795,-107.44966,33.84208]},{"type":"Feature","id":45707,"properties":{"y":1998,"n":"Antelope","ag":"USFS","ac":35.7,"c":14,"cl":"Unknown","ad":"1999-02-01","cd":"","st":"NM","se":4},"geometry":{"type":"Polygon","coordinates":[[[-105.79641,34.22591],[-105.79312,34.22547],[-105.79312,34.22489],[-105.79502,34.22218],[-105.79759,34.22117],[-105.79801,34.22149],[-105.79703,34.22501],[-105.79641,34.22591]]]},"bbox":[-105.79801,34.22117,-105.79312,34.22601]},{"type":"Feature","id":45709,"properties":{"y":2011,"n":"Corona Mesa","ag":"USFS","ac":52.7,"c":14,"cl":"Unknown","ad":"2012-02-01","cd":"","st":"NM","se":4},"geometry":{"type":"Polygon","coordinates":[[[-105.64578,34.28007],[-105.6481,34.28082],[-105.64837,34.28139],[-105.64789,34.2825],[-105.64634,34.28217],[-105.64572,34.28261],[-105.64764,34.28319],[-105.64735,34.2838],[-105.64804,34.28453],[-105.64764,34.2856],[-105.64573,34.28628],[-105.64427,34.28515],[-105.64312,34.28313],[-105.64393,34.28106],[-105.64578,34.28007]]]},"bbox":[-105.64837,34.27992,-105.64312,34.28628]},{"type":"Feature","id":45710,"properties":{"y":2007,"n":"Effran","ag":"USFS","ac":16.5,"c":14,"cl":"Unknown","ad":"2008-02-01","cd":"","st":"NM","se":4},"geometry":{"type":"Polygon","coordinates":[[[-107.52774,35.33607],[-107.52406,35.33608],[-107.52395,35.33335],[-107.52556,35.33329],[-107.52665,35.33394],[-107.52593,35.33498],[-107.52719,35.33527],[-107.52774,35.33607]]]},"bbox":[-107.52774,35.33325,-107.52391,35.33608]},{"type":"Feature","id":45711,"properties":{"y":2007,"n":"Wasp","ag":"USFS","ac":65.0,"c":14,"cl":"Unknown","ad":"2008-02-01","cd":"","st":"NM","se":4},"geometry":{"type":"Polygon","coordinates":[[[-107.33612,33.62431],[-107.33905,33.62204],[-107.34185,33.62288],[-107.34396,33.62522],[-107.34336,33.62596],[-107.34215,33.62584],[-107.33747,33.62703],[-107.33663,33.62658],[-107.33591,33.62699],[-107.33565,33.62633],[-107.33627,33.62563],[-107.33612,33.62431]]]},"bbox":[-107.34396,33.62204,-107.33565,33.62703]},{"type":"Feature","id":45712,"properties":{"y":2007,"n":"Agua","ag":"USFS","ac":116.6,"c":14,"cl":"Unknown","ad":"2008-02-01","cd":"","st":"NM","se":4},"geometry":{"type":"Polygon","coordinates":[[[-106.39977,34.69899],[-106.39889,34.69805],[-106.39779,34.69831],[-106.39515,34.6973],[-106.39386,34.6959],[-106.39479,34.69447],[-106.39569,34.69423],[-106.39479,34.69354],[-106.39466,34.69251],[-106.39384,34.69232],[-106.39324,34.69131],[-106.39133,34.69125],[-106.38977,34.69056],[-106.38936,34.69013],[-106.38987,34.68936],[-106.39129,34.68983],[-106.39078,34.68873],[-106.39251,34.68901],[-106.39303,34.68805],[-106.39535,34.68895],[-106.39603,34.68972],[-106.3968,34.68962],[-106.39736,34.69077],[-106.39721,34.69195],[-106.39897,34.69144],[-106.39884,34.6921],[-106.39805,34.69223],[-106.39925,34.69268],[-106.39957,34.69363],[-106.39886,34.69406],[-106.39839,34.69539],[-106.40019,34.69828],[-106.39977,34.69899]]]},"bbox":[-106.40019,34.68805,-106.38936,34.69899]},{"type":"Feature","id":45713,"properties":{"y":2000,"n":"Stiver","ag":"USFS","ac":8.7,"c":14,"cl":"Unknown","ad":"2001-02-01","cd":"","st":"NM","se":4},"geometry":{"type":"Polygon","coordinates":[[[-107.79038,34.36449],[-107.79232,34.36275],[-107.79292,34.36321],[-107.79267,34.36513],[-107.79038,34.36449]]]},"bbox":[-107.79292,34.36275,-107.79038,34.36513]},{"type":"Feature","id":45714,"properties":{"y":2000,"n":"Wilson","ag":"USFS","ac":9.7,"c":14,"cl":"Unknown","ad":"2001-02-01","cd":"","st":"NM","se":4},"geometry":{"type":"Polygon","coordinates":[[[-107.37064,33.87145],[-107.37035,33.8727],[-107.36917,33.87285],[-107.36841,33.87241],[-107.36895,33.87095],[-107.36988,33.87076],[-107.37064,33.87145]]]},"bbox":[-107.37069,33.87076,-107.36841,33.87285]},{"type":"Feature","id":45715,"properties":{"y":2000,"n":"Rabbitear","ag":"USFS","ac":940.4,"c":14,"cl":"Unknown","ad":"2001-02-01","cd":"","st":"NM","se":4},"geometry":{"type":"Polygon","coordinates":[[[-103.1394,36.34584],[-103.13517,36.34835],[-103.13281,36.34912],[-103.12949,36.34912],[-103.12697,36.34805],[-103.12616,36.34638],[-103.12616,36.34043],[-103.12778,36.3377],[-103.12886,36.3368],[-103.12839,36.33588],[-103.12636,36.33476],[-103.12596,36.33384],[-103.12655,36.33007],[-103.13322,36.32628],[-103.13766,36.32687],[-103.1405,36.32645],[-103.14126,36.32704],[-103.14223,36.3282],[-103.14271,36.33164],[-103.14705,36.33663],[-103.14819,36.33911],[-103.148,36.34414],[-103.14649,36.34509],[-103.1394,36.34584]]]},"bbox":[-103.14825,36.32628,-103.12596,36.34912]},{"type":"Feature","id":45716,"properties":{"y":2000,"n":"K-37","ag":"USFS","ac":24.3,"c":14,"cl":"Unknown","ad":"2001-02-01","cd":"","st":"NM","se":4},"geometry":{"type":"Polygon","coordinates":[[[-103.2116,36.69114],[-103.21067,36.69019],[-103.21064,36.68921],[-103.21145,36.68845],[-103.21325,36.68823],[-103.21471,36.68935],[-103.2143,36.69088],[-103.2116,36.69114]]]},"bbox":[-103.21471,36.68813,-103.21064,36.69125]},{"type":"Feature","id":45717,"properties":{"y":2000,"n":"Allen","ag":"USFS","ac":427.7,"c":14,"cl":"Unknown","ad":"2001-02-01","cd":"","st":"NM","se":4},"geometry":{"type":"Polygon","coordinates":[[[-103.20061,36.45336],[-103.19973,36.45177],[-103.19986,36.44963],[-103.20429,36.44872],[-103.20719,36.44883],[-103.20758,36.4482],[-103.20643,36.44758],[-103.2064,36.44708],[-103.20699,36.44675],[-103.21085,36.44684],[-103.21204,36.44729],[-103.21282,36.44781],[-103.21307,36.44925],[-103.21562,36.4505],[-103.2162,36.45048],[-103.21577,36.44738],[-103.21641,36.44672],[-103.21766,36.44654],[-103.21844,36.44695],[-103.2185,36.4497],[-103.21994,36.45224],[-103.22004,36.45335],[-103.2193,36.45448],[-103.22042,36.45637],[-103.22036,36.45714],[-103.21928,36.45746],[-103.21546,36.45546],[-103.21466,36.45585],[-103.2149,36.45666],[-103.21451,36.45712],[-103.21367,36.45741],[-103.21102,36.45734],[-103.20834,36.45656],[-103.20489,36.45678],[-103.20332,36.4581],[-103.20098,36.4588],[-103.19981,36.4573],[-103.19981,36.45563],[-103.20054,36.4547],[-103.20061,36.45336]]]},"bbox":[-103.22042,36.44654,-103.19959,36.45884]},{"type":"Feature","id":45718,"properties":{"y":2000,"n":"Butt","ag":"USFS","ac":29.7,"c":14,"cl":"Unknown","ad":"2001-02-01","cd":"","st":"NM","se":4},"geometry":{"type":"Polygon","coordinates":[[[-103.18864,36.39196],[-103.18562,36.39111],[-103.18539,36.39008],[-103.18628,36.38851],[-103.18864,36.38822],[-103.18944,36.38997],[-103.18927,36.3916],[-103.18864,36.39196]]]},"bbox":[-103.18947,36.38812,-103.18529,36.39196]},{"type":"Feature","id":45719,"properties":{"y":2000,"n":"Kiowa 54","ag":"USFS","ac":177.0,"c":14,"cl":"Unknown","ad":"2001-02-01","cd":"","st":"NM","se":4},"geometry":{"type":"Polygon","coordinates":[[[-103.17358,36.63123],[-103.17523,36.63178],[-103.17654,36.63288],[-103.17788,36.63597],[-103.17746,36.63838],[-103.17482,36.63968],[-103.16997,36.63987],[-103.16887,36.63883],[-103.16758,36.63394],[-103.1686,36.63194],[-103.17043,36.63136],[-103.17358,36.63123]]]},"bbox":[-103.17788,36.63123,-103.16758,36.63988]},{"type":"Feature","id":45720,"properties":{"y":2011,"n":"Italian","ag":"USFS","ac":211.2,"c":14,"cl":"Unknown","ad":"2012-02-01","cd":"","st":"NM","se":4},"geometry":{"type":"Polygon","coordinates":[[[-107.14072,33.91785],[-107.14334,33.9182],[-107.14496,33.92098],[-107.14855,33.92364],[-107.14826,33.92473],[-107.14676,33.92551],[-107.14233,33.92625],[-107.13548,33.92446],[-107.13428,33.92372],[-107.13356,33.92059],[-107.13475,33.91928],[-107.13604,33.91891],[-107.13867,33.91943],[-107.14072,33.91785]]]},"bbox":[-107.1487,33.9177,-107.13354,33.92626]},{"type":"Feature","id":45721,"properties":{"y":2005,"n":"K-48","ag":"USFS","ac":134.9,"c":14,"cl":"Unknown","ad":"2006-02-01","cd":"","st":"NM","se":4},"geometry":{"type":"Polygon","coordinates":[[[-103.07179,36.55474],[-103.066,36.54774],[-103.07336,36.54775],[-103.07341,36.54058],[-103.07374,36.54058],[-103.07452,36.54402],[-103.07442,36.5452],[-103.07374,36.54588],[-103.07527,36.54585],[-103.07593,36.54849],[-103.07538,36.54939],[-103.07569,36.55036],[-103.07526,36.55431],[-103.07492,36.55473],[-103.07179,36.55474]]]},"bbox":[-103.07593,36.54058,-103.066,36.55474]},{"type":"Feature","id":45722,"properties":{"y":2005,"n":"Powerline","ag":"USFS","ac":49.4,"c":14,"cl":"Unknown","ad":"2006-02-01","cd":"","st":"NM","se":4},"geometry":{"type":"Polygon","coordinates":[[[-103.06618,36.54774],[-103.07145,36.55434],[-103.07104,36.55474],[-103.0691,36.55479],[-103.0674,36.55337],[-103.06429,36.54942],[-103.06433,36.54768],[-103.06618,36.54774]]]},"bbox":[-103.07145,36.54768,-103.06429,36.55479]},{"type":"Feature","id":45723,"properties":{"y":2005,"n":"Buffalo","ag":"USFS","ac":17.6,"c":14,"cl":"Unknown","ad":"2006-02-01","cd":"","st":"NM","se":4},"geometry":{"type":"Polygon","coordinates":[[[-102.79485,36.38046],[-102.79479,36.38395],[-102.7943,36.38391],[-102.79154,36.38055],[-102.79485,36.38046]]]},"bbox":[-102.79485,36.38046,-102.79154,36.38395]},{"type":"Feature","id":45724,"properties":{"y":2005,"n":"Ft. Wingate","ag":"USFS","ac":2.0,"c":14,"cl":"Unknown","ad":"2006-02-01","cd":"","st":"NM","se":4},"geometry":{"type":"Polygon","coordinates":[[[-108.57811,35.38978],[-108.57734,35.38977],[-108.57705,35.38907],[-108.57788,35.38886],[-108.57811,35.38978]]]},"bbox":[-108.57811,35.38886,-108.57697,35.38978]},{"type":"Feature","id":45725,"properties":{"y":2005,"n":"Checkerboard","ag":"USFS","ac":13.2,"c":14,"cl":"Unknown","ad":"2006-02-01","cd":"","st":"NM","se":4},"geometry":{"type":"Polygon","coordinates":[[[-107.37255,35.46647],[-107.37254,35.46782],[-107.37178,35.46835],[-107.37056,35.46838],[-107.36903,35.46749],[-107.3707,35.46638],[-107.37255,35.46647]]]},"bbox":[-107.37281,35.46638,-107.36903,35.46838]},{"type":"Feature","id":45726,"properties":{"y":2001,"n":"Diner","ag":"USFS","ac":16.6,"c":14,"cl":"Unknown","ad":"2002-02-01","cd":"","st":"NM","se":4},"geometry":{"type":"Polygon","coordinates":[[[-108.09712,35.1284],[-108.09758,35.12744],[-108.0987,35.12704],[-108.09984,35.12741],[-108.10033,35.12834],[-108.09989,35.12926],[-108.09878,35.12967],[-108.09763,35.12932],[-108.09712,35.1284]]]},"bbox":[-108.10033,35.12704,-108.09712,35.12967]},{"type":"Feature","id":45727,"properties":{"y":2001,"n":"Osha","ag":"USFS","ac":17.4,"c":14,"cl":"Unknown","ad":"2002-02-01","cd":"","st":"NM","se":4},"geometry":{"type":"Polygon","coordinates":[[[-107.54503,35.30697],[-107.54549,35.306],[-107.54664,35.30558],[-107.54782,35.30595],[-107.54833,35.30692],[-107.54786,35.30788],[-107.5467,35.30828],[-107.54553,35.30789],[-107.54503,35.30697]]]},"bbox":[-107.54833,35.30558,-107.54503,35.30828]},{"type":"Feature","id":45728,"properties":{"y":2001,"n":"Rice","ag":"USFS","ac":30.4,"c":14,"cl":"Unknown","ad":"2002-02-01","cd":"","st":"NM","se":4},"geometry":{"type":"Polygon","coordinates":[[[-108.28836,35.28157],[-108.28894,35.2803],[-108.2905,35.27973],[-108.29204,35.28023],[-108.2927,35.28149],[-108.29209,35.28275],[-108.29057,35.2833],[-108.28902,35.28279],[-108.28836,35.28157]]]},"bbox":[-108.2927,35.27973,-108.28836,35.2833]},{"type":"Feature","id":45729,"properties":{"y":2001,"n":"Cowboy","ag":"USFS","ac":25.2,"c":14,"cl":"Unknown","ad":"2002-02-01","cd":"","st":"NM","se":4},"geometry":{"type":"Polygon","coordinates":[[[-107.47352,33.81319],[-107.47371,33.81471],[-107.47331,33.81576],[-107.47159,33.81612],[-107.47014,33.81562],[-107.47013,33.81362],[-107.47164,33.81263],[-107.47352,33.81319]]]},"bbox":[-107.47371,33.81263,-107.47013,33.81612]},{"type":"Feature","id":45730,"properties":{"y":2001,"n":"Maverick","ag":"USFS","ac":20.0,"c":14,"cl":"Unknown","ad":"2002-02-01","cd":"","st":"NM","se":4},"geometry":{"type":"Polygon","coordinates":[[[-107.7754,34.2649],[-107.77774,34.26343],[-107.77856,34.26384],[-107.77863,34.26462],[-107.77687,34.26568],[-107.77574,34.26748],[-107.77462,34.26722],[-107.7754,34.2649]]]},"bbox":[-107.77863,34.26343,-107.77462,34.26748]},{"type":"Feature","id":45731,"properties":{"y":2011,"n":"Ridge","ag":"USFS","ac":41.2,"c":14,"cl":"Unknown","ad":"2012-02-01","cd":"","st":"NM","se":4},"geometry":{"type":"Polygon","coordinates":[[[-106.36245,34.72824],[-106.35874,34.72936],[-106.35857,34.72897],[-106.3597,34.72807],[-106.35962,34.7274],[-106.3603,34.72747],[-106.3608,34.72674],[-106.362,34.72635],[-106.36155,34.72581],[-106.36181,34.72554],[-106.36097,34.72517],[-106.3614,34.72451],[-106.36445,34.72547],[-106.36492,34.72699],[-106.36565,34.72672],[-106.36616,34.7277],[-106.36567,34.72835],[-106.36245,34.72824]]]},"bbox":[-106.36618,34.72451,-106.35857,34.72936]},{"type":"Feature","id":45733,"properties":{"y":1998,"n":"Jenkins","ag":"USFS","ac":20.4,"c":14,"cl":"Unknown","ad":"1999-02-01","cd":"","st":"NM","se":4},"geometry":{"type":"Polygon","coordinates":[[[-103.32899,36.49871],[-103.32768,36.49765],[-103.32801,36.49645],[-103.33064,36.49612],[-103.33163,36.49654],[-103.33139,36.49772],[-103.33066,36.4985],[-103.32899,36.49871]]]},"bbox":[-103.33163,36.4961,-103.32768,36.49871]},{"type":"Feature","id":45734,"properties":{"y":1998,"n":"K-34","ag":"USFS","ac":91.4,"c":14,"cl":"Unknown","ad":"1999-02-01","cd":"","st":"NM","se":4},"geometry":{"type":"Polygon","coordinates":[[[-103.05529,36.3626],[-103.0555,36.36107],[-103.05874,36.35918],[-103.06211,36.36013],[-103.06329,36.36225],[-103.06323,36.36327],[-103.06164,36.36418],[-103.05705,36.36562],[-103.05596,36.36503],[-103.05529,36.3626]]]},"bbox":[-103.06329,36.35918,-103.05519,36.36562]},{"type":"Feature","id":45735,"properties":{"y":1998,"n":"K-42","ag":"USFS","ac":332.4,"c":14,"cl":"Unknown","ad":"1999-02-01","cd":"","st":"NM","se":4},"geometry":{"type":"Polygon","coordinates":[[[-103.12128,36.47951],[-103.11991,36.48041],[-103.11814,36.48055],[-103.11329,36.47899],[-103.11108,36.47718],[-103.11124,36.47588],[-103.11178,36.47534],[-103.11111,36.47459],[-103.11187,36.47269],[-103.11173,36.47182],[-103.1097,36.47054],[-103.1091,36.46953],[-103.10944,36.46765],[-103.11313,36.46673],[-103.11835,36.46758],[-103.12091,36.46897],[-103.12313,36.47324],[-103.12294,36.4744],[-103.12137,36.47565],[-103.12128,36.47951]]]},"bbox":[-103.12313,36.46673,-103.1091,36.48055]},{"type":"Feature","id":45736,"properties":{"y":1998,"n":"Kornellie","ag":"USFS","ac":10.1,"c":14,"cl":"Unknown","ad":"1999-02-01","cd":"","st":"NM","se":4},"geometry":{"type":"Polygon","coordinates":[[[-103.12668,36.50286],[-103.12705,36.50208],[-103.12853,36.50205],[-103.12944,36.50267],[-103.12936,36.50359],[-103.12826,36.50408],[-103.12668,36.50286]]]},"bbox":[-103.12944,36.50205,-103.12668,36.50408]},{"type":"Feature","id":45737,"properties":{"y":1998,"n":"Tom James","ag":"USFS","ac":512.4,"c":14,"cl":"Unknown","ad":"1999-02-01","cd":"","st":"NM","se":4},"geometry":{"type":"Polygon","coordinates":[[[-103.06817,36.40016],[-103.07023,36.39877],[-103.0732,36.39992],[-103.07383,36.39965],[-103.08187,36.40186],[-103.08336,36.40317],[-103.0834,36.4078],[-103.0827,36.4093],[-103.0804,36.40951],[-103.08003,36.41039],[-103.08102,36.41418],[-103.08003,36.41511],[-103.07686,36.41578],[-103.075,36.41528],[-103.06958,36.41236],[-103.06803,36.41042],[-103.0663,36.40639],[-103.06661,36.40322],[-103.06817,36.40016]]]},"bbox":[-103.08345,36.39877,-103.0663,36.41578]},{"type":"Feature","id":45738,"properties":{"y":1999,"n":"Roberts","ag":"USFS","ac":178.3,"c":14,"cl":"Unknown","ad":"2000-02-01","cd":"","st":"NM","se":4},"geometry":{"type":"Polygon","coordinates":[[[-107.41878,33.6348],[-107.4167,33.63451],[-107.41457,33.63567],[-107.41405,33.6353],[-107.41316,33.63233],[-107.41359,33.62821],[-107.41281,33.6242],[-107.41622,33.6237],[-107.41891,33.62608],[-107.42066,33.63348],[-107.42045,33.63579],[-107.41924,33.63571],[-107.41878,33.6348]]]},"bbox":[-107.42066,33.62358,-107.41279,33.63579]},{"type":"Feature","id":45739,"properties":{"y":1999,"n":"Anderson","ag":"USFS","ac":133.6,"c":14,"cl":"Unknown","ad":"2000-02-01","cd":"","st":"NM","se":4},"geometry":{"type":"MultiPolygon","coordinates":[[[[-106.35655,34.69374],[-106.35529,34.69412],[-106.35473,34.69234],[-106.35658,34.69265],[-106.35725,34.694],[-106.35655,34.69374]]],[[[-106.36415,34.695],[-106.36016,34.69386],[-106.35844,34.69405],[-106.35782,34.69355],[-106.35797,34.6926],[-106.35706,34.69187],[-106.35667,34.69083],[-106.36034,34.6897],[-106.36084,34.69041],[-106.36383,34.69031],[-106.37275,34.69291],[-106.36971,34.6945],[-106.36415,34.695]]]]},"bbox":[-106.37275,34.6897,-106.35465,34.6951]},{"type":"Feature","id":45740,"properties":{"y":2001,"n":"Canadian","ag":"USFS","ac":10.7,"c":14,"cl":"Unknown","ad":"2002-02-01","cd":"","st":"NM","se":4},"geometry":{"type":"Polygon","coordinates":[[[-104.31958,35.90226],[-104.3182,35.90139],[-104.3183,35.90084],[-104.31931,35.90039],[-104.32134,35.9009],[-104.32136,35.90159],[-104.31958,35.90226]]]},"bbox":[-104.32136,35.90039,-104.3182,35.90226]},{"type":"Feature","id":45741,"properties":{"y":2001,"n":"Mestino Canyon","ag":"USFS","ac":300.5,"c":14,"cl":"Unknown","ad":"2002-02-01","cd":"","st":"NM","se":4},"geometry":{"type":"Polygon","coordinates":[[[-104.42263,36.03938],[-104.41843,36.03642],[-104.41807,36.03429],[-104.41699,36.03234],[-104.41931,36.02663],[-104.42096,36.02551],[-104.42256,36.02538],[-104.42492,36.0257],[-104.42634,36.0266],[-104.42889,36.03027],[-104.429,36.0324],[-104.42869,36.03458],[-104.42736,36.03711],[-104.42263,36.03938]]]},"bbox":[-104.429,36.02538,-104.41699,36.03938]},{"type":"Feature","id":45742,"properties":{"y":2002,"n":"Antelope","ag":"USFS","ac":9.8,"c":14,"cl":"Unknown","ad":"2003-02-01","cd":"","st":"NM","se":4},"geometry":{"type":"Polygon","coordinates":[[[-107.76251,34.31477],[-107.76269,34.31627],[-107.76195,34.31677],[-107.76115,34.31645],[-107.76049,34.31533],[-107.76069,34.31481],[-107.7613,34.31446],[-107.76251,34.31477]]]},"bbox":[-107.76281,34.31444,-107.76049,34.31677]},{"type":"Feature","id":45743,"properties":{"y":2002,"n":"Chavez","ag":"USFS","ac":29.7,"c":14,"cl":"Unknown","ad":"2003-02-01","cd":"","st":"NM","se":4},"geometry":{"type":"Polygon","coordinates":[[[-107.38684,33.88663],[-107.3838,33.8858],[-107.38384,33.88531],[-107.38461,33.8843],[-107.38615,33.88396],[-107.38648,33.88253],[-107.38831,33.88365],[-107.38833,33.88552],[-107.38781,33.88621],[-107.38684,33.88663]]]},"bbox":[-107.38836,33.88253,-107.3838,33.88663]},{"type":"Feature","id":45744,"properties":{"y":2002,"n":"Cigarette","ag":"USFS","ac":99.4,"c":14,"cl":"Unknown","ad":"2003-02-01","cd":"","st":"NM","se":4},"geometry":{"type":"Polygon","coordinates":[[[-107.32843,33.72396],[-107.3333,33.71432],[-107.33394,33.71398],[-107.33657,33.71476],[-107.33689,33.71532],[-107.33536,33.719],[-107.33531,33.72043],[-107.33141,33.72336],[-107.32843,33.72396]]]},"bbox":[-107.33689,33.71398,-107.32843,33.72397]},{"type":"Feature","id":45745,"properties":{"y":2002,"n":"Top","ag":"USFS","ac":37.9,"c":14,"cl":"Unknown","ad":"2003-02-01","cd":"","st":"NM","se":4},"geometry":{"type":"Polygon","coordinates":[[[-107.39852,34.2437],[-107.39756,34.24323],[-107.3954,34.24006],[-107.40074,34.24017],[-107.4015,34.24081],[-107.40093,34.24181],[-107.4014,34.24221],[-107.40048,34.24347],[-107.39852,34.2437]]]},"bbox":[-107.4015,34.23995,-107.3954,34.2437]},{"type":"Feature","id":45746,"properties":{"y":2003,"n":"107","ag":"USFS","ac":212.3,"c":14,"cl":"Unknown","ad":"2004-02-01","cd":"","st":"NM","se":4},"geometry":{"type":"Polygon","coordinates":[[[-107.27694,34.08367],[-107.28287,34.07833],[-107.28537,34.07729],[-107.28791,34.07762],[-107.28929,34.07874],[-107.29345,34.07926],[-107.29473,34.08019],[-107.29485,34.08095],[-107.29417,34.08156],[-107.2886,34.08271],[-107.28756,34.08466],[-107.28599,34.08543],[-107.28026,34.08538],[-107.27969,34.08462],[-107.27735,34.08423],[-107.27694,34.08367]]]},"bbox":[-107.29485,34.07729,-107.27694,34.08556]},{"type":"Feature","id":45747,"properties":{"y":2003,"n":"Antelope","ag":"USFS","ac":15.6,"c":14,"cl":"Unknown","ad":"2004-02-01","cd":"","st":"NM","se":4},"geometry":{"type":"Polygon","coordinates":[[[-107.77682,34.31684],[-107.77504,34.31743],[-107.77502,34.31598],[-107.77678,34.31381],[-107.77767,34.31393],[-107.77806,34.3145],[-107.77754,34.31581],[-107.77682,34.31684]]]},"bbox":[-107.77806,34.31381,-107.77486,34.31754]},{"type":"Feature","id":45748,"properties":{"y":2003,"n":"Blue Mountain","ag":"USFS","ac":20.6,"c":14,"cl":"Unknown","ad":"2004-02-01","cd":"","st":"NM","se":4},"geometry":{"type":"Polygon","coordinates":[[[-107.48268,33.59687],[-107.48158,33.59615],[-107.48084,33.59492],[-107.47914,33.59496],[-107.48089,33.59342],[-107.48341,33.59354],[-107.48319,33.59636],[-107.48268,33.59687]]]},"bbox":[-107.48343,33.59336,-107.47906,33.59687]},{"type":"Feature","id":45749,"properties":{"y":2003,"n":"Government","ag":"USFS","ac":123.4,"c":14,"cl":"Unknown","ad":"2004-02-01","cd":"","st":"NM","se":4},"geometry":{"type":"Polygon","coordinates":[[[-107.77876,34.26419],[-107.78039,34.26319],[-107.78033,34.2619],[-107.78123,34.26104],[-107.78373,34.26051],[-107.78525,34.25949],[-107.78905,34.26138],[-107.79025,34.26386],[-107.78998,34.2649],[-107.78865,34.26554],[-107.78851,34.26707],[-107.78731,34.26607],[-107.78385,34.2651],[-107.78096,34.26538],[-107.77876,34.26419]]]},"bbox":[-107.79025,34.25949,-107.77876,34.26707]},{"type":"Feature","id":45750,"properties":{"y":2003,"n":"Hidden","ag":"USFS","ac":40.8,"c":14,"cl":"Unknown","ad":"2004-02-01","cd":"","st":"NM","se":4},"geometry":{"type":"Polygon","coordinates":[[[-107.84343,34.29311],[-107.84594,34.29346],[-107.84672,34.29451],[-107.84516,34.29562],[-107.845,34.29804],[-107.84249,34.29782],[-107.84198,34.29611],[-107.84245,34.2943],[-107.84343,34.29311]]]},"bbox":[-107.84672,34.29305,-107.84198,34.29825]},{"type":"Feature","id":45751,"properties":{"y":2003,"n":"Maverick","ag":"USFS","ac":10.4,"c":14,"cl":"Unknown","ad":"2004-02-01","cd":"","st":"NM","se":4},"geometry":{"type":"Polygon","coordinates":[[[-107.47403,33.63971],[-107.47255,33.64021],[-107.4698,33.64017],[-107.46997,33.63922],[-107.47054,33.63886],[-107.47361,33.63929],[-107.47403,33.63971]]]},"bbox":[-107.47407,33.63886,-107.4698,33.6403]},{"type":"Feature","id":45752,"properties":{"y":1994,"n":"Prospects","ag":"USFS","ac":10.6,"c":14,"cl":"Unknown","ad":"1995-02-01","cd":"","st":"NM","se":4},"geometry":{"type":"Polygon","coordinates":[[[-107.22331,33.90354],[-107.22431,33.90274],[-107.22545,33.90321],[-107.22571,33.90415],[-107.22514,33.90474],[-107.22393,33.90489],[-107.22316,33.90441],[-107.22331,33.90354]]]},"bbox":[-107.22576,33.90274,-107.22316,33.9049]},{"type":"Feature","id":45753,"properties":{"y":1994,"n":"Sim","ag":"USFS","ac":84.6,"c":14,"cl":"Unknown","ad":"1995-02-01","cd":"","st":"NM","se":4},"geometry":{"type":"Polygon","coordinates":[[[-107.60606,33.64301],[-107.60138,33.64663],[-107.59952,33.64665],[-107.59646,33.64518],[-107.59711,33.64374],[-107.59779,33.64333],[-107.6043,33.64074],[-107.60559,33.64103],[-107.60628,33.64192],[-107.60606,33.64301]]]},"bbox":[-107.60628,33.64074,-107.59646,33.64672]},{"type":"Feature","id":45754,"properties":{"y":1994,"n":"Sixmile","ag":"USFS","ac":10.2,"c":14,"cl":"Unknown","ad":"1995-02-01","cd":"","st":"NM","se":4},"geometry":{"type":"Polygon","coordinates":[[[-107.15474,33.97522],[-107.15417,33.97457],[-107.15604,33.97335],[-107.15666,33.97366],[-107.15682,33.9754],[-107.15474,33.97522]]]},"bbox":[-107.1569,33.97335,-107.15417,33.97559]},{"type":"Feature","id":45755,"properties":{"y":1995,"n":"Log","ag":"USFS","ac":79.6,"c":14,"cl":"Unknown","ad":"1996-02-01","cd":"","st":"NM","se":4},"geometry":{"type":"Polygon","coordinates":[[[-106.45604,34.66064],[-106.45367,34.66342],[-106.45147,34.66492],[-106.45038,34.66515],[-106.44819,34.66456],[-106.4486,34.6614],[-106.45197,34.65946],[-106.4554,34.65901],[-106.45635,34.65969],[-106.45604,34.66064]]]},"bbox":[-106.45635,34.65901,-106.4481,34.66517]},{"type":"Feature","id":45756,"properties":{"y":1995,"n":"Ojo","ag":"USFS","ac":10.3,"c":14,"cl":"Unknown","ad":"1996-02-01","cd":"","st":"NM","se":4},"geometry":{"type":"Polygon","coordinates":[[[-106.40566,34.57247],[-106.40772,34.57284],[-106.40784,34.57368],[-106.40699,34.5745],[-106.40548,34.57428],[-106.40566,34.57247]]]},"bbox":[-106.40784,34.57243,-106.40539,34.5745]},{"type":"Feature","id":45757,"properties":{"y":1995,"n":"Turkey","ag":"USFS","ac":239.8,"c":14,"cl":"Unknown","ad":"1996-02-01","cd":"","st":"NM","se":4},"geometry":{"type":"Polygon","coordinates":[[[-105.79877,34.26919],[-105.79421,34.26725],[-105.79406,34.26512],[-105.79205,34.26491],[-105.79042,34.26184],[-105.79123,34.25937],[-105.79324,34.25634],[-105.79408,34.25345],[-105.79548,34.25272],[-105.79695,34.25304],[-105.79817,34.25536],[-105.79826,34.25777],[-105.79907,34.25904],[-105.79847,34.26199],[-105.79979,34.26747],[-105.79954,34.26899],[-105.79877,34.26919]]]},"bbox":[-105.7998,34.25272,-105.79042,34.26919]},{"type":"Feature","id":45758,"properties":{"y":1995,"n":"Cooney","ag":"USFS","ac":18.6,"c":14,"cl":"Unknown","ad":"1996-02-01","cd":"","st":"NM","se":4},"geometry":{"type":"Polygon","coordinates":[[[-107.45736,33.89693],[-107.45527,33.89798],[-107.45402,33.89762],[-107.45359,33.89676],[-107.45782,33.89479],[-107.45736,33.89693]]]},"bbox":[-107.45783,33.89475,-107.45359,33.89798]},{"type":"Feature","id":45759,"properties":{"y":1995,"n":"Hidden","ag":"USFS","ac":31.0,"c":14,"cl":"Unknown","ad":"1996-02-01","cd":"","st":"NM","se":4},"geometry":{"type":"Polygon","coordinates":[[[-107.7339,34.29492],[-107.73643,34.29388],[-107.73731,34.29397],[-107.73821,34.29492],[-107.73636,34.29712],[-107.73448,34.29817],[-107.73395,34.29804],[-107.7339,34.29492]]]},"bbox":[-107.73821,34.29388,-107.73373,34.29817]},{"type":"Feature","id":45760,"properties":{"y":1997,"n":"Rosedale","ag":"USFS","ac":12.9,"c":14,"cl":"Unknown","ad":"1998-02-01","cd":"","st":"NM","se":4},"geometry":{"type":"Polygon","coordinates":[[[-107.44655,33.7895],[-107.44595,33.79074],[-107.44467,33.79094],[-107.44362,33.79031],[-107.44366,33.78936],[-107.44467,33.78854],[-107.44655,33.7895]]]},"bbox":[-107.44655,33.78854,-107.44362,33.79094]},{"type":"Feature","id":45761,"properties":{"y":1997,"n":"Wildhorse","ag":"USFS","ac":291.2,"c":14,"cl":"Unknown","ad":"1998-02-01","cd":"","st":"NM","se":4},"geometry":{"type":"Polygon","coordinates":[[[-107.49483,33.57565],[-107.49294,33.57642],[-107.49248,33.57757],[-107.49075,33.57843],[-107.48489,33.57827],[-107.48241,33.57933],[-107.48082,33.57936],[-107.47885,33.58114],[-107.47712,33.58186],[-107.47668,33.58197],[-107.476,33.58115],[-107.4765,33.57931],[-107.47767,33.57819],[-107.47754,33.57567],[-107.47681,33.57486],[-107.47711,33.57408],[-107.48027,33.57342],[-107.48137,33.57367],[-107.48542,33.57176],[-107.48872,33.57233],[-107.49128,33.57219],[-107.49607,33.571],[-107.49632,33.57214],[-107.49483,33.57565]]]},"bbox":[-107.49641,33.57091,-107.476,33.58197]},{"type":"Feature","id":45762,"properties":{"y":1997,"n":"Kornelly","ag":"USFS","ac":262.6,"c":14,"cl":"Unknown","ad":"1998-02-01","cd":"","st":"NM","se":4},"geometry":{"type":"Polygon","coordinates":[[[-103.12474,36.51814],[-103.1242,36.52116],[-103.12362,36.5212],[-103.12266,36.52034],[-103.12042,36.52088],[-103.11606,36.52046],[-103.1143,36.51925],[-103.1119,36.51924],[-103.11147,36.51872],[-103.11163,36.51782],[-103.11347,36.51455],[-103.1115,36.5134],[-103.11141,36.51293],[-103.11408,36.51289],[-103.12048,36.51119],[-103.12369,36.51119],[-103.12593,36.51674],[-103.12598,36.51756],[-103.12474,36.51814]]]},"bbox":[-103.12598,36.51101,-103.11141,36.5212]},{"type":"Feature","id":45763,"properties":{"y":2000,"n":"Bisquit","ag":"USFS","ac":10.5,"c":14,"cl":"Unknown","ad":"2001-02-01","cd":"","st":"NM","se":4},"geometry":{"type":"Polygon","coordinates":[[[-108.31682,35.26752],[-108.31716,35.26677],[-108.31805,35.26644],[-108.31898,35.26674],[-108.31937,35.26747],[-108.31901,35.26822],[-108.31812,35.26854],[-108.31721,35.26824],[-108.31682,35.26752]]]},"bbox":[-108.31937,35.26644,-108.31682,35.26854]},{"type":"Feature","id":45764,"properties":{"y":1997,"n":"Cold","ag":"USFS","ac":10.7,"c":14,"cl":"Unknown","ad":"1998-02-01","cd":"","st":"NM","se":4},"geometry":{"type":"Polygon","coordinates":[[[-108.09289,35.09528],[-108.09324,35.09453],[-108.09414,35.09419],[-108.09506,35.09448],[-108.09546,35.09523],[-108.0951,35.09599],[-108.09422,35.0963],[-108.0933,35.09602],[-108.09289,35.09528]]]},"bbox":[-108.09546,35.09419,-108.09289,35.09631]},{"type":"Feature","id":45765,"properties":{"y":1997,"n":"Hines","ag":"USFS","ac":80.0,"c":14,"cl":"Unknown","ad":"1998-02-01","cd":"","st":"NM","se":4},"geometry":{"type":"Polygon","coordinates":[[[-103.33424,36.41682],[-103.33406,36.41574],[-103.33464,36.41504],[-103.33894,36.41327],[-103.33981,36.41341],[-103.34117,36.41475],[-103.34165,36.41667],[-103.34115,36.41824],[-103.33928,36.41888],[-103.33651,36.41885],[-103.33424,36.41682]]]},"bbox":[-103.34165,36.41327,-103.33406,36.4189]},{"type":"Feature","id":45766,"properties":{"y":1997,"n":"K-21","ag":"USFS","ac":855.7,"c":14,"cl":"Unknown","ad":"1998-02-01","cd":"","st":"NM","se":4},"geometry":{"type":"Polygon","coordinates":[[[-103.18252,36.30388],[-103.18329,36.29997],[-103.18426,36.2983],[-103.18548,36.29755],[-103.1867,36.29767],[-103.18738,36.30079],[-103.18822,36.30055],[-103.18929,36.2974],[-103.19092,36.29675],[-103.19288,36.29737],[-103.19339,36.30041],[-103.1938,36.30058],[-103.19444,36.30012],[-103.19551,36.29669],[-103.19728,36.29638],[-103.19892,36.29718],[-103.19959,36.30038],[-103.19907,36.30464],[-103.19666,36.30549],[-103.196,36.30691],[-103.19592,36.30796],[-103.19783,36.31095],[-103.19821,36.31268],[-103.19787,36.31613],[-103.19717,36.31714],[-103.19402,36.31802],[-103.1866,36.31664],[-103.18414,36.31479],[-103.17928,36.31332],[-103.17609,36.31154],[-103.17374,36.30948],[-103.17335,36.30804],[-103.17394,36.30725],[-103.17463,36.30671],[-103.18064,36.30529],[-103.18252,36.30388]]]},"bbox":[-103.19959,36.29638,-103.17335,36.31802]},{"type":"Feature","id":45767,"properties":{"y":1997,"n":"K-33","ag":"USFS","ac":83.0,"c":14,"cl":"Unknown","ad":"1998-02-01","cd":"","st":"NM","se":4},"geometry":{"type":"Polygon","coordinates":[[[-103.09755,36.36427],[-103.09561,36.36397],[-103.09508,36.36265],[-103.09491,36.35995],[-103.0955,36.35865],[-103.09904,36.35841],[-103.10074,36.35905],[-103.10213,36.36063],[-103.1024,36.36167],[-103.10171,36.3626],[-103.09755,36.36427]]]},"bbox":[-103.1024,36.35827,-103.09491,36.36427]},{"type":"Feature","id":45768,"properties":{"y":2000,"n":"San Juan","ag":"USFS","ac":12.0,"c":14,"cl":"Unknown","ad":"2001-02-01","cd":"","st":"NM","se":4},"geometry":{"type":"Polygon","coordinates":[[[-107.31671,33.65532],[-107.31408,33.65423],[-107.3137,33.6532],[-107.31616,33.65339],[-107.31671,33.65401],[-107.31671,33.65532]]]},"bbox":[-107.31679,33.65303,-107.31363,33.65532]},{"type":"Feature","id":45769,"properties":{"y":2000,"n":"Scott","ag":"USFS","ac":12.0,"c":14,"cl":"Unknown","ad":"2001-02-01","cd":"","st":"NM","se":4},"geometry":{"type":"Polygon","coordinates":[[[-107.31412,34.29291],[-107.31528,34.29347],[-107.31493,34.29432],[-107.3144,34.29501],[-107.31266,34.29504],[-107.31274,34.29354],[-107.31412,34.29291]]]},"bbox":[-107.31531,34.29289,-107.31243,34.29528]},{"type":"Feature","id":45770,"properties":{"y":2000,"n":"Bond","ag":"USFS","ac":40.6,"c":14,"cl":"Unknown","ad":"2001-02-01","cd":"","st":"NM","se":4},"geometry":{"type":"Polygon","coordinates":[[[-108.50051,35.167],[-108.50119,35.16553],[-108.50293,35.16487],[-108.50476,35.16545],[-108.50553,35.16689],[-108.50486,35.16834],[-108.50311,35.16899],[-108.50131,35.16844],[-108.50051,35.167]]]},"bbox":[-108.50553,35.16487,-108.50051,35.16899]},{"type":"Feature","id":45772,"properties":{"y":1996,"n":"Gallinas","ag":"USFS","ac":29.7,"c":14,"cl":"Unknown","ad":"1997-02-01","cd":"","st":"NM","se":4},"geometry":{"type":"Polygon","coordinates":[[[-105.80009,34.25053],[-105.80098,34.24916],[-105.80388,34.24887],[-105.80486,34.2495],[-105.80464,34.25114],[-105.80351,34.25184],[-105.80168,34.2519],[-105.80009,34.25053]]]},"bbox":[-105.8049,34.24887,-105.80006,34.25198]},{"type":"Feature","id":45773,"properties":{"y":1996,"n":"Placitas","ag":"USFS","ac":20.0,"c":14,"cl":"Unknown","ad":"1997-02-01","cd":"","st":"NM","se":4},"geometry":{"type":"Polygon","coordinates":[[[-106.4719,35.2552],[-106.46992,35.25556],[-106.46926,35.2552],[-106.46912,35.25358],[-106.47057,35.25268],[-106.47235,35.25345],[-106.47289,35.2543],[-106.4719,35.2552]]]},"bbox":[-106.47289,35.25268,-106.46892,35.25556]},{"type":"Feature","id":45774,"properties":{"y":1999,"n":"Antelope","ag":"USFS","ac":15.3,"c":14,"cl":"Unknown","ad":"2000-02-01","cd":"","st":"NM","se":4},"geometry":{"type":"Polygon","coordinates":[[[-105.7868,34.21864],[-105.78474,34.21822],[-105.78451,34.21709],[-105.78523,34.21617],[-105.78702,34.21638],[-105.78741,34.21807],[-105.7868,34.21864]]]},"bbox":[-105.78749,34.21611,-105.78451,34.21864]},{"type":"Feature","id":45775,"properties":{"y":1997,"n":"K-66","ag":"USFS","ac":72.4,"c":14,"cl":"Unknown","ad":"1998-02-01","cd":"","st":"NM","se":4},"geometry":{"type":"Polygon","coordinates":[[[-103.16767,36.67542],[-103.16958,36.67523],[-103.17132,36.67587],[-103.17203,36.67812],[-103.17167,36.67921],[-103.17072,36.68005],[-103.16822,36.68089],[-103.16673,36.68077],[-103.16589,36.67982],[-103.16522,36.67738],[-103.16604,36.67622],[-103.16767,36.67542]]]},"bbox":[-103.17203,36.67523,-103.16522,36.68089]},{"type":"Feature","id":45777,"properties":{"y":1999,"n":"Coffee Pot","ag":"USFS","ac":103.2,"c":14,"cl":"Unknown","ad":"2000-02-01","cd":"","st":"NM","se":4},"geometry":{"type":"Polygon","coordinates":[[[-107.28303,34.32958],[-107.27808,34.33047],[-107.27689,34.32964],[-107.2761,34.32874],[-107.27648,34.32741],[-107.27726,34.32545],[-107.2786,34.32417],[-107.28218,34.32399],[-107.28352,34.3247],[-107.28474,34.32651],[-107.28303,34.32958]]]},"bbox":[-107.28474,34.32399,-107.2761,34.33047]},{"type":"Feature","id":45778,"properties":{"y":1999,"n":"Box","ag":"USFS","ac":18.0,"c":14,"cl":"Unknown","ad":"2000-02-01","cd":"","st":"NM","se":4},"geometry":{"type":"Polygon","coordinates":[[[-107.51218,33.73279],[-107.51132,33.73249],[-107.51172,33.73082],[-107.51363,33.73019],[-107.5146,33.73033],[-107.51493,33.73086],[-107.51427,33.73227],[-107.51218,33.73279]]]},"bbox":[-107.51493,33.73019,-107.51129,33.7328]},{"type":"Feature","id":45779,"properties":{"y":1999,"n":"Booth","ag":"USFS","ac":275.3,"c":14,"cl":"Unknown","ad":"2000-02-01","cd":"","st":"NM","se":4},"geometry":{"type":"Polygon","coordinates":[[[-103.19135,36.50876],[-103.19071,36.51161],[-103.1878,36.51197],[-103.18694,36.51155],[-103.18649,36.51035],[-103.18545,36.51014],[-103.18487,36.51065],[-103.18278,36.50931],[-103.18102,36.50659],[-103.18093,36.50447],[-103.18178,36.50437],[-103.18699,36.50644],[-103.18824,36.50763],[-103.18962,36.50792],[-103.18931,36.50941],[-103.18995,36.5094],[-103.19053,36.50788],[-103.19017,36.50722],[-103.18907,36.50696],[-103.1875,36.50473],[-103.18599,36.50433],[-103.18405,36.50095],[-103.18611,36.49927],[-103.18832,36.49835],[-103.19222,36.50165],[-103.19261,36.50369],[-103.19356,36.5052],[-103.19453,36.5056],[-103.19381,36.50442],[-103.19406,36.50385],[-103.19842,36.50492],[-103.19957,36.50614],[-103.19958,36.5072],[-103.19707,36.50765],[-103.19401,36.50744],[-103.19135,36.50876]]]},"bbox":[-103.19962,36.49834,-103.18093,36.51197]},{"type":"Feature","id":45780,"properties":{"y":1999,"n":"Hollow","ag":"USFS","ac":10.6,"c":14,"cl":"Unknown","ad":"2000-02-01","cd":"","st":"NM","se":4},"geometry":{"type":"Polygon","coordinates":[[[-108.53275,35.18635],[-108.53309,35.1856],[-108.53398,35.18526],[-108.53491,35.18556],[-108.5353,35.18629],[-108.53494,35.18704],[-108.53405,35.18736],[-108.53314,35.18707],[-108.53275,35.18635]]]},"bbox":[-108.5353,35.18526,-108.53275,35.18736]},{"type":"Feature","id":45781,"properties":{"y":1999,"n":"Cowboy","ag":"USFS","ac":10.5,"c":14,"cl":"Unknown","ad":"2000-02-01","cd":"","st":"NM","se":4},"geometry":{"type":"Polygon","coordinates":[[[-107.47381,33.82562],[-107.47316,33.82526],[-107.47323,33.8237],[-107.47582,33.82345],[-107.47548,33.82447],[-107.47381,33.82562]]]},"bbox":[-107.47587,33.82336,-107.47314,33.82562]},{"type":"Feature","id":45782,"properties":{"y":2001,"n":"Supply","ag":"USFS","ac":72.4,"c":14,"cl":"Unknown","ad":"2002-02-01","cd":"","st":"NM","se":4},"geometry":{"type":"Polygon","coordinates":[[[-107.59039,33.91952],[-107.59002,33.92392],[-107.58913,33.92428],[-107.58607,33.9234],[-107.58436,33.92371],[-107.58336,33.92329],[-107.58303,33.92097],[-107.58812,33.91881],[-107.59039,33.91952]]]},"bbox":[-107.59039,33.91881,-107.58303,33.92428]},{"type":"Feature","id":45783,"properties":{"y":2001,"n":"Thompson","ag":"USFS","ac":18.7,"c":14,"cl":"Unknown","ad":"2002-02-01","cd":"","st":"NM","se":4},"geometry":{"type":"Polygon","coordinates":[[[-107.89931,34.19622],[-107.90242,34.19823],[-107.90201,34.19903],[-107.90151,34.19934],[-107.90011,34.19905],[-107.89919,34.19836],[-107.89835,34.19655],[-107.89931,34.19622]]]},"bbox":[-107.90242,34.19622,-107.89835,34.19934]},{"type":"Feature","id":45784,"properties":{"y":2001,"n":"Kettner","ag":"USFS","ac":12.2,"c":14,"cl":"Unknown","ad":"2002-02-01","cd":"","st":"NM","se":4},"geometry":{"type":"Polygon","coordinates":[[[-108.36312,35.24098],[-108.36493,35.24061],[-108.36577,35.24205],[-108.36498,35.24278],[-108.36351,35.24278],[-108.36302,35.24226],[-108.36312,35.24098]]]},"bbox":[-108.36577,35.24061,-108.36302,35.24278]},{"type":"Feature","id":45785,"properties":{"y":1997,"n":"Keith","ag":"USFS","ac":803.7,"c":14,"cl":"Unknown","ad":"1998-02-01","cd":"","st":"NM","se":4},"geometry":{"type":"Polygon","coordinates":[[[-103.2006,36.4239],[-103.19972,36.42321],[-103.19981,36.42087],[-103.20113,36.41878],[-103.20215,36.41807],[-103.20204,36.41697],[-103.20014,36.41553],[-103.20045,36.4136],[-103.20013,36.41196],[-103.19873,36.41129],[-103.1975,36.40952],[-103.19917,36.4079],[-103.20259,36.40879],[-103.20847,36.40878],[-103.21017,36.40814],[-103.21251,36.40867],[-103.21659,36.40738],[-103.21699,36.40762],[-103.21658,36.40963],[-103.2173,36.41017],[-103.22136,36.40953],[-103.22197,36.40994],[-103.22171,36.41053],[-103.21792,36.41179],[-103.21655,36.41283],[-103.2167,36.41334],[-103.21816,36.4138],[-103.21813,36.41498],[-103.21869,36.41546],[-103.21972,36.41534],[-103.22043,36.41597],[-103.21999,36.41753],[-103.22048,36.41765],[-103.22082,36.41878],[-103.22051,36.42176],[-103.21732,36.42593],[-103.21562,36.42657],[-103.21238,36.4254],[-103.20546,36.42414],[-103.20381,36.42669],[-103.20184,36.42521],[-103.20248,36.42509],[-103.20256,36.42387],[-103.2006,36.4239]]]},"bbox":[-103.22197,36.40738,-103.1975,36.42669]},{"type":"Feature","id":45786,"properties":{"y":2000,"n":"Escondido","ag":"USFS","ac":14.8,"c":14,"cl":"Unknown","ad":"2001-02-01","cd":"","st":"NM","se":4},"geometry":{"type":"Polygon","coordinates":[[[-107.34984,35.50029],[-107.35026,35.4994],[-107.35135,35.49902],[-107.35243,35.49937],[-107.35288,35.50025],[-107.35246,35.50112],[-107.3514,35.5015],[-107.35031,35.50116],[-107.34984,35.50029]]]},"bbox":[-107.35288,35.49902,-107.34984,35.5015]},{"type":"Feature","id":45787,"properties":{"y":2000,"n":"Gorge","ag":"USFS","ac":204.2,"c":14,"cl":"Unknown","ad":"2001-02-01","cd":"","st":"NM","se":4},"geometry":{"type":"Polygon","coordinates":[[[-107.32579,33.6199],[-107.33065,33.61934],[-107.33244,33.62032],[-107.33573,33.62014],[-107.3362,33.62052],[-107.3361,33.6218],[-107.3352,33.62283],[-107.33386,33.62297],[-107.33028,33.62223],[-107.32903,33.62287],[-107.32701,33.62558],[-107.32317,33.62589],[-107.3219,33.62553],[-107.31982,33.62386],[-107.31761,33.61959],[-107.31792,33.61877],[-107.31893,33.61847],[-107.32579,33.6199]]]},"bbox":[-107.33627,33.61847,-107.31761,33.62589]},{"type":"Feature","id":45788,"properties":{"y":2000,"n":"Indian Creek","ag":"USFS","ac":10.7,"c":14,"cl":"Unknown","ad":"2001-02-01","cd":"","st":"NM","se":4},"geometry":{"type":"Polygon","coordinates":[[[-107.4693,33.75855],[-107.46977,33.75904],[-107.46943,33.76042],[-107.46822,33.76121],[-107.46715,33.76076],[-107.46843,33.75877],[-107.4693,33.75855]]]},"bbox":[-107.46977,33.75844,-107.46715,33.76121]},{"type":"Feature","id":45789,"properties":{"y":2000,"n":"Mateo","ag":"USFS","ac":9.4,"c":14,"cl":"Unknown","ad":"2001-02-01","cd":"","st":"NM","se":4},"geometry":{"type":"Polygon","coordinates":[[[-107.51208,33.61147],[-107.51325,33.61227],[-107.51328,33.61448],[-107.51218,33.61435],[-107.51157,33.61213],[-107.51208,33.61147]]]},"bbox":[-107.51335,33.61141,-107.51157,33.61459]},{"type":"Feature","id":45790,"properties":{"y":2000,"n":"Pine","ag":"USFS","ac":34.3,"c":14,"cl":"Unknown","ad":"2001-02-01","cd":"","st":"NM","se":4},"geometry":{"type":"Polygon","coordinates":[[[-107.33634,33.61923],[-107.333,33.61947],[-107.33179,33.6151],[-107.33305,33.61509],[-107.33489,33.6172],[-107.33734,33.61899],[-107.33788,33.61891],[-107.33729,33.61982],[-107.33634,33.61923]]]},"bbox":[-107.33788,33.61509,-107.33179,33.61982]},{"type":"Feature","id":45791,"properties":{"y":1999,"n":"Campsey","ag":"USFS","ac":40.0,"c":14,"cl":"Unknown","ad":"2000-02-01","cd":"","st":"NM","se":4},"geometry":{"type":"Polygon","coordinates":[[[-103.17652,36.28206],[-103.17884,36.28213],[-103.18029,36.28301],[-103.18099,36.28437],[-103.18053,36.2853],[-103.17865,36.28603],[-103.17703,36.2859],[-103.17602,36.2847],[-103.17604,36.28262],[-103.17652,36.28206]]]},"bbox":[-103.18099,36.2819,-103.17595,36.28603]},{"type":"Feature","id":45792,"properties":{"y":1999,"n":"Pucket","ag":"USFS","ac":300.6,"c":14,"cl":"Unknown","ad":"2000-02-01","cd":"","st":"NM","se":4},"geometry":{"type":"Polygon","coordinates":[[[-103.11242,36.44514],[-103.10967,36.44269],[-103.10845,36.44004],[-103.10809,36.43809],[-103.10838,36.43639],[-103.10903,36.43513],[-103.11228,36.43398],[-103.11394,36.43374],[-103.11764,36.43427],[-103.12083,36.43736],[-103.12104,36.44083],[-103.1205,36.44211],[-103.11919,36.44398],[-103.11699,36.44588],[-103.11562,36.44633],[-103.11242,36.44514]]]},"bbox":[-103.12104,36.43374,-103.10809,36.44633]},{"type":"Feature","id":45793,"properties":{"y":1999,"n":"Stiver","ag":"USFS","ac":48.8,"c":14,"cl":"Unknown","ad":"2000-02-01","cd":"","st":"NM","se":4},"geometry":{"type":"Polygon","coordinates":[[[-107.8194,34.30816],[-107.81773,34.30762],[-107.81687,34.30659],[-107.8196,34.30474],[-107.82033,34.30356],[-107.8219,34.30326],[-107.82299,34.30366],[-107.82266,34.30704],[-107.82137,34.30807],[-107.8194,34.30816]]]},"bbox":[-107.82306,34.30326,-107.81687,34.30816]},{"type":"Feature","id":45796,"properties":{"y":2015,"n":"East Thompson Grove","ag":"USFS","ac":83.2,"c":14,"cl":"Unknown","ad":"2016-02-01","cd":"","st":"NM","se":4},"geometry":{"type":"Polygon","coordinates":[[[-102.80094,36.41855],[-102.80001,36.41713],[-102.80078,36.41672],[-102.80475,36.41864],[-102.80505,36.41954],[-102.80464,36.42134],[-102.8035,36.423],[-102.79869,36.42513],[-102.79813,36.42464],[-102.79854,36.42242],[-102.79973,36.41989],[-102.80094,36.41855]]]},"bbox":[-102.80505,36.41672,-102.79813,36.42513]},{"type":"Feature","id":45800,"properties":{"y":1995,"n":"Madre","ag":"USFS","ac":19.5,"c":14,"cl":"Unknown","ad":"1996-02-01","cd":"","st":"NM","se":4},"geometry":{"type":"Polygon","coordinates":[[[-107.90893,34.29438],[-107.91285,34.29384],[-107.91135,34.29651],[-107.91065,34.29661],[-107.9085,34.29548],[-107.90893,34.29438]]]},"bbox":[-107.91286,34.29376,-107.90842,34.29666]},{"type":"Feature","id":45804,"properties":{"y":1996,"n":"Capilla","ag":"USFS","ac":29.3,"c":14,"cl":"Unknown","ad":"1997-02-01","cd":"","st":"NM","se":4},"geometry":{"type":"Polygon","coordinates":[[[-106.40455,34.66114],[-106.40408,34.65929],[-106.40538,34.65828],[-106.40576,34.65721],[-106.40634,34.6572],[-106.40693,34.65853],[-106.40665,34.65954],[-106.40755,34.66074],[-106.40787,34.66213],[-106.40648,34.66227],[-106.40455,34.66114]]]},"bbox":[-106.40798,34.6571,-106.40407,34.66242]},{"type":"Feature","id":45807,"properties":{"y":1994,"n":"Vega","ag":"USFS","ac":847.7,"c":14,"cl":"Unknown","ad":"1995-02-01","cd":"","st":"NM","se":4},"geometry":{"type":"Polygon","coordinates":[[[-105.65604,34.26555],[-105.65395,34.26601],[-105.64958,34.26507],[-105.64178,34.26051],[-105.63831,34.26095],[-105.6379,34.25853],[-105.63662,34.25735],[-105.63804,34.25575],[-105.63725,34.25447],[-105.63859,34.25272],[-105.63929,34.25024],[-105.64277,34.24779],[-105.64481,34.24739],[-105.64757,34.25036],[-105.65245,34.25171],[-105.65802,34.25165],[-105.66222,34.25025],[-105.66632,34.2513],[-105.67265,34.25055],[-105.67497,34.25143],[-105.67502,34.25255],[-105.67437,34.25381],[-105.67225,34.25404],[-105.6704,34.25484],[-105.66742,34.25919],[-105.66623,34.25998],[-105.66423,34.26031],[-105.66067,34.25985],[-105.65009,34.25625],[-105.64804,34.25607],[-105.64681,34.25652],[-105.64639,34.25752],[-105.64682,34.25813],[-105.6497,34.26039],[-105.65199,34.26147],[-105.65609,34.26247],[-105.6573,34.26343],[-105.65727,34.26474],[-105.65604,34.26555]]]},"bbox":[-105.67502,34.24739,-105.63662,34.26601]},{"type":"Feature","id":45808,"properties":{"y":1996,"n":"Timber","ag":"USFS","ac":79.2,"c":14,"cl":"Unknown","ad":"1997-02-01","cd":"","st":"NM","se":4},"geometry":{"type":"Polygon","coordinates":[[[-108.3902,35.22662],[-108.39114,35.22456],[-108.39359,35.22365],[-108.39614,35.22445],[-108.39721,35.22647],[-108.39627,35.22848],[-108.39383,35.2294],[-108.39131,35.22862],[-108.3902,35.22662]]]},"bbox":[-108.39721,35.22364,-108.3902,35.2294]},{"type":"Feature","id":45809,"properties":{"y":1996,"n":"Cook","ag":"USFS","ac":85.0,"c":14,"cl":"Unknown","ad":"1997-02-01","cd":"","st":"NM","se":4},"geometry":{"type":"Polygon","coordinates":[[[-107.47959,33.60384],[-107.47748,33.60339],[-107.47653,33.60136],[-107.47648,33.59974],[-107.47762,33.59793],[-107.4792,33.59723],[-107.48094,33.59732],[-107.48261,33.59812],[-107.4834,33.59985],[-107.48294,33.60119],[-107.47959,33.60384]]]},"bbox":[-107.4834,33.59723,-107.47648,33.60384]},{"type":"Feature","id":45810,"properties":{"y":1996,"n":"K-147","ag":"USFS","ac":60.4,"c":14,"cl":"Unknown","ad":"1997-02-01","cd":"","st":"NM","se":4},"geometry":{"type":"Polygon","coordinates":[[[-103.13756,36.44894],[-103.13707,36.44695],[-103.13801,36.44537],[-103.14024,36.44492],[-103.14183,36.44543],[-103.14307,36.44718],[-103.14318,36.44824],[-103.14252,36.44918],[-103.14081,36.45032],[-103.13864,36.44996],[-103.13756,36.44894]]]},"bbox":[-103.14318,36.44492,-103.13707,36.45032]},{"type":"Feature","id":45811,"properties":{"y":1996,"n":"K-44","ag":"USFS","ac":188.9,"c":14,"cl":"Unknown","ad":"1997-02-01","cd":"","st":"NM","se":4},"geometry":{"type":"Polygon","coordinates":[[[-103.02191,36.50052],[-103.02463,36.50044],[-103.03274,36.50243],[-103.03317,36.50409],[-103.02791,36.5086],[-103.02158,36.50713],[-103.02044,36.50551],[-103.02036,36.50112],[-103.02191,36.50052]]]},"bbox":[-103.03331,36.50044,-103.02028,36.50862]},{"type":"Feature","id":45812,"properties":{"y":1996,"n":"K-61","ag":"USFS","ac":26.9,"c":14,"cl":"Unknown","ad":"1997-02-01","cd":"","st":"NM","se":4},"geometry":{"type":"Polygon","coordinates":[[[-103.20418,36.67967],[-103.2046,36.67817],[-103.20633,36.67774],[-103.20734,36.67804],[-103.20825,36.67995],[-103.20773,36.68094],[-103.20642,36.68126],[-103.20482,36.68075],[-103.20418,36.67967]]]},"bbox":[-103.20825,36.67774,-103.20418,36.68126]},{"type":"Feature","id":45813,"properties":{"y":1996,"n":"Ken","ag":"USFS","ac":450.4,"c":14,"cl":"Unknown","ad":"1997-02-01","cd":"","st":"NM","se":4},"geometry":{"type":"Polygon","coordinates":[[[-103.21029,36.32654],[-103.20805,36.32655],[-103.20702,36.32607],[-103.20534,36.32402],[-103.2026,36.32309],[-103.20116,36.3221],[-103.20036,36.3204],[-103.20103,36.31872],[-103.2022,36.31764],[-103.20611,36.31558],[-103.20845,36.31368],[-103.21111,36.3129],[-103.21566,36.31425],[-103.21646,36.31701],[-103.2164,36.3195],[-103.21798,36.32133],[-103.21757,36.32547],[-103.21576,36.32845],[-103.21316,36.32899],[-103.21156,36.32829],[-103.21029,36.32654]]]},"bbox":[-103.21798,36.3129,-103.20036,36.32899]},{"type":"Feature","id":45814,"properties":{"y":1994,"n":"Sawyer","ag":"USFS","ac":20.6,"c":14,"cl":"Unknown","ad":"1995-02-01","cd":"","st":"NM","se":4},"geometry":{"type":"Polygon","coordinates":[[[-108.2502,35.16735],[-108.25068,35.1663],[-108.25193,35.16584],[-108.25323,35.16625],[-108.25377,35.16728],[-108.25327,35.16833],[-108.25204,35.16877],[-108.25076,35.16838],[-108.2502,35.16735]]]},"bbox":[-108.25377,35.16584,-108.2502,35.16877]},{"type":"Feature","id":45815,"properties":{"y":2012,"n":"August Night","ag":"USFS","ac":10.2,"c":14,"cl":"Unknown","ad":"2013-02-01","cd":"","st":"NM","se":4},"geometry":{"type":"Polygon","coordinates":[[[-107.56077,35.32833],[-107.55959,35.32836],[-107.55907,35.32721],[-107.55937,35.32638],[-107.55904,35.32627],[-107.5598,35.3264],[-107.56017,35.32579],[-107.56055,35.32628],[-107.56114,35.32617],[-107.56146,35.32695],[-107.56077,35.32833]]]},"bbox":[-107.56146,35.32579,-107.55904,35.32839]},{"type":"Feature","id":45816,"properties":{"y":2013,"n":"Teepee","ag":"USFS","ac":23.7,"c":14,"cl":"Unknown","ad":"2014-02-01","cd":"","st":"NM","se":4},"geometry":{"type":"Polygon","coordinates":[[[-107.42505,33.67132],[-107.42727,33.67267],[-107.42652,33.67338],[-107.42454,33.6738],[-107.42159,33.6738],[-107.42339,33.67173],[-107.42505,33.67132]]]},"bbox":[-107.42727,33.67132,-107.42159,33.67399]},{"type":"Feature","id":45817,"properties":{"y":2014,"n":"Wagon Wheel","ag":"USFS","ac":243.0,"c":14,"cl":"Unknown","ad":"2015-02-01","cd":"","st":"NM","se":4},"geometry":{"type":"Polygon","coordinates":[[[-99.55986,35.7549],[-99.56117,35.75814],[-99.56002,35.75804],[-99.5607,35.7619],[-99.56432,35.76883],[-99.56297,35.76855],[-99.56286,35.76921],[-99.56382,35.77014],[-99.56455,35.77234],[-99.56288,35.76999],[-99.5617,35.77021],[-99.55995,35.77191],[-99.5588,35.77091],[-99.55909,35.77253],[-99.56008,35.77308],[-99.56056,35.77404],[-99.56016,35.7748],[-99.5575,35.77485],[-99.55556,35.77348],[-99.55745,35.77163],[-99.55781,35.77037],[-99.55569,35.76949],[-99.55589,35.76168],[-99.55612,35.7603],[-99.55714,35.75929],[-99.55693,35.75729],[-99.55773,35.75555],[-99.55891,35.75421],[-99.55986,35.7549]]]},"bbox":[-99.56455,35.75421,-99.55549,35.77488]},{"type":"Feature","id":45818,"properties":{"y":2014,"n":"Unit 55","ag":"USFS","ac":35.0,"c":14,"cl":"Unknown","ad":"2015-02-01","cd":"","st":"NM","se":4},"geometry":{"type":"Polygon","coordinates":[[[-99.98345,35.66829],[-99.98369,35.66928],[-99.98461,35.66932],[-99.98526,35.6735],[-99.98454,35.67364],[-99.9845,35.67596],[-99.98337,35.67608],[-99.98251,35.67023],[-99.98271,35.66829],[-99.98345,35.66829]]]},"bbox":[-99.98526,35.66829,-99.98251,35.67608]},{"type":"Feature","id":45819,"properties":{"y":2014,"n":"Unit 44","ag":"USFS","ac":66.6,"c":14,"cl":"Unknown","ad":"2015-02-01","cd":"","st":"NM","se":4},"geometry":{"type":"Polygon","coordinates":[[[-99.96988,35.70442],[-99.96992,35.69719],[-99.97318,35.69721],[-99.97355,35.70116],[-99.97449,35.70236],[-99.97349,35.70341],[-99.97373,35.70444],[-99.96988,35.70442]]]},"bbox":[-99.97449,35.69719,-99.96988,35.70444]},{"type":"Feature","id":45820,"properties":{"y":2014,"n":"Quail","ag":"USFS","ac":21.8,"c":14,"cl":"Unknown","ad":"2014-07-14","cd":"","st":"NM","se":4},"geometry":{"type":"Polygon","coordinates":[[[-107.13175,34.09098],[-107.12921,34.09082],[-107.12955,34.09025],[-107.13226,34.08962],[-107.13371,34.08874],[-107.13518,34.08855],[-107.13659,34.08935],[-107.13601,34.08985],[-107.13474,34.08969],[-107.13392,34.0901],[-107.13489,34.0903],[-107.13175,34.09098]]]},"bbox":[-107.1366,34.08855,-107.12921,34.09104]},{"type":"Feature","id":45821,"properties":{"y":2014,"n":"Mills Canyon","ag":"USFS","ac":104.2,"c":14,"cl":"Unknown","ad":"2015-02-01","cd":"","st":"NM","se":4},"geometry":{"type":"Polygon","coordinates":[[[-104.37728,36.06685],[-104.3793,36.0698],[-104.37838,36.071],[-104.37209,36.06917],[-104.36514,36.07098],[-104.36182,36.07557],[-104.36107,36.07529],[-104.36167,36.07329],[-104.3609,36.07243],[-104.36307,36.0712],[-104.36329,36.07034],[-104.36586,36.06937],[-104.36779,36.0694],[-104.37226,36.06674],[-104.37728,36.06685]]]},"bbox":[-104.3793,36.06656,-104.3609,36.07557]},{"type":"Feature","id":45832,"properties":{"y":1996,"n":"Mcgaffey","ag":"USFS","ac":25.0,"c":14,"cl":"Unknown","ad":"1997-02-01","cd":"","st":"NM","se":4},"geometry":{"type":"Polygon","coordinates":[[[-108.51415,35.37124],[-108.51391,35.37029],[-108.51444,35.369],[-108.51642,35.3687],[-108.51741,35.36923],[-108.5178,35.37022],[-108.51737,35.37158],[-108.5152,35.372],[-108.51415,35.37124]]]},"bbox":[-108.5178,35.3687,-108.51391,35.372]},{"type":"Feature","id":45833,"properties":{"y":1978,"n":"Lobo","ag":"USFS","ac":20.8,"c":14,"cl":"Unknown","ad":"1994-02-01","cd":"","st":"NM","se":4},"geometry":{"type":"Polygon","coordinates":[[[-107.65211,35.22736],[-107.65261,35.22631],[-107.65386,35.22585],[-107.65517,35.22627],[-107.65571,35.22731],[-107.65522,35.22834],[-107.65396,35.2288],[-107.65267,35.22839],[-107.65211,35.22736]]]},"bbox":[-107.65571,35.22585,-107.65211,35.2288]},{"type":"Feature","id":45834,"properties":{"y":1996,"n":"Monica","ag":"USFS","ac":24.8,"c":14,"cl":"Unknown","ad":"1997-02-01","cd":"","st":"NM","se":4},"geometry":{"type":"Polygon","coordinates":[[[-107.50173,33.96131],[-107.50351,33.9606],[-107.50427,33.96074],[-107.50555,33.96221],[-107.50525,33.96325],[-107.50441,33.96382],[-107.50304,33.9638],[-107.50193,33.96312],[-107.50173,33.96131]]]},"bbox":[-107.50555,33.9606,-107.50157,33.96382]},{"type":"Feature","id":45835,"properties":{"y":1994,"n":"Sedgwick","ag":"USFS","ac":11.1,"c":14,"cl":"Unknown","ad":"1995-02-01","cd":"","st":"NM","se":4},"geometry":{"type":"Polygon","coordinates":[[[-108.04247,35.15668],[-108.04283,35.15591],[-108.04376,35.15557],[-108.04469,35.15588],[-108.04509,35.15663],[-108.04473,35.15738],[-108.04382,35.15772],[-108.04288,35.15743],[-108.04247,35.15668]]]},"bbox":[-108.04509,35.15557,-108.04247,35.15772]},{"type":"Feature","id":45844,"properties":{"y":2022,"n":"La Mosca","ag":"USFS","ac":37.7,"c":14,"cl":"Unknown","ad":"2022-09-19","cd":"","st":"NM","se":3},"geometry":{"type":"Polygon","coordinates":[[[-107.59634,35.25037],[-107.5969,35.25038],[-107.59747,35.25112],[-107.59795,35.24909],[-107.59899,35.24835],[-107.5998,35.24935],[-107.60041,35.25185],[-107.59978,35.25157],[-107.59962,35.25268],[-107.5985,35.25236],[-107.59926,35.25372],[-107.59807,35.25519],[-107.59727,35.25497],[-107.59675,35.25279],[-107.59736,35.25215],[-107.59654,35.25211],[-107.59606,35.25112],[-107.59634,35.25037]]]},"bbox":[-107.60041,35.24835,-107.59606,35.25524]},{"type":"Feature","id":45846,"properties":{"y":2023,"n":"Mill","ag":"USFS","ac":590.2,"c":14,"cl":"Unknown","ad":"2023-09-13","cd":"","st":"NM","se":3},"geometry":{"type":"Polygon","coordinates":[[[-107.30073,33.93195],[-107.30174,33.93542],[-107.29915,33.93772],[-107.29674,33.93835],[-107.295,33.94098],[-107.29095,33.94072],[-107.28669,33.93902],[-107.28611,33.93748],[-107.28651,33.93514],[-107.28372,33.9334],[-107.28343,33.93068],[-107.28393,33.9301],[-107.286,33.93094],[-107.28685,33.93073],[-107.2867,33.92993],[-107.28746,33.92975],[-107.28739,33.92863],[-107.28632,33.92796],[-107.28691,33.92528],[-107.28782,33.92478],[-107.28905,33.92548],[-107.28977,33.92514],[-107.28889,33.9228],[-107.28908,33.92141],[-107.2901,33.92031],[-107.29102,33.92018],[-107.29509,33.92205],[-107.29716,33.92348],[-107.29865,33.92534],[-107.29902,33.92852],[-107.29835,33.9305],[-107.30073,33.93195]]]},"bbox":[-107.30187,33.92018,-107.28333,33.94098]},{"type":"Feature","id":45847,"properties":{"y":2024,"n":"Dry Canyon","ag":"USFS","ac":19.8,"c":14,"cl":"Unknown","ad":"2024-06-29","cd":"","st":"NM","se":2},"geometry":{"type":"Polygon","coordinates":[[[-107.42583,33.87999],[-107.42506,33.88023],[-107.42446,33.87963],[-107.42386,33.87983],[-107.42405,33.87932],[-107.42376,33.87967],[-107.4231,33.87823],[-107.42355,33.87802],[-107.42319,33.87745],[-107.42365,33.87675],[-107.42409,33.87744],[-107.42485,33.87701],[-107.42509,33.87736],[-107.42671,33.87716],[-107.42621,33.87826],[-107.42696,33.87861],[-107.42583,33.87999]]]},"bbox":[-107.42696,33.87673,-107.4231,33.88023]},{"type":"Feature","id":45849,"properties":{"y":2024,"n":"K37","ag":"USFS","ac":14.2,"c":14,"cl":"Unknown","ad":"2024-05-01","cd":"","st":"NM","se":1},"geometry":{"type":"Polygon","coordinates":[[[-103.10977,36.41244],[-103.11173,36.41127],[-103.11298,36.41124],[-103.11374,36.41043],[-103.11471,36.41057],[-103.11386,36.41263],[-103.10977,36.41244]]]},"bbox":[-103.11471,36.41037,-103.10977,36.41264]},{"type":"Feature","id":45850,"properties":{"y":2024,"n":"Sim Yaten","ag":"USFS","ac":75.5,"c":14,"cl":"Unknown","ad":"2024-09-26","cd":"","st":"NM","se":3},"geometry":{"type":"Polygon","coordinates":[[[-107.56197,33.65127],[-107.56245,33.64952],[-107.56618,33.64759],[-107.56842,33.64539],[-107.57022,33.64561],[-107.57056,33.64624],[-107.56949,33.64724],[-107.56273,33.65185],[-107.56053,33.654],[-107.55409,33.66175],[-107.55246,33.66233],[-107.55239,33.66164],[-107.55423,33.66061],[-107.55488,33.65912],[-107.55695,33.65712],[-107.55708,33.65643],[-107.55884,33.65543],[-107.55899,33.6548],[-107.56134,33.65284],[-107.56132,33.65148],[-107.56197,33.65127]]]},"bbox":[-107.57056,33.64539,-107.55239,33.66239]},{"type":"Feature","id":45851,"properties":{"y":2024,"n":"Cottonwood Creek","ag":"USFS","ac":37.7,"c":14,"cl":"Unknown","ad":"2024-07-22","cd":"","st":"NM","se":2},"geometry":{"type":"Polygon","coordinates":[[[-108.34867,35.31301],[-108.34888,35.31232],[-108.34698,35.3125],[-108.34735,35.31162],[-108.34792,35.31158],[-108.34784,35.31094],[-108.34954,35.31033],[-108.35048,35.30908],[-108.35165,35.30956],[-108.35259,35.30893],[-108.35311,35.30912],[-108.35367,35.30827],[-108.35394,35.30829],[-108.35361,35.30932],[-108.35206,35.31048],[-108.35307,35.31063],[-108.35294,35.31108],[-108.35348,35.31121],[-108.35287,35.31257],[-108.35183,35.31239],[-108.35171,35.31298],[-108.35162,35.31235],[-108.35097,35.31214],[-108.35031,35.31255],[-108.34996,35.31216],[-108.34867,35.31301]]]},"bbox":[-108.35401,35.30827,-108.34695,35.31302]},{"type":"Feature","id":45852,"properties":{"y":2019,"n":"Roaring","ag":"USFS","ac":401.0,"c":14,"cl":"Unknown","ad":"2019-06-27","cd":"","st":"NM","se":2},"geometry":{"type":"Polygon","coordinates":[[[-108.99491,33.89168],[-108.99764,33.894],[-108.99792,33.89583],[-108.99869,33.89671],[-108.99873,33.89834],[-109.00124,33.89907],[-108.99708,33.90074],[-108.99602,33.90259],[-108.99408,33.90357],[-108.99304,33.90471],[-108.9885,33.90167],[-108.98788,33.8989],[-108.98394,33.89794],[-108.98545,33.89602],[-108.98528,33.89447],[-108.98429,33.89295],[-108.98559,33.88993],[-108.98606,33.88699],[-108.98873,33.88766],[-108.99103,33.88997],[-108.99491,33.89168]]]},"bbox":[-109.00124,33.88699,-108.98394,33.90471]},{"type":"Feature","id":45853,"properties":{"y":2017,"n":"Tower","ag":"USFS","ac":11.4,"c":14,"cl":"Unknown","ad":"2017-08-30","cd":"","st":"NM","se":2},"geometry":{"type":"Polygon","coordinates":[[[-109.03686,33.50173],[-109.03662,33.50039],[-109.03594,33.5],[-109.03648,33.49924],[-109.03828,33.5],[-109.03912,33.50091],[-109.03686,33.50173]]]},"bbox":[-109.03912,33.49922,-109.03594,33.50173]},{"type":"Feature","id":45854,"properties":{"y":2009,"n":"Cub","ag":"USFS","ac":90.0,"c":14,"cl":"Unknown","ad":"2010-02-01","cd":"","st":"NM","se":4},"geometry":{"type":"Polygon","coordinates":[[[-108.53893,33.28604],[-108.53732,33.28745],[-108.5318,33.28792],[-108.52906,33.28898],[-108.52779,33.28775],[-108.52885,33.28571],[-108.5318,33.28425],[-108.53803,33.2848],[-108.53872,33.28517],[-108.53893,33.28604]]]},"bbox":[-108.53896,33.28419,-108.52779,33.28898]},{"type":"Feature","id":45855,"properties":{"y":2019,"n":"Alum","ag":"USFS","ac":10.2,"c":14,"cl":"Unknown","ad":"2019-04-06","cd":"","st":"NM","se":1},"geometry":{"type":"Polygon","coordinates":[[[-108.25386,33.12791],[-108.25106,33.12846],[-108.25052,33.12801],[-108.25218,33.12711],[-108.25419,33.12732],[-108.25386,33.12791]]]},"bbox":[-108.25422,33.12701,-108.25051,33.12851]},{"type":"Feature","id":45856,"properties":{"y":1991,"n":"Cloudy","ag":"USFS","ac":189.6,"c":14,"cl":"Unknown","ad":"1994-02-01","cd":"","st":"NM","se":4},"geometry":{"type":"Polygon","coordinates":[[[-107.93978,33.32197],[-107.9445,33.32026],[-107.94663,33.32134],[-107.94818,33.32134],[-107.94867,33.32323],[-107.94642,33.3261],[-107.9448,33.32662],[-107.94369,33.32921],[-107.93958,33.32917],[-107.9381,33.32715],[-107.93528,33.32669],[-107.93659,33.32428],[-107.93978,33.32197]]]},"bbox":[-107.94867,33.32026,-107.93528,33.32944]},{"type":"Feature","id":45857,"properties":{"y":2004,"n":"November Pnf","ag":"USFS","ac":631.6,"c":14,"cl":"Unknown","ad":"2017-01-20","cd":"","st":"NM","se":4},"geometry":{"type":"Polygon","coordinates":[[[-108.54427,33.53718],[-108.5411,33.53664],[-108.53983,33.53719],[-108.53824,33.53716],[-108.53212,33.53599],[-108.5309,33.53453],[-108.52494,33.53203],[-108.52411,33.52915],[-108.52211,33.52711],[-108.5264,33.52471],[-108.52897,33.52247],[-108.53373,33.52323],[-108.5359,33.527],[-108.53943,33.52325],[-108.54341,33.52343],[-108.54743,33.52217],[-108.54805,33.52438],[-108.54465,33.52784],[-108.54409,33.53146],[-108.54427,33.53718]]]},"bbox":[-108.54805,33.52217,-108.52211,33.53719]},{"type":"Feature","id":45860,"properties":{"y":2009,"n":"Radar","ag":"USFS","ac":363.7,"c":14,"cl":"Unknown","ad":"2010-02-01","cd":"","st":"NM","se":4},"geometry":{"type":"Polygon","coordinates":[[[-108.91996,33.01466],[-108.91434,33.01482],[-108.90995,33.018],[-108.909,33.01801],[-108.90861,33.01715],[-108.90982,33.0162],[-108.90681,33.01508],[-108.9062,33.01438],[-108.9064,33.01403],[-108.90522,33.01411],[-108.90529,33.01308],[-108.9046,33.01281],[-108.90421,33.01186],[-108.90462,33.01113],[-108.90432,33.01011],[-108.90669,33.01022],[-108.90909,33.01106],[-108.91311,33.01031],[-108.91378,33.00942],[-108.91556,33.00943],[-108.91387,33.00897],[-108.91384,33.00808],[-108.91521,33.0079],[-108.91552,33.00711],[-108.91599,33.00761],[-108.91765,33.00723],[-108.91772,33.00667],[-108.91726,33.00645],[-108.91791,33.00623],[-108.9182,33.00685],[-108.9199,33.00664],[-108.91972,33.00756],[-108.92309,33.00701],[-108.92657,33.00826],[-108.92798,33.00832],[-108.92812,33.01065],[-108.92747,33.0115],[-108.9283,33.01183],[-108.92755,33.013],[-108.92609,33.01243],[-108.92421,33.01371],[-108.9222,33.01438],[-108.92023,33.01407],[-108.91996,33.01466]]]},"bbox":[-108.9283,33.00623,-108.90421,33.01815]},{"type":"Feature","id":45861,"properties":{"y":1984,"n":"Blow","ag":"USFS","ac":23.4,"c":14,"cl":"Unknown","ad":"2017-01-18","cd":"","st":"NM","se":4},"geometry":{"type":"Polygon","coordinates":[[[-108.74817,33.29997],[-108.74691,33.302],[-108.74644,33.30202],[-108.74477,33.30053],[-108.74431,33.29812],[-108.74778,33.29911],[-108.74817,33.29997]]]},"bbox":[-108.74817,33.29796,-108.74422,33.30207]},{"type":"Feature","id":45864,"properties":{"y":1997,"n":"Farm","ag":"USFS","ac":9.4,"c":14,"cl":"Unknown","ad":"1998-02-01","cd":"","st":"NM","se":4},"geometry":{"type":"Polygon","coordinates":[[[-108.31115,33.01159],[-108.31146,33.01009],[-108.31371,33.01039],[-108.31376,33.01116],[-108.31325,33.01146],[-108.31115,33.01159]]]},"bbox":[-108.31381,33.01009,-108.31105,33.01172]},{"type":"Feature","id":45866,"properties":{"y":2012,"n":"Jordan","ag":"USFS","ac":407.2,"c":14,"cl":"Unknown","ad":"2012-12-31","cd":"","st":"NM","se":4},"geometry":{"type":"MultiPolygon","coordinates":[[[[-108.13342,33.14012],[-108.13288,33.13928],[-108.13199,33.14007],[-108.13025,33.13969],[-108.12906,33.14044],[-108.12673,33.14041],[-108.12502,33.13869],[-108.12396,33.13908],[-108.12333,33.1388],[-108.12318,33.13706],[-108.12084,33.13844],[-108.11999,33.13789],[-108.12047,33.13642],[-108.12167,33.13583],[-108.12277,33.13397],[-108.12221,33.13179],[-108.12565,33.12983],[-108.1251,33.12862],[-108.12095,33.1258],[-108.12379,33.12287],[-108.12428,33.12263],[-108.12642,33.12351],[-108.12756,33.12294],[-108.12945,33.12307],[-108.13157,33.12855],[-108.13472,33.13075],[-108.13446,33.13199],[-108.13208,33.13378],[-108.13342,33.14012]]],[[[-108.12396,33.13908],[-108.124,33.13909],[-108.12388,33.13914],[-108.12396,33.13908]]]]},"bbox":[-108.13472,33.12263,-108.11998,33.1405]},{"type":"Feature","id":45868,"properties":{"y":1994,"n":"Pueblo","ag":"USFS","ac":148.2,"c":14,"cl":"Unknown","ad":"1995-02-01","cd":"","st":"NM","se":4},"geometry":{"type":"Polygon","coordinates":[[[-108.93479,33.58803],[-108.92937,33.58963],[-108.92871,33.58895],[-108.92908,33.58692],[-108.93094,33.58536],[-108.93177,33.58399],[-108.93195,33.58243],[-108.93325,33.58206],[-108.93347,33.58164],[-108.93282,33.58052],[-108.93805,33.57938],[-108.9386,33.58041],[-108.9384,33.58284],[-108.93706,33.58648],[-108.93479,33.58803]]]},"bbox":[-108.9386,33.57925,-108.92871,33.58963]},{"type":"Feature","id":45871,"properties":{"y":2011,"n":"South Fork","ag":"USFS","ac":54.6,"c":14,"cl":"Unknown","ad":"2011-12-31","cd":"","st":"NM","se":4},"geometry":{"type":"Polygon","coordinates":[[[-108.56254,33.21032],[-108.56466,33.21023],[-108.56458,33.2109],[-108.56608,33.21146],[-108.56571,33.21257],[-108.56417,33.21326],[-108.56498,33.2145],[-108.56325,33.21558],[-108.56258,33.21538],[-108.5622,33.21418],[-108.56074,33.21534],[-108.56095,33.21491],[-108.5596,33.21422],[-108.56029,33.21377],[-108.55951,33.21238],[-108.56061,33.21216],[-108.56067,33.21146],[-108.56254,33.21032]]]},"bbox":[-108.56608,33.20993,-108.55951,33.21558]},{"type":"Feature","id":45872,"properties":{"y":2006,"n":"Clayton","ag":"USFS","ac":202.5,"c":14,"cl":"Unknown","ad":"2007-02-01","cd":"","st":"NM","se":4},"geometry":{"type":"Polygon","coordinates":[[[-108.53847,33.40962],[-108.53344,33.40801],[-108.53121,33.40609],[-108.53104,33.40289],[-108.54021,33.40187],[-108.54141,33.40199],[-108.54301,33.40303],[-108.54428,33.40532],[-108.54371,33.40774],[-108.54088,33.40927],[-108.53847,33.40962]]]},"bbox":[-108.54428,33.40187,-108.53089,33.40962]},{"type":"Feature","id":45873,"properties":{"y":2012,"n":"Wagon Tongue","ag":"USFS","ac":40.3,"c":14,"cl":"Unknown","ad":"2012-12-31","cd":"","st":"NM","se":4},"geometry":{"type":"Polygon","coordinates":[[[-108.47885,33.86141],[-108.48071,33.86188],[-108.48032,33.86254],[-108.48113,33.86314],[-108.48116,33.86454],[-108.47958,33.86564],[-108.47721,33.86636],[-108.47616,33.86544],[-108.47623,33.86431],[-108.47805,33.86279],[-108.47797,33.86211],[-108.47885,33.86141]]]},"bbox":[-108.48129,33.86139,-108.47606,33.86636]},{"type":"Feature","id":45874,"properties":{"y":2003,"n":"Mule","ag":"USFS","ac":30.0,"c":14,"cl":"Unknown","ad":"2004-02-01","cd":"","st":"NM","se":4},"geometry":{"type":"Polygon","coordinates":[[[-108.08691,33.50267],[-108.08538,33.50212],[-108.0848,33.5009],[-108.08539,33.49967],[-108.08695,33.49913],[-108.0884,33.49964],[-108.08903,33.50096],[-108.0884,33.50217],[-108.08691,33.50267]]]},"bbox":[-108.08903,33.49913,-108.0848,33.50267]},{"type":"Feature","id":45876,"properties":{"y":2018,"n":"Gilita","ag":"USFS","ac":13.5,"c":14,"cl":"Unknown","ad":"2018-10-31","cd":"","st":"NM","se":3},"geometry":{"type":"Polygon","coordinates":[[[-108.57941,33.42008],[-108.57933,33.41881],[-108.58051,33.41814],[-108.58253,33.41916],[-108.58214,33.41994],[-108.58001,33.4208],[-108.57941,33.42008]]]},"bbox":[-108.58253,33.41814,-108.57933,33.4208]},{"type":"Feature","id":45877,"properties":{"y":2003,"n":"White","ag":"USFS","ac":22.0,"c":14,"cl":"Unknown","ad":"2004-02-01","cd":"","st":"NM","se":4},"geometry":{"type":"Polygon","coordinates":[[[-108.50822,33.28289],[-108.50691,33.28242],[-108.50641,33.28137],[-108.50691,33.28032],[-108.50824,33.27985],[-108.50956,33.28036],[-108.51002,33.28142],[-108.50949,33.28245],[-108.50822,33.28289]]]},"bbox":[-108.51002,33.27985,-108.50641,33.28289]},{"type":"Feature","id":45878,"properties":{"y":2019,"n":"Mail","ag":"USFS","ac":17.3,"c":14,"cl":"Unknown","ad":"2019-09-04","cd":"","st":"NM","se":3},"geometry":{"type":"Polygon","coordinates":[[[-108.86242,33.774],[-108.86123,33.7729],[-108.86195,33.77224],[-108.86364,33.77248],[-108.86529,33.77183],[-108.86809,33.77218],[-108.86242,33.774]]]},"bbox":[-108.86809,33.77183,-108.86123,33.774]},{"type":"Feature","id":45879,"properties":{"y":2015,"n":"Kelly","ag":"USFS","ac":11.5,"c":14,"cl":"Unknown","ad":"2015-05-19","cd":"","st":"NM","se":1},"geometry":{"type":"Polygon","coordinates":[[[-108.80807,33.55866],[-108.80895,33.55979],[-108.80894,33.5618],[-108.80821,33.56194],[-108.80761,33.55964],[-108.80601,33.55851],[-108.80742,33.5579],[-108.80746,33.55845],[-108.80807,33.55866]],[[-108.80807,33.55867],[-108.80807,33.55868],[-108.80808,33.55868],[-108.80807,33.55867]],[[-108.80807,33.55867],[-108.80807,33.55867],[-108.80807,33.55867],[-108.80807,33.55867]]]},"bbox":[-108.80895,33.5579,-108.80601,33.56194]},{"type":"Feature","id":45880,"properties":{"y":2019,"n":"Skid","ag":"USFS","ac":157.4,"c":14,"cl":"Unknown","ad":"2019-07-16","cd":"","st":"NM","se":2},"geometry":{"type":"Polygon","coordinates":[[[-107.82545,33.16676],[-107.82452,33.16608],[-107.82454,33.16546],[-107.82029,33.16833],[-107.81767,33.16806],[-107.81736,33.16789],[-107.81817,33.16638],[-107.81766,33.16489],[-107.81603,33.16447],[-107.81543,33.16357],[-107.81489,33.16364],[-107.8155,33.16419],[-107.81456,33.1644],[-107.81492,33.16526],[-107.8145,33.16525],[-107.8135,33.16414],[-107.81345,33.16317],[-107.81398,33.16315],[-107.8145,33.16194],[-107.81642,33.1616],[-107.81714,33.15997],[-107.81787,33.15966],[-107.81861,33.16035],[-107.81885,33.16199],[-107.82065,33.16261],[-107.82348,33.16237],[-107.8263,33.16284],[-107.82759,33.16186],[-107.82939,33.16265],[-107.82833,33.16369],[-107.82809,33.1646],[-107.82734,33.16438],[-107.82756,33.16507],[-107.82712,33.16494],[-107.82634,33.16572],[-107.82713,33.16623],[-107.82545,33.16676]]]},"bbox":[-107.82942,33.15966,-107.81339,33.16836]},{"type":"Feature","id":45881,"properties":{"y":2016,"n":"Burnt","ag":"USFS","ac":187.9,"c":14,"cl":"Unknown","ad":"2016-07-18","cd":"","st":"NM","se":2},"geometry":{"type":"Polygon","coordinates":[[[-107.87742,33.20455],[-107.87686,33.20279],[-107.87786,33.19898],[-107.87991,33.19779],[-107.88145,33.19771],[-107.88395,33.1988],[-107.8878,33.19804],[-107.88846,33.19911],[-107.88933,33.19894],[-107.89006,33.20018],[-107.89186,33.19992],[-107.89154,33.20064],[-107.88803,33.2021],[-107.88813,33.20345],[-107.88694,33.20469],[-107.88006,33.20415],[-107.87742,33.20455]]]},"bbox":[-107.89188,33.19763,-107.87682,33.20484]},{"type":"Feature","id":45883,"properties":{"y":2011,"n":"Beaver","ag":"USFS","ac":53.2,"c":14,"cl":"Unknown","ad":"2011-12-31","cd":"","st":"NM","se":4},"geometry":{"type":"Polygon","coordinates":[[[-108.10547,33.39182],[-108.10446,33.39282],[-108.10428,33.39293],[-108.10362,33.39297],[-108.10348,33.39238],[-108.09951,33.39042],[-108.09972,33.3897],[-108.09888,33.38922],[-108.09906,33.38806],[-108.10074,33.38766],[-108.10266,33.38871],[-108.10365,33.38805],[-108.10465,33.38892],[-108.10468,33.39008],[-108.10594,33.3906],[-108.10547,33.39182]],[[-108.1044,33.39283],[-108.1044,33.39283],[-108.1044,33.39283],[-108.1044,33.39283]]]},"bbox":[-108.10594,33.38766,-108.09886,33.39297]},{"type":"Feature","id":45884,"properties":{"y":2002,"n":"Water","ag":"USFS","ac":430.0,"c":14,"cl":"Unknown","ad":"2003-02-01","cd":"","st":"NM","se":4},"geometry":{"type":"Polygon","coordinates":[[[-107.93926,33.48904],[-107.93897,33.48821],[-107.93711,33.48868],[-107.9361,33.48757],[-107.93533,33.48853],[-107.93434,33.48856],[-107.93424,33.48804],[-107.93507,33.48729],[-107.93356,33.48616],[-107.93178,33.48602],[-107.93152,33.48647],[-107.93041,33.4865],[-107.92999,33.48619],[-107.93138,33.48332],[-107.93281,33.48295],[-107.935,33.48042],[-107.93445,33.47834],[-107.93326,33.47728],[-107.93028,33.47803],[-107.93012,33.4773],[-107.93182,33.47616],[-107.93157,33.47295],[-107.93321,33.47181],[-107.93681,33.47086],[-107.93935,33.47237],[-107.93981,33.47347],[-107.94059,33.47384],[-107.94116,33.47179],[-107.94251,33.47188],[-107.94417,33.47538],[-107.94502,33.47587],[-107.94636,33.47802],[-107.94612,33.47946],[-107.94555,33.47991],[-107.94376,33.47811],[-107.94297,33.47814],[-107.94159,33.48064],[-107.93984,33.48116],[-107.94006,33.48193],[-107.94248,33.48339],[-107.94279,33.48495],[-107.94144,33.48641],[-107.9414,33.48775],[-107.93979,33.48786],[-107.93926,33.48904]]]},"bbox":[-107.94636,33.47086,-107.92999,33.48904]},{"type":"Feature","id":45885,"properties":{"y":2013,"n":"Quaking","ag":"USFS","ac":2.5,"c":14,"cl":"Unknown","ad":"2013-12-31","cd":"","st":"NM","se":4},"geometry":{"type":"Polygon","coordinates":[[[-107.85901,32.97328],[-107.85972,32.97275],[-107.86066,32.97328],[-107.86,32.97373],[-107.85901,32.97328]]]},"bbox":[-107.86066,32.97275,-107.85901,32.97373]},{"type":"Feature","id":45886,"properties":{"y":2008,"n":"Verde","ag":"USFS","ac":22.1,"c":14,"cl":"Unknown","ad":"2009-02-01","cd":"","st":"NM","se":4},"geometry":{"type":"Polygon","coordinates":[[[-108.39449,34.04061],[-108.39499,34.04099],[-108.39364,34.04263],[-108.39328,34.04405],[-108.39419,34.04613],[-108.39536,34.0467],[-108.39457,34.04751],[-108.39291,34.04659],[-108.3919,34.04408],[-108.39322,34.04161],[-108.39424,34.04134],[-108.39449,34.04061]]]},"bbox":[-108.39536,34.04061,-108.3919,34.04751]},{"type":"Feature","id":45887,"properties":{"y":2012,"n":"Cave Creek","ag":"USFS","ac":73.2,"c":14,"cl":"Unknown","ad":"2012-12-31","cd":"","st":"NM","se":4},"geometry":{"type":"MultiPolygon","coordinates":[[[[-107.72217,33.03284],[-107.72126,33.03336],[-107.71791,33.03268],[-107.71644,33.03285],[-107.715,33.03182],[-107.71517,33.03081],[-107.71449,33.03051],[-107.71358,33.03101],[-107.71324,33.03038],[-107.71263,33.03043],[-107.7124,33.03034],[-107.71214,33.03011],[-107.71372,33.02915],[-107.7144,33.02931],[-107.71568,33.02949],[-107.71918,33.02949],[-107.71978,33.02984],[-107.7224,33.02939],[-107.72321,33.03047],[-107.72291,33.03148],[-107.72218,33.03166],[-107.72217,33.03284]],[[-107.71235,33.03027],[-107.71235,33.03027],[-107.71235,33.03027],[-107.71235,33.03027]],[[-107.72178,33.0329],[-107.72178,33.0329],[-107.72178,33.0329],[-107.72178,33.0329]]],[[[-107.71449,33.02931],[-107.71449,33.02931],[-107.71449,33.02931],[-107.71449,33.02931]]],[[[-107.71627,33.02933],[-107.71627,33.02934],[-107.71626,33.02934],[-107.71627,33.02933]]]]},"bbox":[-107.72321,33.02915,-107.71214,33.03336]},{"type":"Feature","id":45888,"properties":{"y":1995,"n":"Indio Pnf","ag":"USFS","ac":86.5,"c":14,"cl":"Unknown","ad":"1996-02-01","cd":"","st":"NM","se":4},"geometry":{"type":"Polygon","coordinates":[[[-108.51066,34.0374],[-108.50967,34.03772],[-108.50681,34.03729],[-108.50055,34.03973],[-108.49891,34.03905],[-108.4971,34.03642],[-108.50673,34.03653],[-108.51267,34.03322],[-108.51322,34.03402],[-108.51292,34.03525],[-108.51066,34.0374]]]},"bbox":[-108.51322,34.03322,-108.4971,34.03973]},{"type":"Feature","id":45889,"properties":{"y":2010,"n":"Dark","ag":"USFS","ac":210.9,"c":14,"cl":"Unknown","ad":"2011-02-01","cd":"","st":"NM","se":4},"geometry":{"type":"Polygon","coordinates":[[[-108.59626,33.51211],[-108.59108,33.51252],[-108.58955,33.51172],[-108.58929,33.5088],[-108.59035,33.50818],[-108.59292,33.50806],[-108.59603,33.50847],[-108.59949,33.51003],[-108.60108,33.50894],[-108.60285,33.50848],[-108.6047,33.507],[-108.6077,33.50669],[-108.60974,33.50738],[-108.61122,33.51012],[-108.61056,33.51183],[-108.60834,33.51401],[-108.60712,33.51264],[-108.60707,33.5095],[-108.60632,33.50896],[-108.60535,33.50882],[-108.60457,33.50933],[-108.60375,33.51118],[-108.60099,33.51305],[-108.59626,33.51211]]]},"bbox":[-108.61122,33.50667,-108.58924,33.51401]},{"type":"Feature","id":45891,"properties":{"y":2004,"n":"Hunter","ag":"USFS","ac":349.9,"c":14,"cl":"Unknown","ad":"2005-02-01","cd":"","st":"NM","se":4},"geometry":{"type":"Polygon","coordinates":[[[-108.55222,33.35862],[-108.54922,33.35807],[-108.547,33.35674],[-108.54552,33.35481],[-108.54501,33.35256],[-108.54553,33.35031],[-108.54701,33.34839],[-108.54923,33.34706],[-108.55234,33.34652],[-108.55502,33.34699],[-108.55729,33.34826],[-108.559,33.3505],[-108.55943,33.35277],[-108.55883,33.355],[-108.55728,33.35689],[-108.555,33.35816],[-108.55222,33.35862]]]},"bbox":[-108.55943,33.34652,-108.54501,33.35862]},{"type":"Feature","id":45892,"properties":{"y":2008,"n":"Water","ag":"USFS","ac":676.2,"c":14,"cl":"Unknown","ad":"2009-02-01","cd":"","st":"NM","se":4},"geometry":{"type":"Polygon","coordinates":[[[-107.93869,33.48727],[-107.93822,33.48717],[-107.93809,33.48632],[-107.93716,33.48692],[-107.9355,33.48586],[-107.93484,33.48673],[-107.93372,33.48675],[-107.93353,33.48617],[-107.9344,33.48548],[-107.93332,33.48452],[-107.9293,33.48433],[-107.9299,33.48385],[-107.93096,33.48077],[-107.92965,33.4774],[-107.92956,33.47549],[-107.93113,33.47437],[-107.9306,33.47142],[-107.93082,33.46974],[-107.93411,33.46827],[-107.93873,33.46816],[-107.93995,33.46654],[-107.94,33.46517],[-107.94117,33.46515],[-107.94321,33.46578],[-107.94408,33.46678],[-107.94432,33.46887],[-107.94762,33.47176],[-107.94843,33.47431],[-107.94989,33.47643],[-107.94947,33.47785],[-107.95035,33.47845],[-107.94695,33.4801],[-107.94321,33.4764],[-107.94241,33.47647],[-107.94106,33.4788],[-107.93918,33.47946],[-107.93957,33.48031],[-107.94191,33.48157],[-107.94223,33.48327],[-107.94085,33.4847],[-107.94081,33.48595],[-107.93905,33.48612],[-107.93869,33.48727]]]},"bbox":[-107.95035,33.46515,-107.9293,33.48727]},{"type":"Feature","id":45893,"properties":{"y":1998,"n":"Leggett","ag":"USFS","ac":276.2,"c":14,"cl":"Unknown","ad":"1999-02-01","cd":"","st":"NM","se":4},"geometry":{"type":"Polygon","coordinates":[[[-108.87899,33.70493],[-108.87695,33.7053],[-108.87577,33.7066],[-108.8739,33.70598],[-108.86699,33.70508],[-108.86422,33.70515],[-108.86298,33.70468],[-108.86328,33.70202],[-108.86525,33.70017],[-108.86688,33.69953],[-108.86944,33.69958],[-108.87664,33.69813],[-108.88025,33.69952],[-108.88126,33.70084],[-108.88067,33.70384],[-108.87899,33.70493]]]},"bbox":[-108.88126,33.69813,-108.86298,33.7066]},{"type":"Feature","id":45895,"properties":{"y":2009,"n":"Turkey","ag":"USFS","ac":603.8,"c":14,"cl":"Unknown","ad":"2010-02-01","cd":"","st":"NM","se":4},"geometry":{"type":"Polygon","coordinates":[[[-107.93782,33.3354],[-107.93196,33.3412],[-107.92969,33.34113],[-107.92482,33.33915],[-107.92371,33.34097],[-107.92175,33.34112],[-107.92035,33.34047],[-107.91913,33.33842],[-107.91667,33.33583],[-107.91301,33.33318],[-107.9102,33.33298],[-107.90707,33.33429],[-107.9042,33.33287],[-107.90112,33.33337],[-107.8997,33.33298],[-107.89423,33.32945],[-107.89291,33.32694],[-107.89099,33.32636],[-107.88947,33.32524],[-107.88816,33.32383],[-107.88805,33.32301],[-107.89366,33.3238],[-107.89467,33.32425],[-107.89635,33.32636],[-107.90009,33.32828],[-107.90286,33.32834],[-107.90943,33.32993],[-107.91435,33.33053],[-107.91909,33.33178],[-107.9214,33.33288],[-107.9298,33.33456],[-107.93704,33.33467],[-107.93782,33.3354]]]},"bbox":[-107.93784,33.32301,-107.88805,33.34132]},{"type":"Feature","id":45896,"properties":{"y":2003,"n":"Bull","ag":"USFS","ac":25.0,"c":14,"cl":"Unknown","ad":"2004-02-01","cd":"","st":"NM","se":4},"geometry":{"type":"Polygon","coordinates":[[[-108.48613,34.01834],[-108.48472,34.01784],[-108.48418,34.01673],[-108.48472,34.01561],[-108.48616,34.01511],[-108.48757,34.01565],[-108.48807,34.01678],[-108.48749,34.01788],[-108.48613,34.01834]]]},"bbox":[-108.48807,34.01511,-108.48418,34.01834]},{"type":"Feature","id":45897,"properties":{"y":2016,"n":"Sundial","ag":"USFS","ac":20.6,"c":14,"cl":"Unknown","ad":"2017-01-12","cd":"","st":"NM","se":4},"geometry":{"type":"Polygon","coordinates":[[[-108.87164,33.23364],[-108.87382,33.23401],[-108.87447,33.23511],[-108.87367,33.23656],[-108.86986,33.23393],[-108.8698,33.23344],[-108.87086,33.23313],[-108.87164,33.23364]]]},"bbox":[-108.87447,33.23313,-108.8698,33.23656]},{"type":"Feature","id":45898,"properties":{"y":2022,"n":"Hail","ag":"USFS","ac":12.1,"c":14,"cl":"Unknown","ad":"2022-06-15","cd":"","st":"NM","se":2},"geometry":{"type":"Polygon","coordinates":[[[-108.62722,33.5071],[-108.62663,33.50985],[-108.62548,33.51003],[-108.62507,33.509],[-108.62543,33.5085],[-108.62522,33.50835],[-108.6251,33.50846],[-108.62494,33.50848],[-108.62482,33.50841],[-108.62578,33.50791],[-108.62612,33.5067],[-108.62722,33.5071]]]},"bbox":[-108.62732,33.50669,-108.62482,33.5101]},{"type":"Feature","id":45899,"properties":{"y":2009,"n":"Little Cherry","ag":"USFS","ac":75.8,"c":14,"cl":"Unknown","ad":"2010-02-01","cd":"","st":"NM","se":4},"geometry":{"type":"Polygon","coordinates":[[[-108.19003,32.91688],[-108.18966,32.917],[-108.19082,32.91564],[-108.19198,32.91515],[-108.19474,32.91529],[-108.19538,32.91651],[-108.19313,32.91903],[-108.19409,32.91958],[-108.1908,32.91995],[-108.18932,32.92128],[-108.18834,32.92109],[-108.18622,32.91951],[-108.19003,32.91688]]]},"bbox":[-108.19538,32.91515,-108.18622,32.92128]},{"type":"Feature","id":45900,"properties":{"y":2013,"n":"Sawmill","ag":"USFS","ac":42.3,"c":14,"cl":"Unknown","ad":"2013-12-31","cd":"","st":"NM","se":4},"geometry":{"type":"MultiPolygon","coordinates":[[[[-108.54314,34.12281],[-108.5418,34.12154],[-108.54149,34.12058],[-108.54023,34.12045],[-108.53964,34.11928],[-108.53917,34.11917],[-108.54023,34.11779],[-108.54113,34.11835],[-108.54267,34.11759],[-108.54326,34.11824],[-108.5432,34.11925],[-108.54418,34.11887],[-108.54457,34.11927],[-108.54517,34.12096],[-108.54451,34.12145],[-108.54425,34.12268],[-108.54314,34.12281]]],[[[-108.5431,34.12277],[-108.5431,34.12277],[-108.5431,34.12277],[-108.5431,34.12277]]]]},"bbox":[-108.54517,34.11754,-108.53917,34.12281]},{"type":"Feature","id":45901,"properties":{"y":2010,"n":"White","ag":"USFS","ac":17.3,"c":14,"cl":"Unknown","ad":"2011-02-01","cd":"","st":"NM","se":4},"geometry":{"type":"Polygon","coordinates":[[[-108.30604,33.21318],[-108.30213,33.21297],[-108.3019,33.21074],[-108.3038,33.21111],[-108.30379,33.21164],[-108.30455,33.21222],[-108.30595,33.21215],[-108.30604,33.21318]]]},"bbox":[-108.30619,33.21054,-108.30177,33.2133]},{"type":"Feature","id":45902,"properties":{"y":1997,"n":"Twenty","ag":"USFS","ac":55.4,"c":14,"cl":"Unknown","ad":"1998-02-01","cd":"","st":"NM","se":4},"geometry":{"type":"Polygon","coordinates":[[[-108.52832,33.69122],[-108.52293,33.69271],[-108.52186,33.69227],[-108.52009,33.69245],[-108.52,33.69176],[-108.52039,33.69004],[-108.52325,33.69055],[-108.52664,33.6882],[-108.52869,33.68905],[-108.52832,33.69122]]]},"bbox":[-108.52871,33.6882,-108.52,33.69271]},{"type":"Feature","id":45903,"properties":{"y":2016,"n":"Christie","ag":"USFS","ac":17.7,"c":14,"cl":"Unknown","ad":"2016-08-02","cd":"","st":"NM","se":2},"geometry":{"type":"Polygon","coordinates":[[[-108.28585,33.40317],[-108.28565,33.40246],[-108.28628,33.40112],[-108.28789,33.40138],[-108.28799,33.40212],[-108.28748,33.40221],[-108.28813,33.40348],[-108.2871,33.40483],[-108.28625,33.40478],[-108.28609,33.40411],[-108.28539,33.40376],[-108.28585,33.40317]]]},"bbox":[-108.28813,33.40097,-108.28539,33.40483]},{"type":"Feature","id":45904,"properties":{"y":1987,"n":"Corral","ag":"USFS","ac":105.8,"c":14,"cl":"Unknown","ad":"1994-02-01","cd":"","st":"NM","se":4},"geometry":{"type":"Polygon","coordinates":[[[-108.71151,33.45331],[-108.70919,33.4527],[-108.70319,33.45459],[-108.69888,33.45336],[-108.69802,33.45282],[-108.6978,33.45208],[-108.70217,33.45093],[-108.70983,33.45054],[-108.71293,33.45158],[-108.71372,33.45274],[-108.71362,33.45311],[-108.71151,33.45331]]]},"bbox":[-108.71372,33.45041,-108.6978,33.45464]},{"type":"Feature","id":45905,"properties":{"y":2003,"n":"Jay Bird","ag":"USFS","ac":14.1,"c":14,"cl":"Unknown","ad":"2004-02-01","cd":"","st":"NM","se":4},"geometry":{"type":"Polygon","coordinates":[[[-108.19705,32.9381],[-108.19567,32.93699],[-108.19609,32.93561],[-108.1975,32.93559],[-108.1983,32.93613],[-108.19822,32.93805],[-108.19705,32.9381]]]},"bbox":[-108.19839,32.93554,-108.19567,32.93818]},{"type":"Feature","id":45906,"properties":{"y":2005,"n":"Jones","ag":"USFS","ac":114.0,"c":14,"cl":"Unknown","ad":"2006-02-01","cd":"","st":"NM","se":4},"geometry":{"type":"Polygon","coordinates":[[[-108.94557,33.96726],[-108.94716,33.96575],[-108.94802,33.96569],[-108.95038,33.96693],[-108.9506,33.96787],[-108.95168,33.96779],[-108.95201,33.96718],[-108.95334,33.96809],[-108.95349,33.97132],[-108.95429,33.97176],[-108.95285,33.97257],[-108.95302,33.97288],[-108.95099,33.97471],[-108.95094,33.9757],[-108.95072,33.97487],[-108.95014,33.97489],[-108.94905,33.97371],[-108.94822,33.9735],[-108.94851,33.97238],[-108.94781,33.97117],[-108.94712,33.97137],[-108.94611,33.97041],[-108.94627,33.96953],[-108.94749,33.96883],[-108.94783,33.96774],[-108.94722,33.96686],[-108.9457,33.96764],[-108.94581,33.96832],[-108.94495,33.96864],[-108.94512,33.96781],[-108.94459,33.96738],[-108.94557,33.96726]]]},"bbox":[-108.95429,33.96569,-108.94459,33.9757]},{"type":"Feature","id":45909,"properties":{"y":2000,"n":"Tub","ag":"USFS","ac":159.6,"c":14,"cl":"Unknown","ad":"2001-02-01","cd":"","st":"NM","se":4},"geometry":{"type":"Polygon","coordinates":[[[-108.87143,33.60985],[-108.86865,33.60969],[-108.86781,33.60873],[-108.86662,33.60243],[-108.86368,33.59746],[-108.86575,33.59447],[-108.86692,33.59382],[-108.8688,33.59862],[-108.87041,33.60029],[-108.87103,33.60251],[-108.87063,33.60499],[-108.87111,33.60687],[-108.87264,33.60917],[-108.87143,33.60985]]]},"bbox":[-108.87264,33.59382,-108.86368,33.60989]},{"type":"Feature","id":45910,"properties":{"y":2011,"n":"Diamond Bar","ag":"USFS","ac":200.4,"c":14,"cl":"Unknown","ad":"2011-12-31","cd":"","st":"NM","se":4},"geometry":{"type":"Polygon","coordinates":[[[-108.01752,33.18454],[-108.01648,33.18597],[-108.01466,33.18676],[-108.01523,33.18911],[-108.01225,33.18768],[-108.00884,33.18788],[-108.0067,33.18719],[-108.00597,33.18946],[-108.00285,33.18953],[-108.00026,33.18884],[-107.99941,33.18816],[-107.99811,33.18638],[-107.99668,33.18573],[-107.99471,33.18365],[-107.99456,33.18215],[-108.00068,33.18406],[-108.00206,33.18347],[-108.00592,33.18359],[-108.00708,33.18519],[-108.01378,33.18528],[-108.0167,33.18435],[-108.01752,33.18454]]]},"bbox":[-108.01752,33.18215,-107.99456,33.1896]},{"type":"Feature","id":45911,"properties":{"y":2009,"n":"Preacher","ag":"USFS","ac":9.4,"c":14,"cl":"Unknown","ad":"2010-02-01","cd":"","st":"NM","se":4},"geometry":{"type":"Polygon","coordinates":[[[-108.29947,32.88938],[-108.29776,32.88907],[-108.29772,32.88836],[-108.29875,32.88779],[-108.30038,32.88807],[-108.30119,32.8887],[-108.29947,32.88938]]]},"bbox":[-108.3012,32.88779,-108.2977,32.8894]},{"type":"Feature","id":45912,"properties":{"y":1994,"n":"Round","ag":"USFS","ac":3.5,"c":14,"cl":"Unknown","ad":"1995-02-01","cd":"","st":"NM","se":4},"geometry":{"type":"Polygon","coordinates":[[[-107.89883,33.3098],[-107.89804,33.30962],[-107.89861,33.30887],[-107.90005,33.30913],[-107.89883,33.3098]]]},"bbox":[-107.90006,33.30887,-107.89804,33.30987]},{"type":"Feature","id":45914,"properties":{"y":1995,"n":"Diamond","ag":"USFS","ac":648.5,"c":14,"cl":"Unknown","ad":"1996-02-01","cd":"","st":"NM","se":4},"geometry":{"type":"Polygon","coordinates":[[[-107.85526,33.28732],[-107.85254,33.28582],[-107.85156,33.28569],[-107.85059,33.28251],[-107.84299,33.27359],[-107.84333,33.27222],[-107.84437,33.27136],[-107.84905,33.27075],[-107.85136,33.26964],[-107.85341,33.26925],[-107.85413,33.26822],[-107.85469,33.2653],[-107.85762,33.26329],[-107.8587,33.2632],[-107.86157,33.26518],[-107.86209,33.26646],[-107.85895,33.26809],[-107.85839,33.26977],[-107.85854,33.27097],[-107.85767,33.27123],[-107.85803,33.27311],[-107.86024,33.27397],[-107.8608,33.27539],[-107.86008,33.27848],[-107.86044,33.2799],[-107.86127,33.2805],[-107.86127,33.28213],[-107.8646,33.28135],[-107.86512,33.28281],[-107.86445,33.28367],[-107.8607,33.28376],[-107.86019,33.28479],[-107.86039,33.28612],[-107.85983,33.28689],[-107.85865,33.28732],[-107.85695,33.2868],[-107.85526,33.28732]]]},"bbox":[-107.86512,33.2632,-107.84299,33.28732]},{"type":"Feature","id":45915,"properties":{"y":2015,"n":"Wine","ag":"USFS","ac":21.5,"c":14,"cl":"Unknown","ad":"2015-12-31","cd":"","st":"NM","se":4},"geometry":{"type":"Polygon","coordinates":[[[-108.41303,33.75443],[-108.41023,33.75546],[-108.4092,33.75471],[-108.41004,33.75389],[-108.41094,33.75177],[-108.41171,33.75126],[-108.41303,33.75443]]]},"bbox":[-108.41303,33.75126,-108.4092,33.75546]},{"type":"Feature","id":45918,"properties":{"y":1990,"n":"Edgar","ag":"USFS","ac":35.2,"c":14,"cl":"Unknown","ad":"1994-02-01","cd":"","st":"NM","se":4},"geometry":{"type":"Polygon","coordinates":[[[-108.5701,32.68779],[-108.57204,32.6894],[-108.57124,32.69158],[-108.56984,32.69291],[-108.56734,32.69017],[-108.56839,32.68856],[-108.5701,32.68779]]]},"bbox":[-108.57204,32.68779,-108.56734,32.69291]},{"type":"Feature","id":45919,"properties":{"y":2014,"n":"Cienega","ag":"USFS","ac":25.1,"c":14,"cl":"Unknown","ad":"2014-12-31","cd":"","st":"NM","se":4},"geometry":{"type":"Polygon","coordinates":[[[-108.0418,33.4233],[-108.04383,33.42249],[-108.04393,33.42458],[-108.04297,33.4263],[-108.04156,33.42638],[-108.04118,33.42683],[-108.04032,33.4256],[-108.0407,33.42521],[-108.03981,33.42442],[-108.04155,33.42399],[-108.0418,33.4233]]]},"bbox":[-108.04393,33.42248,-108.03981,33.42683]},{"type":"Feature","id":45920,"properties":{"y":2008,"n":"Road","ag":"USFS","ac":982.4,"c":14,"cl":"Unknown","ad":"2009-02-01","cd":"","st":"NM","se":4},"geometry":{"type":"Polygon","coordinates":[[[-107.8805,33.37688],[-107.88093,33.37881],[-107.87954,33.37975],[-107.88034,33.38082],[-107.88011,33.38335],[-107.87916,33.38461],[-107.87671,33.38514],[-107.87625,33.38655],[-107.87572,33.38664],[-107.87441,33.38559],[-107.87376,33.3834],[-107.87134,33.38151],[-107.87097,33.38],[-107.87047,33.37963],[-107.86856,33.37977],[-107.86811,33.38069],[-107.8687,33.37894],[-107.86757,33.37828],[-107.86612,33.37862],[-107.86457,33.37821],[-107.86319,33.37521],[-107.86475,33.37398],[-107.86376,33.37226],[-107.86546,33.37142],[-107.86494,33.37027],[-107.86543,33.36928],[-107.86467,33.36858],[-107.86588,33.36717],[-107.86502,33.3666],[-107.86665,33.36565],[-107.86909,33.36513],[-107.87083,33.36296],[-107.87476,33.36246],[-107.877,33.3627],[-107.87831,33.36353],[-107.87689,33.36429],[-107.87687,33.36539],[-107.87866,33.36447],[-107.88075,33.3646],[-107.88168,33.3665],[-107.88343,33.3661],[-107.88383,33.36708],[-107.88502,33.3663],[-107.88667,33.36694],[-107.8893,33.36699],[-107.89025,33.36917],[-107.88604,33.37068],[-107.88756,33.37117],[-107.8915,33.37024],[-107.89241,33.37069],[-107.89048,33.37282],[-107.89205,33.37461],[-107.89123,33.37602],[-107.89124,33.37752],[-107.88658,33.37512],[-107.88573,33.37508],[-107.88355,33.37713],[-107.8805,33.37688]]]},"bbox":[-107.89241,33.36246,-107.86319,33.38664]},{"type":"Feature","id":45921,"properties":{"y":1979,"n":"Swinging Pnf","ag":"USFS","ac":55.1,"c":14,"cl":"Unknown","ad":"2017-01-18","cd":"","st":"NM","se":4},"geometry":{"type":"Polygon","coordinates":[[[-108.46088,33.35125],[-108.46069,33.35247],[-108.4593,33.35429],[-108.45574,33.35503],[-108.45079,33.35405],[-108.4592,33.35084],[-108.46046,33.35054],[-108.46088,33.35125]]]},"bbox":[-108.46093,33.35054,-108.45079,33.35503]},{"type":"Feature","id":45922,"properties":{"y":2008,"n":"Bugle","ag":"USFS","ac":9.6,"c":14,"cl":"Unknown","ad":"2009-02-01","cd":"","st":"NM","se":4},"geometry":{"type":"Polygon","coordinates":[[[-108.42915,33.74483],[-108.43155,33.74246],[-108.43244,33.74305],[-108.43251,33.74381],[-108.42915,33.74483]]]},"bbox":[-108.43265,33.74246,-108.42914,33.74497]},{"type":"Feature","id":45923,"properties":{"y":1994,"n":"Willow","ag":"USFS","ac":23.8,"c":14,"cl":"Unknown","ad":"1995-02-01","cd":"","st":"NM","se":4},"geometry":{"type":"Polygon","coordinates":[[[-107.84459,33.11908],[-107.84204,33.11976],[-107.84136,33.11836],[-107.8393,33.11685],[-107.84355,33.11705],[-107.84508,33.1185],[-107.84459,33.11908]]]},"bbox":[-107.84509,33.11671,-107.8393,33.11977]},{"type":"Feature","id":45924,"properties":{"y":2003,"n":"Carbon","ag":"USFS","ac":10.0,"c":14,"cl":"Unknown","ad":"2004-02-01","cd":"","st":"NM","se":4},"geometry":{"type":"Polygon","coordinates":[[[-107.71889,32.94388],[-107.71802,32.94356],[-107.71768,32.94285],[-107.71803,32.94215],[-107.71893,32.94184],[-107.71981,32.94218],[-107.72011,32.9429],[-107.71974,32.94359],[-107.71889,32.94388]]]},"bbox":[-107.72011,32.94184,-107.71768,32.94388]},{"type":"Feature","id":45926,"properties":{"y":2009,"n":"Park","ag":"USFS","ac":307.5,"c":14,"cl":"Unknown","ad":"2010-02-01","cd":"","st":"NM","se":4},"geometry":{"type":"Polygon","coordinates":[[[-108.00056,33.15041],[-107.99838,33.15026],[-107.99721,33.14942],[-107.9964,33.14802],[-107.99379,33.14697],[-107.9933,33.14621],[-107.99086,33.14566],[-107.98789,33.14359],[-107.98895,33.1399],[-107.98863,33.13853],[-107.99044,33.13793],[-107.99326,33.13511],[-107.99519,33.13468],[-107.99656,33.13337],[-107.9976,33.13363],[-107.99761,33.13567],[-107.99899,33.13739],[-107.99909,33.13886],[-108.0001,33.13882],[-108.00121,33.14007],[-108.00128,33.14075],[-107.99894,33.14117],[-107.99933,33.14202],[-108.00128,33.14314],[-107.99791,33.14552],[-107.99749,33.14772],[-107.99828,33.14897],[-108.00005,33.14972],[-108.00056,33.15041]]]},"bbox":[-108.00128,33.13337,-107.98788,33.15053]},{"type":"Feature","id":45928,"properties":{"y":1995,"n":"Aztec","ag":"USFS","ac":9.6,"c":14,"cl":"Unknown","ad":"1996-02-01","cd":"","st":"NM","se":4},"geometry":{"type":"Polygon","coordinates":[[[-108.16913,32.97387],[-108.17068,32.97263],[-108.17172,32.97285],[-108.17137,32.9743],[-108.16913,32.97443],[-108.16913,32.97387]]]},"bbox":[-108.17172,32.97252,-108.1691,32.97456]},{"type":"Feature","id":45929,"properties":{"y":2018,"n":"Kelly","ag":"USFS","ac":32.0,"c":14,"cl":"Unknown","ad":"2018-08-09","cd":"","st":"NM","se":2},"geometry":{"type":"Polygon","coordinates":[[[-108.57147,32.65765],[-108.57107,32.65737],[-108.57101,32.65662],[-108.57252,32.65421],[-108.57614,32.65344],[-108.57639,32.65444],[-108.57492,32.65564],[-108.57528,32.65617],[-108.57147,32.65765]]]},"bbox":[-108.57639,32.6533,-108.57101,32.65765]},{"type":"Feature","id":45930,"properties":{"y":2010,"n":"Canovas","ag":"USFS","ac":15.5,"c":14,"cl":"Unknown","ad":"2011-02-01","cd":"","st":"NM","se":4},"geometry":{"type":"Polygon","coordinates":[[[-109.02633,34.00601],[-109.02558,34.00784],[-109.02405,34.0082],[-109.02403,34.00736],[-109.02323,34.00737],[-109.023,34.00624],[-109.0257,34.0054],[-109.02633,34.00601]]]},"bbox":[-109.02636,34.0054,-109.023,34.00826]},{"type":"Feature","id":45931,"properties":{"y":2002,"n":"Bull","ag":"USFS","ac":576.8,"c":14,"cl":"Unknown","ad":"2003-02-01","cd":"","st":"NM","se":4},"geometry":{"type":"Polygon","coordinates":[[[-108.66305,33.57208],[-108.65823,33.569],[-108.65687,33.56737],[-108.6546,33.56666],[-108.6531,33.56551],[-108.65267,33.56452],[-108.65341,33.56401],[-108.65447,33.56451],[-108.65457,33.56321],[-108.65392,33.56215],[-108.65217,33.56147],[-108.65046,33.55835],[-108.6512,33.55526],[-108.65335,33.55463],[-108.65543,33.55499],[-108.65631,33.55571],[-108.65645,33.55652],[-108.65721,33.55693],[-108.6579,33.55658],[-108.65996,33.55749],[-108.66022,33.55525],[-108.66184,33.55476],[-108.66335,33.55491],[-108.66565,33.55528],[-108.66752,33.55708],[-108.66751,33.55838],[-108.66815,33.55892],[-108.66854,33.56085],[-108.66926,33.56149],[-108.66765,33.56622],[-108.66894,33.56764],[-108.66857,33.56795],[-108.66885,33.5688],[-108.66814,33.56975],[-108.66662,33.56994],[-108.6665,33.572],[-108.66554,33.57263],[-108.66492,33.57403],[-108.664,33.57391],[-108.66304,33.57271],[-108.66305,33.57208]]]},"bbox":[-108.66926,33.55463,-108.6504,33.57406]},{"type":"Feature","id":45934,"properties":{"y":2001,"n":"Ridge","ag":"USFS","ac":160.8,"c":14,"cl":"Unknown","ad":"2002-02-01","cd":"","st":"NM","se":4},"geometry":{"type":"Polygon","coordinates":[[[-107.82877,32.92546],[-107.83214,32.92731],[-107.83319,32.92735],[-107.83659,32.92943],[-107.83741,32.93316],[-107.83549,32.93353],[-107.8345,32.93323],[-107.83311,32.93381],[-107.83204,32.93329],[-107.83076,32.93542],[-107.82729,32.93428],[-107.82703,32.93383],[-107.82908,32.93138],[-107.82734,32.92982],[-107.82746,32.92707],[-107.82877,32.92546]]]},"bbox":[-107.83744,32.92542,-107.82703,32.93544]},{"type":"Feature","id":45936,"properties":{"y":2014,"n":"Elkhorn","ag":"USFS","ac":117.0,"c":14,"cl":"Unknown","ad":"2014-12-31","cd":"","st":"NM","se":4},"geometry":{"type":"Polygon","coordinates":[[[-108.68152,33.88542],[-108.67966,33.88509],[-108.67938,33.8844],[-108.67883,33.88431],[-108.67902,33.88344],[-108.67716,33.88335],[-108.67704,33.88197],[-108.67767,33.88259],[-108.67911,33.88003],[-108.68095,33.87802],[-108.6847,33.87963],[-108.68552,33.87969],[-108.68611,33.87903],[-108.6879,33.8791],[-108.68785,33.87994],[-108.68668,33.88173],[-108.68665,33.88362],[-108.68359,33.88356],[-108.68152,33.88542]]]},"bbox":[-108.68793,33.87794,-108.67704,33.88554]},{"type":"Feature","id":45938,"properties":{"y":2013,"n":"Turkey","ag":"USFS","ac":17.7,"c":14,"cl":"Unknown","ad":"2013-12-31","cd":"","st":"NM","se":4},"geometry":{"type":"Polygon","coordinates":[[[-108.99748,33.6385],[-108.9976,33.63813],[-108.99605,33.63812],[-108.99673,33.63725],[-108.99637,33.63603],[-108.99777,33.63623],[-108.99867,33.63527],[-108.99931,33.63555],[-109.00035,33.63498],[-109.00105,33.63599],[-108.99909,33.63671],[-108.99884,33.63724],[-108.99769,33.63721],[-108.99786,33.63786],[-108.9986,33.63778],[-108.99839,33.63841],[-108.99748,33.6385]]]},"bbox":[-109.00106,33.63498,-108.99605,33.63855]},{"type":"Feature","id":45939,"properties":{"y":2003,"n":"Gravel","ag":"USFS","ac":30.0,"c":14,"cl":"Unknown","ad":"2004-02-01","cd":"","st":"NM","se":4},"geometry":{"type":"Polygon","coordinates":[[[-107.8506,33.45379],[-107.84907,33.45323],[-107.84849,33.452],[-107.84909,33.45078],[-107.85065,33.45024],[-107.85219,33.45084],[-107.85272,33.45208],[-107.85208,33.45328],[-107.8506,33.45379]]]},"bbox":[-107.85272,33.45024,-107.84849,33.45379]},{"type":"Feature","id":45942,"properties":{"y":2007,"n":"Wahoo","ag":"USFS","ac":407.3,"c":14,"cl":"Unknown","ad":"2008-02-01","cd":"","st":"NM","se":4},"geometry":{"type":"Polygon","coordinates":[[[-107.75751,33.64639],[-107.75572,33.64703],[-107.75535,33.64857],[-107.75252,33.64909],[-107.75151,33.65076],[-107.74923,33.65127],[-107.74913,33.65189],[-107.74836,33.65224],[-107.74874,33.65305],[-107.74777,33.65339],[-107.745,33.6515],[-107.74409,33.64691],[-107.74266,33.64701],[-107.74228,33.64657],[-107.74115,33.64779],[-107.74103,33.65002],[-107.74033,33.65149],[-107.7375,33.65138],[-107.73664,33.65016],[-107.7386,33.64902],[-107.73865,33.64849],[-107.73423,33.64991],[-107.73225,33.64853],[-107.72788,33.64865],[-107.72763,33.64825],[-107.72804,33.64758],[-107.73008,33.64692],[-107.73289,33.64698],[-107.73288,33.64623],[-107.73424,33.64546],[-107.73481,33.64571],[-107.73515,33.64529],[-107.73486,33.64482],[-107.73561,33.64426],[-107.73658,33.64483],[-107.73796,33.64472],[-107.73812,33.64546],[-107.74071,33.64616],[-107.74063,33.64548],[-107.74114,33.64602],[-107.74143,33.64556],[-107.74287,33.64566],[-107.74349,33.64523],[-107.74365,33.64407],[-107.74528,33.64418],[-107.74642,33.64268],[-107.74942,33.64166],[-107.74927,33.64083],[-107.74966,33.64045],[-107.75051,33.64152],[-107.75186,33.64191],[-107.75125,33.64346],[-107.75177,33.6441],[-107.75288,33.64271],[-107.75277,33.6414],[-107.75695,33.64343],[-107.7597,33.64334],[-107.75936,33.64473],[-107.75751,33.64639]]]},"bbox":[-107.75974,33.64045,-107.72763,33.65339]},{"type":"Feature","id":45943,"properties":{"y":2018,"n":"Willow","ag":"USFS","ac":591.8,"c":14,"cl":"Unknown","ad":"2018-06-18","cd":"","st":"NM","se":2},"geometry":{"type":"Polygon","coordinates":[[[-108.68333,33.36668],[-108.68316,33.36579],[-108.68211,33.36493],[-108.68163,33.3652],[-108.68162,33.36656],[-108.6808,33.36555],[-108.68058,33.36656],[-108.67995,33.36686],[-108.68023,33.3653],[-108.6791,33.36422],[-108.67845,33.36477],[-108.67773,33.36458],[-108.67695,33.36635],[-108.67703,33.36765],[-108.67588,33.36815],[-108.67451,33.36651],[-108.67221,33.36689],[-108.6729,33.36312],[-108.67259,33.36277],[-108.6705,33.36286],[-108.6695,33.36433],[-108.66647,33.36387],[-108.66623,33.36313],[-108.66446,33.36294],[-108.6637,33.36204],[-108.66844,33.35984],[-108.67005,33.36019],[-108.6703,33.3592],[-108.66948,33.35904],[-108.6693,33.35846],[-108.67063,33.35842],[-108.67127,33.35681],[-108.67302,33.35679],[-108.67442,33.3577],[-108.67486,33.3565],[-108.67577,33.35615],[-108.67504,33.35499],[-108.67541,33.35419],[-108.67445,33.35376],[-108.67417,33.35428],[-108.67278,33.35431],[-108.6722,33.35336],[-108.6727,33.35256],[-108.6741,33.35241],[-108.67463,33.35146],[-108.67575,33.35146],[-108.67643,33.35229],[-108.67761,33.35255],[-108.67891,33.3541],[-108.68174,33.35473],[-108.68241,33.3555],[-108.68377,33.35599],[-108.68774,33.35668],[-108.68904,33.35751],[-108.68833,33.35858],[-108.68888,33.35991],[-108.68824,33.36083],[-108.68663,33.36139],[-108.69012,33.36298],[-108.69027,33.36393],[-108.68696,33.3645],[-108.68522,33.36765],[-108.68329,33.36821],[-108.68269,33.3694],[-108.68403,33.37102],[-108.68391,33.37234],[-108.68218,33.37212],[-108.68151,33.37298],[-108.67905,33.37269],[-108.67861,33.37159],[-108.67921,33.37021],[-108.67792,33.37001],[-108.68019,33.36923],[-108.68223,33.36973],[-108.68287,33.36815],[-108.6823,33.36759],[-108.68333,33.36668]]]},"bbox":[-108.69038,33.35141,-108.66368,33.37298]},{"type":"Feature","id":45945,"properties":{"y":2009,"n":"Circle 7","ag":"USFS","ac":37.6,"c":14,"cl":"Unknown","ad":"2010-02-01","cd":"","st":"NM","se":4},"geometry":{"type":"Polygon","coordinates":[[[-107.82427,33.23862],[-107.82535,33.23863],[-107.82639,33.23942],[-107.8276,33.24115],[-107.82764,33.2425],[-107.82513,33.24368],[-107.82358,33.24318],[-107.82314,33.24248],[-107.82471,33.23978],[-107.82427,33.23862]]]},"bbox":[-107.82783,33.23853,-107.82314,33.24368]},{"type":"Feature","id":45947,"properties":{"y":1998,"n":"Double E","ag":"USFS","ac":977.2,"c":14,"cl":"Unknown","ad":"1999-02-01","cd":"","st":"NM","se":4},"geometry":{"type":"MultiPolygon","coordinates":[[[[-108.3254,33.2242],[-108.32251,33.22248],[-108.31951,33.22258],[-108.31794,33.22344],[-108.31689,33.22317],[-108.31575,33.22266],[-108.31416,33.22076],[-108.30481,33.22048],[-108.30223,33.21961],[-108.30179,33.21831],[-108.29615,33.21672],[-108.29292,33.21187],[-108.2912,33.21126],[-108.28638,33.20808],[-108.28474,33.20796],[-108.28678,33.2046],[-108.28616,33.20264],[-108.28654,33.19989],[-108.28813,33.19822],[-108.29179,33.19838],[-108.29312,33.19906],[-108.29396,33.20005],[-108.29401,33.20159],[-108.29619,33.20577],[-108.30173,33.20784],[-108.30209,33.20858],[-108.30536,33.20906],[-108.30657,33.21022],[-108.30643,33.21176],[-108.30792,33.21341],[-108.3084,33.2135],[-108.30921,33.21246],[-108.31094,33.21258],[-108.31516,33.2134],[-108.31573,33.21374],[-108.31579,33.21488],[-108.31842,33.21404],[-108.32116,33.21566],[-108.32444,33.21596],[-108.32736,33.2217],[-108.32707,33.2222],[-108.32776,33.22341],[-108.3254,33.2242]]],[[[-108.32778,33.22257],[-108.3281,33.22237],[-108.32816,33.22266],[-108.32778,33.22257]]]]},"bbox":[-108.32816,33.19822,-108.28474,33.2242]},{"type":"Feature","id":45948,"properties":{"y":2001,"n":"Hoyt","ag":"USFS","ac":210.1,"c":14,"cl":"Unknown","ad":"2002-02-01","cd":"","st":"NM","se":4},"geometry":{"type":"Polygon","coordinates":[[[-107.98103,33.34557],[-107.98282,33.34774],[-107.98208,33.35008],[-107.98236,33.35109],[-107.97958,33.35254],[-107.97989,33.35493],[-107.97963,33.35586],[-107.97895,33.35622],[-107.97667,33.35586],[-107.97757,33.35319],[-107.97654,33.35152],[-107.97495,33.35279],[-107.97452,33.35165],[-107.9706,33.35144],[-107.96941,33.35088],[-107.97173,33.34896],[-107.97113,33.3473],[-107.97145,33.34652],[-107.97405,33.34593],[-107.97515,33.34444],[-107.97755,33.34406],[-107.97817,33.34452],[-107.97837,33.34602],[-107.98103,33.34557]]]},"bbox":[-107.98284,33.34406,-107.96941,33.35622]},{"type":"Feature","id":45950,"properties":{"y":2011,"n":"Goat Farm","ag":"USFS","ac":31.3,"c":14,"cl":"Unknown","ad":"2011-12-31","cd":"","st":"NM","se":4},"geometry":{"type":"Polygon","coordinates":[[[-108.29993,32.98402],[-108.29921,32.98499],[-108.29975,32.98575],[-108.29973,32.98689],[-108.29846,32.98648],[-108.29787,32.9873],[-108.2965,32.98735],[-108.2968,32.98608],[-108.296,32.98345],[-108.29804,32.98295],[-108.29954,32.98341],[-108.29993,32.98402]],[[-108.2975,32.98728],[-108.29749,32.98728],[-108.29749,32.98728],[-108.2975,32.98728]]]},"bbox":[-108.29993,32.98295,-108.29596,32.9874]},{"type":"Feature","id":45951,"properties":{"y":2003,"n":"Woodrow","ag":"USFS","ac":16.0,"c":14,"cl":"Unknown","ad":"2004-02-01","cd":"","st":"NM","se":4},"geometry":{"type":"Polygon","coordinates":[[[-108.50612,33.1897],[-108.50501,33.1893],[-108.50458,33.18841],[-108.50507,33.18746],[-108.50614,33.18711],[-108.50727,33.18754],[-108.50766,33.18844],[-108.5072,33.18933],[-108.50612,33.1897]]]},"bbox":[-108.50766,33.18711,-108.50458,33.1897]},{"type":"Feature","id":45952,"properties":{"y":2011,"n":"Wallow","ag":"USFS","ac":29.4,"c":14,"cl":"Unknown","ad":"2011-12-31","cd":"","st":"NM","se":4},"geometry":{"type":"Polygon","coordinates":[[[-108.72798,33.41346],[-108.72772,33.41378],[-108.72545,33.41341],[-108.72473,33.41454],[-108.72463,33.41656],[-108.72271,33.41566],[-108.72189,33.41461],[-108.72214,33.41376],[-108.72504,33.41145],[-108.72615,33.4127],[-108.72798,33.41346]]]},"bbox":[-108.72798,33.41145,-108.72189,33.41656]},{"type":"Feature","id":45955,"properties":{"y":2003,"n":"Dolan","ag":"USFS","ac":15.0,"c":14,"cl":"Unknown","ad":"2004-02-01","cd":"","st":"NM","se":4},"geometry":{"type":"Polygon","coordinates":[[[-107.7836,33.56688],[-107.78252,33.56649],[-107.78211,33.56562],[-107.7826,33.56471],[-107.78364,33.56438],[-107.78466,33.56474],[-107.7851,33.56568],[-107.78465,33.56653],[-107.7836,33.56688]]]},"bbox":[-107.7851,33.56438,-107.78211,33.56688]},{"type":"Feature","id":45956,"properties":{"y":2000,"n":"Dime","ag":"USFS","ac":40.4,"c":14,"cl":"Unknown","ad":"2001-02-01","cd":"","st":"NM","se":4},"geometry":{"type":"Polygon","coordinates":[[[-108.21025,32.91655],[-108.21411,32.91419],[-108.21508,32.91409],[-108.21365,32.91602],[-108.21377,32.91773],[-108.21265,32.91876],[-108.2103,32.91913],[-108.20769,32.91731],[-108.20848,32.91673],[-108.21025,32.91655]]]},"bbox":[-108.21508,32.91396,-108.20769,32.91913]},{"type":"Feature","id":45957,"properties":{"y":2011,"n":"Pine Lawn","ag":"USFS","ac":500.3,"c":14,"cl":"Unknown","ad":"2011-12-31","cd":"","st":"NM","se":4},"geometry":{"type":"MultiPolygon","coordinates":[[[[-108.86716,33.67434],[-108.86746,33.66878],[-108.86799,33.66706],[-108.8673,33.66566],[-108.86838,33.66447],[-108.86862,33.66318],[-108.87192,33.66073],[-108.87189,33.65893],[-108.8716,33.65916],[-108.87068,33.65833],[-108.87113,33.65681],[-108.87229,33.65561],[-108.87439,33.65602],[-108.8755,33.65407],[-108.8749,33.65216],[-108.8758,33.65156],[-108.87653,33.65174],[-108.87837,33.65289],[-108.87682,33.6547],[-108.87841,33.65473],[-108.87834,33.65405],[-108.87943,33.6542],[-108.87978,33.65485],[-108.87852,33.6568],[-108.88126,33.65732],[-108.8819,33.65791],[-108.88188,33.65852],[-108.88085,33.65945],[-108.88002,33.65842],[-108.87925,33.65821],[-108.87935,33.65929],[-108.87781,33.66069],[-108.87754,33.66181],[-108.8769,33.66136],[-108.87604,33.66185],[-108.87674,33.66305],[-108.87664,33.66386],[-108.87729,33.6636],[-108.87768,33.66436],[-108.87825,33.6642],[-108.87843,33.66508],[-108.87939,33.66581],[-108.87905,33.66662],[-108.8802,33.66764],[-108.87855,33.66849],[-108.87939,33.66919],[-108.87819,33.67012],[-108.87827,33.67175],[-108.876,33.67174],[-108.8753,33.67217],[-108.87528,33.67282],[-108.87252,33.67277],[-108.8701,33.67874],[-108.86848,33.68027],[-108.86721,33.67886],[-108.86801,33.67436],[-108.86716,33.67434]]],[[[-108.8756,33.65032],[-108.87505,33.6498],[-108.87587,33.65013],[-108.8756,33.65032]]],[[[-108.88157,33.66745],[-108.88111,33.66736],[-108.88091,33.66705],[-108.88168,33.66672],[-108.88157,33.66745]]]]},"bbox":[-108.8819,33.64978,-108.86716,33.68027]},{"type":"Feature","id":45958,"properties":{"y":2018,"n":"Meadow","ag":"USFS","ac":201.1,"c":14,"cl":"Unknown","ad":"2018-06-06","cd":"","st":"NM","se":2},"geometry":{"type":"Polygon","coordinates":[[[-108.20774,32.98633],[-108.20436,32.98839],[-108.20398,32.99137],[-108.20193,32.99312],[-108.2001,32.99279],[-108.1972,32.99061],[-108.19764,32.98978],[-108.19678,32.98918],[-108.19791,32.9851],[-108.197,32.98422],[-108.19704,32.98322],[-108.19827,32.98294],[-108.19887,32.98181],[-108.20078,32.98216],[-108.2008,32.98257],[-108.20182,32.9829],[-108.20389,32.98282],[-108.20518,32.98386],[-108.20617,32.98374],[-108.20658,32.98439],[-108.20755,32.98446],[-108.20804,32.98532],[-108.20774,32.98633]]]},"bbox":[-108.20804,32.98171,-108.19678,32.99312]},{"type":"Feature","id":45959,"properties":{"y":2021,"n":"Bullard","ag":"USFS","ac":603.4,"c":14,"cl":"Unknown","ad":"2021-06-23","cd":"","st":"NM","se":2},"geometry":{"type":"Polygon","coordinates":[[[-108.56859,32.64173],[-108.56998,32.64188],[-108.56942,32.64385],[-108.57054,32.64486],[-108.57184,32.64472],[-108.5715,32.64568],[-108.57277,32.64671],[-108.57293,32.64813],[-108.57492,32.64792],[-108.57601,32.64834],[-108.57661,32.65013],[-108.57636,32.65089],[-108.57473,32.65196],[-108.57347,32.65186],[-108.56822,32.65309],[-108.56663,32.65439],[-108.56666,32.65515],[-108.56621,32.65541],[-108.56408,32.6555],[-108.56336,32.65679],[-108.56195,32.65735],[-108.56091,32.65711],[-108.55921,32.65753],[-108.55819,32.65836],[-108.55568,32.65906],[-108.55501,32.66014],[-108.55344,32.6601],[-108.55142,32.65926],[-108.54958,32.65938],[-108.54851,32.66018],[-108.54756,32.66024],[-108.54757,32.65649],[-108.54949,32.65558],[-108.55071,32.6544],[-108.5517,32.65443],[-108.55084,32.65269],[-108.55275,32.65091],[-108.55861,32.64902],[-108.56115,32.64954],[-108.56331,32.64867],[-108.56365,32.64955],[-108.56513,32.65012],[-108.56814,32.65001],[-108.56809,32.64924],[-108.56561,32.64842],[-108.56466,32.64729],[-108.56197,32.64695],[-108.56069,32.64582],[-108.56386,32.64218],[-108.56519,32.64213],[-108.56524,32.64291],[-108.56859,32.64173]]]},"bbox":[-108.57664,32.64169,-108.54732,32.66034]},{"type":"Feature","id":45960,"properties":{"y":2003,"n":"Doubtful","ag":"USFS","ac":10.8,"c":14,"cl":"Unknown","ad":"2004-02-01","cd":"","st":"NM","se":4},"geometry":{"type":"Polygon","coordinates":[[[-107.8675,33.23503],[-107.86658,33.2347],[-107.86624,33.23396],[-107.86659,33.23323],[-107.86753,33.2329],[-107.8684,33.23321],[-107.86877,33.23401],[-107.86839,33.23473],[-107.8675,33.23503]]]},"bbox":[-107.86877,33.2329,-107.86624,33.23503]},{"type":"Feature","id":45962,"properties":{"y":2010,"n":"Hinkle","ag":"USFS","ac":105.0,"c":14,"cl":"Unknown","ad":"2011-02-01","cd":"","st":"NM","se":4},"geometry":{"type":"MultiPolygon","coordinates":[[[[-109.01085,33.62983],[-109.01145,33.63317],[-109.01139,33.63326],[-109.01109,33.63422],[-109.01111,33.63462],[-109.01043,33.63497],[-109.01118,33.63664],[-109.01033,33.6385],[-109.01004,33.63688],[-109.00821,33.63617],[-109.00778,33.63551],[-109.0074,33.63598],[-109.00664,33.63592],[-109.00656,33.63487],[-109.0056,33.63414],[-109.00555,33.63382],[-109.0054,33.63396],[-109.00539,33.63382],[-109.00534,33.63381],[-109.00533,33.63392],[-109.00514,33.63366],[-109.00481,33.63366],[-109.0051,33.63336],[-109.00519,33.63319],[-109.00521,33.63309],[-109.00462,33.6331],[-109.00476,33.63261],[-109.00625,33.63062],[-109.00463,33.63051],[-109.0045,33.62983],[-109.0096,33.6283],[-109.01085,33.62983]],[[-109.00534,33.63381],[-109.00535,33.63378],[-109.00533,33.63381],[-109.00534,33.63381]],[[-109.00521,33.63309],[-109.00522,33.63309],[-109.00521,33.63309],[-109.00521,33.63309]],[[-109.00522,33.63309],[-109.00527,33.63309],[-109.00523,33.63308],[-109.00522,33.63309]],[[-109.00543,33.63388],[-109.00541,33.63388],[-109.00541,33.63389],[-109.00542,33.63389],[-109.00546,33.63386],[-109.00547,33.63383],[-109.00543,33.63388]],[[-109.0057,33.63402],[-109.00567,33.63403],[-109.00569,33.63404],[-109.0057,33.63402]]],[[[-109.00519,33.6331],[-109.00518,33.63316],[-109.00516,33.63311],[-109.00519,33.6331]]],[[[-109.00538,33.63384],[-109.00538,33.63384],[-109.00538,33.63384],[-109.00538,33.63384]]],[[[-109.00543,33.63388],[-109.00543,33.63388],[-109.00542,33.63389],[-109.00543,33.63388]]],[[[-109.01141,33.63327],[-109.01141,33.63326],[-109.01141,33.63326],[-109.01141,33.63327]]],[[[-109.01145,33.63317],[-109.01145,33.63317],[-109.01145,33.63317],[-109.01145,33.63317]]],[[[-109.01182,33.63291],[-109.01147,33.63319],[-109.0115,33.63313],[-109.01182,33.63291]]],[[[-109.01147,33.63319],[-109.01145,33.63323],[-109.01146,33.6332],[-109.01147,33.63319]]]]},"bbox":[-109.01182,33.62828,-109.00442,33.6385]},{"type":"Feature","id":45963,"properties":{"y":2016,"n":"Hidden","ag":"USFS","ac":25.9,"c":14,"cl":"Unknown","ad":"2017-01-12","cd":"","st":"NM","se":4},"geometry":{"type":"Polygon","coordinates":[[[-108.44096,33.06628],[-108.44052,33.06827],[-108.43858,33.06786],[-108.43823,33.06624],[-108.43625,33.06551],[-108.43635,33.06395],[-108.4358,33.06347],[-108.43735,33.06385],[-108.44096,33.06628]]]},"bbox":[-108.44098,33.06334,-108.43577,33.06838]},{"type":"Feature","id":45964,"properties":{"y":1984,"n":"Mogollon","ag":"USFS","ac":957.2,"c":14,"cl":"Unknown","ad":"1994-02-01","cd":"","st":"NM","se":4},"geometry":{"type":"Polygon","coordinates":[[[-108.62898,33.26583],[-108.6277,33.26559],[-108.62613,33.26447],[-108.62692,33.2639],[-108.62713,33.26267],[-108.62837,33.26189],[-108.62957,33.2593],[-108.62946,33.25869],[-108.62797,33.25942],[-108.6254,33.26212],[-108.62272,33.26291],[-108.62094,33.26117],[-108.61684,33.26042],[-108.61576,33.26087],[-108.61385,33.25992],[-108.61295,33.25878],[-108.61131,33.2597],[-108.61132,33.25807],[-108.60955,33.25551],[-108.6097,33.25342],[-108.61114,33.25211],[-108.61162,33.2501],[-108.61223,33.24945],[-108.61569,33.2484],[-108.61774,33.24578],[-108.62099,33.24379],[-108.62218,33.24328],[-108.62445,33.24329],[-108.62654,33.24222],[-108.63058,33.2425],[-108.63223,33.24599],[-108.6347,33.24841],[-108.6325,33.25224],[-108.63409,33.2578],[-108.63363,33.25976],[-108.63284,33.26185],[-108.6306,33.26324],[-108.63043,33.26425],[-108.62898,33.26583]]]},"bbox":[-108.6347,33.24222,-108.60955,33.26583]},{"type":"Feature","id":45965,"properties":{"y":2004,"n":"Mestenio","ag":"USFS","ac":15.9,"c":14,"cl":"Unknown","ad":"2005-02-01","cd":"","st":"NM","se":4},"geometry":{"type":"Polygon","coordinates":[[[-108.44172,34.00329],[-108.4406,34.00289],[-108.44018,34.00199],[-108.44061,34.0011],[-108.44175,34.00071],[-108.44282,34.00108],[-108.44328,34.00204],[-108.44281,34.00292],[-108.44172,34.00329]]]},"bbox":[-108.44328,34.00071,-108.44018,34.00329]},{"type":"Feature","id":45966,"properties":{"y":2011,"n":"Gomez","ag":"USFS","ac":8.0,"c":14,"cl":"Unknown","ad":"2011-12-31","cd":"","st":"NM","se":4},"geometry":{"type":"Polygon","coordinates":[[[-108.27408,32.8557],[-108.27536,32.85578],[-108.27565,32.85652],[-108.27429,32.85773],[-108.27333,32.85685],[-108.27389,32.85655],[-108.27408,32.8557]]]},"bbox":[-108.27566,32.8555,-108.27333,32.85773]},{"type":"Feature","id":45967,"properties":{"y":1999,"n":"Black","ag":"USFS","ac":15.0,"c":14,"cl":"Unknown","ad":"2000-02-01","cd":"","st":"NM","se":4},"geometry":{"type":"Polygon","coordinates":[[[-108.1637,32.91065],[-108.16295,32.90945],[-108.1631,32.90813],[-108.16469,32.90764],[-108.16596,32.90887],[-108.1637,32.91065]]]},"bbox":[-108.16596,32.90764,-108.16295,32.91065]},{"type":"Feature","id":45971,"properties":{"y":2004,"n":"Seven","ag":"USFS","ac":59.1,"c":14,"cl":"Unknown","ad":"2005-02-01","cd":"","st":"NM","se":4},"geometry":{"type":"Polygon","coordinates":[[[-108.79701,34.0423],[-108.795,34.04244],[-108.793,34.04365],[-108.7925,34.04347],[-108.79176,34.04421],[-108.78968,34.04498],[-108.78974,34.04536],[-108.7891,34.04533],[-108.7893,34.04586],[-108.78852,34.04564],[-108.78788,34.04667],[-108.78714,34.04691],[-108.78765,34.04436],[-108.79097,34.04168],[-108.79271,34.04251],[-108.79687,34.04131],[-108.80035,34.04187],[-108.80541,34.04155],[-108.80348,34.04268],[-108.80218,34.04257],[-108.80132,34.04324],[-108.79701,34.0423]]]},"bbox":[-108.80541,34.04131,-108.78705,34.04707]},{"type":"Feature","id":45972,"properties":{"y":2003,"n":"Squirrel","ag":"USFS","ac":11.5,"c":14,"cl":"Unknown","ad":"2004-02-01","cd":"","st":"NM","se":4},"geometry":{"type":"Polygon","coordinates":[[[-108.55313,33.77005],[-108.55218,33.76971],[-108.55181,33.76895],[-108.55217,33.76819],[-108.55314,33.76785],[-108.55405,33.76817],[-108.55444,33.76898],[-108.55405,33.76973],[-108.55313,33.77005]]]},"bbox":[-108.55444,33.76785,-108.55181,33.77005]},{"type":"Feature","id":45973,"properties":{"y":2014,"n":"C Bar","ag":"USFS","ac":387.3,"c":14,"cl":"Unknown","ad":"2014-12-31","cd":"","st":"NM","se":4},"geometry":{"type":"Polygon","coordinates":[[[-108.40952,32.41401],[-108.39757,32.40912],[-108.39266,32.40651],[-108.38552,32.40461],[-108.38516,32.40396],[-108.38633,32.40357],[-108.38617,32.40281],[-108.38485,32.40269],[-108.38377,32.40166],[-108.38415,32.40272],[-108.3832,32.40293],[-108.38183,32.40159],[-108.38068,32.40155],[-108.38067,32.39992],[-108.37937,32.39999],[-108.37877,32.39916],[-108.37657,32.39808],[-108.37798,32.39701],[-108.37941,32.39723],[-108.37982,32.39802],[-108.38165,32.39863],[-108.38353,32.40012],[-108.38501,32.39936],[-108.38708,32.4008],[-108.38638,32.40117],[-108.38668,32.40169],[-108.39033,32.40314],[-108.39087,32.40286],[-108.39309,32.40418],[-108.39518,32.40451],[-108.39501,32.40509],[-108.39537,32.40525],[-108.39621,32.40504],[-108.39553,32.40316],[-108.39687,32.40415],[-108.39805,32.40425],[-108.39787,32.40336],[-108.39681,32.40284],[-108.39734,32.40164],[-108.39771,32.40212],[-108.39933,32.40198],[-108.40033,32.40245],[-108.40036,32.40155],[-108.40139,32.40174],[-108.40267,32.40219],[-108.40315,32.40287],[-108.40391,32.40147],[-108.40279,32.39941],[-108.4044,32.39547],[-108.40489,32.39516],[-108.40682,32.39626],[-108.40659,32.39764],[-108.40532,32.39886],[-108.40531,32.39967],[-108.40446,32.40056],[-108.40473,32.40117],[-108.40383,32.40226],[-108.40432,32.40514],[-108.40364,32.40737],[-108.4093,32.40993],[-108.40929,32.41094],[-108.40868,32.41109],[-108.40882,32.41199],[-108.41088,32.41347],[-108.40952,32.41401]]]},"bbox":[-108.41088,32.39516,-108.37657,32.41401]},{"type":"Feature","id":45974,"properties":{"y":2003,"n":"Frisco","ag":"USFS","ac":65.0,"c":14,"cl":"Unknown","ad":"2004-02-01","cd":"","st":"NM","se":4},"geometry":{"type":"Polygon","coordinates":[[[-108.81894,33.62045],[-108.81668,33.61965],[-108.81581,33.61785],[-108.81666,33.61605],[-108.81897,33.61523],[-108.82125,33.61609],[-108.82205,33.61791],[-108.82113,33.61969],[-108.81894,33.62045]]]},"bbox":[-108.82205,33.61523,-108.81581,33.62045]},{"type":"Feature","id":45975,"properties":{"y":1994,"n":"Dutchman","ag":"USFS","ac":74.4,"c":14,"cl":"Unknown","ad":"1995-02-01","cd":"","st":"NM","se":4},"geometry":{"type":"Polygon","coordinates":[[[-108.07026,33.54565],[-108.06903,33.54823],[-108.07055,33.54852],[-108.07063,33.54909],[-108.06907,33.5504],[-108.06873,33.55198],[-108.06667,33.55181],[-108.06571,33.55268],[-108.06456,33.55284],[-108.06095,33.55229],[-108.06203,33.55013],[-108.06394,33.54915],[-108.0663,33.54918],[-108.07026,33.54565]]]},"bbox":[-108.07068,33.54565,-108.06092,33.55284]},{"type":"Feature","id":45976,"properties":{"y":2003,"n":"Slick","ag":"USFS","ac":50.0,"c":14,"cl":"Unknown","ad":"2004-02-01","cd":"","st":"NM","se":4},"geometry":{"type":"Polygon","coordinates":[[[-108.0347,33.10459],[-108.03274,33.10387],[-108.03199,33.10229],[-108.03275,33.10071],[-108.03476,33.10001],[-108.03662,33.10067],[-108.03743,33.10238],[-108.03661,33.10393],[-108.0347,33.10459]]]},"bbox":[-108.03743,33.10001,-108.03199,33.10459]},{"type":"Feature","id":45977,"properties":{"y":2002,"n":"Deep Creek","ag":"USFS","ac":116.2,"c":14,"cl":"Unknown","ad":"2003-02-01","cd":"","st":"NM","se":4},"geometry":{"type":"Polygon","coordinates":[[[-108.72956,33.48955],[-108.72867,33.49089],[-108.72654,33.49106],[-108.72709,33.49204],[-108.72683,33.49234],[-108.72575,33.49172],[-108.72374,33.49222],[-108.72322,33.49192],[-108.72301,33.49066],[-108.72209,33.49052],[-108.72121,33.48856],[-108.72175,33.48733],[-108.72261,33.48678],[-108.72597,33.48643],[-108.72789,33.4855],[-108.72967,33.48605],[-108.73219,33.48541],[-108.73227,33.48616],[-108.73064,33.48727],[-108.73082,33.48896],[-108.72956,33.48955]]]},"bbox":[-108.7324,33.48538,-108.72121,33.4924]},{"type":"Feature","id":45978,"properties":{"y":2001,"n":"Hill","ag":"USFS","ac":32.7,"c":14,"cl":"Unknown","ad":"2002-02-01","cd":"","st":"NM","se":4},"geometry":{"type":"Polygon","coordinates":[[[-108.16006,32.9661],[-108.16088,32.96837],[-108.15896,32.96925],[-108.15612,32.96889],[-108.15674,32.96629],[-108.15863,32.96571],[-108.16006,32.9661]]]},"bbox":[-108.16088,32.96571,-108.15612,32.96925]},{"type":"Feature","id":45979,"properties":{"y":1987,"n":"Creek","ag":"USFS","ac":799.1,"c":14,"cl":"Unknown","ad":"1994-02-01","cd":"","st":"NM","se":4},"geometry":{"type":"Polygon","coordinates":[[[-108.29973,33.36717],[-108.29808,33.36528],[-108.29826,33.36345],[-108.29614,33.36251],[-108.29743,33.36194],[-108.29771,33.36094],[-108.29524,33.35887],[-108.29275,33.35816],[-108.29154,33.35656],[-108.29154,33.35518],[-108.29278,33.35253],[-108.28987,33.34814],[-108.2907,33.34643],[-108.29237,33.34585],[-108.29408,33.34626],[-108.29562,33.34794],[-108.29573,33.34915],[-108.29648,33.35021],[-108.29775,33.35172],[-108.29936,33.35261],[-108.30096,33.35238],[-108.30484,33.34797],[-108.30673,33.3474],[-108.30853,33.34772],[-108.30991,33.34972],[-108.30994,33.35127],[-108.30891,33.35447],[-108.31179,33.35416],[-108.31261,33.35452],[-108.31155,33.35819],[-108.30874,33.36159],[-108.30854,33.3624],[-108.30915,33.36283],[-108.31052,33.36274],[-108.31433,33.36182],[-108.31615,33.36282],[-108.31603,33.36328],[-108.3145,33.3636],[-108.31477,33.36491],[-108.31306,33.36525],[-108.31155,33.36714],[-108.31032,33.36758],[-108.30751,33.36683],[-108.3061,33.36692],[-108.30217,33.36806],[-108.3008,33.36923],[-108.29929,33.36844],[-108.29973,33.36717]]]},"bbox":[-108.31615,33.34585,-108.28987,33.36923]},{"type":"Feature","id":45981,"properties":{"y":2009,"n":"White","ag":"USFS","ac":35.2,"c":14,"cl":"Unknown","ad":"2010-02-01","cd":"","st":"NM","se":4},"geometry":{"type":"Polygon","coordinates":[[[-108.53712,33.27667],[-108.5358,33.27757],[-108.53381,33.27789],[-108.53068,33.27751],[-108.52953,33.27625],[-108.53103,33.27551],[-108.53353,33.27563],[-108.53581,33.2758],[-108.53712,33.27667]]]},"bbox":[-108.53712,33.27551,-108.52953,33.27789]},{"type":"Feature","id":45982,"properties":{"y":2018,"n":"Spurgeon","ag":"USFS","ac":75.5,"c":14,"cl":"Unknown","ad":"2018-07-26","cd":"","st":"NM","se":2},"geometry":{"type":"Polygon","coordinates":[[[-108.92821,33.48338],[-108.9289,33.47999],[-108.92986,33.47812],[-108.93029,33.47766],[-108.93206,33.47785],[-108.93197,33.47688],[-108.93307,33.47479],[-108.9311,33.47366],[-108.9312,33.47298],[-108.93008,33.47229],[-108.93048,33.47178],[-108.92988,33.47134],[-108.93064,33.47015],[-108.93198,33.4694],[-108.93291,33.4705],[-108.93372,33.47406],[-108.93229,33.47767],[-108.93273,33.47823],[-108.93218,33.47907],[-108.93236,33.47976],[-108.93165,33.4799],[-108.93092,33.48112],[-108.93128,33.4828],[-108.92995,33.48279],[-108.92981,33.48315],[-108.93007,33.48405],[-108.93072,33.48444],[-108.92821,33.48338]]]},"bbox":[-108.93372,33.46935,-108.92821,33.48448]},{"type":"Feature","id":45983,"properties":{"y":2002,"n":"Skeleton","ag":"USFS","ac":60.1,"c":14,"cl":"Unknown","ad":"2003-02-01","cd":"","st":"NM","se":4},"geometry":{"type":"Polygon","coordinates":[[[-108.77567,33.37244],[-108.77715,33.37275],[-108.7787,33.37393],[-108.77996,33.37682],[-108.77742,33.37861],[-108.77569,33.37911],[-108.77368,33.37773],[-108.774,33.37702],[-108.77638,33.37565],[-108.77619,33.3747],[-108.77435,33.37282],[-108.77567,33.37244]]]},"bbox":[-108.77996,33.37244,-108.77368,33.37911]},{"type":"Feature","id":45984,"properties":{"y":2011,"n":"Gallinas","ag":"USFS","ac":5.3,"c":14,"cl":"Unknown","ad":"2011-12-31","cd":"","st":"NM","se":4},"geometry":{"type":"MultiPolygon","coordinates":[[[[-107.84125,32.8881],[-107.84176,32.88981],[-107.83958,32.88936],[-107.84125,32.8881]]],[[[-107.84195,32.8899],[-107.84192,32.88988],[-107.84192,32.88988],[-107.84195,32.8899]]]]},"bbox":[-107.84195,32.88807,-107.83958,32.8899]},{"type":"Feature","id":45985,"properties":{"y":2004,"n":"Negrito","ag":"USFS","ac":144.7,"c":14,"cl":"Unknown","ad":"2005-02-01","cd":"","st":"NM","se":4},"geometry":{"type":"Polygon","coordinates":[[[-108.55241,33.61295],[-108.55583,33.61319],[-108.55629,33.61464],[-108.55433,33.61702],[-108.55368,33.61683],[-108.55138,33.61777],[-108.5498,33.61728],[-108.54826,33.61837],[-108.54731,33.61797],[-108.54623,33.61861],[-108.54531,33.61724],[-108.54476,33.61794],[-108.54362,33.618],[-108.54121,33.61516],[-108.54149,33.61449],[-108.54439,33.61368],[-108.54527,33.61402],[-108.54857,33.61293],[-108.55164,33.61355],[-108.55278,33.61329],[-108.55241,33.61295]]]},"bbox":[-108.55636,33.61271,-108.54121,33.61861]},{"type":"Feature","id":45987,"properties":{"y":2022,"n":"Vine","ag":"USFS","ac":5.8,"c":14,"cl":"Unknown","ad":"2022-03-20","cd":"","st":"NM","se":1},"geometry":{"type":"Polygon","coordinates":[[[-108.20518,33.17096],[-108.20526,33.16932],[-108.20669,33.16874],[-108.20598,33.1698],[-108.20657,33.17013],[-108.20668,33.17084],[-108.20605,33.17045],[-108.20591,33.17108],[-108.20518,33.17096]]]},"bbox":[-108.20674,33.16872,-108.2051,33.17112]},{"type":"Feature","id":45989,"properties":{"y":2016,"n":"Circle","ag":"USFS","ac":5.4,"c":14,"cl":"Unknown","ad":"2016-09-08","cd":"","st":"NM","se":3},"geometry":{"type":"Polygon","coordinates":[[[-108.03946,32.93612],[-108.03923,32.93671],[-108.03603,32.93831],[-108.03653,32.93725],[-108.03746,32.93718],[-108.03837,32.93591],[-108.03862,32.93621],[-108.03935,32.93599],[-108.03946,32.93612]],[[-108.03946,32.93612],[-108.03946,32.93612],[-108.03946,32.93612],[-108.03946,32.93612]]]},"bbox":[-108.03946,32.93591,-108.03603,32.93834]},{"type":"Feature","id":45991,"properties":{"y":2007,"n":"Railroad","ag":"USFS","ac":540.1,"c":14,"cl":"Unknown","ad":"2008-02-01","cd":"","st":"NM","se":4},"geometry":{"type":"Polygon","coordinates":[[[-108.11687,33.11889],[-108.11258,33.11936],[-108.11169,33.11982],[-108.10992,33.11923],[-108.10729,33.12154],[-108.10634,33.12048],[-108.10294,33.11949],[-108.10186,33.1187],[-108.10135,33.1173],[-108.09937,33.11547],[-108.09945,33.11485],[-108.10107,33.1138],[-108.10169,33.11248],[-108.10104,33.11082],[-108.10145,33.10981],[-108.10102,33.10641],[-108.10177,33.10558],[-108.10476,33.10638],[-108.107,33.10976],[-108.11074,33.11074],[-108.11326,33.11057],[-108.11591,33.10869],[-108.11852,33.10815],[-108.1221,33.10859],[-108.12278,33.10982],[-108.12256,33.11212],[-108.11992,33.11375],[-108.11687,33.11889]]]},"bbox":[-108.12289,33.10558,-108.09937,33.12154]},{"type":"Feature","id":45993,"properties":{"y":2016,"n":"Sisters","ag":"USFS","ac":14.8,"c":14,"cl":"Unknown","ad":"2016-05-23","cd":"","st":"NM","se":1},"geometry":{"type":"Polygon","coordinates":[[[-108.18371,32.89148],[-108.18539,32.89271],[-108.18508,32.89341],[-108.18286,32.89423],[-108.18185,32.8936],[-108.1829,32.89168],[-108.18371,32.89148]]]},"bbox":[-108.18539,32.89148,-108.18185,32.89423]},{"type":"Feature","id":45995,"properties":{"y":1994,"n":"Tennessee Pnf","ag":"USFS","ac":558.9,"c":14,"cl":"Unknown","ad":"1995-02-01","cd":"","st":"NM","se":4},"geometry":{"type":"Polygon","coordinates":[[[-108.76386,33.3282],[-108.76726,33.33011],[-108.76796,33.33099],[-108.7683,33.33268],[-108.76952,33.33334],[-108.76826,33.33436],[-108.76998,33.33596],[-108.77016,33.33813],[-108.76895,33.33837],[-108.76558,33.33753],[-108.76179,33.3374],[-108.75759,33.33547],[-108.7458,33.33355],[-108.74115,33.33045],[-108.73959,33.33065],[-108.73899,33.32992],[-108.73988,33.32881],[-108.74259,33.32825],[-108.74476,33.32687],[-108.75167,33.32815],[-108.7556,33.32564],[-108.75636,33.3256],[-108.76262,33.32664],[-108.76386,33.3282]]]},"bbox":[-108.77035,33.3256,-108.73899,33.33841]},{"type":"Feature","id":45996,"properties":{"y":1978,"n":"Nite Pnf","ag":"USFS","ac":565.0,"c":14,"cl":"Unknown","ad":"1994-02-01","cd":"","st":"NM","se":4},"geometry":{"type":"Polygon","coordinates":[[[-108.51125,33.32953],[-108.50782,33.33256],[-108.50772,33.33358],[-108.50612,33.33569],[-108.50661,33.33672],[-108.50616,33.33733],[-108.50207,33.34005],[-108.5004,33.34216],[-108.50008,33.34677],[-108.49938,33.34903],[-108.50126,33.35207],[-108.50156,33.35402],[-108.50059,33.35495],[-108.49867,33.35458],[-108.49692,33.35274],[-108.49541,33.34918],[-108.49256,33.34738],[-108.49238,33.34678],[-108.49275,33.34619],[-108.49502,33.34515],[-108.49374,33.34302],[-108.4937,33.34025],[-108.49558,33.33923],[-108.4986,33.33534],[-108.49814,33.33332],[-108.49984,33.3316],[-108.50089,33.32932],[-108.50023,33.32914],[-108.49826,33.33072],[-108.49752,33.33031],[-108.49766,33.32958],[-108.49901,33.32773],[-108.49981,33.32739],[-108.50652,33.32581],[-108.50821,33.32574],[-108.50894,33.32645],[-108.50993,33.32627],[-108.51039,33.32664],[-108.51148,33.32551],[-108.51208,33.32631],[-108.51436,33.32639],[-108.5144,33.32774],[-108.51125,33.32953]]]},"bbox":[-108.5144,33.32551,-108.49238,33.35495]},{"type":"Feature","id":45997,"properties":{"y":2007,"n":"Patterson","ag":"USFS","ac":863.3,"c":14,"cl":"Unknown","ad":"2008-02-01","cd":"","st":"NM","se":4},"geometry":{"type":"Polygon","coordinates":[[[-108.46555,33.85969],[-108.4664,33.8607],[-108.46614,33.86206],[-108.46767,33.86368],[-108.46716,33.86431],[-108.45572,33.86435],[-108.45306,33.86215],[-108.44936,33.86208],[-108.44781,33.86096],[-108.44368,33.86091],[-108.44316,33.85995],[-108.44371,33.85783],[-108.44285,33.85477],[-108.44485,33.85523],[-108.44491,33.85326],[-108.44437,33.85283],[-108.44387,33.84933],[-108.44255,33.84645],[-108.44317,33.8442],[-108.44297,33.84318],[-108.44404,33.84275],[-108.44335,33.84152],[-108.44012,33.841],[-108.44216,33.84025],[-108.44305,33.83916],[-108.44469,33.83857],[-108.44595,33.83878],[-108.44764,33.84444],[-108.44958,33.84694],[-108.45083,33.8474],[-108.45278,33.84567],[-108.45485,33.84488],[-108.4613,33.84474],[-108.46307,33.84285],[-108.46301,33.83966],[-108.46467,33.83961],[-108.46727,33.84361],[-108.46729,33.84466],[-108.46529,33.84642],[-108.46238,33.84793],[-108.46028,33.85007],[-108.45892,33.85044],[-108.45704,33.85463],[-108.4574,33.8552],[-108.45931,33.85595],[-108.45908,33.85686],[-108.45685,33.85749],[-108.4529,33.85665],[-108.45114,33.85893],[-108.45155,33.85999],[-108.45225,33.86027],[-108.45514,33.85824],[-108.45777,33.85962],[-108.45899,33.85864],[-108.46009,33.85848],[-108.46057,33.85895],[-108.46051,33.8609],[-108.46186,33.86106],[-108.46403,33.85984],[-108.46555,33.85969]]]},"bbox":[-108.46767,33.83856,-108.44012,33.86447]},{"type":"Feature","id":46000,"properties":{"y":2016,"n":"Rocky","ag":"USFS","ac":9.5,"c":14,"cl":"Unknown","ad":"2016-05-25","cd":"","st":"NM","se":1},"geometry":{"type":"Polygon","coordinates":[[[-108.00264,33.13155],[-108.00153,33.13275],[-107.99947,33.13132],[-108.00099,33.13094],[-108.00224,33.13104],[-108.00264,33.13155]]]},"bbox":[-108.00269,33.13094,-107.99947,33.13275]},{"type":"Feature","id":46001,"properties":{"y":2004,"n":"Pitchfork","ag":"USFS","ac":535.6,"c":14,"cl":"Unknown","ad":"2005-02-01","cd":"","st":"NM","se":4},"geometry":{"type":"Polygon","coordinates":[[[-108.39817,33.57667],[-108.39511,33.57697],[-108.39507,33.57555],[-108.39098,33.57708],[-108.38959,33.57925],[-108.39069,33.58018],[-108.388,33.5809],[-108.3871,33.58236],[-108.38313,33.57841],[-108.38808,33.57876],[-108.38875,33.57517],[-108.38839,33.57057],[-108.38729,33.56819],[-108.38619,33.5671],[-108.38199,33.56522],[-108.38362,33.56395],[-108.38875,33.56382],[-108.39055,33.56321],[-108.3972,33.56277],[-108.3961,33.56375],[-108.39698,33.56472],[-108.39625,33.56588],[-108.39685,33.56678],[-108.40065,33.56727],[-108.40095,33.56783],[-108.40254,33.56779],[-108.40282,33.56854],[-108.40361,33.56892],[-108.40406,33.57055],[-108.40293,33.57319],[-108.40357,33.57347],[-108.40383,33.573],[-108.40496,33.57429],[-108.40584,33.57403],[-108.40584,33.57452],[-108.4046,33.57502],[-108.40393,33.57594],[-108.40254,33.57598],[-108.40125,33.57538],[-108.39817,33.57667]]]},"bbox":[-108.40584,33.56277,-108.38199,33.58236]},{"type":"Feature","id":46006,"properties":{"y":2011,"n":"Lake Roberts","ag":"USFS","ac":0.8,"c":14,"cl":"Unknown","ad":"2011-12-31","cd":"","st":"NM","se":4},"geometry":{"type":"Polygon","coordinates":[[[-108.1681,33.02815],[-108.1678,33.02856],[-108.16726,33.02865],[-108.1675,33.02805],[-108.1681,33.02815]],[[-108.16809,33.02815],[-108.16809,33.02815],[-108.16809,33.02815],[-108.16809,33.02815]]]},"bbox":[-108.16815,33.02795,-108.16725,33.02866]},{"type":"Feature","id":46008,"properties":{"y":2022,"n":"Water","ag":"USFS","ac":520.6,"c":14,"cl":"Unknown","ad":"2022-05-04","cd":"","st":"NM","se":1},"geometry":{"type":"Polygon","coordinates":[[[-107.97154,32.93838],[-107.97297,32.93954],[-107.96944,32.94348],[-107.96583,32.94461],[-107.96273,32.94679],[-107.96064,32.94767],[-107.95169,32.95453],[-107.95246,32.95345],[-107.95177,32.95263],[-107.95224,32.95242],[-107.95093,32.95165],[-107.95006,32.94971],[-107.95127,32.94739],[-107.95077,32.94655],[-107.95254,32.94531],[-107.95419,32.94561],[-107.95462,32.94441],[-107.95559,32.94399],[-107.9559,32.94276],[-107.95693,32.94272],[-107.95741,32.94176],[-107.95919,32.94092],[-107.95885,32.93968],[-107.9597,32.93917],[-107.95948,32.93817],[-107.96093,32.93677],[-107.96048,32.93602],[-107.9597,32.93658],[-107.95917,32.936],[-107.96357,32.93304],[-107.96475,32.93291],[-107.96535,32.93372],[-107.96642,32.93392],[-107.96945,32.93319],[-107.97075,32.93418],[-107.97178,32.93734],[-107.97154,32.93838]]]},"bbox":[-107.97297,32.93284,-107.95006,32.95453]},{"type":"Feature","id":46011,"properties":{"y":2014,"n":"Star","ag":"USFS","ac":55.0,"c":14,"cl":"Unknown","ad":"2014-12-31","cd":"","st":"NM","se":4},"geometry":{"type":"Polygon","coordinates":[[[-108.08706,33.25256],[-108.08489,33.2536],[-108.08422,33.25297],[-108.08359,33.25334],[-108.08213,33.25075],[-108.0811,33.2505],[-108.08119,33.24911],[-108.08237,33.24915],[-108.084,33.24833],[-108.08564,33.24894],[-108.08601,33.24976],[-108.08631,33.24942],[-108.08726,33.25025],[-108.08703,33.25069],[-108.08763,33.25163],[-108.08706,33.25256]]]},"bbox":[-108.08763,33.24833,-108.08104,33.2536]},{"type":"Feature","id":46012,"properties":{"y":2012,"n":"Rocky","ag":"USFS","ac":53.5,"c":14,"cl":"Unknown","ad":"2012-12-31","cd":"","st":"NM","se":4},"geometry":{"type":"Polygon","coordinates":[[[-107.94503,33.17508],[-107.94387,33.17569],[-107.94265,33.17554],[-107.94243,33.17483],[-107.94019,33.17454],[-107.94142,33.17352],[-107.94056,33.17282],[-107.94081,33.17242],[-107.94246,33.17225],[-107.94248,33.17174],[-107.94361,33.17168],[-107.94569,33.17004],[-107.94716,33.17194],[-107.94503,33.17508]]]},"bbox":[-107.94716,33.17003,-107.94019,33.17569]},{"type":"Feature","id":46013,"properties":{"y":2022,"n":"Turkey","ag":"USFS","ac":995.9,"c":14,"cl":"Unknown","ad":"2022-05-05","cd":"","st":"NM","se":1},"geometry":{"type":"Polygon","coordinates":[[[-108.47058,33.5864],[-108.46847,33.5828],[-108.46728,33.58145],[-108.46724,33.5778],[-108.46941,33.57527],[-108.47048,33.57529],[-108.47163,33.57461],[-108.47131,33.57356],[-108.47064,33.57314],[-108.47315,33.57032],[-108.47795,33.56774],[-108.48371,33.57089],[-108.48492,33.56916],[-108.48658,33.56838],[-108.48979,33.56943],[-108.49269,33.56824],[-108.49405,33.56908],[-108.49498,33.56882],[-108.49324,33.57066],[-108.49186,33.57564],[-108.48959,33.57879],[-108.48969,33.58155],[-108.48861,33.58232],[-108.48429,33.5837],[-108.484,33.58508],[-108.48282,33.58448],[-108.48137,33.58493],[-108.47643,33.58916],[-108.47537,33.59089],[-108.47459,33.59569],[-108.47354,33.59547],[-108.47255,33.59436],[-108.47131,33.59383],[-108.47058,33.5864]]]},"bbox":[-108.495,33.56774,-108.46715,33.59573]},{"type":"Feature","id":46014,"properties":{"y":1979,"n":"Coop Pnf","ag":"USFS","ac":286.9,"c":14,"cl":"Unknown","ad":"2017-01-18","cd":"","st":"NM","se":4},"geometry":{"type":"Polygon","coordinates":[[[-108.41383,33.33122],[-108.40957,33.3316],[-108.40796,33.333],[-108.40471,33.33378],[-108.40202,33.33268],[-108.40046,33.33079],[-108.39538,33.32948],[-108.39217,33.33069],[-108.39153,33.33041],[-108.39151,33.32948],[-108.39422,33.32756],[-108.39631,33.3252],[-108.39902,33.32522],[-108.4006,33.32611],[-108.40487,33.32519],[-108.4083,33.32611],[-108.4108,33.32737],[-108.41228,33.32902],[-108.41362,33.32886],[-108.41346,33.3294],[-108.41441,33.33023],[-108.41383,33.33122]]]},"bbox":[-108.41441,33.32506,-108.39151,33.33379]},{"type":"Feature","id":46018,"properties":{"y":2010,"n":"Little","ag":"USFS","ac":14.0,"c":14,"cl":"Unknown","ad":"2011-02-01","cd":"","st":"NM","se":4},"geometry":{"type":"Polygon","coordinates":[[[-108.31649,33.21029],[-108.31779,33.21066],[-108.31859,33.21155],[-108.31815,33.21261],[-108.31693,33.21296],[-108.31681,33.21252],[-108.31513,33.2121],[-108.31555,33.21145],[-108.31444,33.21085],[-108.31505,33.21071],[-108.31566,33.21141],[-108.31649,33.21029]]]},"bbox":[-108.31859,33.21029,-108.31444,33.21296]},{"type":"Feature","id":46019,"properties":{"y":2011,"n":"Holt","ag":"USFS","ac":126.5,"c":14,"cl":"Unknown","ad":"2011-12-31","cd":"","st":"NM","se":4},"geometry":{"type":"Polygon","coordinates":[[[-108.76785,33.31828],[-108.76489,33.31823],[-108.76371,33.31442],[-108.76446,33.31329],[-108.76755,33.31268],[-108.77676,33.31313],[-108.77679,33.31411],[-108.77543,33.31536],[-108.76991,33.31684],[-108.76785,33.31828]]]},"bbox":[-108.77683,33.31268,-108.76371,33.31851]},{"type":"Feature","id":46020,"properties":{"y":2017,"n":"Sapillo","ag":"USFS","ac":1.9,"c":14,"cl":"Unknown","ad":"2017-07-20","cd":"","st":"NM","se":2},"geometry":{"type":"MultiPolygon","coordinates":[[[[-108.23105,33.03942],[-108.23109,33.04051],[-108.23005,33.04018],[-108.23105,33.03942]]],[[[-108.23133,33.03974],[-108.23133,33.03974],[-108.23133,33.03974],[-108.23133,33.03974]]]]},"bbox":[-108.23142,33.03942,-108.23005,33.04052]},{"type":"Feature","id":46021,"properties":{"y":2018,"n":"Noland","ag":"USFS","ac":306.0,"c":14,"cl":"Unknown","ad":"2018-09-12","cd":"","st":"NM","se":3},"geometry":{"type":"Polygon","coordinates":[[[-109.04624,33.69134],[-109.03957,33.68992],[-109.0399,33.68771],[-109.04105,33.68636],[-109.04081,33.68416],[-109.04163,33.68224],[-109.04252,33.68171],[-109.0486,33.68195],[-109.05049,33.68045],[-109.05378,33.67986],[-109.05455,33.6813],[-109.05362,33.68325],[-109.05379,33.68458],[-109.05316,33.68708],[-109.04836,33.6923],[-109.04739,33.69226],[-109.04624,33.69134]]]},"bbox":[-109.05455,33.67985,-109.03957,33.69237]},{"type":"Feature","id":46022,"properties":{"y":2016,"n":"Kline","ag":"USFS","ac":677.9,"c":14,"cl":"Unknown","ad":"2017-01-12","cd":"","st":"NM","se":4},"geometry":{"type":"Polygon","coordinates":[[[-107.84241,33.43865],[-107.8465,33.4372],[-107.84687,33.43519],[-107.84948,33.43467],[-107.85091,33.43299],[-107.85201,33.43244],[-107.85376,33.43244],[-107.85462,33.43292],[-107.85501,33.434],[-107.85323,33.44122],[-107.8557,33.44261],[-107.85674,33.44396],[-107.85582,33.44444],[-107.85432,33.44395],[-107.85194,33.44594],[-107.85055,33.44627],[-107.84997,33.44549],[-107.84966,33.44364],[-107.84866,33.44306],[-107.84659,33.44269],[-107.84391,33.44322],[-107.84168,33.44277],[-107.84225,33.44392],[-107.84197,33.44544],[-107.83576,33.44957],[-107.83522,33.44965],[-107.83504,33.44839],[-107.83423,33.44956],[-107.83329,33.44593],[-107.83237,33.44576],[-107.83037,33.44412],[-107.82791,33.4409],[-107.82641,33.43995],[-107.82598,33.43892],[-107.82759,33.43735],[-107.82758,33.43625],[-107.84017,33.43484],[-107.84185,33.43567],[-107.84068,33.43725],[-107.84241,33.43865]]]},"bbox":[-107.85677,33.43232,-107.82598,33.44966]},{"type":"Feature","id":46023,"properties":{"y":1981,"n":"Monument Pnf","ag":"USFS","ac":29.6,"c":14,"cl":"Unknown","ad":"2017-01-18","cd":"","st":"NM","se":4},"geometry":{"type":"Polygon","coordinates":[[[-109.0275,33.5415],[-109.02405,33.54311],[-109.02205,33.54234],[-109.02346,33.5416],[-109.02427,33.54049],[-109.02527,33.54092],[-109.02875,33.53974],[-109.03017,33.54034],[-109.02986,33.54121],[-109.0275,33.5415]]]},"bbox":[-109.03019,33.53974,-109.02205,33.54311]},{"type":"Feature","id":46024,"properties":{"y":2008,"n":"Long","ag":"USFS","ac":43.4,"c":14,"cl":"Unknown","ad":"2009-02-01","cd":"","st":"NM","se":4},"geometry":{"type":"Polygon","coordinates":[[[-108.42557,33.78028],[-108.42517,33.77942],[-108.42555,33.7789],[-108.42594,33.77916],[-108.42703,33.7785],[-108.42806,33.77884],[-108.42939,33.77839],[-108.42989,33.77772],[-108.43115,33.77785],[-108.43407,33.77704],[-108.43298,33.77841],[-108.43345,33.77854],[-108.43313,33.77918],[-108.43386,33.77959],[-108.43135,33.78047],[-108.42557,33.78028]]]},"bbox":[-108.43407,33.77702,-108.42517,33.7806]},{"type":"Feature","id":46025,"properties":{"y":2018,"n":"Hinkle","ag":"USFS","ac":21.2,"c":14,"cl":"Unknown","ad":"2018-07-31","cd":"","st":"NM","se":2},"geometry":{"type":"Polygon","coordinates":[[[-109.01986,33.6336],[-109.01913,33.6328],[-109.01796,33.63258],[-109.01886,33.63208],[-109.01762,33.63092],[-109.01779,33.63018],[-109.01864,33.63008],[-109.01997,33.63118],[-109.02068,33.63084],[-109.02027,33.63125],[-109.02054,33.6315],[-109.02092,33.63089],[-109.02132,33.63159],[-109.02246,33.63149],[-109.0212,33.63241],[-109.0207,33.63357],[-109.02046,33.63326],[-109.01986,33.6336]]]},"bbox":[-109.02246,33.63003,-109.01743,33.63366]},{"type":"Feature","id":46027,"properties":{"y":2007,"n":"Basin","ag":"USFS","ac":134.1,"c":14,"cl":"Unknown","ad":"2008-02-01","cd":"","st":"NM","se":4},"geometry":{"type":"Polygon","coordinates":[[[-108.95297,33.26357],[-108.95384,33.26357],[-108.9548,33.26442],[-108.95702,33.26511],[-108.95803,33.26688],[-108.95623,33.27071],[-108.95445,33.27218],[-108.95047,33.27093],[-108.94939,33.26988],[-108.94966,33.26827],[-108.94921,33.26782],[-108.94987,33.26556],[-108.95297,33.26357]]]},"bbox":[-108.95803,33.26347,-108.94921,33.27223]},{"type":"Feature","id":46030,"properties":{"y":2003,"n":"Goat 2","ag":"USFS","ac":97.0,"c":14,"cl":"Unknown","ad":"2004-02-01","cd":"","st":"NM","se":4},"geometry":{"type":"Polygon","coordinates":[[[-108.93944,33.24913],[-108.93829,33.24922],[-108.93548,33.24813],[-108.93418,33.24828],[-108.93308,33.24906],[-108.93342,33.24608],[-108.93494,33.24487],[-108.93737,33.2443],[-108.94209,33.24423],[-108.94278,33.24493],[-108.9428,33.24648],[-108.94021,33.25023],[-108.93944,33.24913]]]},"bbox":[-108.94304,33.24408,-108.93308,33.25023]},{"type":"Feature","id":46031,"properties":{"y":2010,"n":"Horse","ag":"USFS","ac":985.6,"c":14,"cl":"Unknown","ad":"2011-02-01","cd":"","st":"NM","se":4},"geometry":{"type":"MultiPolygon","coordinates":[[[[-108.44379,33.22246],[-108.4437,33.22246],[-108.44354,33.22245],[-108.44379,33.22246]]],[[[-108.4437,33.22246],[-108.4464,33.22334],[-108.4485,33.22649],[-108.45071,33.22831],[-108.45485,33.22867],[-108.45632,33.22928],[-108.46196,33.23463],[-108.46242,33.23578],[-108.462,33.2369],[-108.46034,33.23887],[-108.45761,33.24077],[-108.4556,33.24321],[-108.45316,33.2436],[-108.45015,33.2434],[-108.44449,33.24172],[-108.43935,33.24259],[-108.43785,33.24135],[-108.43576,33.23649],[-108.43541,33.22989],[-108.43868,33.22521],[-108.44216,33.22258],[-108.4437,33.22246]]]]},"bbox":[-108.46242,33.22245,-108.43537,33.24361]},{"type":"Feature","id":46032,"properties":{"y":2000,"n":"Lake","ag":"USFS","ac":42.5,"c":14,"cl":"Unknown","ad":"2001-02-01","cd":"","st":"NM","se":4},"geometry":{"type":"Polygon","coordinates":[[[-108.49792,33.41517],[-108.50034,33.41524],[-108.50065,33.41677],[-108.49995,33.42217],[-108.49894,33.42151],[-108.49838,33.41902],[-108.49655,33.41609],[-108.49792,33.41517]]]},"bbox":[-108.50069,33.41507,-108.49655,33.42217]},{"type":"Feature","id":46034,"properties":{"y":2004,"n":"Heifer","ag":"USFS","ac":42.0,"c":14,"cl":"Unknown","ad":"2005-02-01","cd":"","st":"NM","se":4},"geometry":{"type":"Polygon","coordinates":[[[-108.90674,33.74383],[-108.90492,33.74318],[-108.90422,33.74173],[-108.90491,33.74029],[-108.90677,33.73963],[-108.90849,33.74023],[-108.90924,33.74179],[-108.9085,33.74322],[-108.90674,33.74383]]]},"bbox":[-108.90924,33.73963,-108.90422,33.74383]},{"type":"Feature","id":46035,"properties":{"y":2009,"n":"Ladrone","ag":"USFS","ac":24.9,"c":14,"cl":"Unknown","ad":"2010-02-01","cd":"","st":"NM","se":4},"geometry":{"type":"Polygon","coordinates":[[[-107.75476,32.92824],[-107.75316,32.92784],[-107.75226,32.92694],[-107.75548,32.92449],[-107.75617,32.92527],[-107.75626,32.92713],[-107.75476,32.92824]]]},"bbox":[-107.75638,32.92449,-107.75226,32.92824]},{"type":"Feature","id":46037,"properties":{"y":2003,"n":"Marshall","ag":"USFS","ac":118.0,"c":14,"cl":"Unknown","ad":"2004-02-01","cd":"","st":"NM","se":4},"geometry":{"type":"Polygon","coordinates":[[[-107.79744,33.10756],[-107.79912,33.1085],[-107.79908,33.10906],[-107.79801,33.11011],[-107.79607,33.11055],[-107.79576,33.10878],[-107.7952,33.10861],[-107.79273,33.10979],[-107.79157,33.11224],[-107.79095,33.11243],[-107.79074,33.11091],[-107.78982,33.11069],[-107.78868,33.11082],[-107.78505,33.11269],[-107.78137,33.11308],[-107.78061,33.11256],[-107.78431,33.11053],[-107.78802,33.10736],[-107.79054,33.10748],[-107.79155,33.10808],[-107.79744,33.10756]]]},"bbox":[-107.79912,33.10719,-107.78061,33.11308]},{"type":"Feature","id":46038,"properties":{"y":1994,"n":"Moss","ag":"USFS","ac":222.4,"c":14,"cl":"Unknown","ad":"1995-02-01","cd":"","st":"NM","se":4},"geometry":{"type":"Polygon","coordinates":[[[-108.69865,33.35768],[-108.69843,33.35878],[-108.69762,33.35942],[-108.69294,33.35868],[-108.68912,33.35413],[-108.68896,33.35252],[-108.69369,33.3513],[-108.69413,33.3516],[-108.69393,33.35208],[-108.69471,33.35203],[-108.6955,33.35118],[-108.69963,33.35078],[-108.70307,33.34889],[-108.70398,33.34907],[-108.70567,33.35137],[-108.69871,33.35551],[-108.69935,33.35735],[-108.69865,33.35768]]]},"bbox":[-108.70577,33.34883,-108.68877,33.35942]},{"type":"Feature","id":46039,"properties":{"y":2009,"n":"Willie","ag":"USFS","ac":288.2,"c":14,"cl":"Unknown","ad":"2010-02-01","cd":"","st":"NM","se":4},"geometry":{"type":"Polygon","coordinates":[[[-108.71472,34.06111],[-108.7154,34.06173],[-108.71691,34.06055],[-108.71705,34.05956],[-108.71661,34.05901],[-108.71704,34.05758],[-108.71775,34.05728],[-108.71816,34.0578],[-108.71819,34.05725],[-108.71888,34.05686],[-108.72018,34.0578],[-108.71961,34.05861],[-108.71989,34.05894],[-108.72048,34.05866],[-108.72065,34.05918],[-108.72213,34.05933],[-108.72236,34.06],[-108.72286,34.05974],[-108.72327,34.06023],[-108.72458,34.06039],[-108.72453,34.06095],[-108.72381,34.06087],[-108.72396,34.06211],[-108.72305,34.06224],[-108.72375,34.06298],[-108.7231,34.06357],[-108.72237,34.06308],[-108.722,34.06183],[-108.72181,34.06229],[-108.72103,34.06238],[-108.72155,34.06355],[-108.72084,34.06329],[-108.71952,34.06402],[-108.71896,34.06357],[-108.71819,34.06379],[-108.71803,34.06423],[-108.71898,34.06487],[-108.71878,34.06617],[-108.71637,34.06656],[-108.71673,34.06676],[-108.71665,34.06758],[-108.71729,34.06762],[-108.71661,34.06822],[-108.71731,34.0683],[-108.71756,34.06894],[-108.7164,34.07001],[-108.71521,34.06922],[-108.71547,34.06994],[-108.7148,34.07021],[-108.71519,34.07079],[-108.71372,34.07189],[-108.7126,34.07119],[-108.71181,34.07159],[-108.71192,34.07219],[-108.71072,34.07191],[-108.71028,34.07343],[-108.71076,34.07404],[-108.70969,34.07483],[-108.70809,34.07285],[-108.70877,34.07224],[-108.7093,34.06961],[-108.71006,34.06824],[-108.70834,34.06643],[-108.70921,34.06547],[-108.70863,34.06412],[-108.71003,34.06298],[-108.7137,34.06214],[-108.71439,34.0611],[-108.71454,34.06118],[-108.71471,34.06112],[-108.71472,34.06111]],[[-108.71471,34.06112],[-108.71469,34.06119],[-108.71472,34.06112],[-108.71471,34.06112]]]},"bbox":[-108.72458,34.05686,-108.70809,34.07483]},{"type":"Feature","id":46040,"properties":{"y":2004,"n":"Haystack","ag":"USFS","ac":66.0,"c":14,"cl":"Unknown","ad":"2005-02-01","cd":"","st":"NM","se":4},"geometry":{"type":"Polygon","coordinates":[[[-108.68332,33.2202],[-108.68106,33.21939],[-108.6802,33.21757],[-108.68106,33.21576],[-108.68337,33.21494],[-108.68552,33.2157],[-108.68645,33.21765],[-108.68552,33.21944],[-108.68332,33.2202]]]},"bbox":[-108.68645,33.21494,-108.6802,33.2202]},{"type":"Feature","id":46041,"properties":{"y":2015,"n":"Draw","ag":"USFS","ac":54.0,"c":14,"cl":"Unknown","ad":"2015-12-31","cd":"","st":"NM","se":4},"geometry":{"type":"Polygon","coordinates":[[[-107.90489,33.37311],[-107.90845,33.37088],[-107.90968,33.37219],[-107.91023,33.37416],[-107.90877,33.37534],[-107.90544,33.37651],[-107.90385,33.3755],[-107.90489,33.37311]]]},"bbox":[-107.91023,33.37088,-107.90385,33.37651]},{"type":"Feature","id":46043,"properties":{"y":1994,"n":"Animas Wf","ag":"USFS","ac":50.0,"c":14,"cl":"Unknown","ad":"1995-02-01","cd":"","st":"NM","se":4},"geometry":{"type":"Polygon","coordinates":[[[-107.7794,32.99289],[-107.78155,32.99157],[-107.78451,32.9916],[-107.78722,32.99066],[-107.78788,32.99083],[-107.7884,32.99173],[-107.78747,32.99289],[-107.78583,32.99379],[-107.78282,32.99383],[-107.78057,32.99443],[-107.7794,32.99289]]]},"bbox":[-107.7884,32.99065,-107.7794,32.99443]},{"type":"Feature","id":46045,"properties":{"y":2022,"n":"Woodland","ag":"USFS","ac":9.4,"c":14,"cl":"Unknown","ad":"2022-06-21","cd":"","st":"NM","se":2},"geometry":{"type":"Polygon","coordinates":[[[-108.38167,33.29254],[-108.38238,33.2933],[-108.38135,33.29421],[-108.37987,33.29359],[-108.37965,33.2929],[-108.38037,33.29218],[-108.38092,33.2925],[-108.38106,33.29204],[-108.38187,33.2919],[-108.38167,33.29254]]]},"bbox":[-108.38238,33.29188,-108.37965,33.29421]},{"type":"Feature","id":46047,"properties":{"y":1985,"n":"Hanna","ag":"USFS","ac":400.0,"c":14,"cl":"Unknown","ad":"1994-02-01","cd":"","st":"NM","se":4},"geometry":{"type":"Polygon","coordinates":[[[-108.96825,33.17811],[-108.96658,33.17885],[-108.96614,33.17954],[-108.9685,33.18196],[-108.9682,33.1823],[-108.9655,33.18247],[-108.96137,33.18131],[-108.95783,33.18182],[-108.95718,33.18114],[-108.95761,33.18028],[-108.95874,33.17991],[-108.96289,33.18029],[-108.96439,33.17976],[-108.96328,33.17775],[-108.9636,33.17478],[-108.96085,33.17313],[-108.95808,33.1726],[-108.9581,33.17159],[-108.95974,33.17081],[-108.96088,33.16838],[-108.96341,33.1686],[-108.96562,33.16647],[-108.9675,33.1657],[-108.97148,33.16622],[-108.97315,33.16768],[-108.97338,33.16831],[-108.9727,33.16913],[-108.9687,33.16956],[-108.96825,33.17112],[-108.97136,33.17303],[-108.97221,33.17423],[-108.97678,33.17744],[-108.97784,33.18047],[-108.97708,33.18094],[-108.97524,33.17969],[-108.9719,33.17848],[-108.96825,33.17811]]]},"bbox":[-108.97784,33.1657,-108.95718,33.18252]},{"type":"Feature","id":46051,"properties":{"y":1974,"n":"East","ag":"USFS","ac":26.8,"c":14,"cl":"Unknown","ad":"1994-02-01","cd":"","st":"NM","se":4},"geometry":{"type":"Polygon","coordinates":[[[-108.76352,33.29163],[-108.76115,33.29057],[-108.76095,33.28974],[-108.76191,33.28901],[-108.76236,33.28775],[-108.76344,33.28765],[-108.76461,33.28897],[-108.76434,33.29094],[-108.76352,33.29163]]]},"bbox":[-108.76464,33.28759,-108.76094,33.29165]},{"type":"Feature","id":46052,"properties":{"y":2006,"n":"Cement","ag":"USFS","ac":592.3,"c":14,"cl":"Unknown","ad":"2007-02-01","cd":"","st":"NM","se":4},"geometry":{"type":"Polygon","coordinates":[[[-108.21958,33.3081],[-108.2135,33.30469],[-108.21117,33.30621],[-108.20851,33.30472],[-108.20574,33.30542],[-108.20305,33.30323],[-108.20205,33.30383],[-108.20419,33.30702],[-108.20417,33.30792],[-108.19701,33.31096],[-108.19196,33.31139],[-108.18756,33.30929],[-108.18648,33.30785],[-108.1874,33.30511],[-108.19154,33.30363],[-108.1925,33.30271],[-108.19079,33.29971],[-108.19434,33.29839],[-108.19353,33.29644],[-108.19388,33.29557],[-108.19848,33.29869],[-108.2045,33.29977],[-108.20331,33.30105],[-108.20387,33.30157],[-108.20925,33.30246],[-108.2157,33.30238],[-108.22063,33.30436],[-108.22244,33.3058],[-108.22212,33.30774],[-108.2213,33.30818],[-108.21958,33.3081]]]},"bbox":[-108.22251,33.29557,-108.18648,33.31144]},{"type":"Feature","id":46053,"properties":{"y":1974,"n":"Whiterocks","ag":"USFS","ac":22.5,"c":14,"cl":"Unknown","ad":"1994-02-01","cd":"","st":"NM","se":4},"geometry":{"type":"Polygon","coordinates":[[[-109.04658,33.50948],[-109.0456,33.50923],[-109.04288,33.50602],[-109.04291,33.50553],[-109.04621,33.50575],[-109.04658,33.50948]]]},"bbox":[-109.04669,33.50542,-109.04282,33.50959]},{"type":"Feature","id":46054,"properties":{"y":2015,"n":"Woodrow","ag":"USFS","ac":195.5,"c":14,"cl":"Unknown","ad":"2015-12-31","cd":"","st":"NM","se":4},"geometry":{"type":"Polygon","coordinates":[[[-108.51851,33.20313],[-108.5205,33.20384],[-108.52334,33.20575],[-108.52486,33.20604],[-108.52599,33.20575],[-108.52858,33.20372],[-108.53193,33.20322],[-108.53306,33.20356],[-108.53407,33.20462],[-108.53432,33.20691],[-108.53274,33.20934],[-108.53103,33.21057],[-108.52835,33.211],[-108.526,33.21068],[-108.52494,33.21023],[-108.52185,33.20743],[-108.51886,33.20573],[-108.51835,33.20482],[-108.51851,33.20313]]]},"bbox":[-108.53434,33.20313,-108.51831,33.211]},{"type":"Feature","id":46055,"properties":{"y":2000,"n":"Bobtail","ag":"USFS","ac":51.7,"c":14,"cl":"Unknown","ad":"2001-02-01","cd":"","st":"NM","se":4},"geometry":{"type":"Polygon","coordinates":[[[-108.36208,32.97174],[-108.36435,32.97078],[-108.36737,32.97052],[-108.37059,32.96936],[-108.37157,32.96953],[-108.37131,32.97026],[-108.36816,32.97311],[-108.36699,32.97354],[-108.36502,32.97339],[-108.36323,32.97264],[-108.36226,32.97307],[-108.36208,32.97174]]]},"bbox":[-108.37157,32.96936,-108.36205,32.97354]},{"type":"Feature","id":46056,"properties":{"y":2003,"n":"Caguila","ag":"USFS","ac":35.0,"c":14,"cl":"Unknown","ad":"2004-02-01","cd":"","st":"NM","se":4},"geometry":{"type":"Polygon","coordinates":[[[-108.51813,33.82336],[-108.51647,33.82277],[-108.51583,33.82145],[-108.51646,33.82013],[-108.51816,33.81953],[-108.51973,33.82008],[-108.52042,33.82151],[-108.51974,33.82281],[-108.51813,33.82336]]]},"bbox":[-108.52042,33.81953,-108.51583,33.82336]},{"type":"Feature","id":46057,"properties":{"y":2022,"n":"Cotton","ag":"USFS","ac":17.7,"c":14,"cl":"Unknown","ad":"2022-07-21","cd":"","st":"NM","se":2},"geometry":{"type":"Polygon","coordinates":[[[-108.43164,33.80586],[-108.43149,33.80485],[-108.43223,33.80386],[-108.43087,33.80329],[-108.43173,33.80314],[-108.43179,33.80225],[-108.43347,33.80242],[-108.43456,33.80358],[-108.43326,33.80455],[-108.43345,33.80506],[-108.43164,33.80586]]]},"bbox":[-108.43459,33.80209,-108.43086,33.80587]},{"type":"Feature","id":46058,"properties":{"y":2021,"n":"Bog","ag":"USFS","ac":408.7,"c":14,"cl":"Unknown","ad":"2021-09-20","cd":"","st":"NM","se":3},"geometry":{"type":"Polygon","coordinates":[[[-108.63327,34.04411],[-108.63446,34.04384],[-108.63448,34.0443],[-108.63571,34.04441],[-108.63599,34.04496],[-108.63464,34.04532],[-108.63377,34.0475],[-108.63306,34.04763],[-108.63306,34.04842],[-108.63147,34.04869],[-108.63008,34.04799],[-108.62659,34.04996],[-108.62198,34.04109],[-108.62184,34.03996],[-108.61615,34.0371],[-108.61429,34.03712],[-108.61214,34.03612],[-108.61155,34.03528],[-108.61612,34.03337],[-108.61752,34.03222],[-108.61785,34.03095],[-108.61707,34.0298],[-108.61777,34.02858],[-108.6206,34.03],[-108.62098,34.03126],[-108.62397,34.03428],[-108.62419,34.03642],[-108.62535,34.03771],[-108.63047,34.03944],[-108.63184,34.04413],[-108.63295,34.04353],[-108.63327,34.04411]]]},"bbox":[-108.63605,34.02858,-108.61155,34.04996]},{"type":"Feature","id":46059,"properties":{"y":2014,"n":"Roberts","ag":"USFS","ac":3.4,"c":14,"cl":"Unknown","ad":"2014-12-31","cd":"","st":"NM","se":4},"geometry":{"type":"Polygon","coordinates":[[[-108.13992,33.01959],[-108.14069,33.01892],[-108.14161,33.0194],[-108.14098,33.02012],[-108.13992,33.01959]]]},"bbox":[-108.14161,33.01892,-108.13978,33.02012]},{"type":"Feature","id":46060,"properties":{"y":2005,"n":"Brush","ag":"USFS","ac":465.5,"c":14,"cl":"Unknown","ad":"2006-02-01","cd":"","st":"NM","se":4},"geometry":{"type":"Polygon","coordinates":[[[-108.4911,33.13562],[-108.49689,33.13698],[-108.49822,33.13939],[-108.49834,33.14141],[-108.4936,33.146],[-108.4909,33.1474],[-108.4886,33.14736],[-108.48851,33.15347],[-108.48409,33.15278],[-108.48307,33.14327],[-108.48049,33.13991],[-108.48202,33.13839],[-108.48523,33.13647],[-108.4911,33.13562]]]},"bbox":[-108.49837,33.13562,-108.48049,33.15347]},{"type":"Feature","id":46061,"properties":{"y":2011,"n":"Armijo","ag":"USFS","ac":12.1,"c":14,"cl":"Unknown","ad":"2011-12-31","cd":"","st":"NM","se":4},"geometry":{"type":"Polygon","coordinates":[[[-108.52434,34.09209],[-108.5232,34.09316],[-108.52194,34.09305],[-108.52172,34.09062],[-108.52234,34.09045],[-108.5225,34.09108],[-108.52383,34.09128],[-108.52434,34.09209]]]},"bbox":[-108.52434,34.09045,-108.52161,34.09327]},{"type":"Feature","id":46062,"properties":{"y":1993,"n":"Pole","ag":"USFS","ac":34.2,"c":14,"cl":"Unknown","ad":"1994-02-01","cd":"","st":"NM","se":4},"geometry":{"type":"Polygon","coordinates":[[[-108.2473,32.98228],[-108.24441,32.98526],[-108.24372,32.98354],[-108.24441,32.98063],[-108.24411,32.97949],[-108.24779,32.98088],[-108.2473,32.98228]]]},"bbox":[-108.24787,32.97942,-108.24372,32.98526]},{"type":"Feature","id":46063,"properties":{"y":2004,"n":"Bentonite","ag":"USFS","ac":14.0,"c":14,"cl":"Unknown","ad":"2005-02-01","cd":"","st":"NM","se":4},"geometry":{"type":"Polygon","coordinates":[[[-109.00064,33.67044],[-108.99959,33.67007],[-108.99919,33.66923],[-108.99965,33.66834],[-109.00065,33.66802],[-109.00165,33.66836],[-109.00208,33.66926],[-109.00166,33.67009],[-109.00064,33.67044]]]},"bbox":[-109.00208,33.66802,-108.99919,33.67044]},{"type":"Feature","id":46064,"properties":{"y":1996,"n":"Tadpole","ag":"USFS","ac":328.4,"c":14,"cl":"Unknown","ad":"1997-02-01","cd":"","st":"NM","se":4},"geometry":{"type":"Polygon","coordinates":[[[-108.363,33.02092],[-108.35635,33.02015],[-108.35248,33.01845],[-108.35166,33.01708],[-108.35374,33.01528],[-108.35643,33.01382],[-108.35769,33.01195],[-108.35995,33.01056],[-108.36213,33.01079],[-108.36385,33.01167],[-108.36662,33.01064],[-108.36575,33.0132],[-108.36751,33.01498],[-108.36974,33.01545],[-108.36917,33.01691],[-108.37024,33.01854],[-108.36986,33.01953],[-108.36901,33.02006],[-108.363,33.02092]]]},"bbox":[-108.37024,33.01056,-108.35164,33.02092]},{"type":"Feature","id":46065,"properties":{"y":2003,"n":"Bear","ag":"USFS","ac":30.7,"c":14,"cl":"Unknown","ad":"2004-02-01","cd":"","st":"NM","se":4},"geometry":{"type":"Polygon","coordinates":[[[-108.74756,33.92746],[-108.74795,33.92867],[-108.74877,33.92802],[-108.7506,33.92926],[-108.74957,33.92958],[-108.75042,33.93067],[-108.74877,33.93212],[-108.74813,33.9314],[-108.74757,33.9321],[-108.74766,33.93086],[-108.74718,33.93051],[-108.74697,33.93096],[-108.74675,33.93028],[-108.74549,33.92976],[-108.74616,33.9285],[-108.74697,33.92892],[-108.74679,33.92773],[-108.74756,33.92746]]]},"bbox":[-108.7506,33.92746,-108.74549,33.93212]},{"type":"Feature","id":46066,"properties":{"y":1994,"n":"Stiver","ag":"USFS","ac":2.1,"c":14,"cl":"Unknown","ad":"1995-02-01","cd":"","st":"NM","se":4},"geometry":{"type":"Polygon","coordinates":[[[-107.89681,33.39895],[-107.89704,33.3996],[-107.89637,33.39991],[-107.89594,33.39916],[-107.89681,33.39895]]]},"bbox":[-107.89707,33.39895,-107.89594,33.39993]},{"type":"Feature","id":46068,"properties":{"y":2000,"n":"Arrow Wf","ag":"USFS","ac":366.2,"c":14,"cl":"Unknown","ad":"2001-02-01","cd":"","st":"NM","se":4},"geometry":{"type":"Polygon","coordinates":[[[-108.46528,33.69655],[-108.46205,33.69887],[-108.4611,33.69813],[-108.45688,33.69732],[-108.45466,33.69627],[-108.45353,33.69754],[-108.45265,33.69683],[-108.45225,33.69519],[-108.45123,33.69671],[-108.44875,33.69443],[-108.44883,33.69399],[-108.44982,33.69379],[-108.45271,33.69379],[-108.45459,33.69216],[-108.45779,33.69075],[-108.45912,33.68645],[-108.45754,33.68381],[-108.45789,33.68332],[-108.46141,33.6838],[-108.46131,33.68204],[-108.46368,33.68184],[-108.46577,33.68235],[-108.46722,33.68662],[-108.46638,33.68848],[-108.46406,33.69057],[-108.46329,33.69247],[-108.46528,33.69655]]]},"bbox":[-108.46722,33.68177,-108.44875,33.69887]},{"type":"Feature","id":46069,"properties":{"y":2008,"n":"Grave","ag":"USFS","ac":81.0,"c":14,"cl":"Unknown","ad":"2009-02-01","cd":"","st":"NM","se":4},"geometry":{"type":"Polygon","coordinates":[[[-108.30766,33.27047],[-108.30936,33.26903],[-108.31114,33.26847],[-108.31458,33.26936],[-108.31617,33.27058],[-108.31758,33.27072],[-108.31712,33.27161],[-108.31485,33.27165],[-108.31743,33.27395],[-108.31883,33.27859],[-108.31537,33.27363],[-108.31176,33.27182],[-108.30962,33.27264],[-108.30897,33.27098],[-108.30954,33.27006],[-108.30766,33.27047]]]},"bbox":[-108.31883,33.26847,-108.30766,33.27859]},{"type":"Feature","id":46071,"properties":{"y":2018,"n":"Cat","ag":"USFS","ac":24.6,"c":14,"cl":"Unknown","ad":"2018-09-15","cd":"","st":"NM","se":3},"geometry":{"type":"Polygon","coordinates":[[[-108.33934,33.99762],[-108.3421,33.99433],[-108.34492,33.99728],[-108.34414,33.99889],[-108.34415,33.99795],[-108.34216,33.99673],[-108.34036,33.99836],[-108.33997,33.99846],[-108.33934,33.99762]]]},"bbox":[-108.34492,33.99433,-108.33933,33.99889]},{"type":"Feature","id":46072,"properties":{"y":1996,"n":"Shrub Pnf","ag":"USFS","ac":105.1,"c":14,"cl":"Unknown","ad":"1997-02-01","cd":"","st":"NM","se":4},"geometry":{"type":"Polygon","coordinates":[[[-108.65868,33.39848],[-108.65924,33.39506],[-108.66023,33.39456],[-108.6629,33.39692],[-108.66636,33.39642],[-108.66698,33.39926],[-108.66362,33.40173],[-108.66279,33.40368],[-108.66178,33.40306],[-108.65907,33.39933],[-108.65868,33.39848]]]},"bbox":[-108.66698,33.39453,-108.65868,33.40368]},{"type":"Feature","id":46073,"properties":{"y":2000,"n":"Surprise","ag":"USFS","ac":4.8,"c":14,"cl":"Unknown","ad":"2001-02-01","cd":"","st":"NM","se":4},"geometry":{"type":"Polygon","coordinates":[[[-107.97845,33.40996],[-107.97903,33.41024],[-107.97761,33.41072],[-107.97553,33.41017],[-107.97578,33.40967],[-107.9767,33.40953],[-107.97811,33.41037],[-107.97845,33.40996]]]},"bbox":[-107.97903,33.40953,-107.97553,33.41072]},{"type":"Feature","id":46074,"properties":{"y":2016,"n":"Group","ag":"USFS","ac":9.0,"c":14,"cl":"Unknown","ad":"2017-01-12","cd":"","st":"NM","se":4},"geometry":{"type":"Polygon","coordinates":[[[-108.12953,32.98626],[-108.12666,32.98635],[-108.12643,32.98548],[-108.12768,32.98564],[-108.12811,32.98478],[-108.12753,32.98443],[-108.12957,32.98474],[-108.12898,32.98526],[-108.12953,32.98626]]]},"bbox":[-108.12965,32.98443,-108.12639,32.98652]},{"type":"Feature","id":46076,"properties":{"y":2019,"n":"Antelope","ag":"USFS","ac":39.4,"c":14,"cl":"Unknown","ad":"2019-08-04","cd":"","st":"NM","se":2},"geometry":{"type":"Polygon","coordinates":[[[-107.68063,33.2032],[-107.68036,33.20249],[-107.68184,33.20076],[-107.68204,33.19986],[-107.6836,33.19899],[-107.6834,33.19848],[-107.68487,33.19867],[-107.68587,33.1982],[-107.68657,33.19866],[-107.68636,33.19929],[-107.68534,33.19941],[-107.68435,33.20064],[-107.68493,33.20106],[-107.68451,33.20122],[-107.68472,33.20174],[-107.6842,33.20163],[-107.68417,33.20212],[-107.68321,33.20237],[-107.68225,33.2035],[-107.67979,33.20401],[-107.68063,33.2032]]]},"bbox":[-107.68666,33.1982,-107.67976,33.20405]},{"type":"Feature","id":46077,"properties":{"y":2012,"n":"Diamond","ag":"USFS","ac":20.6,"c":14,"cl":"Unknown","ad":"2012-12-31","cd":"","st":"NM","se":4},"geometry":{"type":"MultiPolygon","coordinates":[[[[-107.98531,33.25184],[-107.98457,33.25203],[-107.98498,33.25101],[-107.98497,33.25102],[-107.98483,33.25093],[-107.98455,33.25088],[-107.98471,33.25036],[-107.98642,33.2495],[-107.98683,33.25005],[-107.98838,33.24999],[-107.98866,33.2513],[-107.99024,33.25176],[-107.98971,33.25243],[-107.98775,33.25152],[-107.98531,33.25184]],[[-107.98497,33.25101],[-107.98497,33.25101],[-107.98497,33.25101],[-107.98497,33.25101]],[[-107.98498,33.25101],[-107.98498,33.251],[-107.98498,33.251],[-107.98498,33.25101]],[[-107.98541,33.25182],[-107.98541,33.25182],[-107.98541,33.25182],[-107.98541,33.25182],[-107.98541,33.25182]]],[[[-107.98538,33.25183],[-107.98538,33.25183],[-107.98538,33.25183],[-107.98538,33.25183]]]]},"bbox":[-107.99024,33.2495,-107.98455,33.25243]},{"type":"Feature","id":46079,"properties":{"y":1991,"n":"Georgetown","ag":"USFS","ac":504.8,"c":14,"cl":"Unknown","ad":"1994-02-01","cd":"","st":"NM","se":4},"geometry":{"type":"Polygon","coordinates":[[[-108.06073,32.83115],[-108.05995,32.83511],[-108.05629,32.83792],[-108.05147,32.84029],[-108.04405,32.83904],[-108.04231,32.83787],[-108.03849,32.83329],[-108.04202,32.83],[-108.04282,32.82836],[-108.04871,32.82884],[-108.05055,32.82948],[-108.05317,32.82911],[-108.05662,32.82742],[-108.05887,32.82799],[-108.05975,32.82898],[-108.06016,32.82977],[-108.05981,32.83039],[-108.06073,32.83115]]]},"bbox":[-108.06073,32.82742,-108.03849,32.84029]},{"type":"Feature","id":46081,"properties":{"y":2020,"n":"Mangus","ag":"USFS","ac":14.3,"c":14,"cl":"Unknown","ad":"2020-08-08","cd":"","st":"NM","se":2},"geometry":{"type":"Polygon","coordinates":[[[-108.30779,34.02634],[-108.30737,34.02447],[-108.30794,34.02388],[-108.31068,34.02504],[-108.3107,34.02552],[-108.31006,34.02558],[-108.30935,34.02646],[-108.30779,34.02634]]]},"bbox":[-108.31078,34.02388,-108.30737,34.02654]},{"type":"Feature","id":46082,"properties":{"y":2017,"n":"Peak","ag":"USFS","ac":14.2,"c":14,"cl":"Unknown","ad":"2017-10-26","cd":"","st":"NM","se":3},"geometry":{"type":"Polygon","coordinates":[[[-108.58388,33.6811],[-108.58463,33.68133],[-108.58485,33.68201],[-108.58461,33.68442],[-108.58334,33.68498],[-108.58241,33.68475],[-108.58341,33.68312],[-108.58388,33.6811]]]},"bbox":[-108.58485,33.6811,-108.58231,33.68498]},{"type":"Feature","id":46083,"properties":{"y":2019,"n":"Divide","ag":"USFS","ac":23.5,"c":14,"cl":"Unknown","ad":"2019-09-06","cd":"","st":"NM","se":3},"geometry":{"type":"Polygon","coordinates":[[[-108.37006,33.59665],[-108.37004,33.5979],[-108.37077,33.59816],[-108.37091,33.5993],[-108.37034,33.6006],[-108.36893,33.60123],[-108.36779,33.59985],[-108.36782,33.59864],[-108.36921,33.59685],[-108.37006,33.59665]]]},"bbox":[-108.37092,33.59664,-108.36777,33.60127]},{"type":"Feature","id":46084,"properties":{"y":1997,"n":"November","ag":"USFS","ac":209.5,"c":14,"cl":"Unknown","ad":"1998-02-01","cd":"","st":"NM","se":4},"geometry":{"type":"Polygon","coordinates":[[[-108.55507,33.5344],[-108.55779,33.53626],[-108.55754,33.53683],[-108.55639,33.53678],[-108.5524,33.53416],[-108.54973,33.53025],[-108.54804,33.52969],[-108.54537,33.52961],[-108.54529,33.52902],[-108.55103,33.52721],[-108.55366,33.52591],[-108.55534,33.52483],[-108.55687,33.52286],[-108.5576,33.52267],[-108.55949,33.52418],[-108.55952,33.52469],[-108.55835,33.52845],[-108.55822,33.53108],[-108.55602,33.534],[-108.55507,33.5344]]]},"bbox":[-108.55952,33.52267,-108.54527,33.5369]},{"type":"Feature","id":46085,"properties":{"y":2011,"n":"Blue Jay","ag":"USFS","ac":90.4,"c":14,"cl":"Unknown","ad":"2011-12-31","cd":"","st":"NM","se":4},"geometry":{"type":"Polygon","coordinates":[[[-108.79031,33.27009],[-108.79332,33.26932],[-108.79489,33.26974],[-108.79474,33.27242],[-108.79229,33.2734],[-108.79086,33.27508],[-108.78922,33.27586],[-108.78775,33.27608],[-108.78667,33.27549],[-108.78629,33.27277],[-108.79031,33.27009]]]},"bbox":[-108.79502,33.26932,-108.78629,33.27608]},{"type":"Feature","id":46086,"properties":{"y":2008,"n":"Silver","ag":"USFS","ac":129.8,"c":14,"cl":"Unknown","ad":"2009-02-01","cd":"","st":"NM","se":4},"geometry":{"type":"Polygon","coordinates":[[[-107.74436,33.49173],[-107.74193,33.49307],[-107.73998,33.49293],[-107.73235,33.49465],[-107.73106,33.49422],[-107.73024,33.49306],[-107.7305,33.48968],[-107.73602,33.49066],[-107.73916,33.48893],[-107.74059,33.48863],[-107.74175,33.4888],[-107.74236,33.48999],[-107.74436,33.49173]]]},"bbox":[-107.74436,33.48863,-107.73024,33.49465]},{"type":"Feature","id":46087,"properties":{"y":2022,"n":"Skates","ag":"USFS","ac":112.1,"c":14,"cl":"Unknown","ad":"2022-06-11","cd":"","st":"NM","se":2},"geometry":{"type":"Polygon","coordinates":[[[-108.14593,32.96769],[-108.14492,32.96742],[-108.14405,32.96796],[-108.14288,32.96771],[-108.14098,32.96827],[-108.14114,32.96792],[-108.13996,32.96741],[-108.1386,32.96736],[-108.13771,32.96591],[-108.1381,32.96521],[-108.13729,32.96516],[-108.13928,32.96167],[-108.14194,32.96079],[-108.14283,32.96141],[-108.14262,32.96187],[-108.1433,32.96269],[-108.14612,32.96438],[-108.14564,32.96474],[-108.14656,32.96666],[-108.14593,32.96769]]]},"bbox":[-108.14656,32.96073,-108.13729,32.96827]},{"type":"Feature","id":46088,"properties":{"y":2022,"n":"Cooney","ag":"USFS","ac":20.8,"c":14,"cl":"Unknown","ad":"2022-07-14","cd":"","st":"NM","se":2},"geometry":{"type":"Polygon","coordinates":[[[-108.24122,33.40156],[-108.24212,33.40286],[-108.2394,33.40328],[-108.23633,33.40285],[-108.23877,33.40091],[-108.24122,33.40156]]]},"bbox":[-108.24212,33.40091,-108.23633,33.40328]},{"type":"Feature","id":46090,"properties":{"y":2018,"n":"Little","ag":"USFS","ac":96.3,"c":14,"cl":"Unknown","ad":"2018-07-26","cd":"","st":"NM","se":2},"geometry":{"type":"MultiPolygon","coordinates":[[[[-108.33429,33.22469],[-108.33429,33.22469],[-108.33429,33.22469],[-108.33429,33.22469]]],[[[-108.33429,33.22469],[-108.33393,33.22522],[-108.33329,33.22515],[-108.33318,33.22299],[-108.33414,33.22186],[-108.33329,33.22173],[-108.3337,33.22132],[-108.33146,33.22228],[-108.33113,33.22052],[-108.33145,33.21998],[-108.33034,33.22015],[-108.33033,33.22071],[-108.3294,33.22118],[-108.32778,33.21952],[-108.32837,33.21675],[-108.33005,33.21554],[-108.33259,33.21749],[-108.33475,33.21829],[-108.33482,33.2191],[-108.33636,33.21996],[-108.3366,33.221],[-108.33493,33.22279],[-108.33482,33.22371],[-108.33401,33.22413],[-108.33429,33.22469]]]]},"bbox":[-108.33661,33.21554,-108.32759,33.22522]},{"type":"Feature","id":46091,"properties":{"y":2024,"n":"Ghost","ag":"USFS","ac":70.3,"c":14,"cl":"Unknown","ad":"2024-02-01","cd":"","st":"NM","se":4},"geometry":{"type":"Polygon","coordinates":[[[-108.41175,33.6686],[-108.41441,33.66861],[-108.41588,33.66957],[-108.41534,33.6703],[-108.41483,33.67024],[-108.41457,33.67091],[-108.4152,33.67153],[-108.41398,33.67187],[-108.414,33.67274],[-108.41257,33.67232],[-108.41221,33.67304],[-108.41111,33.673],[-108.40943,33.67204],[-108.40825,33.67229],[-108.40878,33.67187],[-108.4075,33.67216],[-108.40714,33.67273],[-108.40571,33.67236],[-108.40713,33.67239],[-108.40706,33.67197],[-108.40604,33.6722],[-108.40642,33.67178],[-108.40563,33.67142],[-108.4059,33.67106],[-108.40728,33.67112],[-108.40723,33.67063],[-108.40642,33.6704],[-108.40648,33.6698],[-108.40975,33.67013],[-108.41018,33.66995],[-108.40958,33.66993],[-108.40942,33.66963],[-108.41094,33.66929],[-108.41175,33.6686]]]},"bbox":[-108.4159,33.66837,-108.40563,33.67306]},{"type":"Feature","id":46092,"properties":{"y":2024,"n":"Gooseberry","ag":"USFS","ac":11.4,"c":14,"cl":"Unknown","ad":"2024-06-16","cd":"","st":"NM","se":2},"geometry":{"type":"Polygon","coordinates":[[[-108.67772,33.46319],[-108.67835,33.46319],[-108.67831,33.46256],[-108.6787,33.46246],[-108.67842,33.46197],[-108.68084,33.46144],[-108.68183,33.46201],[-108.68143,33.46213],[-108.68159,33.46291],[-108.68054,33.4625],[-108.67908,33.46296],[-108.67872,33.46422],[-108.67816,33.46379],[-108.67834,33.46337],[-108.67772,33.46319]]]},"bbox":[-108.68183,33.46144,-108.67766,33.46423]},{"type":"Feature","id":46093,"properties":{"y":2024,"n":"Smith","ag":"USFS","ac":67.0,"c":14,"cl":"Unknown","ad":"2024-06-28","cd":"","st":"NM","se":2},"geometry":{"type":"Polygon","coordinates":[[[-109.01001,33.96136],[-109.01061,33.95889],[-109.01229,33.95793],[-109.01232,33.95752],[-109.014,33.95723],[-109.01575,33.95746],[-109.01788,33.96023],[-109.01595,33.96213],[-109.01001,33.96136]]]},"bbox":[-109.01788,33.95723,-109.01001,33.96213]},{"type":"Feature","id":46094,"properties":{"y":2024,"n":"Lost","ag":"USFS","ac":25.7,"c":14,"cl":"Unknown","ad":"2024-07-07","cd":"","st":"NM","se":2},"geometry":{"type":"Polygon","coordinates":[[[-108.78022,33.37199],[-108.77748,33.37119],[-108.77889,33.36948],[-108.77901,33.36911],[-108.77823,33.36863],[-108.7788,33.36836],[-108.78174,33.37028],[-108.78202,33.37113],[-108.78104,33.37119],[-108.78148,33.37171],[-108.78136,33.37305],[-108.78077,33.37298],[-108.78022,33.37199]]]},"bbox":[-108.78202,33.36835,-108.77748,33.37305]},{"type":"Feature","id":46095,"properties":{"y":2016,"n":"Vereda Project","ag":"BLM","ac":231.4,"c":14,"cl":"Unknown","ad":"","cd":"","st":"NM","se":4},"geometry":{"type":"MultiPolygon","coordinates":[[[[-107.83822,36.80089],[-107.83137,36.8021],[-107.80593,36.80151],[-107.80306,36.8009],[-107.805,36.79911],[-107.80592,36.79967],[-107.8087,36.79903],[-107.809,36.79857],[-107.81001,36.79919],[-107.81073,36.79844],[-107.8114,36.79896],[-107.81113,36.79987],[-107.81166,36.80005],[-107.81351,36.79898],[-107.81345,36.79736],[-107.81431,36.7972],[-107.81423,36.79757],[-107.81506,36.79792],[-107.81641,36.79696],[-107.81732,36.79766],[-107.8157,36.79896],[-107.81546,36.80024],[-107.81927,36.79918],[-107.82137,36.7995],[-107.8226,36.79873],[-107.82365,36.79875],[-107.82523,36.79678],[-107.83097,36.79798],[-107.82893,36.80085],[-107.83165,36.80101],[-107.83303,36.80018],[-107.83324,36.79925],[-107.83389,36.79882],[-107.83511,36.79958],[-107.83483,36.80066],[-107.8359,36.80029],[-107.83822,36.80089]],[[-107.80902,36.79889],[-107.80903,36.79888],[-107.80902,36.79888],[-107.80902,36.79889]]],[[[-107.83822,36.80089],[-107.83822,36.80089],[-107.83822,36.80089],[-107.83822,36.80089]]]]},"bbox":[-107.83825,36.79678,-107.80306,36.8021]},{"type":"Feature","id":46096,"properties":{"y":2013,"n":"Corralitos","ag":"BLM","ac":39.6,"c":14,"cl":"Unknown","ad":"2013-04-26","cd":"","st":"NM","se":1},"geometry":{"type":"Polygon","coordinates":[[[-106.98141,32.37878],[-106.98234,32.38034],[-106.9845,32.38076],[-106.98497,32.38167],[-106.98331,32.38363],[-106.98205,32.38405],[-106.98177,32.38327],[-106.98118,32.38332],[-106.97985,32.38204],[-106.98051,32.38039],[-106.97977,32.37858],[-106.98141,32.37878]]]},"bbox":[-106.98497,32.37846,-106.97977,32.38406]},{"type":"Feature","id":46098,"properties":{"y":2015,"n":"100 Foot Wide","ag":"BLM","ac":20.7,"c":14,"cl":"Unknown","ad":"2016-04-06","cd":"","st":"NM","se":1},"geometry":{"type":"Polygon","coordinates":[[[-105.83979,32.4076],[-105.83272,32.40771],[-105.83424,32.40962],[-105.83413,32.41029],[-105.8321,32.40752],[-105.82802,32.40774],[-105.82912,32.40912],[-105.82767,32.40762],[-105.8231,32.40654],[-105.82356,32.40624],[-105.82846,32.40723],[-105.83018,32.40641],[-105.83036,32.40694],[-105.83339,32.4074],[-105.84001,32.40714],[-105.83979,32.4076]]]},"bbox":[-105.84006,32.40624,-105.8231,32.41029]},{"type":"Feature","id":46099,"properties":{"y":2016,"n":"Joyce","ag":"BLM","ac":498.0,"c":14,"cl":"Unknown","ad":"","cd":"","st":"NM","se":4},"geometry":{"type":"MultiPolygon","coordinates":[[[[-105.24127,33.21758],[-105.24538,33.21768],[-105.2475,33.21823],[-105.24923,33.218],[-105.25021,33.21844],[-105.25278,33.21812],[-105.25384,33.21849],[-105.25445,33.21806],[-105.25642,33.21901],[-105.25693,33.21848],[-105.25826,33.2187],[-105.25861,33.21952],[-105.26155,33.21885],[-105.26282,33.21917],[-105.2629,33.21998],[-105.26379,33.21995],[-105.26362,33.22098],[-105.26985,33.22217],[-105.2714,33.22318],[-105.27022,33.22388],[-105.27025,33.22448],[-105.25951,33.22661],[-105.25334,33.22472],[-105.24914,33.22265],[-105.24176,33.22388],[-105.24088,33.22315],[-105.23908,33.22334],[-105.23718,33.22475],[-105.23458,33.22415],[-105.23372,33.22467],[-105.23574,33.22236],[-105.23648,33.2191],[-105.2384,33.21719],[-105.24087,33.2176],[-105.24113,33.21755],[-105.24122,33.21757],[-105.24124,33.21755],[-105.24127,33.21758]],[[-105.24122,33.21757],[-105.24123,33.21758],[-105.24123,33.21758],[-105.24122,33.21757]]],[[[-105.2412,33.21755],[-105.2412,33.21755],[-105.24119,33.21754],[-105.2412,33.21755]]],[[[-105.24124,33.21754],[-105.24124,33.21754],[-105.24124,33.21754],[-105.24124,33.21754]]],[[[-105.24124,33.21754],[-105.24123,33.21756],[-105.24122,33.21756],[-105.24123,33.21754],[-105.24124,33.21754]],[[-105.24123,33.21756],[-105.24123,33.21755],[-105.24123,33.21756],[-105.24123,33.21756]]]]},"bbox":[-105.2714,33.21711,-105.23372,33.22661]},{"type":"Feature","id":46100,"properties":{"y":2016,"n":"Roadside","ag":"BLM","ac":17.4,"c":14,"cl":"Unknown","ad":"2016-01-22","cd":"","st":"NM","se":4},"geometry":{"type":"Polygon","coordinates":[[[-104.46491,33.50962],[-104.46412,33.50918],[-104.46569,33.5087],[-104.46603,33.50934],[-104.46193,33.5121],[-104.4618,33.51152],[-104.46072,33.51105],[-104.46231,33.50933],[-104.46491,33.50962]]]},"bbox":[-104.46603,33.5087,-104.46072,33.5121]},{"type":"Feature","id":46101,"properties":{"y":2016,"n":"Five Mile","ag":"BLM","ac":2.0,"c":14,"cl":"Unknown","ad":"","cd":"","st":"NM","se":4},"geometry":{"type":"Polygon","coordinates":[[[-104.59532,33.89878],[-104.59504,33.89864],[-104.59434,33.89447],[-104.5953,33.89823],[-104.59532,33.89878]]]},"bbox":[-104.59534,33.89447,-104.59432,33.89878]},{"type":"Feature","id":46102,"properties":{"y":2016,"n":"North Loop","ag":"BLM","ac":26.9,"c":14,"cl":"Unknown","ad":"2016-03-09","cd":"","st":"NM","se":1},"geometry":{"type":"Polygon","coordinates":[[[-104.17458,32.45102],[-104.17401,32.4528],[-104.17482,32.45389],[-104.17449,32.45505],[-104.17353,32.4548],[-104.17355,32.45415],[-104.17312,32.45409],[-104.17237,32.4553],[-104.17139,32.45231],[-104.17094,32.45225],[-104.17357,32.45064],[-104.17458,32.45102]]]},"bbox":[-104.17482,32.45064,-104.17093,32.45533]},{"type":"Feature","id":46103,"properties":{"y":2016,"n":"Overflow","ag":"BLM","ac":143.8,"c":14,"cl":"Unknown","ad":"1970-01-01","cd":"","st":"NM","se":4},"geometry":{"type":"Polygon","coordinates":[[[-104.35397,33.30975],[-104.35357,33.30967],[-104.3535,33.31066],[-104.35235,33.31187],[-104.35201,33.31203],[-104.35206,33.31152],[-104.35145,33.31138],[-104.35029,33.31168],[-104.35102,33.31081],[-104.3513,33.31121],[-104.35201,33.31068],[-104.35179,33.31003],[-104.35239,33.30974],[-104.35208,33.3094],[-104.3529,33.30909],[-104.34991,33.30773],[-104.35099,33.30708],[-104.35276,33.30773],[-104.35305,33.30614],[-104.35166,33.30562],[-104.35192,33.30381],[-104.35144,33.3033],[-104.35304,33.30151],[-104.35409,33.3014],[-104.35445,33.30038],[-104.3544,33.29889],[-104.35324,33.29705],[-104.35359,33.29568],[-104.35427,33.29564],[-104.35429,33.2945],[-104.35369,33.29394],[-104.35401,33.29343],[-104.35666,33.29304],[-104.35831,33.29417],[-104.35843,33.29547],[-104.3561,33.29811],[-104.35586,33.29962],[-104.35641,33.30069],[-104.35598,33.30206],[-104.35674,33.30344],[-104.3553,33.30441],[-104.35581,33.30523],[-104.35518,33.30685],[-104.35416,33.3077],[-104.35397,33.30975]]]},"bbox":[-104.35845,33.293,-104.34991,33.31203]},{"type":"Feature","id":46104,"properties":{"y":2016,"n":"Highway 180","ag":"BLM","ac":5.4,"c":14,"cl":"Unknown","ad":"2016-05-12","cd":"","st":"NM","se":1},"geometry":{"type":"Polygon","coordinates":[[[-108.05868,32.57244],[-108.05611,32.56995],[-108.0562,32.5697],[-108.05772,32.57044],[-108.05837,32.5715],[-108.05954,32.57183],[-108.05868,32.57244]]]},"bbox":[-108.05954,32.56968,-108.05608,32.57249]},{"type":"Feature","id":46105,"properties":{"y":2016,"n":"Ring","ag":"BLM","ac":44.0,"c":14,"cl":"Unknown","ad":"2016-05-24","cd":"","st":"NM","se":1},"geometry":{"type":"Polygon","coordinates":[[[-106.51378,32.36703],[-106.5123,32.36637],[-106.51197,32.36499],[-106.51253,32.36446],[-106.51294,32.36506],[-106.51354,32.36464],[-106.51426,32.36499],[-106.51302,32.36357],[-106.51349,32.36194],[-106.51285,32.36161],[-106.51403,32.36133],[-106.51444,32.36044],[-106.51508,32.36035],[-106.5161,32.36133],[-106.51623,32.36323],[-106.51575,32.36432],[-106.51624,32.36464],[-106.51585,32.36549],[-106.51492,32.36561],[-106.51525,32.36611],[-106.51467,32.36689],[-106.51378,32.36703]]]},"bbox":[-106.51626,32.36035,-106.51191,32.36714]},{"type":"Feature","id":46106,"properties":{"y":2016,"n":"Dunn","ag":"BLM","ac":56.8,"c":14,"cl":"Unknown","ad":"1970-01-01","cd":"","st":"NM","se":4},"geometry":{"type":"Polygon","coordinates":[[[-104.15686,32.76068],[-104.15469,32.76075],[-104.15222,32.75783],[-104.14955,32.75656],[-104.15178,32.75627],[-104.15514,32.75709],[-104.15728,32.75647],[-104.15736,32.75799],[-104.15874,32.75786],[-104.15808,32.7583],[-104.15905,32.7584],[-104.15785,32.76012],[-104.15749,32.75996],[-104.15686,32.76068]]]},"bbox":[-104.15905,32.75624,-104.14954,32.76085]},{"type":"Feature","id":46107,"properties":{"y":2016,"n":"7500","ag":"BLM","ac":31.3,"c":14,"cl":"Unknown","ad":"2016-06-16","cd":"","st":"NM","se":2},"geometry":{"type":"Polygon","coordinates":[[[-107.93351,36.35987],[-107.93303,36.36412],[-107.93374,36.36489],[-107.933,36.36573],[-107.93163,36.36551],[-107.92845,36.36365],[-107.92958,36.36386],[-107.92928,36.36325],[-107.92963,36.36263],[-107.93055,36.36413],[-107.93116,36.36433],[-107.93129,36.36325],[-107.93195,36.36465],[-107.93303,36.36463],[-107.93236,36.36398],[-107.93281,36.36329],[-107.93131,36.3631],[-107.93174,36.3627],[-107.93009,36.36187],[-107.93079,36.36179],[-107.93018,36.36159],[-107.93044,36.36112],[-107.92946,36.361],[-107.93038,36.3598],[-107.9316,36.36102],[-107.93166,36.36187],[-107.93241,36.3622],[-107.93252,36.36153],[-107.93189,36.36092],[-107.93257,36.36108],[-107.93196,36.36001],[-107.93236,36.35979],[-107.93301,36.36042],[-107.93351,36.35987]]]},"bbox":[-107.93374,36.35979,-107.92845,36.36581]},{"type":"Feature","id":46108,"properties":{"y":2016,"n":"Chimayo","ag":"BLM","ac":3.3,"c":14,"cl":"Unknown","ad":"2016-06-29","cd":"","st":"NM","se":2},"geometry":{"type":"Polygon","coordinates":[[[-105.93528,36.01579],[-105.93442,36.01684],[-105.93396,36.01679],[-105.93372,36.01571],[-105.93421,36.01542],[-105.93528,36.01579]]]},"bbox":[-105.93531,36.01542,-105.93363,36.01684]},{"type":"Feature","id":46109,"properties":{"y":2016,"n":"Ponderosa","ag":"BLM","ac":18.4,"c":14,"cl":"Unknown","ad":"2016-06-23","cd":"","st":"NM","se":2},"geometry":{"type":"Polygon","coordinates":[[[-104.20333,33.42002],[-104.20497,33.41993],[-104.2058,33.42272],[-104.20526,33.42356],[-104.20365,33.42305],[-104.2032,33.422],[-104.20333,33.42002]]]},"bbox":[-104.2058,33.41984,-104.2032,33.42356]},{"type":"Feature","id":46110,"properties":{"y":2016,"n":"North Stargrass","ag":"BLM","ac":4.5,"c":14,"cl":"Unknown","ad":"2016-07-11","cd":"","st":"NM","se":2},"geometry":{"type":"Polygon","coordinates":[[[-104.65586,33.95334],[-104.657,33.95158],[-104.6579,33.95152],[-104.65773,33.95229],[-104.65586,33.95334]]]},"bbox":[-104.65793,33.95145,-104.65585,33.95347]},{"type":"Feature","id":46111,"properties":{"y":2016,"n":"Vanderwort","ag":"BLM","ac":1.5,"c":14,"cl":"Unknown","ad":"2016-06-24","cd":"","st":"NM","se":2},"geometry":{"type":"Polygon","coordinates":[[[-105.24221,33.01962],[-105.24148,33.01951],[-105.24154,33.01863],[-105.24217,33.01908],[-105.24221,33.01962]]]},"bbox":[-105.24225,33.01862,-105.24135,33.01973]},{"type":"Feature","id":46112,"properties":{"y":2016,"n":"Bonney Canyon","ag":"BLM","ac":201.0,"c":14,"cl":"Unknown","ad":"2016-06-25","cd":"","st":"NM","se":2},"geometry":{"type":"Polygon","coordinates":[[[-105.12763,33.24954],[-105.12787,33.25614],[-105.12983,33.25668],[-105.13005,33.2575],[-105.12797,33.2574],[-105.12697,33.25812],[-105.12781,33.25904],[-105.12797,33.26091],[-105.12654,33.26117],[-105.12562,33.26245],[-105.12454,33.26308],[-105.12339,33.26291],[-105.12306,33.2622],[-105.12365,33.26114],[-105.12306,33.26022],[-105.12574,33.25886],[-105.12372,33.25848],[-105.12086,33.25586],[-105.1177,33.25576],[-105.11673,33.25512],[-105.11984,33.25511],[-105.12217,33.25605],[-105.12081,33.25433],[-105.12108,33.25387],[-105.11956,33.25314],[-105.12015,33.25255],[-105.12091,33.25266],[-105.12137,33.252],[-105.12251,33.25189],[-105.12269,33.25085],[-105.12348,33.2504],[-105.11983,33.24995],[-105.12207,33.24958],[-105.12201,33.24822],[-105.12371,33.24781],[-105.12514,33.24885],[-105.12603,33.24871],[-105.12763,33.24954]]]},"bbox":[-105.13008,33.24781,-105.11673,33.26315]},{"type":"Feature","id":46113,"properties":{"y":2016,"n":"Shooting Range","ag":"BLM","ac":57.2,"c":14,"cl":"Unknown","ad":"2016-07-14","cd":"","st":"NM","se":2},"geometry":{"type":"MultiPolygon","coordinates":[[[[-105.52083,33.53658],[-105.51999,33.5371],[-105.51767,33.53657],[-105.5151,33.53667],[-105.51385,33.53478],[-105.51632,33.53399],[-105.51953,33.53444],[-105.522,33.53566],[-105.52083,33.53658]],[[-105.52077,33.53658],[-105.52074,33.53657],[-105.52077,33.53658],[-105.52077,33.53658]]],[[[-105.52365,33.53892],[-105.52524,33.53707],[-105.52717,33.53797],[-105.52509,33.54051],[-105.52365,33.53892]]]]},"bbox":[-105.52717,33.53399,-105.51385,33.54051]},{"type":"Feature","id":46114,"properties":{"y":2016,"n":"West Baldy","ag":"BLM","ac":422.2,"c":14,"cl":"Unknown","ad":"2016-07-16","cd":"","st":"NM","se":2},"geometry":{"type":"Polygon","coordinates":[[[-104.86314,33.28717],[-104.8623,33.28773],[-104.86231,33.28994],[-104.86099,33.29092],[-104.86109,33.29176],[-104.8594,33.29301],[-104.85846,33.29239],[-104.85761,33.29426],[-104.85687,33.29435],[-104.85677,33.29513],[-104.85476,33.29647],[-104.85431,33.29643],[-104.85397,33.29563],[-104.85384,33.29626],[-104.85232,33.2971],[-104.85199,33.29655],[-104.85282,33.29611],[-104.85297,33.29457],[-104.85201,33.29421],[-104.85148,33.29463],[-104.85136,33.29601],[-104.84925,33.2967],[-104.84786,33.29775],[-104.84793,33.29644],[-104.8488,33.29574],[-104.84829,33.29465],[-104.85054,33.29366],[-104.85082,33.29297],[-104.8503,33.29275],[-104.85146,33.29209],[-104.85193,33.29114],[-104.85074,33.29151],[-104.84714,33.29487],[-104.84514,33.29228],[-104.84512,33.29144],[-104.84583,33.29106],[-104.84537,33.2899],[-104.84881,33.28819],[-104.85135,33.28449],[-104.85218,33.28554],[-104.85474,33.28444],[-104.85755,33.28398],[-104.85928,33.28301],[-104.85874,33.28189],[-104.86313,33.28323],[-104.86493,33.28302],[-104.86522,33.28334],[-104.8656,33.28391],[-104.86482,33.28444],[-104.86485,33.28656],[-104.8641,33.28843],[-104.86314,33.28717]]]},"bbox":[-104.8656,33.28189,-104.84509,33.29781]},{"type":"Feature","id":46115,"properties":{"y":2016,"n":"Rattle Snake","ag":"BLM","ac":4.1,"c":14,"cl":"Unknown","ad":"2016-10-19","cd":"","st":"NM","se":3},"geometry":{"type":"Polygon","coordinates":[[[-107.25974,32.52192],[-107.25843,32.52303],[-107.25901,32.52111],[-107.25968,32.52091],[-107.25974,32.52192]]]},"bbox":[-107.2599,32.52089,-107.25828,32.52303]},{"type":"Feature","id":46116,"properties":{"y":2016,"n":"Tire","ag":"BLM","ac":9.8,"c":14,"cl":"Unknown","ad":"2016-07-25","cd":"","st":"NM","se":2},"geometry":{"type":"Polygon","coordinates":[[[-104.44736,33.1508],[-104.44686,33.14888],[-104.44877,33.14981],[-104.44999,33.15162],[-104.44913,33.15105],[-104.44858,33.15161],[-104.44736,33.1508]]]},"bbox":[-104.44999,33.14888,-104.44686,33.15173]},{"type":"Feature","id":46117,"properties":{"y":2016,"n":"Shinnery","ag":"BLM","ac":83.7,"c":14,"cl":"Unknown","ad":"1970-01-01","cd":"","st":"NM","se":4},"geometry":{"type":"MultiPolygon","coordinates":[[[[-103.60453,32.65014],[-103.60528,32.65081],[-103.60399,32.65116],[-103.60426,32.65218],[-103.6034,32.65243],[-103.60451,32.65473],[-103.60434,32.65533],[-103.60383,32.65511],[-103.60297,32.65246],[-103.60215,32.65317],[-103.60203,32.65305],[-103.60165,32.65292],[-103.60115,32.65283],[-103.60131,32.65288],[-103.6012,32.65353],[-103.60118,32.6536],[-103.60111,32.65369],[-103.60111,32.65407],[-103.59711,32.6545],[-103.59706,32.65147],[-103.59977,32.64965],[-103.60325,32.64855],[-103.60655,32.64964],[-103.60637,32.65022],[-103.60494,32.64996],[-103.60453,32.65014]],[[-103.60125,32.65297],[-103.60125,32.65296],[-103.60124,32.653],[-103.60125,32.65297]],[[-103.60246,32.65269],[-103.60246,32.65269],[-103.60243,32.65271],[-103.60246,32.65269]]],[[[-103.60118,32.6536],[-103.60119,32.65359],[-103.60118,32.65362],[-103.60118,32.6536]]]]},"bbox":[-103.60655,32.64855,-103.59705,32.65533]},{"type":"Feature","id":46118,"properties":{"y":2016,"n":"Pearson 2","ag":"BLM","ac":316.5,"c":14,"cl":"Unknown","ad":"2016-08-09","cd":"","st":"NM","se":2},"geometry":{"type":"Polygon","coordinates":[[[-103.43779,32.59434],[-103.43778,32.5907],[-103.43655,32.58925],[-103.43597,32.58723],[-103.43573,32.57968],[-103.43678,32.57473],[-103.43789,32.57278],[-103.43817,32.57119],[-103.43971,32.56819],[-103.44063,32.56773],[-103.44223,32.57079],[-103.44183,32.57274],[-103.44278,32.57519],[-103.44252,32.57625],[-103.44295,32.57938],[-103.44215,32.58148],[-103.44154,32.58567],[-103.44047,32.58824],[-103.44072,32.5902],[-103.43945,32.59287],[-103.43779,32.59434]]]},"bbox":[-103.44303,32.56773,-103.43563,32.59434]},{"type":"Feature","id":46119,"properties":{"y":2016,"n":"Bootheel","ag":"BLM","ac":39.6,"c":14,"cl":"Unknown","ad":"2017-02-22","cd":"","st":"NM","se":4},"geometry":{"type":"Polygon","coordinates":[[[-109.02191,31.33239],[-109.02185,31.33382],[-109.01743,31.33436],[-109.01303,31.3335],[-109.01289,31.33284],[-109.01293,31.33228],[-109.02191,31.33239]]]},"bbox":[-109.02198,31.33228,-109.01289,31.33436]},{"type":"Feature","id":46120,"properties":{"y":2016,"n":"Cross","ag":"BLM","ac":0.0,"c":14,"cl":"Unknown","ad":"2017-02-22","cd":"","st":"NM","se":4},"geometry":{"type":"Polygon","coordinates":[[[-108.20921,32.87884],[-108.20942,32.87886],[-108.20938,32.87892],[-108.20921,32.87884]]]},"bbox":[-108.20942,32.87879,-108.20921,32.87892]},{"type":"Feature","id":46121,"properties":{"y":2016,"n":"Garfield","ag":"BLM","ac":10.8,"c":14,"cl":"Unknown","ad":"2016-10-19","cd":"","st":"NM","se":3},"geometry":{"type":"Polygon","coordinates":[[[-107.25315,32.70228],[-107.25176,32.70181],[-107.25032,32.70176],[-107.2529,32.69987],[-107.25327,32.70023],[-107.25315,32.70228]]]},"bbox":[-107.25327,32.69985,-107.25032,32.70228]},{"type":"Feature","id":46122,"properties":{"y":2016,"n":"Whitmire","ag":"BLM","ac":498.3,"c":14,"cl":"Unknown","ad":"2016-10-19","cd":"","st":"NM","se":3},"geometry":{"type":"Polygon","coordinates":[[[-108.92188,31.54753],[-108.91047,31.54745],[-108.90933,31.54663],[-108.90975,31.54565],[-108.90769,31.54627],[-108.90621,31.5459],[-108.90478,31.5475],[-108.90007,31.54738],[-108.89992,31.54666],[-108.90055,31.54564],[-108.90005,31.54453],[-108.90272,31.5425],[-108.90318,31.5426],[-108.9034,31.54207],[-108.90493,31.54175],[-108.90543,31.54028],[-108.90591,31.54025],[-108.90606,31.54074],[-108.9083,31.53977],[-108.90902,31.53851],[-108.90886,31.53758],[-108.91023,31.53747],[-108.91259,31.53961],[-108.91369,31.53818],[-108.91514,31.53758],[-108.91534,31.53653],[-108.91838,31.53544],[-108.91929,31.53394],[-108.92037,31.53369],[-108.91905,31.53511],[-108.91944,31.53559],[-108.92173,31.53387],[-108.9218,31.53511],[-108.92256,31.53505],[-108.92181,31.53581],[-108.92182,31.53677],[-108.92277,31.53692],[-108.92185,31.5375],[-108.92185,31.53873],[-108.92262,31.53856],[-108.92411,31.53953],[-108.92184,31.53877],[-108.92184,31.5401],[-108.92228,31.5405],[-108.92186,31.54099],[-108.92451,31.54046],[-108.924,31.54081],[-108.92483,31.54077],[-108.92264,31.54189],[-108.92185,31.54388],[-108.92276,31.54407],[-108.923,31.54463],[-108.92401,31.54464],[-108.92435,31.54545],[-108.9219,31.54698],[-108.92188,31.54753]]]},"bbox":[-108.92483,31.53368,-108.89992,31.54757]},{"type":"Feature","id":46123,"properties":{"y":2016,"n":"Shaw","ag":"BLM","ac":630.6,"c":14,"cl":"Unknown","ad":"2016-07-23","cd":"","st":"NM","se":2},"geometry":{"type":"Polygon","coordinates":[[[-107.9884,33.76406],[-107.99139,33.76625],[-107.99061,33.76921],[-107.98856,33.76955],[-107.98832,33.77191],[-107.98599,33.77318],[-107.98653,33.77387],[-107.98845,33.77458],[-107.98867,33.77519],[-107.98503,33.77653],[-107.98593,33.77746],[-107.98594,33.77812],[-107.98558,33.77865],[-107.98445,33.77877],[-107.98377,33.78061],[-107.98102,33.7809],[-107.97942,33.78236],[-107.97795,33.78195],[-107.97574,33.78259],[-107.97433,33.78124],[-107.97243,33.78216],[-107.97127,33.78199],[-107.97194,33.78003],[-107.97307,33.77898],[-107.97074,33.77722],[-107.97087,33.77596],[-107.97336,33.77434],[-107.97615,33.77085],[-107.97632,33.76866],[-107.97747,33.76559],[-107.97814,33.76457],[-107.9807,33.76312],[-107.98267,33.75985],[-107.98333,33.75945],[-107.98365,33.75983],[-107.98368,33.76196],[-107.98537,33.76257],[-107.98644,33.76359],[-107.9884,33.76406]]]},"bbox":[-107.99139,33.75945,-107.97064,33.78259]},{"type":"Feature","id":46124,"properties":{"y":2017,"n":"Pierre","ag":"BLM","ac":140.8,"c":14,"cl":"Unknown","ad":"2017-06-22","cd":"","st":"NM","se":2},"geometry":{"type":"Polygon","coordinates":[[[-104.58185,33.25539],[-104.58255,33.25433],[-104.58725,33.25337],[-104.58978,33.2534],[-104.58346,33.2547],[-104.58737,33.25532],[-104.5877,33.25582],[-104.58924,33.25614],[-104.58875,33.25652],[-104.59138,33.25634],[-104.59151,33.25737],[-104.5851,33.25782],[-104.58448,33.25855],[-104.58806,33.25873],[-104.58472,33.25933],[-104.58422,33.2599],[-104.58487,33.26015],[-104.58367,33.26058],[-104.58582,33.26056],[-104.58538,33.26117],[-104.58347,33.26177],[-104.58034,33.26406],[-104.58029,33.26277],[-104.57955,33.26258],[-104.57941,33.26311],[-104.57868,33.26195],[-104.57838,33.26016],[-104.57957,33.2593],[-104.58035,33.25691],[-104.581,33.25745],[-104.58105,33.25697],[-104.58217,33.25651],[-104.58185,33.25539]]]},"bbox":[-104.59153,33.25326,-104.57838,33.26407]},{"type":"Feature","id":46125,"properties":{"y":2012,"n":"Pretty Bird","ag":"BLM","ac":106.2,"c":14,"cl":"Unknown","ad":"2017-11-14","cd":"","st":"NM","se":3},"geometry":{"type":"Polygon","coordinates":[[[-105.15073,32.71921],[-105.15139,32.72048],[-105.15012,32.72039],[-105.1494,32.72086],[-105.14898,32.72154],[-105.1492,32.72235],[-105.14602,32.72198],[-105.14527,32.72248],[-105.14483,32.72411],[-105.14414,32.72306],[-105.14479,32.72242],[-105.14424,32.72155],[-105.14361,32.7216],[-105.14305,32.72094],[-105.14232,32.71734],[-105.14337,32.71708],[-105.14453,32.71597],[-105.14628,32.71701],[-105.15039,32.71698],[-105.15096,32.71764],[-105.15035,32.71798],[-105.15094,32.71846],[-105.15073,32.71921]]]},"bbox":[-105.15144,32.71597,-105.14232,32.72411]},{"type":"Feature","id":46126,"properties":{"y":2011,"n":"Stallion","ag":"BLM","ac":23.6,"c":14,"cl":"Unknown","ad":"2011-06-26","cd":"","st":"NM","se":3},"geometry":{"type":"Polygon","coordinates":[[[-106.62536,33.88239],[-106.62887,33.88231],[-106.6291,33.88176],[-106.62945,33.88224],[-106.63004,33.88202],[-106.62994,33.88238],[-106.63151,33.88245],[-106.63727,33.88243],[-106.6374,33.8821],[-106.63861,33.88288],[-106.63789,33.88331],[-106.63385,33.88315],[-106.6326,33.88353],[-106.63232,33.88305],[-106.62731,33.8829],[-106.62536,33.88239]]]},"bbox":[-106.63861,33.88176,-106.62536,33.88353]},{"type":"Feature","id":46127,"properties":{"y":2013,"n":"Ladder Hole","ag":"BLM","ac":10.6,"c":14,"cl":"Unknown","ad":"2017-11-14","cd":"","st":"NM","se":3},"geometry":{"type":"Polygon","coordinates":[[[-104.474,32.07955],[-104.47327,32.08357],[-104.47215,32.08532],[-104.47189,32.08411],[-104.47254,32.08355],[-104.47139,32.08412],[-104.47056,32.08392],[-104.4731,32.083],[-104.47317,32.08077],[-104.47363,32.08083],[-104.474,32.07955]]]},"bbox":[-104.474,32.07952,-104.47056,32.08532]},{"type":"Feature","id":46128,"properties":{"y":2013,"n":"Bindels","ag":"BLM","ac":10.0,"c":14,"cl":"Unknown","ad":"2017-11-14","cd":"","st":"NM","se":3},"geometry":{"type":"Polygon","coordinates":[[[-104.16872,32.40026],[-104.17265,32.4018],[-104.17222,32.40217],[-104.17237,32.40307],[-104.17052,32.4022],[-104.17061,32.40181],[-104.16948,32.40131],[-104.16872,32.40026]]]},"bbox":[-104.17268,32.40023,-104.16863,32.40315]},{"type":"Feature","id":46129,"properties":{"y":1994,"n":"Draw","ag":"BLM","ac":148.5,"c":14,"cl":"Unknown","ad":"1994-04-26","cd":"","st":"NM","se":1},"geometry":{"type":"Polygon","coordinates":[[[-105.927,32.53754],[-105.92712,32.53666],[-105.92998,32.53502],[-105.93077,32.53533],[-105.93097,32.53481],[-105.93033,32.53348],[-105.92836,32.53291],[-105.92866,32.53186],[-105.9306,32.5315],[-105.93193,32.53063],[-105.93114,32.52981],[-105.93023,32.52996],[-105.92957,32.53079],[-105.929,32.53065],[-105.92936,32.52798],[-105.93407,32.52714],[-105.93761,32.52807],[-105.93811,32.52965],[-105.93485,32.53415],[-105.93252,32.53588],[-105.93038,32.53629],[-105.92896,32.53733],[-105.927,32.53754]]]},"bbox":[-105.93811,32.52714,-105.92678,32.53754]},{"type":"Feature","id":46130,"properties":{"y":2017,"n":"Mesa Fire","ag":"BLM","ac":202.5,"c":14,"cl":"Unknown","ad":"2017-02-19","cd":"","st":"NM","se":4},"geometry":{"type":"Polygon","coordinates":[[[-104.7064,34.00283],[-104.70057,33.99902],[-104.69893,33.99826],[-104.69675,33.99801],[-104.69579,33.99695],[-104.68535,33.99456],[-104.67853,33.99183],[-104.67757,33.98552],[-104.68111,33.98678],[-104.70216,33.99982],[-104.7064,34.00283]]]},"bbox":[-104.7064,33.98545,-104.67757,34.00283]},{"type":"Feature","id":46131,"properties":{"y":2017,"n":"Harrel","ag":"BLM","ac":36.0,"c":14,"cl":"Unknown","ad":"1970-01-01","cd":"","st":"NM","se":4},"geometry":{"type":"Polygon","coordinates":[[[-104.30271,33.39178],[-104.30238,33.39252],[-104.30254,33.39039],[-104.30157,33.38987],[-104.30227,33.38909],[-104.3017,33.38833],[-104.30228,33.38807],[-104.30335,33.38589],[-104.30528,33.38528],[-104.30561,33.38673],[-104.30475,33.38749],[-104.30449,33.38987],[-104.30373,33.39001],[-104.30411,33.39134],[-104.30359,33.39189],[-104.30271,33.39178]]]},"bbox":[-104.30562,33.38523,-104.30157,33.39252]},{"type":"Feature","id":46132,"properties":{"y":2017,"n":"East Cato","ag":"BLM","ac":378.3,"c":14,"cl":"Unknown","ad":"1970-01-01","cd":"","st":"NM","se":4},"geometry":{"type":"MultiPolygon","coordinates":[[[[-103.886,33.44467],[-103.88626,33.44483],[-103.88778,33.44622],[-103.888,33.44671],[-103.88868,33.44705],[-103.88962,33.44995],[-103.88918,33.45156],[-103.88959,33.45178],[-103.88879,33.45409],[-103.88988,33.45813],[-103.88955,33.46017],[-103.88882,33.46133],[-103.88399,33.45945],[-103.88397,33.46193],[-103.88268,33.46082],[-103.88308,33.45967],[-103.88368,33.45939],[-103.87807,33.45703],[-103.87728,33.45657],[-103.8773,33.45593],[-103.88057,33.44848],[-103.88126,33.44474],[-103.88293,33.4437],[-103.88385,33.44381],[-103.88433,33.44442],[-103.88541,33.44432],[-103.88571,33.44446],[-103.88582,33.44454],[-103.88583,33.44455],[-103.886,33.44467]]],[[[-103.88571,33.44446],[-103.88553,33.44434],[-103.88561,33.44439],[-103.88571,33.44446]]],[[[-103.88584,33.44456],[-103.88579,33.44452],[-103.88576,33.4445],[-103.88584,33.44456]]]]},"bbox":[-103.88988,33.4437,-103.87726,33.46193]},{"type":"Feature","id":46135,"properties":{"y":2011,"n":"Cimmeron Mesa","ag":"BLM","ac":87.3,"c":14,"cl":"Unknown","ad":"2011-06-06","cd":"","st":"NM","se":2},"geometry":{"type":"Polygon","coordinates":[[[-108.86005,34.24568],[-108.85468,34.24792],[-108.85337,34.24744],[-108.85303,34.24594],[-108.85163,34.24573],[-108.85104,34.24479],[-108.85156,34.24253],[-108.85256,34.2423],[-108.85561,34.24311],[-108.85776,34.24261],[-108.85822,34.24299],[-108.85805,34.24356],[-108.86017,34.2441],[-108.86066,34.24477],[-108.86005,34.24568]]]},"bbox":[-108.86066,34.2423,-108.851,34.24795]},{"type":"Feature","id":46136,"properties":{"y":2017,"n":"Boyles","ag":"BLM","ac":28.8,"c":14,"cl":"Unknown","ad":"2017-06-26","cd":"","st":"NM","se":2},"geometry":{"type":"Polygon","coordinates":[[[-105.03737,33.24587],[-105.04327,33.24609],[-105.04224,33.24788],[-105.03899,33.2483],[-105.0377,33.24802],[-105.03625,33.24647],[-105.03737,33.24587]]]},"bbox":[-105.04327,33.24587,-105.03625,33.2483]},{"type":"Feature","id":46137,"properties":{"y":2009,"n":"Cherry","ag":"BLM","ac":267.3,"c":14,"cl":"Unknown","ad":"2009-06-25","cd":"","st":"NM","se":2},"geometry":{"type":"Polygon","coordinates":[[[-105.06094,33.1112],[-105.05877,33.11293],[-105.05803,33.11481],[-105.05536,33.1155],[-105.05535,33.11604],[-105.05371,33.11721],[-105.04892,33.1182],[-105.0467,33.11725],[-105.04643,33.11441],[-105.04689,33.11374],[-105.04642,33.11302],[-105.04695,33.11201],[-105.04841,33.11206],[-105.04936,33.11154],[-105.04947,33.11066],[-105.04803,33.11074],[-105.04876,33.10957],[-105.05124,33.10938],[-105.05219,33.10986],[-105.0523,33.10884],[-105.05411,33.10925],[-105.05376,33.10825],[-105.05603,33.10734],[-105.0598,33.10886],[-105.0606,33.10836],[-105.06024,33.10791],[-105.06067,33.10724],[-105.0636,33.10657],[-105.06254,33.10852],[-105.06144,33.10907],[-105.06173,33.10957],[-105.06094,33.1112]]]},"bbox":[-105.06366,33.10644,-105.0464,33.1182]},{"type":"Feature","id":46138,"properties":{"y":2016,"n":"Teresa","ag":"BLM","ac":31.6,"c":14,"cl":"Unknown","ad":"2016-08-04","cd":"","st":"NM","se":2},"geometry":{"type":"Polygon","coordinates":[[[-104.02633,33.13194],[-104.02761,33.13182],[-104.02861,33.13291],[-104.03266,33.13425],[-104.03309,33.13543],[-104.03006,33.13554],[-104.02678,33.13366],[-104.02633,33.13194]]]},"bbox":[-104.03309,33.13182,-104.02633,33.13566]},{"type":"Feature","id":46140,"properties":{"y":2014,"n":"Wrye","ag":"BLM","ac":61.0,"c":14,"cl":"Unknown","ad":"2014-07-28","cd":"","st":"NM","se":2},"geometry":{"type":"Polygon","coordinates":[[[-106.387,33.94892],[-106.3839,33.94834],[-106.38252,33.94744],[-106.37875,33.94745],[-106.37784,33.94527],[-106.37452,33.94387],[-106.3717,33.94453],[-106.36828,33.94357],[-106.36273,33.94308],[-106.35978,33.94162],[-106.355,33.94168],[-106.35784,33.94061],[-106.36244,33.94232],[-106.37022,33.94338],[-106.37046,33.94303],[-106.37442,33.94308],[-106.37767,33.94462],[-106.3793,33.94687],[-106.38231,33.94668],[-106.3846,33.94772],[-106.38484,33.94823],[-106.38655,33.94839],[-106.387,33.94892]]]},"bbox":[-106.387,33.94061,-106.355,33.94892]},{"type":"Feature","id":46141,"properties":{"y":2016,"n":"Felix Fire","ag":"BLM","ac":55.8,"c":14,"cl":"Unknown","ad":"2016-05-14","cd":"","st":"NM","se":1},"geometry":{"type":"Polygon","coordinates":[[[-104.97338,33.06749],[-104.974,33.06615],[-104.97474,33.06604],[-104.97498,33.06693],[-104.97609,33.06562],[-104.9781,33.06504],[-104.97868,33.06506],[-104.97816,33.06554],[-104.979,33.06511],[-104.97955,33.06551],[-104.98027,33.06526],[-104.97957,33.06822],[-104.97906,33.06844],[-104.97871,33.06785],[-104.97836,33.06886],[-104.97926,33.06877],[-104.98023,33.06948],[-104.97949,33.07045],[-104.97875,33.06989],[-104.97808,33.06999],[-104.9773,33.069],[-104.97677,33.06968],[-104.97641,33.06888],[-104.97293,33.06849],[-104.97363,33.06811],[-104.97338,33.06749]]]},"bbox":[-104.98028,33.065,-104.97282,33.07047]},{"type":"Feature","id":46143,"properties":{"y":2018,"n":"Tree","ag":"BLM","ac":1.2,"c":14,"cl":"Unknown","ad":"2018-03-02","cd":"","st":"NM","se":1},"geometry":{"type":"Polygon","coordinates":[[[-107.30231,32.87465],[-107.30379,32.87468],[-107.30402,32.87475],[-107.30259,32.87505],[-107.30231,32.87465]]]},"bbox":[-107.30402,32.87465,-107.30225,32.87505]},{"type":"Feature","id":46145,"properties":{"y":2018,"n":"Brahman","ag":"BLM","ac":50.8,"c":14,"cl":"Unknown","ad":"2018-03-02","cd":"","st":"NM","se":1},"geometry":{"type":"Polygon","coordinates":[[[-106.62843,32.43185],[-106.62745,32.4315],[-106.62754,32.42881],[-106.62849,32.4279],[-106.63156,32.4283],[-106.63314,32.42947],[-106.63303,32.43012],[-106.63395,32.43075],[-106.63395,32.43128],[-106.63222,32.43169],[-106.62843,32.43185]]]},"bbox":[-106.63395,32.42788,-106.62745,32.43185]},{"type":"Feature","id":46146,"properties":{"y":2009,"n":"Tejana","ag":"BLM","ac":106.6,"c":14,"cl":"Unknown","ad":"2009-06-19","cd":"","st":"NM","se":2},"geometry":{"type":"Polygon","coordinates":[[[-108.52067,34.44968],[-108.51813,34.45167],[-108.51602,34.45073],[-108.51432,34.45069],[-108.51276,34.4514],[-108.51262,34.45252],[-108.51031,34.45229],[-108.51106,34.45159],[-108.51143,34.44994],[-108.51304,34.44953],[-108.51431,34.44982],[-108.51539,34.4493],[-108.51361,34.44907],[-108.5151,34.44789],[-108.5145,34.44665],[-108.51635,34.4465],[-108.51854,34.4439],[-108.51888,34.44496],[-108.51972,34.44482],[-108.52206,34.44789],[-108.52175,34.44922],[-108.52079,34.44896],[-108.52067,34.44968]]]},"bbox":[-108.52206,34.4439,-108.51031,34.4527]},{"type":"Feature","id":46147,"properties":{"y":2009,"n":"127 Fire","ag":"BLM","ac":159.7,"c":14,"cl":"Unknown","ad":"2009-05-19","cd":"","st":"NM","se":1},"geometry":{"type":"MultiPolygon","coordinates":[[[[-106.44204,34.09595],[-106.44282,34.09548],[-106.44237,34.09689],[-106.44012,34.09878],[-106.44196,34.09892],[-106.44402,34.09802],[-106.44495,34.09811],[-106.44557,34.09754],[-106.44605,34.09776],[-106.44187,34.1009],[-106.44188,34.10135],[-106.43966,34.1033],[-106.43301,34.10331],[-106.43199,34.10254],[-106.43207,34.10372],[-106.42967,34.10291],[-106.42926,34.10153],[-106.43027,34.1009],[-106.42911,34.10058],[-106.42971,34.10033],[-106.4296,34.09954],[-106.43104,34.09746],[-106.43155,34.09731],[-106.4327,34.09673],[-106.43342,34.09692],[-106.43332,34.09766],[-106.43261,34.0982],[-106.43299,34.0985],[-106.43263,34.09933],[-106.43505,34.10061],[-106.4362,34.09875],[-106.43781,34.09898],[-106.43922,34.0975],[-106.44204,34.09595]],[[-106.43198,34.10253],[-106.43199,34.10253],[-106.43199,34.10253],[-106.43198,34.10253]],[[-106.44204,34.09595],[-106.44204,34.09595],[-106.44204,34.09596],[-106.44204,34.09595]]],[[[-106.43264,34.09676],[-106.43263,34.09676],[-106.43263,34.09674],[-106.43264,34.09676]]],[[[-106.44203,34.09594],[-106.44202,34.09595],[-106.44203,34.09593],[-106.44203,34.09594]]],[[[-106.44204,34.09594],[-106.44203,34.09594],[-106.44203,34.09594],[-106.44204,34.09594]]],[[[-106.44203,34.09594],[-106.44203,34.09594],[-106.44203,34.09594],[-106.44203,34.09594]]],[[[-106.44203,34.09594],[-106.44203,34.09594],[-106.44203,34.09594],[-106.44203,34.09594],[-106.44203,34.09594]]]]},"bbox":[-106.44606,34.09548,-106.42911,34.10372]},{"type":"Feature","id":46148,"properties":{"y":2018,"n":"Lake Fire","ag":"BLM","ac":2.9,"c":14,"cl":"Unknown","ad":"2018-04-26","cd":"","st":"NM","se":1},"geometry":{"type":"Polygon","coordinates":[[[-104.37378,33.38231],[-104.37451,33.38227],[-104.37541,33.38319],[-104.37492,33.38349],[-104.37388,33.38298],[-104.37378,33.38231]]]},"bbox":[-104.37541,33.38223,-104.37361,33.38349]},{"type":"Feature","id":46149,"properties":{"y":2018,"n":"Cato","ag":"BLM","ac":83.5,"c":14,"cl":"Unknown","ad":"2018-04-21","cd":"","st":"NM","se":1},"geometry":{"type":"Polygon","coordinates":[[[-103.89164,33.46001],[-103.89243,33.4566],[-103.89415,33.45297],[-103.89583,33.45297],[-103.89631,33.45359],[-103.89785,33.4531],[-103.89955,33.45349],[-103.89934,33.45445],[-103.89859,33.45482],[-103.89861,33.45591],[-103.89756,33.45626],[-103.89736,33.45768],[-103.8967,33.4585],[-103.89164,33.46001]]]},"bbox":[-103.89956,33.4528,-103.8916,33.46002]},{"type":"Feature","id":46150,"properties":{"y":2018,"n":"Mossman","ag":"BLM","ac":43.9,"c":14,"cl":"Unknown","ad":"1970-01-01","cd":"","st":"NM","se":4},"geometry":{"type":"Polygon","coordinates":[[[-104.84318,33.3621],[-104.84536,33.35679],[-104.84702,33.35576],[-104.85003,33.35515],[-104.84916,33.35659],[-104.84771,33.35729],[-104.8478,33.35834],[-104.84669,33.3599],[-104.84568,33.36036],[-104.84444,33.3619],[-104.84318,33.3621]]]},"bbox":[-104.85003,33.35506,-104.84318,33.36211]},{"type":"Feature","id":46151,"properties":{"y":2018,"n":"Ninemile","ag":"BLM","ac":5.5,"c":14,"cl":"Unknown","ad":"2018-05-08","cd":"","st":"NM","se":1},"geometry":{"type":"Polygon","coordinates":[[[-104.14491,33.062],[-104.14493,33.06112],[-104.14334,33.05852],[-104.14389,33.05802],[-104.14463,33.05818],[-104.14475,33.05865],[-104.14441,33.05929],[-104.14528,33.06107],[-104.14525,33.06205],[-104.14491,33.062]]]},"bbox":[-104.14528,33.05801,-104.14331,33.0621]},{"type":"Feature","id":46152,"properties":{"y":2018,"n":"Le","ag":"BLM","ac":7.0,"c":14,"cl":"Unknown","ad":"2018-06-12","cd":"","st":"NM","se":2},"geometry":{"type":"Polygon","coordinates":[[[-104.14086,33.36415],[-104.14064,33.36587],[-104.13972,33.36565],[-104.13978,33.36442],[-104.13908,33.3642],[-104.13935,33.36365],[-104.14007,33.36346],[-104.14086,33.36415]]]},"bbox":[-104.14088,33.36342,-104.13908,33.3659]},{"type":"Feature","id":46153,"properties":{"y":2018,"n":"Walnut Draw","ag":"BLM","ac":16.0,"c":14,"cl":"Unknown","ad":"2018-07-03","cd":"","st":"NM","se":2},"geometry":{"type":"Polygon","coordinates":[[[-104.72075,32.99917],[-104.7232,32.99931],[-104.72278,32.99954],[-104.72423,33.00102],[-104.72438,33.00226],[-104.72326,33.00246],[-104.7228,33.00157],[-104.72112,33.00044],[-104.72075,32.99917]]]},"bbox":[-104.7245,32.99908,-104.72073,33.00254]},{"type":"Feature","id":46154,"properties":{"y":2018,"n":"Larkspur","ag":"BLM","ac":48.1,"c":14,"cl":"Unknown","ad":"1970-01-01","cd":"","st":"NM","se":4},"geometry":{"type":"Polygon","coordinates":[[[-104.79632,33.40934],[-104.79742,33.40785],[-104.79829,33.4078],[-104.79815,33.40851],[-104.79931,33.41162],[-104.79849,33.41229],[-104.79914,33.41307],[-104.79981,33.41586],[-104.79942,33.41594],[-104.7982,33.41449],[-104.79835,33.41658],[-104.79756,33.41606],[-104.79629,33.41284],[-104.79632,33.40934]]]},"bbox":[-104.79981,33.40773,-104.79613,33.41658]},{"type":"Feature","id":46155,"properties":{"y":2018,"n":"Huggins Fire","ag":"BLM","ac":23.7,"c":14,"cl":"Unknown","ad":"1970-01-01","cd":"","st":"NM","se":4},"geometry":{"type":"Polygon","coordinates":[[[-104.52473,33.95797],[-104.52485,33.95726],[-104.52621,33.95669],[-104.52651,33.95405],[-104.52696,33.95464],[-104.5276,33.95441],[-104.52809,33.95313],[-104.52864,33.95342],[-104.52812,33.95407],[-104.52843,33.95449],[-104.52696,33.9549],[-104.52689,33.95597],[-104.52891,33.9556],[-104.53002,33.95591],[-104.53067,33.95549],[-104.53101,33.95547],[-104.53016,33.95597],[-104.53191,33.9562],[-104.53226,33.95577],[-104.53227,33.95625],[-104.53278,33.95633],[-104.53459,33.95575],[-104.53428,33.95668],[-104.5337,33.95634],[-104.5323,33.95678],[-104.52807,33.95637],[-104.52929,33.95753],[-104.52776,33.95668],[-104.52692,33.95752],[-104.52834,33.95813],[-104.52831,33.9585],[-104.52665,33.95755],[-104.52613,33.95778],[-104.52643,33.95834],[-104.52473,33.95797]]]},"bbox":[-104.53459,33.95313,-104.52472,33.9585]},{"type":"Feature","id":46156,"properties":{"y":2018,"n":"Anelope","ag":"BLM","ac":17.0,"c":14,"cl":"Unknown","ad":"2018-08-07","cd":"","st":"NM","se":2},"geometry":{"type":"Polygon","coordinates":[[[-108.9697,31.96596],[-108.96955,31.96772],[-108.96632,31.96791],[-108.96585,31.96745],[-108.96636,31.96651],[-108.9678,31.96561],[-108.96863,31.96545],[-108.9697,31.96596]]]},"bbox":[-108.9697,31.96545,-108.96585,31.96791]},{"type":"Feature","id":46157,"properties":{"y":2018,"n":"Challenger","ag":"BLM","ac":4.7,"c":14,"cl":"Unknown","ad":"2018-08-28","cd":"","st":"NM","se":2},"geometry":{"type":"Polygon","coordinates":[[[-104.97182,33.02542],[-104.97162,33.02414],[-104.97213,33.02379],[-104.97236,33.02454],[-104.9739,33.02501],[-104.97339,33.02549],[-104.97182,33.02542]]]},"bbox":[-104.9739,33.02379,-104.97162,33.02549]},{"type":"Feature","id":46158,"properties":{"y":2018,"n":"San Pedro","ag":"BLM","ac":12.4,"c":14,"cl":"Unknown","ad":"2018-07-19","cd":"","st":"NM","se":2},"geometry":{"type":"MultiPolygon","coordinates":[[[[-110.09767,31.42355],[-110.0961,31.42492],[-110.09562,31.42341],[-110.09649,31.42301],[-110.09531,31.42196],[-110.09692,31.42082],[-110.0974,31.42247],[-110.09717,31.42344],[-110.09767,31.42355]]],[[[-110.09681,31.42451],[-110.09681,31.42452],[-110.09681,31.42452],[-110.09681,31.42451]]],[[[-110.09681,31.42452],[-110.09682,31.42452],[-110.09681,31.42452],[-110.09681,31.42452]]],[[[-110.09682,31.42451],[-110.09682,31.42451],[-110.09682,31.42451],[-110.09682,31.42451]]]]},"bbox":[-110.09767,31.42082,-110.09531,31.42495]},{"type":"Feature","id":46159,"properties":{"y":2018,"n":"Forrest Lee","ag":"BLM","ac":583.8,"c":14,"cl":"Unknown","ad":"2018-07-23","cd":"","st":"NM","se":2},"geometry":{"type":"Polygon","coordinates":[[[-104.3045,32.70914],[-104.30433,32.70619],[-104.30344,32.70349],[-104.30259,32.70204],[-104.29963,32.6992],[-104.29915,32.69807],[-104.29938,32.697],[-104.30043,32.69672],[-104.30044,32.69492],[-104.303,32.69494],[-104.30527,32.69424],[-104.30968,32.69691],[-104.31279,32.69722],[-104.31764,32.70626],[-104.31827,32.70604],[-104.31892,32.70645],[-104.31804,32.70693],[-104.31985,32.71023],[-104.31937,32.71161],[-104.31722,32.71179],[-104.31708,32.71416],[-104.31601,32.71302],[-104.31531,32.71373],[-104.31385,32.71217],[-104.31247,32.71184],[-104.31179,32.71294],[-104.31106,32.71305],[-104.30955,32.71161],[-104.30454,32.71173],[-104.30445,32.71165],[-104.30459,32.71068],[-104.30449,32.70915],[-104.3045,32.70914]],[[-104.30452,32.70909],[-104.3045,32.70914],[-104.3045,32.70914],[-104.30452,32.70909]],[[-104.303,32.69494],[-104.30298,32.69495],[-104.303,32.69494],[-104.303,32.69494]]]},"bbox":[-104.31985,32.69424,-104.29915,32.71416]},{"type":"Feature","id":46161,"properties":{"y":2018,"n":"Derrick","ag":"BLM","ac":421.5,"c":14,"cl":"Unknown","ad":"2018-08-24","cd":"","st":"NM","se":2},"geometry":{"type":"Polygon","coordinates":[[[-105.06206,34.35916],[-105.0592,34.35865],[-105.05346,34.35623],[-105.05335,34.35507],[-105.05006,34.3537],[-105.04851,34.35254],[-105.05004,34.34733],[-105.05175,34.34759],[-105.05343,34.34725],[-105.05163,34.34513],[-105.05334,34.34544],[-105.05529,34.34713],[-105.05622,34.34711],[-105.06129,34.35035],[-105.06383,34.35092],[-105.06794,34.35361],[-105.06988,34.35545],[-105.06969,34.35606],[-105.07018,34.35699],[-105.06887,34.35921],[-105.06206,34.35916]]]},"bbox":[-105.07021,34.34513,-105.04845,34.35943]},{"type":"Feature","id":46162,"properties":{"y":2019,"n":"Baylor Canyon","ag":"BLM","ac":59.6,"c":14,"cl":"Unknown","ad":"2019-03-21","cd":"","st":"NM","se":1},"geometry":{"type":"Polygon","coordinates":[[[-106.58939,32.39481],[-106.58482,32.39406],[-106.58327,32.3934],[-106.58323,32.39284],[-106.5855,32.3906],[-106.58858,32.39089],[-106.58915,32.39131],[-106.58824,32.39198],[-106.58942,32.3927],[-106.58989,32.39254],[-106.59009,32.39171],[-106.59062,32.39255],[-106.5924,32.39351],[-106.59225,32.39398],[-106.59116,32.39391],[-106.58939,32.39481]]]},"bbox":[-106.5924,32.39045,-106.58317,32.39482]},{"type":"Feature","id":46163,"properties":{"y":2019,"n":"Seco Fire","ag":"BLM","ac":24.9,"c":14,"cl":"Unknown","ad":"2019-06-13","cd":"","st":"NM","se":2},"geometry":{"type":"MultiPolygon","coordinates":[[[[-107.66769,33.11817],[-107.66756,33.11844],[-107.66679,33.11875],[-107.66724,33.1196],[-107.66618,33.11955],[-107.66372,33.11885],[-107.66291,33.11748],[-107.66523,33.11689],[-107.66536,33.11612],[-107.66695,33.11741],[-107.66768,33.11622],[-107.66787,33.11638],[-107.66788,33.11775],[-107.6677,33.11808],[-107.66769,33.11817]]],[[[-107.66363,33.11872],[-107.66364,33.11873],[-107.66363,33.11872],[-107.66363,33.11872]]],[[[-107.66769,33.11816],[-107.66769,33.11817],[-107.66769,33.11816],[-107.66769,33.11816]]]]},"bbox":[-107.66788,33.11612,-107.66291,33.11965]},{"type":"Feature","id":46164,"properties":{"y":2019,"n":"Buchanan","ag":"BLM","ac":15.3,"c":14,"cl":"Unknown","ad":"2019-05-17","cd":"","st":"NM","se":1},"geometry":{"type":"Polygon","coordinates":[[[-104.74829,33.30571],[-104.74864,33.30488],[-104.75098,33.30502],[-104.75484,33.30712],[-104.75272,33.30698],[-104.75139,33.30625],[-104.74829,33.30571]]]},"bbox":[-104.75485,33.3048,-104.74823,33.30719]},{"type":"Feature","id":46165,"properties":{"y":2019,"n":"52","ag":"BLM","ac":0.0,"c":14,"cl":"Unknown","ad":"2019-05-02","cd":"","st":"NM","se":1},"geometry":{"type":"Polygon","coordinates":[[[-107.27249,32.79253],[-107.27264,32.79257],[-107.27243,32.79255],[-107.27249,32.79253]]]},"bbox":[-107.27264,32.7925,-107.27243,32.7926]},{"type":"Feature","id":46166,"properties":{"y":2018,"n":"Rock House","ag":"BLM","ac":0.0,"c":14,"cl":"Unknown","ad":"2018-03-02","cd":"","st":"NM","se":1},"geometry":{"type":"Polygon","coordinates":[[[-106.60949,32.36476],[-106.6094,32.36487],[-106.60935,32.36476],[-106.60949,32.36476]]]},"bbox":[-106.60951,32.36472,-106.60935,32.36487]},{"type":"Feature","id":46167,"properties":{"y":2019,"n":"Simone Canyon","ag":"BLM","ac":62.0,"c":14,"cl":"Unknown","ad":"2019-08-21","cd":"","st":"NM","se":2},"geometry":{"type":"Polygon","coordinates":[[[-107.64468,36.88397],[-107.64384,36.88415],[-107.64303,36.88356],[-107.6443,36.88231],[-107.64447,36.88148],[-107.64688,36.88074],[-107.64933,36.87931],[-107.65078,36.87973],[-107.65114,36.8807],[-107.65013,36.88255],[-107.64897,36.88331],[-107.64944,36.88397],[-107.64894,36.88503],[-107.64822,36.88524],[-107.64764,36.88449],[-107.64644,36.88462],[-107.64468,36.88397]]]},"bbox":[-107.65114,36.87931,-107.64303,36.88529]},{"type":"Feature","id":46168,"properties":{"y":2019,"n":"Ojito","ag":"BLM","ac":1.9,"c":14,"cl":"Unknown","ad":"2019-11-12","cd":"","st":"NM","se":3},"geometry":{"type":"Polygon","coordinates":[[[-106.88311,35.4815],[-106.88348,35.48101],[-106.88496,35.48169],[-106.88351,35.48173],[-106.88311,35.4815]]]},"bbox":[-106.88496,35.48101,-106.88311,35.4818]},{"type":"Feature","id":46169,"properties":{"y":2018,"n":"Piedra Lumbre","ag":"BLM","ac":5.0,"c":14,"cl":"Unknown","ad":"2018-07-10","cd":"","st":"NM","se":2},"geometry":{"type":"Polygon","coordinates":[[[-107.03365,35.85654],[-107.03429,35.85535],[-107.03587,35.85593],[-107.03541,35.85688],[-107.03365,35.85654]]]},"bbox":[-107.03587,35.85535,-107.03356,35.85688]},{"type":"Feature","id":46170,"properties":{"y":2018,"n":"Lake St Francis","ag":"BLM","ac":17.9,"c":14,"cl":"Unknown","ad":"2018-08-08","cd":"","st":"NM","se":2},"geometry":{"type":"Polygon","coordinates":[[[-104.40268,33.49412],[-104.40379,33.49167],[-104.40554,33.49206],[-104.40615,33.49265],[-104.40621,33.49308],[-104.40418,33.49477],[-104.40197,33.49472],[-104.40268,33.49412]]]},"bbox":[-104.40624,33.49159,-104.40195,33.49478]},{"type":"Feature","id":46171,"properties":{"y":2019,"n":"Lea Lake 2","ag":"BLM","ac":3.4,"c":14,"cl":"Unknown","ad":"2019-05-14","cd":"","st":"NM","se":1},"geometry":{"type":"Polygon","coordinates":[[[-104.32771,33.31551],[-104.32816,33.31483],[-104.32936,33.31563],[-104.32803,33.31607],[-104.32771,33.31551]]]},"bbox":[-104.32936,33.31483,-104.32761,33.31607]},{"type":"Feature","id":46172,"properties":{"y":2022,"n":"Petry","ag":"BLM","ac":143.7,"c":14,"cl":"Unknown","ad":"2023-03-14","cd":"","st":"NM","se":1},"geometry":{"type":"Polygon","coordinates":[[[-103.95196,32.23951],[-103.95129,32.23954],[-103.95158,32.23948],[-103.95422,32.23952],[-103.95443,32.23961],[-103.9579,32.24362],[-103.95469,32.24551],[-103.95133,32.24544],[-103.95118,32.24806],[-103.94776,32.24448],[-103.94783,32.24381],[-103.94725,32.24347],[-103.9473,32.24142],[-103.94684,32.24132],[-103.94671,32.24056],[-103.94804,32.23956],[-103.95067,32.23958],[-103.95131,32.23957],[-103.95196,32.23951]]]},"bbox":[-103.9579,32.23948,-103.94671,32.24806]},{"type":"Feature","id":46173,"properties":{"y":2022,"n":"Shugart","ag":"BLM","ac":7.5,"c":14,"cl":"Unknown","ad":"2023-03-14","cd":"","st":"NM","se":1},"geometry":{"type":"Polygon","coordinates":[[[-103.8403,32.76453],[-103.84031,32.76332],[-103.84108,32.76257],[-103.84204,32.76283],[-103.84284,32.76422],[-103.84254,32.76451],[-103.84146,32.7637],[-103.84131,32.76498],[-103.84108,32.76414],[-103.84068,32.76398],[-103.8403,32.76453]]]},"bbox":[-103.84284,32.76256,-103.84019,32.76498]},{"type":"Feature","id":46174,"properties":{"y":2023,"n":"Floridas","ag":"BLM","ac":450.0,"c":14,"cl":"Unknown","ad":"2023-08-11","cd":"","st":"NM","se":2},"geometry":{"type":"Polygon","coordinates":[[[-107.66354,32.06704],[-107.6656,32.06735],[-107.66075,32.06991],[-107.6584,32.06969],[-107.65509,32.06624],[-107.64987,32.06363],[-107.64518,32.0597],[-107.64412,32.05791],[-107.64395,32.05605],[-107.64514,32.0552],[-107.64875,32.05488],[-107.6536,32.05182],[-107.65509,32.05205],[-107.65617,32.05357],[-107.65578,32.05659],[-107.65874,32.05816],[-107.65924,32.06114],[-107.66269,32.06506],[-107.66354,32.06704]]]},"bbox":[-107.6656,32.05175,-107.64383,32.07009]},{"type":"Feature","id":46175,"properties":{"y":2023,"n":"West Catclaw","ag":"BLM","ac":16.7,"c":14,"cl":"Unknown","ad":"2023-10-03","cd":"","st":"NM","se":3},"geometry":{"type":"Polygon","coordinates":[[[-104.66968,32.87799],[-104.66484,32.87953],[-104.66581,32.87869],[-104.66388,32.8795],[-104.66562,32.87813],[-104.66826,32.87716],[-104.67072,32.87696],[-104.6718,32.87738],[-104.67073,32.87813],[-104.67021,32.87783],[-104.66856,32.8786],[-104.66968,32.87799]]]},"bbox":[-104.6718,32.87696,-104.66388,32.87961]},{"type":"Feature","id":46176,"properties":{"y":2022,"n":"Mile 60","ag":"BLM","ac":306.2,"c":14,"cl":"Unknown","ad":"2022-08-11","cd":"","st":"NM","se":2},"geometry":{"type":"Polygon","coordinates":[[[-107.05412,33.59729],[-107.05762,33.59406],[-107.05698,33.59389],[-107.05512,33.59553],[-107.05484,33.59412],[-107.05376,33.5953],[-107.05281,33.59517],[-107.05173,33.59629],[-107.04976,33.59441],[-107.04936,33.59304],[-107.05014,33.59267],[-107.05078,33.59337],[-107.05346,33.59136],[-107.05297,33.59084],[-107.0531,33.59008],[-107.0536,33.59021],[-107.05495,33.58866],[-107.0581,33.58758],[-107.06247,33.58388],[-107.06422,33.58459],[-107.06451,33.58529],[-107.06188,33.58681],[-107.06211,33.58741],[-107.06326,33.58741],[-107.06367,33.58672],[-107.06529,33.58652],[-107.06601,33.58578],[-107.06722,33.58546],[-107.06892,33.58585],[-107.07161,33.58506],[-107.0738,33.58659],[-107.07191,33.58853],[-107.0707,33.58844],[-107.07019,33.58904],[-107.06867,33.58857],[-107.06544,33.5911],[-107.06279,33.5914],[-107.06315,33.59186],[-107.06236,33.59243],[-107.06008,33.59276],[-107.05987,33.59389],[-107.05896,33.59417],[-107.05782,33.59571],[-107.0564,33.59576],[-107.05579,33.59614],[-107.05557,33.59719],[-107.05412,33.59729]]]},"bbox":[-107.07381,33.58378,-107.04927,33.59733]},{"type":"Feature","id":46177,"properties":{"y":2022,"n":"Hwy 404","ag":"BLM","ac":33.2,"c":14,"cl":"Unknown","ad":"2023-08-10","cd":"","st":"NM","se":2},"geometry":{"type":"MultiPolygon","coordinates":[[[[-106.50482,32.00099],[-106.50511,32.00334],[-106.50675,32.00462],[-106.50686,32.00575],[-106.50557,32.00478],[-106.50491,32.00517],[-106.50424,32.00493],[-106.50414,32.00542],[-106.50241,32.00441],[-106.50213,32.00443],[-106.50204,32.00464],[-106.50183,32.00387],[-106.50274,32.00131],[-106.50249,32.00063],[-106.50482,32.00099]]],[[[-106.5021,32.0046],[-106.50207,32.00461],[-106.50209,32.00459],[-106.5021,32.0046]]]]},"bbox":[-106.50692,32.00055,-106.50183,32.00578]},{"type":"Feature","id":46178,"properties":{"y":2023,"n":"Tanks","ag":"BLM","ac":0.1,"c":14,"cl":"Unknown","ad":"2023-07-25","cd":"","st":"NM","se":2},"geometry":{"type":"Polygon","coordinates":[[[-105.97887,33.08343],[-105.97936,33.08311],[-105.97946,33.08309],[-105.97887,33.08343]]]},"bbox":[-105.97947,33.08309,-105.97886,33.08346]},{"type":"Feature","id":46179,"properties":{"y":2023,"n":"Cuba Mesa","ag":"BLM","ac":0.1,"c":14,"cl":"Unknown","ad":"2023-07-31","cd":"","st":"NM","se":2},"geometry":{"type":"Polygon","coordinates":[[[-107.041,35.92839],[-107.04111,35.9282],[-107.04111,35.92832],[-107.041,35.92839]]]},"bbox":[-107.04111,35.92816,-107.04081,35.92839]},{"type":"Feature","id":46180,"properties":{"y":2022,"n":"Mm 76","ag":"BLM","ac":1.0,"c":14,"cl":"Unknown","ad":"2023-03-14","cd":"","st":"NM","se":1},"geometry":{"type":"Polygon","coordinates":[[[-103.60074,32.59903],[-103.60258,32.5985],[-103.59979,32.59937],[-103.60002,32.59926],[-103.60074,32.59903]],[[-103.59999,32.59929],[-103.60001,32.59928],[-103.6,32.59929],[-103.59999,32.59929]]]},"bbox":[-103.60262,32.5983,-103.59979,32.59945]},{"type":"Feature","id":46181,"properties":{"y":2023,"n":"Lake","ag":"BLM","ac":73.8,"c":14,"cl":"Unknown","ad":"2024-03-11","cd":"","st":"NM","se":1},"geometry":{"type":"MultiPolygon","coordinates":[[[[-107.45881,36.96337],[-107.45882,36.96338],[-107.4588,36.96337],[-107.45881,36.96337]]],[[[-107.45881,36.96337],[-107.45844,36.96276],[-107.45969,36.96274],[-107.45966,36.96191],[-107.46124,36.96164],[-107.46174,36.96057],[-107.46241,36.96117],[-107.46578,36.96081],[-107.46797,36.96189],[-107.46818,36.96253],[-107.46679,36.96308],[-107.46662,36.96407],[-107.46579,36.964],[-107.46557,36.9662],[-107.46342,36.96735],[-107.46206,36.966],[-107.4628,36.96511],[-107.46157,36.96417],[-107.46209,36.96365],[-107.46194,36.96284],[-107.46093,36.96255],[-107.45984,36.96372],[-107.45971,36.96328],[-107.45929,36.96348],[-107.45881,36.96337]],[[-107.45883,36.96336],[-107.45882,36.96336],[-107.45883,36.96337],[-107.45883,36.96336]]],[[[-107.46113,36.96133],[-107.46108,36.96134],[-107.4611,36.96129],[-107.46113,36.96133]]],[[[-107.46119,36.96136],[-107.46121,36.96137],[-107.4612,36.96137],[-107.46119,36.96136]]],[[[-107.4613,36.96124],[-107.46132,36.96125],[-107.46131,36.96126],[-107.4613,36.96124]]],[[[-107.4613,36.96124],[-107.46127,36.96123],[-107.4613,36.96123],[-107.4613,36.96124]]],[[[-107.46137,36.96117],[-107.46138,36.96118],[-107.46137,36.96119],[-107.46137,36.96117]]],[[[-107.46161,36.96065],[-107.46164,36.9606],[-107.46165,36.96068],[-107.46161,36.96065]]],[[[-107.4617,36.96278],[-107.46171,36.96279],[-107.46169,36.9628],[-107.4617,36.96278]]]]},"bbox":[-107.46818,36.96057,-107.45844,36.96735]},{"type":"Feature","id":46182,"properties":{"y":2024,"n":"Mm 192","ag":"BLM","ac":50.4,"c":14,"cl":"Unknown","ad":"2024-09-19","cd":"","st":"NM","se":3},"geometry":{"type":"MultiPolygon","coordinates":[[[[-103.84059,33.4185],[-103.84036,33.41884],[-103.8414,33.4188],[-103.84047,33.42031],[-103.84071,33.42075],[-103.84018,33.42082],[-103.84002,33.42204],[-103.83882,33.42232],[-103.83906,33.42364],[-103.83699,33.42431],[-103.83634,33.425],[-103.83454,33.42349],[-103.83696,33.42089],[-103.8385,33.42013],[-103.83875,33.41969],[-103.83829,33.41954],[-103.83887,33.41856],[-103.84,33.41833],[-103.84059,33.4185]],[[-103.8395,33.41853],[-103.83946,33.41853],[-103.83947,33.41855],[-103.8395,33.41853]],[[-103.83947,33.41855],[-103.83947,33.41855],[-103.83948,33.41855],[-103.83947,33.41855]]],[[[-103.84059,33.4185],[-103.84136,33.41837],[-103.84123,33.41879],[-103.84059,33.4185]]],[[[-103.84088,33.41809],[-103.84059,33.41834],[-103.83984,33.41809],[-103.84088,33.41809]]]]},"bbox":[-103.8414,33.41809,-103.83452,33.42502]},{"type":"Feature","id":46183,"properties":{"y":2024,"n":"Oak","ag":"BLM","ac":33.2,"c":14,"cl":"Unknown","ad":"2025-02-24","cd":"","st":"NM","se":4},"geometry":{"type":"Polygon","coordinates":[[[-103.76256,32.46647],[-103.76076,32.46859],[-103.75988,32.46872],[-103.76093,32.46709],[-103.76007,32.46625],[-103.75863,32.46841],[-103.75734,32.4689],[-103.75932,32.46559],[-103.76075,32.46493],[-103.7605,32.46411],[-103.76116,32.46311],[-103.76283,32.46312],[-103.76256,32.46647]]]},"bbox":[-103.76283,32.46311,-103.75734,32.4689]},{"type":"Feature","id":46184,"properties":{"y":2022,"n":"La Cueva","ag":"BLM","ac":0.4,"c":14,"cl":"Unknown","ad":"2023-03-14","cd":"","st":"NM","se":1},"geometry":{"type":"Polygon","coordinates":[[[-104.26773,32.37212],[-104.26725,32.37231],[-104.26684,32.37215],[-104.26773,32.37212]]]},"bbox":[-104.26775,32.37206,-104.26684,32.37235]},{"type":"Feature","id":46185,"properties":{"y":2022,"n":"Cambray","ag":"BLM","ac":791.6,"c":14,"cl":"Unknown","ad":"2023-04-20","cd":"","st":"NM","se":1},"geometry":{"type":"Polygon","coordinates":[[[-107.35506,32.05523],[-107.35629,32.05548],[-107.35671,32.05647],[-107.35801,32.05557],[-107.36266,32.06322],[-107.36296,32.06498],[-107.36226,32.06541],[-107.36319,32.06718],[-107.36272,32.06868],[-107.36006,32.06868],[-107.35987,32.07018],[-107.35848,32.07146],[-107.35712,32.0716],[-107.35672,32.07117],[-107.35379,32.07244],[-107.3523,32.07201],[-107.34795,32.07269],[-107.3487,32.07243],[-107.34906,32.07173],[-107.34875,32.07136],[-107.34791,32.07208],[-107.34711,32.07149],[-107.34451,32.0719],[-107.34487,32.07105],[-107.34776,32.07108],[-107.34798,32.06995],[-107.34959,32.06944],[-107.35101,32.06823],[-107.35127,32.06861],[-107.35322,32.06853],[-107.35193,32.06832],[-107.35165,32.06751],[-107.35298,32.06712],[-107.35344,32.06747],[-107.3535,32.06677],[-107.35411,32.06682],[-107.35458,32.06613],[-107.35399,32.06607],[-107.35229,32.0667],[-107.35142,32.06646],[-107.35057,32.06762],[-107.34915,32.06732],[-107.34826,32.06815],[-107.34844,32.06919],[-107.34674,32.06997],[-107.34591,32.06954],[-107.3444,32.06984],[-107.34409,32.0711],[-107.34321,32.07066],[-107.34099,32.07107],[-107.33999,32.07041],[-107.33799,32.0705],[-107.33652,32.07136],[-107.33558,32.07275],[-107.3335,32.0731],[-107.3334,32.07258],[-107.3349,32.07146],[-107.33392,32.07115],[-107.33166,32.0715],[-107.33162,32.07],[-107.33203,32.06966],[-107.33282,32.07004],[-107.33295,32.06946],[-107.3343,32.06913],[-107.33629,32.06745],[-107.33662,32.0686],[-107.3372,32.06851],[-107.33762,32.06747],[-107.33982,32.06723],[-107.33924,32.06644],[-107.33995,32.06584],[-107.33902,32.0659],[-107.33862,32.0649],[-107.33975,32.06438],[-107.33998,32.06373],[-107.34182,32.06456],[-107.34255,32.0623],[-107.34373,32.06216],[-107.34364,32.06147],[-107.34255,32.06082],[-107.34329,32.06009],[-107.34225,32.05972],[-107.34257,32.05893],[-107.34006,32.05929],[-107.33991,32.05859],[-107.33925,32.05857],[-107.33941,32.05815],[-107.33808,32.0578],[-107.33833,32.05714],[-107.34046,32.0565],[-107.34064,32.05725],[-107.34138,32.05675],[-107.342,32.05773],[-107.34298,32.0576],[-107.34393,32.05815],[-107.34498,32.0579],[-107.34733,32.05934],[-107.34828,32.05901],[-107.3478,32.05845],[-107.34919,32.05753],[-107.35133,32.05916],[-107.35232,32.05873],[-107.35288,32.05766],[-107.35375,32.05768],[-107.3545,32.05642],[-107.35375,32.0562],[-107.35506,32.05523]]]},"bbox":[-107.36319,32.05522,-107.33162,32.0731]},{"type":"Feature","id":46186,"properties":{"y":2023,"n":"Trail Canyon","ag":"BLM","ac":4.6,"c":14,"cl":"Unknown","ad":"2024-04-04","cd":"","st":"NM","se":1},"geometry":{"type":"Polygon","coordinates":[[[-107.70645,36.96021],[-107.70562,36.9604],[-107.70521,36.96105],[-107.70448,36.96072],[-107.70438,36.96115],[-107.70378,36.96041],[-107.7049,36.96017],[-107.7055,36.95937],[-107.70575,36.95993],[-107.70661,36.95968],[-107.70645,36.96021]]]},"bbox":[-107.70672,36.95937,-107.70378,36.96115]},{"type":"Feature","id":46187,"properties":{"y":2022,"n":"Brantley","ag":"BLM","ac":0.5,"c":14,"cl":"Unknown","ad":"2022-05-24","cd":"","st":"NM","se":1},"geometry":{"type":"Polygon","coordinates":[[[-104.407,32.55914],[-104.40831,32.5609],[-104.40871,32.56179],[-104.4083,32.56119],[-104.407,32.55914]]]},"bbox":[-104.40874,32.5591,-104.40696,32.56179]},{"type":"Feature","id":46189,"properties":{"y":2020,"n":"Fort Craig","ag":"BLM","ac":328.6,"c":14,"cl":"Unknown","ad":"2023-03-14","cd":"","st":"NM","se":1},"geometry":{"type":"Polygon","coordinates":[[[-107.03752,33.60235],[-107.04519,33.59462],[-107.04708,33.59368],[-107.0477,33.59421],[-107.04452,33.59764],[-107.04449,33.60003],[-107.04298,33.60315],[-107.04425,33.60403],[-107.04505,33.60627],[-107.04768,33.60521],[-107.04726,33.60613],[-107.0436,33.60799],[-107.04362,33.60877],[-107.04467,33.60978],[-107.04422,33.61019],[-107.04258,33.60927],[-107.0423,33.60958],[-107.04078,33.60911],[-107.04152,33.60963],[-107.0408,33.6101],[-107.04158,33.61105],[-107.04083,33.6115],[-107.0399,33.61083],[-107.03974,33.60979],[-107.0386,33.609],[-107.03743,33.60994],[-107.03727,33.61146],[-107.03664,33.61245],[-107.0363,33.61182],[-107.03363,33.61192],[-107.0328,33.61249],[-107.03284,33.61344],[-107.03237,33.6121],[-107.03144,33.61179],[-107.03097,33.61027],[-107.0322,33.60838],[-107.03232,33.60451],[-107.03419,33.60409],[-107.03752,33.60235]]]},"bbox":[-107.04777,33.59368,-107.03097,33.61344]},{"type":"Feature","id":46190,"properties":{"y":2022,"n":"Grubbs","ag":"BLM","ac":1.4,"c":14,"cl":"Unknown","ad":"2023-03-14","cd":"","st":"NM","se":1},"geometry":{"type":"Polygon","coordinates":[[[-103.98736,32.7145],[-103.98645,32.71495],[-103.98621,32.71438],[-103.98736,32.7145]]]},"bbox":[-103.98748,32.71436,-103.98616,32.7151]},{"type":"Feature","id":46191,"properties":{"y":2020,"n":"Quintana","ag":"BLM","ac":0.0,"c":14,"cl":"Unknown","ad":"2023-03-14","cd":"","st":"NM","se":1},"geometry":{"type":"MultiPolygon","coordinates":[[[[-107.42557,36.9274],[-107.42553,36.92741],[-107.42546,36.92727],[-107.42557,36.9274]]],[[[-107.42557,36.9274],[-107.42565,36.92744],[-107.42564,36.92749],[-107.42557,36.9274]]]]},"bbox":[-107.42565,36.92727,-107.42546,36.92749]},{"type":"Feature","id":46192,"properties":{"y":2020,"n":"Simone Canyon","ag":"BLM","ac":0.0,"c":14,"cl":"Unknown","ad":"2023-03-14","cd":"","st":"NM","se":1},"geometry":{"type":"Polygon","coordinates":[[[-107.65576,36.83592],[-107.6558,36.83584],[-107.65577,36.83595],[-107.65576,36.83592]]]},"bbox":[-107.65582,36.83584,-107.65576,36.83595]},{"type":"Feature","id":46194,"properties":{"y":2023,"n":"Jones","ag":"BLM","ac":16.4,"c":14,"cl":"Unknown","ad":"2023-10-04","cd":"","st":"NM","se":3},"geometry":{"type":"Polygon","coordinates":[[[-104.50473,32.42312],[-104.50463,32.42234],[-104.50501,32.4219],[-104.50499,32.42174],[-104.50502,32.42172],[-104.50511,32.42162],[-104.50509,32.42143],[-104.50549,32.42164],[-104.50632,32.42093],[-104.50786,32.4221],[-104.508,32.42421],[-104.50473,32.42312]],[[-104.50505,32.42174],[-104.50502,32.42173],[-104.50503,32.42176],[-104.50505,32.42174]]]},"bbox":[-104.50804,32.42093,-104.50463,32.42427]},{"type":"Feature","id":46195,"properties":{"y":2022,"n":"Mm 73","ag":"BLM","ac":19.3,"c":14,"cl":"Unknown","ad":"2023-03-14","cd":"","st":"NM","se":1},"geometry":{"type":"MultiPolygon","coordinates":[[[[-103.65002,32.58048],[-103.6488,32.58252],[-103.6473,32.58301],[-103.64608,32.58274],[-103.64583,32.58312],[-103.64504,32.58273],[-103.64236,32.58376],[-103.64246,32.58336],[-103.65002,32.58048]]],[[[-103.65002,32.58048],[-103.65002,32.58048],[-103.65003,32.58048],[-103.65002,32.58048]]],[[[-103.65002,32.58048],[-103.64995,32.58039],[-103.64463,32.58233],[-103.65408,32.57877],[-103.65016,32.58028],[-103.65002,32.58048]]]]},"bbox":[-103.65413,32.57866,-103.64236,32.58377]},{"type":"Feature","id":46196,"properties":{"y":2020,"n":"Coyote","ag":"BLM","ac":738.3,"c":14,"cl":"Unknown","ad":"2023-03-14","cd":"","st":"NM","se":1},"geometry":{"type":"Polygon","coordinates":[[[-108.19449,33.59525],[-108.19332,33.59545],[-108.19184,33.59376],[-108.18962,33.5937],[-108.18582,33.59035],[-108.18265,33.5841],[-108.18495,33.58547],[-108.18738,33.58602],[-108.18418,33.58379],[-108.18503,33.58286],[-108.18228,33.58233],[-108.18037,33.58047],[-108.17746,33.57601],[-108.17848,33.57627],[-108.17869,33.57586],[-108.17752,33.57448],[-108.17779,33.57309],[-108.17702,33.57181],[-108.17776,33.56996],[-108.17708,33.56846],[-108.17885,33.56852],[-108.17996,33.56806],[-108.17705,33.56622],[-108.17888,33.56289],[-108.18003,33.56436],[-108.18181,33.56422],[-108.182,33.56375],[-108.18276,33.56437],[-108.18392,33.5644],[-108.18493,33.56733],[-108.1886,33.57034],[-108.18963,33.57512],[-108.19064,33.57595],[-108.19031,33.57697],[-108.19415,33.58623],[-108.1948,33.59336],[-108.19523,33.59365],[-108.19449,33.59525]]]},"bbox":[-108.19523,33.56289,-108.17702,33.59557]},{"type":"Feature","id":46197,"properties":{"y":2020,"n":"Clark Canyon","ag":"BLM","ac":64.3,"c":14,"cl":"Unknown","ad":"2023-03-14","cd":"","st":"NM","se":1},"geometry":{"type":"Polygon","coordinates":[[[-108.49633,32.94286],[-108.4971,32.94242],[-108.49728,32.94086],[-108.49772,32.94055],[-108.49863,32.94169],[-108.49759,32.94345],[-108.49836,32.94368],[-108.49807,32.94464],[-108.5,32.94401],[-108.50074,32.94546],[-108.49966,32.94549],[-108.49967,32.94586],[-108.50058,32.94672],[-108.49805,32.94711],[-108.49703,32.9461],[-108.49704,32.94551],[-108.49609,32.94572],[-108.49676,32.94479],[-108.49784,32.94459],[-108.49761,32.944],[-108.49509,32.9452],[-108.49455,32.94505],[-108.49445,32.94576],[-108.49536,32.94627],[-108.49502,32.9465],[-108.49273,32.94624],[-108.49188,32.94546],[-108.49313,32.94503],[-108.49269,32.94444],[-108.49354,32.94292],[-108.49329,32.94194],[-108.49381,32.94184],[-108.4939,32.94128],[-108.49633,32.94286]]]},"bbox":[-108.50074,32.94055,-108.49186,32.94711]},{"type":"Feature","id":46198,"properties":{"y":2020,"n":"Cox Canyon","ag":"BLM","ac":86.3,"c":14,"cl":"Unknown","ad":"2023-03-14","cd":"","st":"NM","se":1},"geometry":{"type":"MultiPolygon","coordinates":[[[[-108.00625,36.98988],[-108.00403,36.99082],[-108.00306,36.99009],[-107.99997,36.99105],[-107.99989,36.98972],[-107.99888,36.98882],[-107.9989,36.98831],[-107.99726,36.98657],[-107.99538,36.98589],[-107.99473,36.98453],[-107.99596,36.98459],[-107.99594,36.98516],[-107.99667,36.98443],[-107.99718,36.9848],[-107.99748,36.98424],[-107.99713,36.98327],[-107.9979,36.98374],[-107.99917,36.98167],[-107.99989,36.98154],[-108.00011,36.98248],[-108.00075,36.98252],[-108.00032,36.98318],[-108.00074,36.98362],[-107.99924,36.98447],[-107.99878,36.98603],[-107.99953,36.98636],[-108.00002,36.98741],[-108.00164,36.98811],[-108.00186,36.98771],[-108.00101,36.98701],[-108.00261,36.98711],[-108.00205,36.98546],[-108.0029,36.98394],[-108.00302,36.98461],[-108.00343,36.98459],[-108.00293,36.98728],[-108.00628,36.98936],[-108.00625,36.98988]],[[-107.99754,36.98357],[-107.99753,36.98357],[-107.99753,36.98363],[-107.99754,36.98357]],[[-107.99759,36.98375],[-107.99755,36.98382],[-107.99771,36.9839],[-107.99759,36.98375]]],[[[-107.9972,36.98318],[-107.99719,36.98318],[-107.99719,36.98318],[-107.9972,36.98318]]],[[[-107.99719,36.98318],[-107.99718,36.98322],[-107.99717,36.98318],[-107.99719,36.98318]]],[[[-107.99818,36.98295],[-107.99818,36.98306],[-107.9981,36.98292],[-107.99818,36.98295]]],[[[-107.9981,36.98292],[-107.99807,36.98293],[-107.9981,36.9829],[-107.9981,36.98292]]],[[[-107.99818,36.98306],[-107.99819,36.98307],[-107.99817,36.98309],[-107.99818,36.98306]]],[[[-108.00392,36.98771],[-108.00392,36.98772],[-108.00392,36.98772],[-108.00392,36.98771]]]]},"bbox":[-108.00638,36.98153,-107.99471,36.99106]},{"type":"Feature","id":46199,"properties":{"y":2023,"n":"Sandtree","ag":"BLM","ac":18.3,"c":14,"cl":"Unknown","ad":"2023-10-04","cd":"","st":"NM","se":3},"geometry":{"type":"Polygon","coordinates":[[[-103.83575,33.78239],[-103.83389,33.781],[-103.8335,33.77987],[-103.83656,33.77929],[-103.83669,33.782],[-103.83575,33.78239]]]},"bbox":[-103.83673,33.77917,-103.8335,33.78239]},{"type":"Feature","id":46200,"properties":{"y":2020,"n":"Laguna","ag":"BLM","ac":2.7,"c":14,"cl":"Unknown","ad":"2021-05-04","cd":"","st":"NM","se":1},"geometry":{"type":"Polygon","coordinates":[[[-103.76626,32.5413],[-103.76776,32.5413],[-103.76776,32.54173],[-103.76733,32.5423],[-103.76626,32.5413]]]},"bbox":[-103.76776,32.5413,-103.76626,32.5423]},{"type":"Feature","id":46201,"properties":{"y":2021,"n":"Battle","ag":"BLM","ac":42.6,"c":14,"cl":"Unknown","ad":"2021-05-04","cd":"","st":"NM","se":1},"geometry":{"type":"MultiPolygon","coordinates":[[[[-103.46004,32.1571],[-103.45859,32.15714],[-103.45432,32.15909],[-103.45355,32.15459],[-103.45523,32.15491],[-103.4555,32.15543],[-103.45658,32.15518],[-103.45736,32.1561],[-103.45787,32.15549],[-103.45715,32.15527],[-103.45682,32.15475],[-103.45714,32.1547],[-103.45856,32.15558],[-103.45871,32.15661],[-103.46004,32.1571]]],[[[-103.45794,32.15766],[-103.45792,32.15769],[-103.45792,32.15769],[-103.45794,32.15766]]]]},"bbox":[-103.46004,32.15448,-103.45355,32.1591]},{"type":"Feature","id":46202,"properties":{"y":2022,"n":"Shugart 2","ag":"BLM","ac":8.6,"c":14,"cl":"Unknown","ad":"2022-07-25","cd":"","st":"NM","se":2},"geometry":{"type":"Polygon","coordinates":[[[-103.84168,32.73956],[-103.84263,32.73959],[-103.84331,32.74038],[-103.84201,32.74037],[-103.84166,32.74082],[-103.84213,32.74129],[-103.8413,32.7416],[-103.84025,32.74033],[-103.84168,32.73956]]]},"bbox":[-103.84331,32.73945,-103.84025,32.7416]},{"type":"Feature","id":46203,"properties":{"y":2020,"n":"Walker","ag":"BLM","ac":570.4,"c":14,"cl":"Unknown","ad":"2023-03-14","cd":"","st":"NM","se":1},"geometry":{"type":"Polygon","coordinates":[[[-103.83523,32.11968],[-103.833,32.11716],[-103.83191,32.11455],[-103.83826,32.1112],[-103.85028,32.11484],[-103.8532,32.11959],[-103.8449,32.1286],[-103.84164,32.12943],[-103.83523,32.11968]]]},"bbox":[-103.8532,32.1112,-103.83191,32.12943]},{"type":"Feature","id":46204,"properties":{"y":2020,"n":"Pump Canyon","ag":"BLM","ac":12.5,"c":14,"cl":"Unknown","ad":"2023-03-14","cd":"","st":"NM","se":1},"geometry":{"type":"MultiPolygon","coordinates":[[[[-107.67459,36.99123],[-107.67675,36.99154],[-107.674,36.9934],[-107.67284,36.99319],[-107.67227,36.99226],[-107.6725,36.99116],[-107.67286,36.99198],[-107.67438,36.99201],[-107.67513,36.99162],[-107.67459,36.99123]]],[[[-107.67286,36.99168],[-107.67291,36.99172],[-107.67286,36.99171],[-107.67286,36.99168]]]]},"bbox":[-107.67675,36.99104,-107.67227,36.9935]},{"type":"Feature","id":46205,"properties":{"y":2021,"n":"Larson","ag":"BLM","ac":10.4,"c":14,"cl":"Unknown","ad":"2023-03-14","cd":"","st":"NM","se":1},"geometry":{"type":"Polygon","coordinates":[[[-107.03893,32.22133],[-107.03795,32.22067],[-107.03755,32.22103],[-107.03691,32.22077],[-107.03669,32.21989],[-107.03723,32.21938],[-107.03936,32.2196],[-107.03977,32.22039],[-107.03893,32.22133]]]},"bbox":[-107.03977,32.21937,-107.03669,32.22139]},{"type":"Feature","id":46206,"properties":{"y":2023,"n":"Louis","ag":"BLM","ac":141.2,"c":14,"cl":"Unknown","ad":"2023-08-11","cd":"","st":"NM","se":2},"geometry":{"type":"Polygon","coordinates":[[[-107.35109,32.09796],[-107.35224,32.09766],[-107.35287,32.09682],[-107.35476,32.09712],[-107.35572,32.09652],[-107.35693,32.09651],[-107.35801,32.09767],[-107.359,32.09707],[-107.36068,32.09765],[-107.36128,32.09661],[-107.362,32.09679],[-107.36329,32.09824],[-107.36019,32.09946],[-107.35982,32.09917],[-107.36009,32.09859],[-107.35948,32.09849],[-107.35887,32.09915],[-107.35918,32.10061],[-107.35855,32.10078],[-107.35782,32.10021],[-107.35758,32.10067],[-107.35769,32.10188],[-107.35835,32.10246],[-107.35671,32.10237],[-107.35657,32.10272],[-107.35716,32.1029],[-107.35651,32.1033],[-107.35449,32.10343],[-107.35373,32.10262],[-107.35427,32.10118],[-107.353,32.10069],[-107.35284,32.10258],[-107.35016,32.10234],[-107.3507,32.1029],[-107.35028,32.10426],[-107.34944,32.10318],[-107.34884,32.10373],[-107.34844,32.10328],[-107.34871,32.10261],[-107.35016,32.10195],[-107.34948,32.10106],[-107.34954,32.09961],[-107.35109,32.09796]]]},"bbox":[-107.36329,32.09651,-107.34844,32.10426]},{"type":"Feature","id":46207,"properties":{"y":2023,"n":"West Fork","ag":"BLM","ac":29.8,"c":14,"cl":"Unknown","ad":"2024-04-04","cd":"","st":"NM","se":1},"geometry":{"type":"MultiPolygon","coordinates":[[[[-107.63061,36.90945],[-107.63061,36.90947],[-107.63059,36.90949],[-107.63061,36.90945]]],[[[-107.63061,36.90945],[-107.6306,36.90941],[-107.63069,36.90947],[-107.63061,36.90945]]],[[[-107.63059,36.90949],[-107.63049,36.90974],[-107.63049,36.90957],[-107.63044,36.90961],[-107.63036,36.90962],[-107.63027,36.9097],[-107.63023,36.90968],[-107.63011,36.90977],[-107.62983,36.90973],[-107.62954,36.90927],[-107.62744,36.9091],[-107.62341,36.90736],[-107.62123,36.90756],[-107.62171,36.90708],[-107.62133,36.90615],[-107.62235,36.90633],[-107.62361,36.90595],[-107.6245,36.90627],[-107.62564,36.90599],[-107.62561,36.90646],[-107.62618,36.90726],[-107.62903,36.90802],[-107.63059,36.90949]]],[[[-107.63044,36.90961],[-107.63044,36.90963],[-107.63042,36.90963],[-107.63044,36.90961]]],[[[-107.63044,36.90963],[-107.63046,36.90963],[-107.63044,36.90965],[-107.63044,36.90963]]],[[[-107.62133,36.90614],[-107.62134,36.90615],[-107.62131,36.90614],[-107.62133,36.90614]]],[[[-107.62239,36.90619],[-107.6224,36.9062],[-107.6224,36.90621],[-107.6224,36.90622],[-107.62239,36.90619]]],[[[-107.62395,36.90786],[-107.62396,36.90789],[-107.62394,36.90787],[-107.62395,36.90786]]],[[[-107.62493,36.90607],[-107.62494,36.9061],[-107.62492,36.9061],[-107.62493,36.90607]]],[[[-107.62566,36.90635],[-107.62564,36.90639],[-107.62563,36.90638],[-107.62566,36.90635]]]]},"bbox":[-107.63069,36.90595,-107.62121,36.90977]},{"type":"Feature","id":46208,"properties":{"y":2023,"n":"Dillahunty","ag":"BLM","ac":0.6,"c":14,"cl":"Unknown","ad":"2023-07-21","cd":"","st":"NM","se":2},"geometry":{"type":"Polygon","coordinates":[[[-104.43112,32.08908],[-104.43144,32.08961],[-104.43086,32.08977],[-104.43068,32.08921],[-104.43112,32.08908]]]},"bbox":[-104.43144,32.08908,-104.43068,32.08977]},{"type":"Feature","id":46209,"properties":{"y":2023,"n":"Sherman","ag":"BLM","ac":42.8,"c":14,"cl":"Unknown","ad":"2023-08-14","cd":"","st":"NM","se":2},"geometry":{"type":"Polygon","coordinates":[[[-108.74531,32.61445],[-108.74431,32.61401],[-108.74352,32.61175],[-108.74423,32.61122],[-108.7456,32.61147],[-108.74566,32.61075],[-108.74473,32.61006],[-108.74595,32.60989],[-108.74605,32.60916],[-108.74864,32.60951],[-108.74727,32.61336],[-108.7465,32.61431],[-108.74559,32.61445],[-108.7455,32.61446],[-108.74531,32.61445]],[[-108.74531,32.61444],[-108.74534,32.61445],[-108.74535,32.61445],[-108.74531,32.61444]]]},"bbox":[-108.74867,32.60908,-108.74351,32.61446]},{"type":"Feature","id":46210,"properties":{"y":2020,"n":"Lincoln","ag":"BLM","ac":8.7,"c":14,"cl":"Unknown","ad":"2021-05-04","cd":"","st":"NM","se":1},"geometry":{"type":"Polygon","coordinates":[[[-104.36591,33.27291],[-104.3643,33.27376],[-104.36342,33.27187],[-104.36568,33.27191],[-104.36591,33.27291]]]},"bbox":[-104.36591,33.27187,-104.36342,33.27376]},{"type":"Feature","id":46212,"properties":{"y":2023,"n":"Rocky Arroyo","ag":"BLM","ac":83.1,"c":14,"cl":"Unknown","ad":"2023-10-04","cd":"","st":"NM","se":3},"geometry":{"type":"MultiPolygon","coordinates":[[[[-104.91353,33.24674],[-104.91331,33.24751],[-104.91385,33.24821],[-104.9136,33.24849],[-104.91487,33.24915],[-104.91421,33.24896],[-104.91437,33.25002],[-104.9152,33.24996],[-104.91474,33.25025],[-104.91534,33.25062],[-104.91679,33.2505],[-104.9163,33.25107],[-104.91699,33.25217],[-104.91566,33.25108],[-104.91433,33.25116],[-104.9148,33.25132],[-104.91491,33.25216],[-104.91629,33.25256],[-104.91608,33.25311],[-104.91445,33.25229],[-104.91402,33.25071],[-104.91333,33.25122],[-104.91329,33.25292],[-104.91462,33.25307],[-104.91447,33.25345],[-104.91499,33.25366],[-104.91462,33.2541],[-104.91448,33.2536],[-104.9133,33.25387],[-104.91358,33.2552],[-104.91229,33.25439],[-104.91172,33.25472],[-104.91242,33.25508],[-104.91205,33.25545],[-104.91302,33.25676],[-104.91267,33.25702],[-104.91318,33.25753],[-104.91313,33.25854],[-104.91115,33.25648],[-104.91136,33.256],[-104.91018,33.25512],[-104.90985,33.25403],[-104.9113,33.25244],[-104.91099,33.25221],[-104.91128,33.25111],[-104.91087,33.25061],[-104.91013,33.2507],[-104.91114,33.24965],[-104.91107,33.24823],[-104.91151,33.24842],[-104.91082,33.24661],[-104.91181,33.24591],[-104.91353,33.24674]]],[[[-104.914,33.25143],[-104.914,33.25145],[-104.914,33.25146],[-104.914,33.25143]]]]},"bbox":[-104.91699,33.2459,-104.90985,33.25854]},{"type":"Feature","id":46213,"properties":{"y":2020,"n":"Cotton","ag":"BLM","ac":30.7,"c":14,"cl":"Unknown","ad":"2023-03-14","cd":"","st":"NM","se":1},"geometry":{"type":"Polygon","coordinates":[[[-103.56174,32.11127],[-103.55787,32.11142],[-103.55727,32.11111],[-103.55741,32.10941],[-103.56313,32.10919],[-103.56327,32.11],[-103.56174,32.11127]]]},"bbox":[-103.56327,32.10913,-103.55727,32.11147]},{"type":"Feature","id":46214,"properties":{"y":2022,"n":"Salt","ag":"BLM","ac":0.2,"c":14,"cl":"Unknown","ad":"2023-03-14","cd":"","st":"NM","se":1},"geometry":{"type":"MultiPolygon","coordinates":[[[[-103.95643,32.39874],[-103.95642,32.39874],[-103.95644,32.39871],[-103.95643,32.39874]]],[[[-103.95646,32.39872],[-103.95706,32.39868],[-103.95642,32.39881],[-103.95646,32.39872]]]]},"bbox":[-103.95714,32.39852,-103.95641,32.39886]},{"type":"Feature","id":46215,"properties":{"y":2022,"n":"Uvas","ag":"BLM","ac":5.1,"c":14,"cl":"Unknown","ad":"2023-04-20","cd":"","st":"NM","se":1},"geometry":{"type":"Polygon","coordinates":[[[-107.19906,32.58354],[-107.20136,32.58354],[-107.20021,32.58523],[-107.19906,32.58354]]]},"bbox":[-107.20136,32.58354,-107.19906,32.58523]},{"type":"Feature","id":46216,"properties":{"y":2023,"n":"Cato Field","ag":"BLM","ac":26.0,"c":14,"cl":"Unknown","ad":"2023-10-04","cd":"","st":"NM","se":3},"geometry":{"type":"MultiPolygon","coordinates":[[[[-103.84473,33.58871],[-103.84253,33.58968],[-103.84212,33.5896],[-103.84243,33.58924],[-103.84188,33.58917],[-103.84207,33.5887],[-103.84146,33.58909],[-103.84132,33.58897],[-103.84209,33.58813],[-103.84173,33.58828],[-103.84206,33.58642],[-103.84339,33.58668],[-103.8434,33.58615],[-103.8443,33.58605],[-103.84486,33.5865],[-103.84526,33.58611],[-103.84558,33.58674],[-103.84648,33.58696],[-103.84598,33.5877],[-103.84639,33.58778],[-103.84529,33.58819],[-103.84537,33.58802],[-103.8452,33.58778],[-103.84464,33.58791],[-103.84473,33.58871]]],[[[-103.8443,33.58605],[-103.84431,33.58605],[-103.84431,33.58605],[-103.8443,33.58605]]],[[[-103.84431,33.58605],[-103.84435,33.58603],[-103.84437,33.58604],[-103.84431,33.58605]]],[[[-103.84194,33.58921],[-103.84194,33.58921],[-103.84193,33.58923],[-103.84194,33.58921]]]]},"bbox":[-103.84651,33.58603,-103.84129,33.58968]},{"type":"Feature","id":46217,"properties":{"y":2023,"n":"Coyote","ag":"BLM","ac":0.7,"c":14,"cl":"Unknown","ad":"2023-06-20","cd":"","st":"NM","se":2},"geometry":{"type":"Polygon","coordinates":[[[-108.28174,33.63681],[-108.28247,33.63686],[-108.28284,33.63708],[-108.28218,33.63728],[-108.28174,33.63681]]]},"bbox":[-108.28284,33.63676,-108.28174,33.63728]},{"type":"Feature","id":46218,"properties":{"y":2024,"n":"Button Mesa","ag":"BLM","ac":226.1,"c":14,"cl":"Unknown","ad":"2025-02-26","cd":"","st":"NM","se":4},"geometry":{"type":"Polygon","coordinates":[[[-103.73495,33.57263],[-103.73759,33.57401],[-103.74076,33.57517],[-103.74442,33.57692],[-103.74552,33.5775],[-103.74297,33.57804],[-103.74521,33.57858],[-103.74217,33.57906],[-103.74097,33.57989],[-103.73952,33.57949],[-103.73932,33.57994],[-103.7341,33.58016],[-103.73328,33.57969],[-103.73256,33.58013],[-103.73217,33.57963],[-103.73108,33.57984],[-103.73107,33.58039],[-103.7305,33.58057],[-103.72699,33.57859],[-103.72681,33.57763],[-103.72948,33.57489],[-103.73495,33.57263]],[[-103.74026,33.57499],[-103.74021,33.575],[-103.74029,33.575],[-103.74026,33.57499]],[[-103.74021,33.575],[-103.74006,33.575],[-103.74013,33.5751],[-103.74021,33.575]],[[-103.74199,33.57583],[-103.74198,33.5758],[-103.74195,33.57583],[-103.74199,33.57583]]]},"bbox":[-103.74555,33.57263,-103.72678,33.58057]},{"type":"Feature","id":46219,"properties":{"y":2021,"n":"Rattlesnake","ag":"BLM","ac":0.2,"c":14,"cl":"Unknown","ad":"2023-03-14","cd":"","st":"NM","se":1},"geometry":{"type":"Polygon","coordinates":[[[-107.72307,36.96266],[-107.72324,36.96243],[-107.7233,36.96255],[-107.72307,36.96266]]]},"bbox":[-107.7233,36.96242,-107.72285,36.96266]},{"type":"Feature","id":46220,"properties":{"y":2020,"n":"Owl Canyon","ag":"BLM","ac":267.4,"c":14,"cl":"Unknown","ad":"2023-03-14","cd":"","st":"NM","se":1},"geometry":{"type":"Polygon","coordinates":[[[-109.00156,31.75461],[-108.9996,31.75472],[-108.9944,31.75247],[-108.99504,31.75175],[-108.99508,31.75064],[-108.99287,31.74951],[-108.99163,31.74985],[-108.99024,31.74798],[-108.98899,31.74496],[-108.99046,31.74542],[-108.99117,31.74402],[-108.99261,31.74338],[-108.99748,31.7433],[-108.99855,31.7436],[-108.99872,31.74561],[-109.0002,31.74684],[-109.00276,31.74705],[-109.00299,31.74823],[-109.00372,31.74848],[-109.00383,31.74909],[-109.00612,31.74929],[-109.00639,31.74964],[-109.00586,31.75028],[-109.00423,31.74988],[-109.00217,31.75033],[-109.00175,31.75144],[-109.00318,31.75243],[-109.00324,31.75314],[-109.00156,31.75461]]]},"bbox":[-109.00639,31.74318,-108.98899,31.75492]},{"type":"Feature","id":46221,"properties":{"y":2022,"n":"Power Line Road","ag":"BLM","ac":4.9,"c":14,"cl":"Unknown","ad":"2023-04-06","cd":"","st":"NM","se":1},"geometry":{"type":"MultiPolygon","coordinates":[[[[-107.11116,35.7124],[-107.11124,35.71225],[-107.11139,35.71253],[-107.11116,35.7124]]],[[[-107.1126,35.71449],[-107.11261,35.7144],[-107.11282,35.71475],[-107.1126,35.71449]]],[[[-107.11341,35.71567],[-107.11342,35.71564],[-107.11343,35.7157],[-107.11341,35.71567]]],[[[-107.11372,35.71645],[-107.11347,35.71578],[-107.11393,35.71659],[-107.11372,35.71645]]],[[[-107.11454,35.71752],[-107.1146,35.71753],[-107.11461,35.71762],[-107.11454,35.71752]]],[[[-107.11466,35.71781],[-107.11468,35.71766],[-107.1148,35.71787],[-107.11466,35.71781]]],[[[-107.11582,35.71956],[-107.11584,35.7195],[-107.11585,35.71958],[-107.11582,35.71956]]],[[[-107.11622,35.7201],[-107.11624,35.72007],[-107.11626,35.72012],[-107.11622,35.7201]]],[[[-107.11642,35.7205],[-107.11644,35.72048],[-107.11644,35.72052],[-107.11642,35.7205]]],[[[-107.11703,35.72138],[-107.11661,35.721],[-107.11655,35.72075],[-107.11703,35.72138]]],[[[-107.11741,35.72219],[-107.11736,35.7219],[-107.11755,35.72223],[-107.11741,35.72219]]],[[[-107.11816,35.7232],[-107.11813,35.72322],[-107.11815,35.72319],[-107.11816,35.7232]]],[[[-107.11833,35.72363],[-107.11837,35.72344],[-107.11858,35.7239],[-107.11833,35.72363]]],[[[-107.11913,35.72485],[-107.11972,35.72565],[-107.11971,35.72582],[-107.11952,35.72543],[-107.11913,35.72485]]],[[[-107.12258,35.72897],[-107.1215,35.72881],[-107.12162,35.72849],[-107.12057,35.72814],[-107.12005,35.72733],[-107.12063,35.72708],[-107.12258,35.72897]]],[[[-107.12032,35.72662],[-107.12028,35.7267],[-107.12027,35.72661],[-107.12032,35.72662]]],[[[-107.12042,35.72678],[-107.12044,35.72679],[-107.12043,35.7268],[-107.12042,35.72678]]],[[[-107.12319,35.73005],[-107.12321,35.72983],[-107.12335,35.73016],[-107.12319,35.73005]]],[[[-107.12359,35.73113],[-107.12356,35.73108],[-107.12362,35.73113],[-107.12359,35.73113]]],[[[-107.1237,35.73161],[-107.12373,35.73158],[-107.12372,35.73165],[-107.1237,35.73161]]]]},"bbox":[-107.12373,35.71212,-107.11113,35.73165]},{"type":"Feature","id":46222,"properties":{"y":2023,"n":"Shingle","ag":"BLM","ac":0.2,"c":14,"cl":"Unknown","ad":"2023-08-11","cd":"","st":"NM","se":2},"geometry":{"type":"Polygon","coordinates":[[[-108.06799,32.85747],[-108.06799,32.85782],[-108.06755,32.85777],[-108.06799,32.85747]]]},"bbox":[-108.06801,32.85747,-108.06755,32.85788]},{"type":"Feature","id":46223,"properties":{"y":2023,"n":"Westall","ag":"BLM","ac":160.8,"c":14,"cl":"Unknown","ad":"2023-10-04","cd":"","st":"NM","se":3},"geometry":{"type":"Polygon","coordinates":[[[-105.08722,33.54989],[-105.08692,33.55038],[-105.08576,33.54978],[-105.08522,33.55033],[-105.08539,33.54916],[-105.08322,33.54806],[-105.08054,33.54783],[-105.08152,33.5483],[-105.08024,33.54831],[-105.0806,33.54804],[-105.07947,33.54789],[-105.07995,33.54748],[-105.07871,33.54678],[-105.07804,33.54558],[-105.0777,33.54589],[-105.07856,33.54731],[-105.07823,33.54824],[-105.07911,33.54892],[-105.07852,33.54962],[-105.07723,33.5487],[-105.0767,33.54761],[-105.07661,33.54706],[-105.07738,33.5466],[-105.07615,33.54676],[-105.07635,33.54735],[-105.07582,33.54682],[-105.0753,33.54701],[-105.0757,33.54644],[-105.07656,33.54639],[-105.07617,33.54597],[-105.07772,33.54557],[-105.07779,33.54466],[-105.07597,33.54492],[-105.0759,33.5411],[-105.07536,33.5408],[-105.07644,33.53919],[-105.07847,33.53949],[-105.07881,33.54046],[-105.08044,33.54079],[-105.08208,33.54209],[-105.08327,33.54238],[-105.08391,33.54311],[-105.08364,33.54387],[-105.0845,33.54404],[-105.08506,33.54489],[-105.08389,33.54533],[-105.08517,33.54601],[-105.08569,33.54726],[-105.08874,33.54934],[-105.08396,33.54691],[-105.08375,33.54723],[-105.08506,33.54788],[-105.0847,33.54836],[-105.08499,33.54864],[-105.08722,33.54989]]]},"bbox":[-105.08874,33.53919,-105.0753,33.55038]},{"type":"Feature","id":46224,"properties":{"y":2020,"n":"Aden","ag":"BLM","ac":14.2,"c":14,"cl":"Unknown","ad":"2023-03-14","cd":"","st":"NM","se":1},"geometry":{"type":"Polygon","coordinates":[[[-107.07098,32.19998],[-107.07336,32.19887],[-107.07367,32.19909],[-107.0738,32.19823],[-107.0754,32.19839],[-107.07337,32.19946],[-107.0731,32.20035],[-107.07165,32.2015],[-107.07115,32.2012],[-107.06928,32.20244],[-107.07059,32.20114],[-107.07049,32.20041],[-107.07097,32.20041],[-107.07098,32.19998]]]},"bbox":[-107.0754,32.19822,-107.06928,32.20244]},{"type":"Feature","id":46225,"properties":{"y":2023,"n":"Battle Axe","ag":"BLM","ac":44.8,"c":14,"cl":"Unknown","ad":"2023-10-04","cd":"","st":"NM","se":3},"geometry":{"type":"MultiPolygon","coordinates":[[[[-103.70894,32.03436],[-103.71208,32.03628],[-103.71214,32.0407],[-103.71003,32.04066],[-103.70954,32.03828],[-103.70817,32.03796],[-103.70861,32.03737],[-103.70843,32.03463],[-103.70894,32.03436]]],[[[-103.70883,32.03437],[-103.70884,32.03435],[-103.70885,32.03437],[-103.70883,32.03437]]]]},"bbox":[-103.7123,32.03434,-103.70816,32.04075]},{"type":"Feature","id":46226,"properties":{"y":2021,"n":"Lakewood","ag":"BLM","ac":12.6,"c":14,"cl":"Unknown","ad":"2023-03-14","cd":"","st":"NM","se":1},"geometry":{"type":"Polygon","coordinates":[[[-104.36786,32.61145],[-104.36903,32.61254],[-104.37076,32.61507],[-104.36949,32.61509],[-104.36815,32.61349],[-104.36702,32.61205],[-104.3675,32.6116],[-104.36786,32.61145]],[[-104.36958,32.61507],[-104.3679,32.61153],[-104.3679,32.61152],[-104.36958,32.61507]],[[-104.3679,32.61152],[-104.36788,32.61149],[-104.36789,32.61152],[-104.3679,32.61152]]]},"bbox":[-104.37077,32.61145,-104.36702,32.61515]},{"type":"Feature","id":46227,"properties":{"y":2020,"n":"Lake Bed","ag":"BLM","ac":85.8,"c":14,"cl":"Unknown","ad":"2023-03-14","cd":"","st":"NM","se":1},"geometry":{"type":"Polygon","coordinates":[[[-104.32617,32.64444],[-104.32486,32.64155],[-104.32666,32.6401],[-104.33089,32.63904],[-104.3343,32.64153],[-104.32871,32.64497],[-104.32617,32.64444]]]},"bbox":[-104.3343,32.63904,-104.32486,32.64497]},{"type":"Feature","id":46228,"properties":{"y":2020,"n":"Benedict","ag":"BLM","ac":159.0,"c":14,"cl":"Unknown","ad":"2023-03-14","cd":"","st":"NM","se":1},"geometry":{"type":"Polygon","coordinates":[[[-104.26293,33.86365],[-104.27147,33.86257],[-104.27264,33.86365],[-104.27331,33.86682],[-104.2722,33.86915],[-104.26779,33.87063],[-104.26516,33.86991],[-104.26397,33.8682],[-104.26293,33.86365]]]},"bbox":[-104.27331,33.86257,-104.26293,33.87063]},{"type":"Feature","id":46229,"properties":{"y":2023,"n":"San Agustin","ag":"BLM","ac":0.0,"c":14,"cl":"Unknown","ad":"2023-08-10","cd":"","st":"NM","se":2},"geometry":{"type":"Polygon","coordinates":[[[-106.5713,32.42774],[-106.57135,32.42766],[-106.57139,32.42773],[-106.5713,32.42774]]]},"bbox":[-106.57139,32.42762,-106.57123,32.42776]},{"type":"Feature","id":46230,"properties":{"y":2023,"n":"Granite Gap","ag":"BLM","ac":550.8,"c":14,"cl":"Unknown","ad":"2023-08-11","cd":"","st":"NM","se":2},"geometry":{"type":"MultiPolygon","coordinates":[[[[-108.98413,32.03565],[-108.98242,32.0383],[-108.98208,32.03823],[-108.98195,32.03823],[-108.98192,32.03824],[-108.98194,32.03827],[-108.98191,32.03827],[-108.98184,32.03782],[-108.98064,32.03778],[-108.9799,32.03704],[-108.97702,32.03691],[-108.97645,32.03604],[-108.97651,32.03455],[-108.97613,32.03689],[-108.97584,32.0368],[-108.97464,32.03543],[-108.97182,32.03448],[-108.97064,32.03293],[-108.97078,32.03207],[-108.96917,32.03167],[-108.96906,32.03067],[-108.96696,32.02935],[-108.96398,32.02623],[-108.96527,32.02449],[-108.96708,32.0253],[-108.96831,32.02331],[-108.96706,32.02176],[-108.9684,32.02044],[-108.96998,32.021],[-108.97064,32.02228],[-108.9721,32.02186],[-108.97309,32.01957],[-108.9742,32.01986],[-108.97765,32.01833],[-108.97755,32.01601],[-108.9789,32.01566],[-108.97963,32.01913],[-108.98048,32.0192],[-108.98033,32.02079],[-108.97672,32.0231],[-108.9763,32.02539],[-108.97825,32.0259],[-108.98099,32.02544],[-108.98425,32.02888],[-108.98417,32.02952],[-108.98273,32.02987],[-108.982,32.02915],[-108.98187,32.0292],[-108.98169,32.02933],[-108.98166,32.02933],[-108.98134,32.02981],[-108.98079,32.03011],[-108.97783,32.02904],[-108.97717,32.02947],[-108.98017,32.03036],[-108.98007,32.03148],[-108.98175,32.03209],[-108.98123,32.03282],[-108.98142,32.03338],[-108.98242,32.03362],[-108.98413,32.03565]],[[-108.97546,32.03634],[-108.97546,32.03635],[-108.9755,32.03633],[-108.97546,32.03634]],[[-108.98168,32.02932],[-108.9817,32.0293],[-108.98168,32.02931],[-108.98168,32.02932]],[[-108.98168,32.02931],[-108.98167,32.0293],[-108.98167,32.02932],[-108.98168,32.02931]],[[-108.98167,32.02932],[-108.98168,32.02933],[-108.98168,32.02933],[-108.98167,32.02932]],[[-108.98242,32.03827],[-108.9824,32.03829],[-108.98243,32.03827],[-108.98242,32.03827]]],[[[-108.98242,32.0383],[-108.98242,32.03832],[-108.98237,32.03833],[-108.98242,32.0383]]],[[[-108.98145,32.0379],[-108.98152,32.03797],[-108.98144,32.03797],[-108.98145,32.0379]]],[[[-108.98168,32.02934],[-108.98168,32.02935],[-108.98167,32.02934],[-108.98168,32.02934]]],[[[-108.98167,32.02934],[-108.98166,32.02935],[-108.98167,32.02934],[-108.98167,32.02934]]],[[[-108.98193,32.03824],[-108.98212,32.03835],[-108.98201,32.03831],[-108.98193,32.03824]]],[[[-108.98207,32.03824],[-108.98211,32.0383],[-108.98205,32.03827],[-108.98207,32.03824]]],[[[-108.98205,32.03827],[-108.98205,32.03827],[-108.98205,32.03827],[-108.98205,32.03827]]],[[[-108.98228,32.03837],[-108.98233,32.0384],[-108.98216,32.03836],[-108.98228,32.03837]]],[[[-108.98232,32.0384],[-108.98233,32.03841],[-108.98231,32.03844],[-108.98232,32.0384]]],[[[-108.98246,32.0383],[-108.98251,32.03832],[-108.98243,32.03831],[-108.98246,32.0383]]],[[[-108.98259,32.03825],[-108.9826,32.03825],[-108.98258,32.03826],[-108.98259,32.03825]]],[[[-108.98263,32.03824],[-108.98267,32.03824],[-108.98261,32.03825],[-108.98263,32.03824]]]]},"bbox":[-108.98431,32.01566,-108.96398,32.03844]},{"type":"Feature","id":46231,"properties":{"y":2023,"n":"Mescalero Sand","ag":"BLM","ac":46.4,"c":14,"cl":"Unknown","ad":"2023-10-04","cd":"","st":"NM","se":3},"geometry":{"type":"Polygon","coordinates":[[[-103.89132,33.44091],[-103.88547,33.43845],[-103.88596,33.43829],[-103.88456,33.43776],[-103.88406,33.43706],[-103.88439,33.43671],[-103.88543,33.4371],[-103.88456,33.43607],[-103.88501,33.43583],[-103.88797,33.43822],[-103.88829,33.43797],[-103.88755,33.43705],[-103.8883,33.43681],[-103.89163,33.4383],[-103.89293,33.43938],[-103.89314,33.44029],[-103.89132,33.44091]]]},"bbox":[-103.89314,33.43581,-103.88406,33.44091]},{"type":"Feature","id":46232,"properties":{"y":2022,"n":"Flat Top","ag":"BLM","ac":2.7,"c":14,"cl":"Unknown","ad":"2023-03-14","cd":"","st":"NM","se":1},"geometry":{"type":"MultiPolygon","coordinates":[[[[-104.48162,32.02647],[-104.48163,32.02649],[-104.48119,32.02713],[-104.48162,32.02647]]],[[[-104.48162,32.02646],[-104.48165,32.02645],[-104.48162,32.02647],[-104.48162,32.02646]]],[[[-104.48266,32.02503],[-104.48318,32.02554],[-104.48297,32.02611],[-104.48165,32.02644],[-104.48266,32.02503]]]]},"bbox":[-104.48318,32.02503,-104.48119,32.02713]},{"type":"Feature","id":46234,"properties":{"y":2022,"n":"Dogtown","ag":"BLM","ac":9.4,"c":14,"cl":"Unknown","ad":"2023-03-14","cd":"","st":"NM","se":1},"geometry":{"type":"Polygon","coordinates":[[[-103.94975,32.21455],[-103.95038,32.21388],[-103.95013,32.21346],[-103.95078,32.21324],[-103.95233,32.21421],[-103.95247,32.21369],[-103.95305,32.21483],[-103.95207,32.21527],[-103.9521,32.21486],[-103.94975,32.21455]]]},"bbox":[-103.95305,32.21324,-103.94969,32.21527]},{"type":"Feature","id":46235,"properties":{"y":2023,"n":"Camel Tracks","ag":"BLM","ac":63.0,"c":14,"cl":"Unknown","ad":"2024-03-11","cd":"","st":"NM","se":1},"geometry":{"type":"Polygon","coordinates":[[[-106.14152,35.62034],[-106.14144,35.61772],[-106.14043,35.61665],[-106.13863,35.61639],[-106.13772,35.61508],[-106.13688,35.61532],[-106.13564,35.61686],[-106.1343,35.615],[-106.13407,35.61307],[-106.13459,35.61244],[-106.13548,35.61237],[-106.13605,35.61106],[-106.13679,35.6108],[-106.13701,35.61192],[-106.13791,35.61158],[-106.13887,35.61191],[-106.13949,35.61293],[-106.13838,35.61371],[-106.14071,35.61488],[-106.1419,35.61797],[-106.14152,35.62034]]]},"bbox":[-106.14191,35.6108,-106.13398,35.62039]},{"type":"Feature","id":46236,"properties":{"y":2023,"n":"Shoup","ag":"BLM","ac":30.2,"c":14,"cl":"Unknown","ad":"2023-05-07","cd":"","st":"NM","se":1},"geometry":{"type":"Polygon","coordinates":[[[-104.18202,32.44981],[-104.18561,32.44978],[-104.18565,32.4507],[-104.18528,32.45094],[-104.18496,32.45036],[-104.18493,32.45137],[-104.18317,32.45124],[-104.18224,32.45191],[-104.1817,32.45187],[-104.18165,32.45138],[-104.17469,32.45187],[-104.17485,32.45113],[-104.17791,32.45095],[-104.18202,32.44981]]]},"bbox":[-104.18565,32.44978,-104.17469,32.45191]},{"type":"Feature","id":46237,"properties":{"y":2023,"n":"Angel Peak","ag":"BLM","ac":12.8,"c":14,"cl":"Unknown","ad":"2023-10-06","cd":"","st":"NM","se":3},"geometry":{"type":"Polygon","coordinates":[[[-107.82852,36.50892],[-107.82937,36.50948],[-107.82912,36.51003],[-107.82626,36.51088],[-107.82644,36.51202],[-107.82556,36.5119],[-107.82418,36.51286],[-107.82321,36.51267],[-107.82434,36.5118],[-107.82607,36.51154],[-107.82557,36.51123],[-107.82709,36.50991],[-107.82593,36.50969],[-107.82852,36.50892]]]},"bbox":[-107.82939,36.50891,-107.82315,36.51286]},{"type":"Feature","id":46238,"properties":{"y":2022,"n":"Twin Wells","ag":"BLM","ac":2.7,"c":14,"cl":"Unknown","ad":"2022-05-24","cd":"","st":"NM","se":1},"geometry":{"type":"MultiPolygon","coordinates":[[[[-103.76312,32.26467],[-103.76393,32.2651],[-103.76385,32.266],[-103.76306,32.26601],[-103.76312,32.26467]]],[[[-103.76307,32.26603],[-103.76307,32.26603],[-103.76308,32.26603],[-103.76307,32.26603]]]]},"bbox":[-103.76403,32.26467,-103.76294,32.26603]},{"type":"Feature","id":46239,"properties":{"y":2022,"n":"Capitan","ag":"BLM","ac":0.0,"c":14,"cl":"Unknown","ad":"2023-03-14","cd":"","st":"NM","se":1},"geometry":{"type":"Polygon","coordinates":[[[-104.37414,32.50449],[-104.37428,32.50458],[-104.37425,32.50462],[-104.37414,32.50449]]]},"bbox":[-104.37428,32.50441,-104.37414,32.50463]},{"type":"Feature","id":46240,"properties":{"y":2022,"n":"Cornucopia","ag":"BLM","ac":55.5,"c":14,"cl":"Unknown","ad":"2023-04-20","cd":"","st":"NM","se":1},"geometry":{"type":"Polygon","coordinates":[[[-105.3495,32.47748],[-105.35257,32.47688],[-105.35508,32.47795],[-105.35483,32.48072],[-105.35319,32.48139],[-105.34964,32.48074],[-105.34911,32.47891],[-105.3495,32.47748]]]},"bbox":[-105.35508,32.47688,-105.34911,32.48139]},{"type":"Feature","id":46241,"properties":{"y":2023,"n":"Torreon","ag":"BLM","ac":36.8,"c":14,"cl":"Unknown","ad":"2023-07-13","cd":"","st":"NM","se":2},"geometry":{"type":"Polygon","coordinates":[[[-107.06351,33.9099],[-107.06527,33.90862],[-107.06683,33.91052],[-107.067,33.9109],[-107.06629,33.91136],[-107.06702,33.91221],[-107.0667,33.91294],[-107.06801,33.91387],[-107.0679,33.91515],[-107.06537,33.91398],[-107.06351,33.91102],[-107.06351,33.9099]]]},"bbox":[-107.06805,33.90862,-107.06344,33.91521]},{"type":"Feature","id":46242,"properties":{"y":2024,"n":"Hermanas","ag":"BLM","ac":13.6,"c":14,"cl":"Unknown","ad":"2024-07-16","cd":"","st":"NM","se":2},"geometry":{"type":"MultiPolygon","coordinates":[[[[-108.02844,31.87927],[-108.02853,31.87825],[-108.03065,31.8773],[-108.0293,31.87751],[-108.02911,31.87667],[-108.03063,31.87595],[-108.03198,31.87625],[-108.03186,31.8767],[-108.0311,31.87652],[-108.03085,31.87691],[-108.03057,31.87873],[-108.03034,31.87847],[-108.02985,31.879],[-108.02965,31.87861],[-108.02945,31.87897],[-108.02898,31.87862],[-108.02898,31.87937],[-108.02844,31.87927]]],[[[-108.03241,31.87572],[-108.03181,31.87587],[-108.03162,31.87586],[-108.03241,31.87572]]]]},"bbox":[-108.03245,31.87563,-108.02824,31.87943]},{"type":"Feature","id":46243,"properties":{"y":2023,"n":"Shiloh","ag":"BLM","ac":72.6,"c":14,"cl":"Unknown","ad":"2023-07-27","cd":"","st":"NM","se":2},"geometry":{"type":"Polygon","coordinates":[[[-105.36047,32.15288],[-105.36241,32.1537],[-105.36328,32.15321],[-105.36643,32.15323],[-105.36769,32.15498],[-105.36573,32.1572],[-105.36281,32.15697],[-105.36033,32.15585],[-105.3598,32.15626],[-105.35854,32.15554],[-105.35838,32.15434],[-105.35888,32.15345],[-105.36047,32.15288]]]},"bbox":[-105.36769,32.15285,-105.35838,32.1572]},{"type":"Feature","id":46244,"properties":{"y":2022,"n":"Livingston","ag":"BLM","ac":17.0,"c":14,"cl":"Unknown","ad":"2023-03-14","cd":"","st":"NM","se":1},"geometry":{"type":"Polygon","coordinates":[[[-103.77273,32.40264],[-103.77289,32.4044],[-103.77214,32.40469],[-103.77305,32.40485],[-103.77202,32.40578],[-103.77085,32.40592],[-103.76986,32.40516],[-103.77005,32.40402],[-103.77146,32.40331],[-103.7717,32.40272],[-103.77273,32.40264]]]},"bbox":[-103.77306,32.40264,-103.76983,32.40594]},{"type":"Feature","id":46245,"properties":{"y":2021,"n":"Cottonwood","ag":"BLM","ac":148.3,"c":14,"cl":"Unknown","ad":"2023-03-14","cd":"","st":"NM","se":1},"geometry":{"type":"MultiPolygon","coordinates":[[[[-104.31259,32.25059],[-104.31353,32.25076],[-104.31375,32.25435],[-104.31296,32.25619],[-104.3108,32.25703],[-104.31106,32.25861],[-104.31067,32.2591],[-104.31015,32.25938],[-104.3092,32.25904],[-104.30727,32.26086],[-104.30329,32.26234],[-104.30137,32.26445],[-104.30011,32.26736],[-104.29844,32.2668],[-104.29867,32.2661],[-104.29966,32.266],[-104.29836,32.26461],[-104.29967,32.26486],[-104.30031,32.26442],[-104.29994,32.26297],[-104.30212,32.26209],[-104.30206,32.26144],[-104.30126,32.26073],[-104.30249,32.25974],[-104.30244,32.25947],[-104.30445,32.25911],[-104.30504,32.25653],[-104.30562,32.25687],[-104.30725,32.2564],[-104.309,32.25687],[-104.30874,32.2552],[-104.31072,32.25429],[-104.31093,32.25249],[-104.31257,32.25117],[-104.31259,32.25059]],[[-104.30095,32.26262],[-104.30098,32.26261],[-104.30097,32.2626],[-104.30095,32.26262]]],[[[-104.30234,32.2598],[-104.30234,32.25981],[-104.30231,32.25982],[-104.30234,32.2598]]]]},"bbox":[-104.31384,32.25057,-104.29835,32.26736]},{"type":"Feature","id":46246,"properties":{"y":2022,"n":"Halfway","ag":"BLM","ac":14.7,"c":14,"cl":"Unknown","ad":"2023-03-14","cd":"","st":"NM","se":1},"geometry":{"type":"Polygon","coordinates":[[[-103.63213,32.58687],[-103.64085,32.58366],[-103.6413,32.5836],[-103.62657,32.58929],[-103.62579,32.58891],[-103.63106,32.58679],[-103.63213,32.58687]]]},"bbox":[-103.6413,32.58352,-103.62579,32.58934]},{"type":"Feature","id":46247,"properties":{"y":2022,"n":"Intrepid","ag":"BLM","ac":0.2,"c":14,"cl":"Unknown","ad":"2023-03-14","cd":"","st":"NM","se":1},"geometry":{"type":"Polygon","coordinates":[[[-103.93869,32.47396],[-103.93868,32.47432],[-103.93853,32.47405],[-103.93869,32.47396]]]},"bbox":[-103.93878,32.47396,-103.93853,32.47432]},{"type":"Feature","id":46248,"properties":{"y":2022,"n":"Red Hills","ag":"BLM","ac":15.5,"c":14,"cl":"Unknown","ad":"2023-03-14","cd":"","st":"NM","se":1},"geometry":{"type":"Polygon","coordinates":[[[-103.68097,32.08126],[-103.68121,32.07998],[-103.68239,32.07936],[-103.68351,32.07943],[-103.6854,32.08116],[-103.68097,32.08126]]]},"bbox":[-103.6854,32.07936,-103.68097,32.08126]},{"type":"Feature","id":46249,"properties":{"y":2022,"n":"Maljamar","ag":"BLM","ac":2.7,"c":14,"cl":"Unknown","ad":"2023-03-14","cd":"","st":"NM","se":1},"geometry":{"type":"Polygon","coordinates":[[[-103.76187,32.7893],[-103.76152,32.78974],[-103.75949,32.79063],[-103.75939,32.79012],[-103.76187,32.7893]]]},"bbox":[-103.762,32.7893,-103.75936,32.79066]},{"type":"Feature","id":46250,"properties":{"y":2022,"n":"Big Sink","ag":"BLM","ac":0.3,"c":14,"cl":"Unknown","ad":"2023-03-14","cd":"","st":"NM","se":1},"geometry":{"type":"Polygon","coordinates":[[[-103.8331,32.18278],[-103.83281,32.18253],[-103.83304,32.18246],[-103.8331,32.18278]]]},"bbox":[-103.83311,32.18243,-103.83279,32.18299]},{"type":"Feature","id":46251,"properties":{"y":2020,"n":"La Jara Pump Station","ag":"BLM","ac":0.1,"c":14,"cl":"Unknown","ad":"2023-03-14","cd":"","st":"NM","se":1},"geometry":{"type":"MultiPolygon","coordinates":[[[[-107.49577,36.81519],[-107.49584,36.81539],[-107.4956,36.81526],[-107.49577,36.81519]]],[[[-107.49594,36.81519],[-107.49592,36.8152],[-107.49591,36.8152],[-107.49592,36.81519],[-107.49594,36.81519]]],[[[-107.49594,36.81519],[-107.49605,36.81516],[-107.49602,36.81524],[-107.49594,36.81519]]]]},"bbox":[-107.49606,36.81513,-107.4956,36.81539]},{"type":"Feature","id":46253,"properties":{"y":2023,"n":"Rim","ag":"BLM","ac":148.7,"c":14,"cl":"Unknown","ad":"2024-02-29","cd":"","st":"NM","se":4},"geometry":{"type":"Polygon","coordinates":[[[-107.63978,36.99651],[-107.63845,36.99885],[-107.63645,36.99879],[-107.6354,36.99735],[-107.63401,36.99748],[-107.63328,36.9963],[-107.62942,36.99523],[-107.62425,36.99173],[-107.62146,36.99101],[-107.61998,36.98944],[-107.62014,36.98906],[-107.61886,36.98863],[-107.61949,36.98778],[-107.6207,36.98737],[-107.62275,36.98804],[-107.62426,36.98991],[-107.62695,36.99077],[-107.62816,36.99266],[-107.62973,36.99358],[-107.63306,36.99335],[-107.63403,36.99278],[-107.63512,36.99368],[-107.63621,36.9939],[-107.63916,36.99363],[-107.63978,36.99651]]]},"bbox":[-107.63989,36.98737,-107.61886,36.99885]},{"type":"Feature","id":46254,"properties":{"y":2022,"n":"Cross Bar","ag":"BLM","ac":17.0,"c":14,"cl":"Unknown","ad":"2022-11-17","cd":"","st":"NM","se":3},"geometry":{"type":"Polygon","coordinates":[[[-101.89119,35.427],[-101.89036,35.42704],[-101.88918,35.42587],[-101.88936,35.42492],[-101.89014,35.42439],[-101.89276,35.42406],[-101.89233,35.42552],[-101.89119,35.427]]]},"bbox":[-101.89276,35.42399,-101.88918,35.42704]},{"type":"Feature","id":46255,"properties":{"y":2022,"n":"Railroad","ag":"BLM","ac":0.1,"c":14,"cl":"Unknown","ad":"2023-03-14","cd":"","st":"NM","se":1},"geometry":{"type":"MultiPolygon","coordinates":[[[[-103.99543,32.34064],[-103.99529,32.34076],[-103.99514,32.34069],[-103.99543,32.34064]]],[[[-103.99554,32.34062],[-103.99553,32.34063],[-103.99552,32.34063],[-103.99554,32.34062],[-103.99554,32.34062]]],[[[-103.99554,32.34062],[-103.99612,32.34052],[-103.99622,32.34053],[-103.99554,32.34062]]]]},"bbox":[-103.99622,32.34051,-103.99514,32.34076]},{"type":"Feature","id":46256,"properties":{"y":2020,"n":"Fort Craig 2","ag":"BLM","ac":774.7,"c":14,"cl":"Unknown","ad":"2023-03-14","cd":"","st":"NM","se":1},"geometry":{"type":"Polygon","coordinates":[[[-107.1177,33.49839],[-107.12019,33.50044],[-107.12015,33.50082],[-107.11622,33.50531],[-107.11267,33.51207],[-107.10886,33.51759],[-107.10778,33.52024],[-107.10392,33.52492],[-107.10118,33.52704],[-107.09806,33.52584],[-107.09735,33.52603],[-107.09765,33.5269],[-107.09679,33.5257],[-107.09788,33.52531],[-107.09936,33.52386],[-107.09712,33.52239],[-107.09584,33.52286],[-107.09504,33.5235],[-107.09504,33.52409],[-107.0932,33.52509],[-107.09116,33.52539],[-107.09203,33.52503],[-107.09214,33.52415],[-107.09334,33.52409],[-107.09523,33.52277],[-107.09521,33.52178],[-107.09627,33.52156],[-107.09684,33.52091],[-107.09625,33.51934],[-107.09496,33.51988],[-107.09532,33.51821],[-107.09467,33.51809],[-107.09437,33.51724],[-107.09488,33.51605],[-107.09543,33.51682],[-107.0979,33.51717],[-107.09841,33.51445],[-107.09894,33.51454],[-107.09965,33.51389],[-107.09929,33.51329],[-107.10038,33.51059],[-107.09945,33.50847],[-107.09999,33.50693],[-107.10106,33.50679],[-107.10103,33.50616],[-107.10246,33.50572],[-107.10454,33.50576],[-107.10492,33.50512],[-107.10763,33.50364],[-107.10958,33.5043],[-107.11023,33.50504],[-107.11091,33.50499],[-107.11255,33.5019],[-107.11191,33.49983],[-107.11322,33.4984],[-107.11558,33.49693],[-107.1176,33.49723],[-107.1177,33.49839]]]},"bbox":[-107.12019,33.49688,-107.09116,33.52704]},{"type":"Feature","id":46257,"properties":{"y":2020,"n":"Challenge","ag":"BLM","ac":3.6,"c":14,"cl":"Unknown","ad":"2023-03-14","cd":"","st":"NM","se":1},"geometry":{"type":"Polygon","coordinates":[[[-104.96553,33.02682],[-104.96476,33.02785],[-104.96367,33.02761],[-104.96483,33.02665],[-104.96553,33.02682]]]},"bbox":[-104.96553,33.02665,-104.96367,33.02787]},{"type":"Feature","id":46258,"properties":{"y":2022,"n":"Mosaic","ag":"BLM","ac":0.5,"c":14,"cl":"Unknown","ad":"2023-03-14","cd":"","st":"NM","se":1},"geometry":{"type":"Polygon","coordinates":[[[-103.93666,32.4661],[-103.93693,32.46638],[-103.93707,32.46731],[-103.93693,32.46726],[-103.93666,32.4661]]]},"bbox":[-103.93717,32.46609,-103.93664,32.46731]},{"type":"Feature","id":46259,"properties":{"y":2023,"n":"Sotol","ag":"BLM","ac":284.5,"c":14,"cl":"Unknown","ad":"2023-05-07","cd":"","st":"NM","se":1},"geometry":{"type":"Polygon","coordinates":[[[-105.01209,34.02105],[-105.01205,34.02094],[-105.0095,34.02064],[-105.01118,34.01997],[-105.01532,34.01983],[-105.01506,34.01854],[-105.0138,34.01849],[-105.01294,34.01758],[-105.01238,34.0178],[-105.01181,34.01728],[-105.01112,34.0176],[-105.01042,34.01694],[-105.00807,34.01738],[-105.00886,34.01639],[-105.00887,34.01504],[-105.00821,34.0145],[-105.0104,34.0143],[-105.01162,34.0152],[-105.01157,34.01596],[-105.00998,34.01572],[-105.01015,34.01619],[-105.01295,34.01619],[-105.01622,34.01798],[-105.01602,34.01882],[-105.01764,34.02073],[-105.01653,34.02134],[-105.01686,34.02253],[-105.01612,34.02212],[-105.01169,34.0238],[-105.0088,34.02607],[-105.0047,34.02788],[-105.00414,34.02805],[-105.00392,34.0276],[-104.99997,34.02858],[-104.99466,34.03077],[-104.99483,34.02966],[-104.99962,34.02832],[-104.99786,34.02841],[-104.99763,34.02789],[-104.9958,34.02807],[-104.99487,34.02868],[-104.99504,34.02749],[-104.99572,34.02704],[-104.99535,34.0267],[-104.99578,34.02627],[-104.9952,34.0259],[-104.99537,34.02474],[-104.99681,34.0236],[-105.00411,34.02255],[-105.00757,34.02136],[-105.00951,34.02208],[-105.01133,34.02185],[-105.01209,34.02153],[-105.01213,34.02136],[-105.01205,34.02121],[-105.01209,34.02105]],[[-105.01209,34.02104],[-105.01209,34.02105],[-105.0121,34.02107],[-105.01209,34.02104]]]},"bbox":[-105.01764,34.01421,-104.99464,34.0308]},{"type":"Feature","id":46260,"properties":{"y":2023,"n":"Rocky","ag":"BLM","ac":14.4,"c":14,"cl":"Unknown","ad":"2023-10-04","cd":"","st":"NM","se":3},"geometry":{"type":"Polygon","coordinates":[[[-104.48644,32.4238],[-104.48644,32.4238],[-104.48639,32.4238],[-104.48623,32.42367],[-104.48703,32.42384],[-104.48685,32.42442],[-104.48872,32.42386],[-104.48921,32.42476],[-104.48641,32.42545],[-104.48641,32.42488],[-104.48526,32.42513],[-104.48308,32.42397],[-104.48644,32.4238]],[[-104.48644,32.4238],[-104.48644,32.4238],[-104.48644,32.4238],[-104.48644,32.4238]],[[-104.48644,32.4238],[-104.48647,32.4238],[-104.48643,32.42379],[-104.48644,32.4238]]]},"bbox":[-104.48924,32.42363,-104.48308,32.42554]},{"type":"Feature","id":46261,"properties":{"y":1982,"n":"Rabbit","ag":"NPS","ac":4.5,"c":14,"cl":"Unknown","ad":"2021-01-21","cd":"","st":"NM","se":4},"geometry":{"type":"Polygon","coordinates":[[[-106.34929,35.77378],[-106.35052,35.77379],[-106.35075,35.77473],[-106.34863,35.77438],[-106.34929,35.77378]]]},"bbox":[-106.35075,35.77369,-106.34862,35.77489]},{"type":"Feature","id":46262,"properties":{"y":1979,"n":"Rim Fire","ag":"NPS","ac":4.0,"c":14,"cl":"Unknown","ad":"2021-01-21","cd":"","st":"NM","se":4},"geometry":{"type":"Polygon","coordinates":[[[-106.40337,35.81992],[-106.40418,35.82056],[-106.4034,35.82122],[-106.40259,35.82058],[-106.40337,35.81992]]]},"bbox":[-106.40418,35.81992,-106.40259,35.82122]},{"type":"Feature","id":46263,"properties":{"y":1986,"n":"Wet Snag","ag":"NPS","ac":4.0,"c":14,"cl":"Unknown","ad":"2021-01-21","cd":"","st":"NM","se":4},"geometry":{"type":"Polygon","coordinates":[[[-106.32147,35.82428],[-106.32227,35.82492],[-106.32149,35.82558],[-106.32068,35.82494],[-106.32147,35.82428]]]},"bbox":[-106.32227,35.82428,-106.32068,35.82558]},{"type":"Feature","id":46265,"properties":{"y":1996,"n":"Wye","ag":"NPS","ac":4.0,"c":14,"cl":"Unknown","ad":"2021-01-21","cd":"","st":"NM","se":4},"geometry":{"type":"Polygon","coordinates":[[[-106.34767,35.80053],[-106.34847,35.80117],[-106.34769,35.80182],[-106.34688,35.80118],[-106.34767,35.80053]]]},"bbox":[-106.34847,35.80053,-106.34688,35.80182]},{"type":"Feature","id":46266,"properties":{"y":1995,"n":"Phantom","ag":"NPS","ac":20.1,"c":14,"cl":"Unknown","ad":"2021-01-21","cd":"","st":"NM","se":4},"geometry":{"type":"Polygon","coordinates":[[[-108.03501,34.87221],[-108.03721,34.87181],[-108.03881,34.87251],[-108.03891,34.87311],[-108.03461,34.87491],[-108.03531,34.87321],[-108.03501,34.87221]]]},"bbox":[-108.03891,34.87181,-108.03451,34.87491]},{"type":"Feature","id":46267,"properties":{"y":1988,"n":"Sawyer","ag":"NPS","ac":4.0,"c":14,"cl":"Unknown","ad":"2021-01-21","cd":"","st":"NM","se":4},"geometry":{"type":"Polygon","coordinates":[[[-106.41646,35.83952],[-106.41726,35.84016],[-106.41648,35.84082],[-106.41567,35.84018],[-106.41646,35.83952]]]},"bbox":[-106.41726,35.83952,-106.41567,35.84082]},{"type":"Feature","id":46268,"properties":{"y":1995,"n":"Rain","ag":"NPS","ac":4.0,"c":14,"cl":"Unknown","ad":"2021-01-21","cd":"","st":"NM","se":4},"geometry":{"type":"Polygon","coordinates":[[[-106.28679,35.77216],[-106.28759,35.7728],[-106.28681,35.77346],[-106.286,35.77282],[-106.28679,35.77216]]]},"bbox":[-106.28759,35.77216,-106.286,35.77346]},{"type":"Feature","id":46270,"properties":{"y":1990,"n":"Capulin","ag":"NPS","ac":4.0,"c":14,"cl":"Unknown","ad":"2021-01-21","cd":"","st":"NM","se":4},"geometry":{"type":"Polygon","coordinates":[[[-106.31502,35.72141],[-106.31582,35.72205],[-106.31504,35.7227],[-106.31424,35.72206],[-106.31502,35.72141]]]},"bbox":[-106.31582,35.72141,-106.31424,35.7227]},{"type":"Feature","id":46271,"properties":{"y":1994,"n":"Grande","ag":"NPS","ac":4.0,"c":14,"cl":"Unknown","ad":"2021-01-21","cd":"","st":"NM","se":4},"geometry":{"type":"Polygon","coordinates":[[[-106.42533,35.85503],[-106.42614,35.85567],[-106.42536,35.85633],[-106.42455,35.85569],[-106.42533,35.85503]]]},"bbox":[-106.42614,35.85503,-106.42455,35.85633]},{"type":"Feature","id":46272,"properties":{"y":1979,"n":"Ojt","ag":"NPS","ac":4.0,"c":14,"cl":"Unknown","ad":"2021-01-21","cd":"","st":"NM","se":4},"geometry":{"type":"Polygon","coordinates":[[[-106.28183,35.78461],[-106.28263,35.78524],[-106.28185,35.7859],[-106.28104,35.78526],[-106.28183,35.78461]]]},"bbox":[-106.28263,35.78461,-106.28104,35.7859]},{"type":"Feature","id":46274,"properties":{"y":1992,"n":"Boundary","ag":"NPS","ac":225.9,"c":14,"cl":"Unknown","ad":"2021-01-21","cd":"","st":"NM","se":4},"geometry":{"type":"Polygon","coordinates":[[[-108.03951,34.90551],[-108.03671,34.90551],[-108.03541,34.90641],[-108.03371,34.90651],[-108.03261,34.90591],[-108.03401,34.90451],[-108.03371,34.90411],[-108.03231,34.90371],[-108.03051,34.90451],[-108.02861,34.90381],[-108.02931,34.90241],[-108.02891,34.90181],[-108.02961,34.90111],[-108.02981,34.89861],[-108.03111,34.89901],[-108.03221,34.89841],[-108.03521,34.89911],[-108.03451,34.89771],[-108.03321,34.89771],[-108.03221,34.89711],[-108.03201,34.89671],[-108.03331,34.89681],[-108.03311,34.89541],[-108.03401,34.89671],[-108.03471,34.89571],[-108.03521,34.89581],[-108.03711,34.89861],[-108.03801,34.89861],[-108.04011,34.89751],[-108.04151,34.89751],[-108.04241,34.89831],[-108.04211,34.89931],[-108.03991,34.89951],[-108.04171,34.90111],[-108.04161,34.90341],[-108.04001,34.90391],[-108.03951,34.90551]]]},"bbox":[-108.04241,34.89541,-108.02861,34.90661]},{"type":"Feature","id":46275,"properties":{"y":1994,"n":"Capulin","ag":"NPS","ac":7.8,"c":14,"cl":"Unknown","ad":"2021-01-21","cd":"","st":"NM","se":4},"geometry":{"type":"Polygon","coordinates":[[[-106.35155,35.77929],[-106.35222,35.78074],[-106.35155,35.78125],[-106.35015,35.78056],[-106.35088,35.77926],[-106.35155,35.77929]]]},"bbox":[-106.35228,35.77921,-106.35015,35.78128]},{"type":"Feature","id":46276,"properties":{"y":1975,"n":"Lummis 27","ag":"NPS","ac":0.8,"c":14,"cl":"Unknown","ad":"2021-01-21","cd":"","st":"NM","se":4},"geometry":{"type":"Polygon","coordinates":[[[-106.29555,35.76757],[-106.29624,35.76745],[-106.29561,35.76793],[-106.29555,35.76757]]]},"bbox":[-106.29624,35.76726,-106.29551,35.76795]},{"type":"Feature","id":46277,"properties":{"y":1993,"n":"Frijoles93","ag":"NPS","ac":4.0,"c":14,"cl":"Unknown","ad":"2021-01-21","cd":"","st":"NM","se":4},"geometry":{"type":"Polygon","coordinates":[[[-106.34742,35.79504],[-106.34823,35.79568],[-106.34745,35.79634],[-106.34664,35.7957],[-106.34742,35.79504]]]},"bbox":[-106.34823,35.79504,-106.34664,35.79634]},{"type":"Feature","id":46278,"properties":{"y":1994,"n":"Storm","ag":"NPS","ac":4.0,"c":14,"cl":"Unknown","ad":"2021-01-21","cd":"","st":"NM","se":4},"geometry":{"type":"Polygon","coordinates":[[[-106.41574,35.83238],[-106.41654,35.83302],[-106.41576,35.83368],[-106.41496,35.83304],[-106.41574,35.83238]]]},"bbox":[-106.41654,35.83238,-106.41496,35.83368]},{"type":"Feature","id":46279,"properties":{"y":1994,"n":"Holm","ag":"NPS","ac":5.1,"c":14,"cl":"Unknown","ad":"2021-01-21","cd":"","st":"NM","se":4},"geometry":{"type":"Polygon","coordinates":[[[-106.33652,35.81022],[-106.33815,35.81119],[-106.337,35.81153],[-106.33597,35.8111],[-106.33652,35.81022]]]},"bbox":[-106.33821,35.81018,-106.33597,35.81153]},{"type":"Feature","id":46280,"properties":{"y":1977,"n":"Ponderosa","ag":"NPS","ac":4.0,"c":14,"cl":"Unknown","ad":"2021-01-21","cd":"","st":"NM","se":4},"geometry":{"type":"Polygon","coordinates":[[[-106.35585,35.81888],[-106.35665,35.81952],[-106.35587,35.82018],[-106.35506,35.81954],[-106.35585,35.81888]]]},"bbox":[-106.35665,35.81888,-106.35506,35.82018]},{"type":"Feature","id":46281,"properties":{"y":1976,"n":"Alamo Cn 1","ag":"NPS","ac":4.9,"c":14,"cl":"Unknown","ad":"2021-01-21","cd":"","st":"NM","se":4},"geometry":{"type":"Polygon","coordinates":[[[-106.29744,35.7558],[-106.29863,35.75666],[-106.29805,35.75727],[-106.29687,35.75667],[-106.29744,35.7558]]]},"bbox":[-106.29863,35.75573,-106.29682,35.75727]},{"type":"Feature","id":46283,"properties":{"y":1991,"n":"Lava","ag":"NPS","ac":553.2,"c":14,"cl":"Unknown","ad":"2021-01-21","cd":"","st":"NM","se":4},"geometry":{"type":"Polygon","coordinates":[[[-107.95391,34.91831],[-107.95811,34.91431],[-107.95951,34.90991],[-107.96831,34.90671],[-107.97011,34.90631],[-107.97081,34.90661],[-107.97091,34.90731],[-107.96931,34.91041],[-107.96831,34.91161],[-107.96721,34.91171],[-107.96531,34.91321],[-107.96671,34.91431],[-107.96891,34.91421],[-107.96931,34.91401],[-107.96921,34.91311],[-107.96851,34.91201],[-107.97031,34.91181],[-107.97271,34.91431],[-107.97271,34.91531],[-107.96901,34.91621],[-107.96751,34.91921],[-107.96611,34.91851],[-107.96581,34.91881],[-107.96451,34.91841],[-107.96351,34.91991],[-107.96261,34.91831],[-107.96161,34.91861],[-107.96041,34.91791],[-107.95991,34.91811],[-107.95811,34.92061],[-107.95561,34.92251],[-107.95501,34.92381],[-107.95741,34.92701],[-107.95751,34.92751],[-107.95641,34.92881],[-107.95501,34.92871],[-107.95481,34.92801],[-107.95321,34.92711],[-107.95151,34.92871],[-107.95161,34.93001],[-107.95021,34.93011],[-107.95011,34.93091],[-107.95221,34.93151],[-107.95091,34.93181],[-107.95031,34.93331],[-107.94651,34.93291],[-107.94561,34.93211],[-107.94561,34.93011],[-107.95051,34.92741],[-107.95071,34.92691],[-107.94851,34.92641],[-107.94721,34.92731],[-107.94491,34.92791],[-107.94621,34.92621],[-107.94871,34.92491],[-107.95071,34.92251],[-107.95131,34.92151],[-107.95011,34.92201],[-107.94941,34.92131],[-107.95061,34.91931],[-107.95391,34.91831]]]},"bbox":[-107.97281,34.90631,-107.94491,34.93341]},{"type":"Feature","id":46284,"properties":{"y":1995,"n":"Homeboy","ag":"NPS","ac":35.5,"c":14,"cl":"Unknown","ad":"2021-01-21","cd":"","st":"NM","se":4},"geometry":{"type":"Polygon","coordinates":[[[-108.08391,34.96091],[-108.08451,34.96131],[-108.08451,34.96061],[-108.08531,34.96071],[-108.08581,34.95991],[-108.08631,34.96041],[-108.08751,34.96031],[-108.08701,34.96121],[-108.08771,34.96081],[-108.08811,34.96141],[-108.08681,34.96201],[-108.08811,34.96361],[-108.08641,34.96461],[-108.08571,34.96411],[-108.08501,34.96461],[-108.08341,34.96391],[-108.08421,34.96161],[-108.08391,34.96091]]]},"bbox":[-108.08821,34.95991,-108.08341,34.96461]},{"type":"Feature","id":46285,"properties":{"y":1998,"n":"Trail","ag":"NPS","ac":609.4,"c":14,"cl":"Unknown","ad":"2021-01-21","cd":"","st":"NM","se":4},"geometry":{"type":"Polygon","coordinates":[[[-106.33584,35.83036],[-106.33193,35.82853],[-106.32876,35.8287],[-106.32916,35.82713],[-106.3261,35.82562],[-106.32575,35.82417],[-106.32687,35.81966],[-106.32613,35.81742],[-106.3271,35.81745],[-106.32801,35.81648],[-106.33031,35.8183],[-106.33087,35.81971],[-106.33152,35.81922],[-106.33206,35.81947],[-106.33388,35.82161],[-106.33512,35.82125],[-106.34074,35.82357],[-106.34933,35.82823],[-106.35001,35.82762],[-106.35144,35.82743],[-106.35309,35.82773],[-106.35501,35.82719],[-106.35674,35.82761],[-106.35736,35.82972],[-106.3585,35.83045],[-106.35816,35.83158],[-106.35897,35.83402],[-106.34507,35.83294],[-106.3422,35.83204],[-106.3399,35.83285],[-106.33798,35.83296],[-106.33742,35.83284],[-106.33584,35.83036]]]},"bbox":[-106.35897,35.81648,-106.32575,35.83402]},{"type":"Feature","id":46286,"properties":{"y":1994,"n":"Tube","ag":"NPS","ac":203.0,"c":14,"cl":"Unknown","ad":"2021-01-21","cd":"","st":"NM","se":4},"geometry":{"type":"Polygon","coordinates":[[[-108.11011,34.94891],[-108.10891,34.94781],[-108.10781,34.94771],[-108.10741,34.94841],[-108.10481,34.94661],[-108.10451,34.94541],[-108.10491,34.94451],[-108.10751,34.94431],[-108.10741,34.94291],[-108.10671,34.94201],[-108.10531,34.94391],[-108.10491,34.94401],[-108.10431,34.94291],[-108.10431,34.94151],[-108.10541,34.93991],[-108.10541,34.93911],[-108.10621,34.93921],[-108.10631,34.94061],[-108.10891,34.94221],[-108.10961,34.94191],[-108.11241,34.94311],[-108.11321,34.94201],[-108.11391,34.94221],[-108.11391,34.94261],[-108.11601,34.94381],[-108.11751,34.94641],[-108.11751,34.94771],[-108.11691,34.94811],[-108.11751,34.94891],[-108.11671,34.94921],[-108.11541,34.94881],[-108.11451,34.94931],[-108.11361,34.95141],[-108.11221,34.95121],[-108.11181,34.94921],[-108.11011,34.94891]]]},"bbox":[-108.11751,34.93901,-108.10431,34.95151]},{"type":"Feature","id":46287,"properties":{"y":1993,"n":"Sawmill","ag":"NPS","ac":55.2,"c":14,"cl":"Unknown","ad":"2021-01-21","cd":"","st":"NM","se":4},"geometry":{"type":"Polygon","coordinates":[[[-108.08771,34.91101],[-108.08831,34.91261],[-108.09001,34.91401],[-108.09021,34.91531],[-108.09121,34.91631],[-108.09051,34.91741],[-108.08511,34.91411],[-108.08401,34.91191],[-108.08581,34.91031],[-108.08771,34.91101]]]},"bbox":[-108.09121,34.91031,-108.08401,34.91741]},{"type":"Feature","id":46289,"properties":{"y":1989,"n":"Yucca Mout","ag":"NPS","ac":995.3,"c":14,"cl":"Unknown","ad":"2021-01-21","cd":"","st":"NM","se":4},"geometry":{"type":"Polygon","coordinates":[[[-104.58695,32.09545],[-104.58729,32.09816],[-104.58579,32.09761],[-104.58233,32.09768],[-104.58275,32.09866],[-104.58219,32.09941],[-104.5799,32.0997],[-104.58162,32.10191],[-104.58122,32.10288],[-104.57957,32.10308],[-104.57862,32.10198],[-104.57665,32.1026],[-104.57676,32.10494],[-104.5774,32.10571],[-104.57676,32.10665],[-104.57725,32.10736],[-104.57689,32.10832],[-104.57542,32.10929],[-104.57512,32.10869],[-104.57376,32.10848],[-104.57306,32.1076],[-104.5722,32.10774],[-104.57093,32.10714],[-104.57038,32.10722],[-104.57022,32.10918],[-104.56838,32.10928],[-104.56773,32.1084],[-104.56667,32.10891],[-104.5676,32.1102],[-104.56781,32.11218],[-104.56643,32.11271],[-104.56266,32.11128],[-104.56229,32.11041],[-104.56282,32.11017],[-104.56278,32.10721],[-104.56139,32.10369],[-104.56001,32.10207],[-104.55949,32.09891],[-104.55851,32.09805],[-104.55852,32.09555],[-104.55896,32.09489],[-104.55739,32.094],[-104.55812,32.09347],[-104.56071,32.09347],[-104.56186,32.09424],[-104.5622,32.09355],[-104.56871,32.09333],[-104.56875,32.09286],[-104.57022,32.09232],[-104.5715,32.09003],[-104.57364,32.091],[-104.57566,32.09085],[-104.57574,32.0903],[-104.57692,32.08962],[-104.57986,32.08936],[-104.58017,32.09015],[-104.58149,32.0899],[-104.58212,32.09059],[-104.58424,32.09094],[-104.58549,32.09264],[-104.58727,32.09199],[-104.58799,32.09354],[-104.58695,32.09545]]]},"bbox":[-104.58799,32.08936,-104.55739,32.11271]},{"type":"Feature","id":46290,"properties":{"y":1989,"n":"Americana","ag":"NPS","ac":45.6,"c":14,"cl":"Unknown","ad":"2021-01-21","cd":"","st":"NM","se":4},"geometry":{"type":"Polygon","coordinates":[[[-108.14011,34.97741],[-108.14221,34.97781],[-108.14351,34.97901],[-108.14211,34.98011],[-108.13841,34.98091],[-108.13621,34.97971],[-108.13741,34.97801],[-108.14011,34.97741]]]},"bbox":[-108.14351,34.97741,-108.13621,34.98091]},{"type":"Feature","id":46291,"properties":{"y":1994,"n":"Wye","ag":"NPS","ac":4.0,"c":14,"cl":"Unknown","ad":"2021-01-21","cd":"","st":"NM","se":4},"geometry":{"type":"Polygon","coordinates":[[[-106.34872,35.79416],[-106.34953,35.7948],[-106.34874,35.79546],[-106.34794,35.79482],[-106.34872,35.79416]]]},"bbox":[-106.34953,35.79416,-106.34794,35.79546]},{"type":"Feature","id":46292,"properties":{"y":1976,"n":"Escobas 1","ag":"NPS","ac":19.4,"c":14,"cl":"Unknown","ad":"2021-01-21","cd":"","st":"NM","se":4},"geometry":{"type":"Polygon","coordinates":[[[-106.3491,35.81929],[-106.35075,35.81989],[-106.35092,35.82068],[-106.35035,35.82191],[-106.34946,35.82228],[-106.34826,35.82186],[-106.34725,35.81973],[-106.3491,35.81929]]]},"bbox":[-106.35092,35.81928,-106.34725,35.82228]},{"type":"Feature","id":46293,"properties":{"y":1985,"n":"Upperalamo","ag":"NPS","ac":4.0,"c":14,"cl":"Unknown","ad":"2021-01-21","cd":"","st":"NM","se":4},"geometry":{"type":"Polygon","coordinates":[[[-106.34188,35.79284],[-106.34232,35.79377],[-106.34112,35.79396],[-106.34093,35.79314],[-106.34188,35.79284]]]},"bbox":[-106.34242,35.7928,-106.34083,35.7941]},{"type":"Feature","id":46294,"properties":{"y":2018,"n":"San Antonio","ag":"NPS","ac":432.4,"c":14,"cl":"Unknown","ad":"2018-06-04","cd":"","st":"NM","se":2},"geometry":{"type":"MultiPolygon","coordinates":[[[[-106.54478,35.99406],[-106.54508,35.99251],[-106.54588,35.99244],[-106.54732,35.99311],[-106.54681,35.99409],[-106.546,35.99444],[-106.54478,35.99406]]],[[[-106.56412,36.001],[-106.56011,36.00066],[-106.55947,36.00006],[-106.55881,36.00011],[-106.55831,35.99931],[-106.55649,35.9989],[-106.55472,35.99935],[-106.55544,36.00014],[-106.55464,36.00055],[-106.55354,35.99841],[-106.5528,35.99805],[-106.55249,35.9991],[-106.55126,35.99891],[-106.55202,35.99733],[-106.55076,35.997],[-106.54982,35.99813],[-106.5482,35.99883],[-106.54758,35.9983],[-106.54784,35.99767],[-106.54708,35.9972],[-106.54811,35.99696],[-106.54914,35.99583],[-106.5482,35.99497],[-106.54889,35.99483],[-106.54856,35.99375],[-106.5504,35.993],[-106.55084,35.99353],[-106.55109,35.99337],[-106.55057,35.99185],[-106.55108,35.99131],[-106.55226,35.99082],[-106.55546,35.99146],[-106.55565,35.98967],[-106.55682,35.99117],[-106.55729,35.99065],[-106.55848,35.99073],[-106.55865,35.99015],[-106.56002,35.99078],[-106.56072,35.99037],[-106.56038,35.9913],[-106.56191,35.9917],[-106.56316,35.99138],[-106.56347,35.99059],[-106.56463,35.99117],[-106.56536,35.99085],[-106.56595,35.99131],[-106.56557,35.99189],[-106.56587,35.99227],[-106.56712,35.99205],[-106.56708,35.99243],[-106.56919,35.99375],[-106.57164,35.9941],[-106.57199,35.99504],[-106.5714,35.99612],[-106.56756,35.99859],[-106.56658,36.00031],[-106.56412,36.001]]]]},"bbox":[-106.57199,35.98967,-106.54472,36.00103]},{"type":"Feature","id":46296,"properties":{"y":2016,"n":"Big Hat","ag":"NPS","ac":214.6,"c":14,"cl":"Unknown","ad":"2021-01-21","cd":"","st":"NM","se":4},"geometry":{"type":"Polygon","coordinates":[[[-106.60124,35.83643],[-106.6057,35.83608],[-106.60556,35.83658],[-106.60646,35.83771],[-106.60442,35.83826],[-106.60386,35.83934],[-106.60239,35.84015],[-106.60067,35.83985],[-106.59995,35.83893],[-106.59922,35.8393],[-106.59924,35.84033],[-106.59838,35.84174],[-106.59855,35.84375],[-106.59789,35.8442],[-106.59694,35.84677],[-106.59589,35.84769],[-106.59606,35.84854],[-106.59853,35.84927],[-106.59865,35.84982],[-106.59774,35.84972],[-106.59594,35.84897],[-106.59408,35.84744],[-106.59476,35.84677],[-106.59455,35.84621],[-106.59531,35.84587],[-106.59498,35.84526],[-106.59585,35.84434],[-106.59591,35.84283],[-106.5953,35.84183],[-106.59436,35.8414],[-106.59407,35.83972],[-106.5937,35.8396],[-106.59403,35.83932],[-106.59311,35.83865],[-106.5933,35.83693],[-106.59018,35.83529],[-106.59151,35.83389],[-106.59317,35.83309],[-106.59467,35.83345],[-106.59595,35.8347],[-106.59985,35.83515],[-106.60124,35.83643]]]},"bbox":[-106.60646,35.83309,-106.59018,35.84982]},{"type":"Feature","id":46297,"properties":{"y":2016,"n":"Thirty Six Fire","ag":"NPS","ac":75.1,"c":14,"cl":"Unknown","ad":"2021-01-21","cd":"","st":"NM","se":4},"geometry":{"type":"Polygon","coordinates":[[[-108.1143,34.99035],[-108.11432,34.99548],[-108.10862,34.99547],[-108.10863,34.99015],[-108.1143,34.99035]]]},"bbox":[-108.11456,34.99015,-108.10862,34.99548]},{"type":"Feature","id":46298,"properties":{"y":2006,"n":"Twin","ag":"NPS","ac":175.0,"c":14,"cl":"Unknown","ad":"2021-01-21","cd":"","st":"NM","se":4},"geometry":{"type":"Polygon","coordinates":[[[-108.04761,34.96591],[-108.04871,34.96621],[-108.04891,34.96721],[-108.04981,34.96661],[-108.05011,34.96711],[-108.05351,34.96611],[-108.05601,34.96751],[-108.05691,34.96701],[-108.05771,34.96901],[-108.05551,34.96911],[-108.05621,34.97011],[-108.05621,34.97121],[-108.05421,34.97281],[-108.05351,34.97291],[-108.05221,34.97231],[-108.05151,34.97131],[-108.05021,34.97101],[-108.05001,34.97211],[-108.04851,34.97191],[-108.04711,34.97271],[-108.04571,34.97261],[-108.04411,34.97101],[-108.04471,34.96981],[-108.04411,34.96861],[-108.04241,34.96891],[-108.04201,34.96871],[-108.04211,34.96771],[-108.04331,34.96771],[-108.04361,34.96671],[-108.04441,34.96651],[-108.04611,34.96711],[-108.04761,34.96591]]]},"bbox":[-108.05771,34.96571,-108.04201,34.97291]},{"type":"Feature","id":46299,"properties":{"y":2010,"n":"Lava (Narrows)","ag":"NPS","ac":0.7,"c":14,"cl":"Unknown","ad":"2021-01-21","cd":"","st":"NM","se":4},"geometry":{"type":"Polygon","coordinates":[[[-107.92657,34.82762],[-107.92605,34.82711],[-107.92616,34.82687],[-107.92657,34.82762]]]},"bbox":[-107.92657,34.82687,-107.92605,34.82774]},{"type":"Feature","id":46301,"properties":{"y":2012,"n":"Braided Cave","ag":"NPS","ac":26.2,"c":14,"cl":"Unknown","ad":"2021-01-21","cd":"","st":"NM","se":4},"geometry":{"type":"Polygon","coordinates":[[[-108.10487,34.90118],[-108.10221,34.9008],[-108.10236,34.90004],[-108.10312,34.89836],[-108.10495,34.89875],[-108.10617,34.89791],[-108.10602,34.89859],[-108.10724,34.89943],[-108.10724,34.90027],[-108.10487,34.90118]]]},"bbox":[-108.10724,34.89791,-108.10221,34.90118]},{"type":"Feature","id":46302,"properties":{"y":2019,"n":"Alamo","ag":"NPS","ac":29.8,"c":14,"cl":"Unknown","ad":"2021-01-21","cd":"","st":"NM","se":4},"geometry":{"type":"Polygon","coordinates":[[[-106.28638,35.73364],[-106.28477,35.73214],[-106.28416,35.73034],[-106.28522,35.72704],[-106.28646,35.72988],[-106.28752,35.73108],[-106.28751,35.73254],[-106.28638,35.73364]]]},"bbox":[-106.2876,35.72704,-106.28416,35.73365]},{"type":"Feature","id":46303,"properties":{"y":2006,"n":"Slaughter","ag":"NPS","ac":70.6,"c":14,"cl":"Unknown","ad":"2021-01-21","cd":"","st":"NM","se":4},"geometry":{"type":"Polygon","coordinates":[[[-104.65476,32.1232],[-104.65395,32.12615],[-104.65165,32.12733],[-104.6497,32.12697],[-104.64768,32.12459],[-104.64818,32.12417],[-104.65101,32.12457],[-104.6518,32.12418],[-104.65028,32.12091],[-104.65058,32.11989],[-104.65277,32.12083],[-104.65476,32.1232]]]},"bbox":[-104.65476,32.11982,-104.64768,32.12738]},{"type":"Feature","id":46304,"properties":{"y":2003,"n":"Hoya","ag":"NPS","ac":10.3,"c":14,"cl":"Unknown","ad":"2021-01-21","cd":"","st":"NM","se":4},"geometry":{"type":"Polygon","coordinates":[[[-108.12391,34.89631],[-108.12281,34.89871],[-108.12201,34.89891],[-108.12141,34.89821],[-108.12161,34.89701],[-108.12311,34.89611],[-108.12391,34.89631]]]},"bbox":[-108.12391,34.89611,-108.12141,34.89891]},{"type":"Feature","id":46305,"properties":{"y":2000,"n":"Ranch","ag":"NPS","ac":343.9,"c":14,"cl":"Unknown","ad":"2021-01-21","cd":"","st":"NM","se":4},"geometry":{"type":"Polygon","coordinates":[[[-108.04331,34.78141],[-108.04621,34.78241],[-108.04901,34.78471],[-108.05051,34.78731],[-108.05071,34.78901],[-108.04981,34.79111],[-108.04741,34.79251],[-108.04181,34.79311],[-108.03911,34.79261],[-108.03601,34.79041],[-108.03481,34.78741],[-108.03531,34.78601],[-108.03811,34.78331],[-108.04331,34.78141]]]},"bbox":[-108.05071,34.78141,-108.03481,34.79311]},{"type":"Feature","id":46306,"properties":{"y":2001,"n":"Guad1","ag":"NPS","ac":478.1,"c":14,"cl":"Unknown","ad":"2021-01-21","cd":"","st":"NM","se":4},"geometry":{"type":"Polygon","coordinates":[[[-104.56307,32.12731],[-104.56404,32.12961],[-104.56375,32.1309],[-104.56516,32.13206],[-104.56496,32.13399],[-104.56608,32.13462],[-104.56571,32.13643],[-104.56499,32.13685],[-104.56263,32.13565],[-104.56071,32.13532],[-104.56086,32.13428],[-104.55832,32.13411],[-104.55695,32.13465],[-104.55682,32.13386],[-104.55735,32.13306],[-104.5563,32.13242],[-104.55444,32.1345],[-104.55379,32.13651],[-104.55224,32.13695],[-104.5477,32.13344],[-104.54856,32.13212],[-104.54824,32.13156],[-104.54775,32.13143],[-104.54642,32.13241],[-104.54563,32.13225],[-104.54776,32.12911],[-104.5495,32.12761],[-104.55219,32.12409],[-104.55692,32.12052],[-104.55835,32.12023],[-104.55884,32.12088],[-104.56016,32.12095],[-104.55945,32.12434],[-104.56256,32.12482],[-104.56322,32.12649],[-104.56307,32.12731]]]},"bbox":[-104.56608,32.12023,-104.54563,32.13695]},{"type":"Feature","id":46307,"properties":{"y":2001,"n":"Park Fire","ag":"NPS","ac":132.7,"c":14,"cl":"Unknown","ad":"2021-01-21","cd":"","st":"NM","se":4},"geometry":{"type":"Polygon","coordinates":[[[-107.94211,34.89561],[-107.94201,34.89401],[-107.94381,34.89121],[-107.94601,34.89191],[-107.94761,34.89511],[-107.95081,34.89211],[-107.95271,34.89261],[-107.95331,34.89431],[-107.95321,34.89481],[-107.94991,34.89731],[-107.94971,34.89851],[-107.94821,34.89921],[-107.94691,34.89911],[-107.94371,34.89741],[-107.94211,34.89561]]]},"bbox":[-107.95331,34.89121,-107.94201,34.89921]},{"type":"Feature","id":46308,"properties":{"y":2006,"n":"West Wfu","ag":"NPS","ac":479.2,"c":14,"cl":"Unknown","ad":"2021-01-21","cd":"","st":"NM","se":4},"geometry":{"type":"Polygon","coordinates":[[[-108.06841,34.95921],[-108.06871,34.95781],[-108.06751,34.95731],[-108.06831,34.95671],[-108.06721,34.95601],[-108.06771,34.95501],[-108.06681,34.95441],[-108.06871,34.95371],[-108.06931,34.95291],[-108.07031,34.95311],[-108.07041,34.95211],[-108.07111,34.95171],[-108.07221,34.95161],[-108.07271,34.95251],[-108.07331,34.95231],[-108.07321,34.95361],[-108.07441,34.95391],[-108.07581,34.95511],[-108.07721,34.95491],[-108.07751,34.95591],[-108.07851,34.95631],[-108.07941,34.95771],[-108.07901,34.95931],[-108.07961,34.96031],[-108.07901,34.96131],[-108.07981,34.96321],[-108.08091,34.96301],[-108.08151,34.96411],[-108.08341,34.96381],[-108.08301,34.96421],[-108.08321,34.96491],[-108.08481,34.96381],[-108.08601,34.96481],[-108.08341,34.96641],[-108.08361,34.96701],[-108.08211,34.96581],[-108.08081,34.96651],[-108.08101,34.96841],[-108.08301,34.96761],[-108.08521,34.96811],[-108.08361,34.97091],[-108.08411,34.97201],[-108.08511,34.97221],[-108.08481,34.97331],[-108.08371,34.97341],[-108.08371,34.97291],[-108.08241,34.97391],[-108.08131,34.97311],[-108.08031,34.97301],[-108.08001,34.97261],[-108.08101,34.97251],[-108.08111,34.97201],[-108.07921,34.97211],[-108.07871,34.97181],[-108.07911,34.97131],[-108.07791,34.97141],[-108.07791,34.96981],[-108.07691,34.96911],[-108.07781,34.96881],[-108.07761,34.96831],[-108.07801,34.96791],[-108.07731,34.96721],[-108.07661,34.96751],[-108.07621,34.96691],[-108.07531,34.96681],[-108.07471,34.96581],[-108.07391,34.96571],[-108.07381,34.96491],[-108.07191,34.96481],[-108.07091,34.96401],[-108.06921,34.96461],[-108.06881,34.96391],[-108.06681,34.96281],[-108.06641,34.96171],[-108.06531,34.96121],[-108.06601,34.96031],[-108.06581,34.95991],[-108.06691,34.95901],[-108.06681,34.95851],[-108.06841,34.95921]]]},"bbox":[-108.08601,34.95161,-108.06531,34.97391]},{"type":"Feature","id":46310,"properties":{"y":2003,"n":"Flat Top","ag":"NPS","ac":29.5,"c":14,"cl":"Unknown","ad":"2021-01-21","cd":"","st":"NM","se":4},"geometry":{"type":"Polygon","coordinates":[[[-104.58259,32.13118],[-104.58141,32.13054],[-104.58174,32.13011],[-104.58128,32.12949],[-104.58175,32.12909],[-104.58155,32.12843],[-104.58382,32.12833],[-104.58396,32.12914],[-104.58825,32.12965],[-104.58679,32.13051],[-104.58259,32.13118]]]},"bbox":[-104.58825,32.12833,-104.58127,32.13118]},{"type":"Feature","id":46311,"properties":{"y":2010,"n":"Barbell","ag":"NPS","ac":1.1,"c":14,"cl":"Unknown","ad":"2021-01-21","cd":"","st":"NM","se":4},"geometry":{"type":"MultiPolygon","coordinates":[[[[-107.99724,34.90277],[-107.99721,34.90315],[-107.99607,34.90337],[-107.99659,34.90269],[-107.99724,34.90277]]],[[[-107.99723,34.90272],[-107.99723,34.90271],[-107.99724,34.90272],[-107.99723,34.90272]]]]},"bbox":[-107.99744,34.90269,-107.99606,34.9035]},{"type":"Feature","id":46312,"properties":{"y":2019,"n":"Redondo","ag":"NPS","ac":316.9,"c":14,"cl":"Unknown","ad":"2020-09-25","cd":"","st":"NM","se":3},"geometry":{"type":"Polygon","coordinates":[[[-106.62052,35.87604],[-106.62125,35.87671],[-106.62114,35.87774],[-106.62024,35.8781],[-106.62055,35.88494],[-106.62137,35.88495],[-106.62138,35.89108],[-106.61968,35.89136],[-106.61787,35.89048],[-106.61853,35.88904],[-106.61838,35.88667],[-106.61937,35.88478],[-106.6191,35.88353],[-106.61755,35.88266],[-106.61771,35.88196],[-106.61624,35.88034],[-106.6162,35.87681],[-106.61757,35.87436],[-106.6164,35.87377],[-106.61655,35.87286],[-106.61485,35.87133],[-106.61465,35.86977],[-106.61379,35.86949],[-106.61408,35.86893],[-106.61087,35.86967],[-106.61062,35.86856],[-106.61166,35.86693],[-106.61031,35.86551],[-106.60882,35.86503],[-106.60766,35.86361],[-106.60252,35.86288],[-106.601,35.86418],[-106.60048,35.86434],[-106.60428,35.86035],[-106.61129,35.86086],[-106.61347,35.86399],[-106.615,35.8679],[-106.62121,35.87298],[-106.62121,35.87547],[-106.62052,35.87604]]]},"bbox":[-106.62138,35.86024,-106.60048,35.89136]},{"type":"Feature","id":46313,"properties":{"y":2017,"n":"Braided Cave","ag":"NPS","ac":82.8,"c":14,"cl":"Unknown","ad":"2021-01-21","cd":"","st":"NM","se":4},"geometry":{"type":"Polygon","coordinates":[[[-108.13189,34.85714],[-108.13239,34.8578],[-108.13031,34.85868],[-108.12973,34.85956],[-108.13035,34.85995],[-108.13017,34.86059],[-108.13316,34.86154],[-108.13291,34.86452],[-108.13198,34.86513],[-108.1311,34.86449],[-108.13049,34.86469],[-108.13053,34.86397],[-108.12992,34.8639],[-108.12958,34.8632],[-108.12932,34.86425],[-108.12846,34.86431],[-108.12834,34.86471],[-108.12709,34.86438],[-108.12683,34.86376],[-108.12603,34.86378],[-108.12625,34.86326],[-108.12524,34.86176],[-108.12558,34.86089],[-108.12831,34.85991],[-108.12868,34.85932],[-108.12785,34.85872],[-108.1284,34.85823],[-108.1295,34.85825],[-108.13189,34.85714]]]},"bbox":[-108.13323,34.85714,-108.12524,34.86513]},{"type":"Feature","id":46314,"properties":{"y":2018,"n":"Hidden Valley","ag":"NPS","ac":585.3,"c":14,"cl":"Unknown","ad":"2021-01-21","cd":"","st":"NM","se":4},"geometry":{"type":"MultiPolygon","coordinates":[[[[-106.51943,35.84658],[-106.51917,35.84664],[-106.51893,35.84665],[-106.5166,35.84566],[-106.51824,35.84482],[-106.51822,35.84444],[-106.5176,35.84306],[-106.51601,35.84181],[-106.52123,35.83975],[-106.52429,35.83965],[-106.52492,35.83895],[-106.5252,35.83963],[-106.52805,35.84002],[-106.53047,35.83947],[-106.53139,35.83832],[-106.53378,35.83869],[-106.53379,35.83912],[-106.533,35.8395],[-106.5334,35.84044],[-106.53261,35.84131],[-106.53338,35.84322],[-106.53229,35.84277],[-106.53283,35.84432],[-106.53397,35.8451],[-106.53213,35.84616],[-106.52954,35.84579],[-106.52848,35.84622],[-106.52679,35.84744],[-106.52561,35.84959],[-106.52477,35.85012],[-106.52393,35.85168],[-106.52271,35.85233],[-106.52159,35.85422],[-106.52052,35.85414],[-106.52099,35.85289],[-106.52047,35.8527],[-106.52033,35.8541],[-106.51773,35.85589],[-106.51662,35.85558],[-106.51473,35.85614],[-106.51362,35.85528],[-106.51094,35.85532],[-106.50765,35.85449],[-106.50745,35.85348],[-106.50687,35.85387],[-106.50601,35.85343],[-106.5058,35.85225],[-106.50401,35.85072],[-106.50501,35.85048],[-106.50455,35.84946],[-106.50552,35.84771],[-106.5037,35.84623],[-106.50363,35.84433],[-106.50415,35.84361],[-106.51033,35.8449],[-106.50863,35.84732],[-106.50807,35.85021],[-106.50924,35.85025],[-106.51165,35.85161],[-106.51422,35.8517],[-106.51752,35.84903],[-106.51902,35.8487],[-106.5196,35.84768],[-106.51943,35.84658]]],[[[-106.51917,35.84664],[-106.51934,35.84663],[-106.51913,35.84664],[-106.51917,35.84664]]]]},"bbox":[-106.53397,35.83828,-106.50363,35.85614]},{"type":"Feature","id":46315,"properties":{"y":2002,"n":"Lost Fire","ag":"NPS","ac":379.2,"c":14,"cl":"Unknown","ad":"2021-01-21","cd":"","st":"NM","se":4},"geometry":{"type":"Polygon","coordinates":[[[-108.06961,34.94631],[-108.06741,34.94521],[-108.06791,34.94441],[-108.06761,34.94371],[-108.06861,34.94391],[-108.06941,34.94331],[-108.06831,34.94291],[-108.06811,34.94201],[-108.06891,34.94101],[-108.06821,34.93981],[-108.06631,34.93911],[-108.06621,34.93801],[-108.06551,34.93751],[-108.06531,34.93901],[-108.06711,34.94041],[-108.06631,34.94061],[-108.06641,34.94121],[-108.06751,34.94181],[-108.06701,34.94221],[-108.06661,34.94181],[-108.06621,34.94231],[-108.06511,34.94211],[-108.06431,34.94091],[-108.06441,34.93891],[-108.06211,34.93831],[-108.06021,34.93681],[-108.06041,34.93581],[-108.05921,34.93401],[-108.05961,34.93331],[-108.05921,34.93311],[-108.05961,34.93181],[-108.05921,34.93051],[-108.06101,34.92831],[-108.06251,34.92881],[-108.06321,34.92961],[-108.06281,34.93061],[-108.06361,34.93091],[-108.06391,34.93161],[-108.06491,34.93091],[-108.06621,34.93121],[-108.06651,34.93191],[-108.06881,34.93171],[-108.06981,34.93271],[-108.07081,34.93231],[-108.07301,34.93381],[-108.07501,34.93441],[-108.07431,34.93501],[-108.07421,34.93621],[-108.07361,34.93681],[-108.07421,34.93771],[-108.07551,34.93791],[-108.07531,34.93981],[-108.07641,34.94041],[-108.07511,34.94151],[-108.07471,34.94061],[-108.07341,34.94071],[-108.07281,34.94211],[-108.07321,34.94281],[-108.07591,34.94341],[-108.07591,34.94411],[-108.07251,34.94431],[-108.07151,34.94561],[-108.07031,34.94551],[-108.06961,34.94631]]]},"bbox":[-108.07641,34.92831,-108.05921,34.94631]},{"type":"Feature","id":46316,"properties":{"y":2016,"n":"Corral","ag":"NPS","ac":64.7,"c":14,"cl":"Unknown","ad":"2016-08-01","cd":"","st":"NM","se":2},"geometry":{"type":"Polygon","coordinates":[[[-106.30247,35.77809],[-106.29809,35.7748],[-106.29633,35.77153],[-106.29702,35.77116],[-106.29893,35.77327],[-106.29827,35.77201],[-106.29894,35.77144],[-106.29801,35.76998],[-106.29838,35.76924],[-106.29909,35.76921],[-106.29906,35.77003],[-106.29973,35.77021],[-106.30018,35.77165],[-106.30144,35.77194],[-106.30143,35.77264],[-106.30203,35.77278],[-106.30205,35.77407],[-106.30122,35.77461],[-106.30277,35.7743],[-106.30316,35.77505],[-106.3029,35.77554],[-106.30232,35.77534],[-106.3023,35.77582],[-106.30365,35.77726],[-106.30426,35.77701],[-106.30352,35.77786],[-106.30247,35.77809]]]},"bbox":[-106.30426,35.76912,-106.29629,35.77814]},{"type":"Feature","id":46317,"properties":{"y":2010,"n":"Yucca","ag":"NPS","ac":428.8,"c":14,"cl":"Unknown","ad":"2021-01-21","cd":"","st":"NM","se":4},"geometry":{"type":"Polygon","coordinates":[[[-104.60454,32.10146],[-104.60957,32.0999],[-104.60989,32.09964],[-104.60871,32.09824],[-104.60923,32.09783],[-104.61206,32.09809],[-104.61325,32.09685],[-104.61948,32.09696],[-104.62181,32.09595],[-104.62353,32.0966],[-104.62546,32.09597],[-104.62551,32.09642],[-104.62309,32.09856],[-104.62137,32.09927],[-104.62005,32.10134],[-104.62003,32.10222],[-104.62228,32.10263],[-104.62196,32.10356],[-104.61963,32.10578],[-104.61726,32.10547],[-104.61587,32.10597],[-104.61409,32.1087],[-104.61059,32.10768],[-104.6098,32.1084],[-104.60885,32.10813],[-104.60733,32.10875],[-104.6057,32.10875],[-104.60764,32.1062],[-104.61116,32.10531],[-104.60726,32.10533],[-104.60487,32.10633],[-104.60271,32.10565],[-104.5993,32.10546],[-104.59935,32.10479],[-104.60454,32.10146]]]},"bbox":[-104.62551,32.09588,-104.5993,32.1088]},{"type":"Feature","id":46318,"properties":{"y":2004,"n":"Twin Fire","ag":"NPS","ac":100.9,"c":14,"cl":"Unknown","ad":"2021-01-21","cd":"","st":"NM","se":4},"geometry":{"type":"MultiPolygon","coordinates":[[[[-108.02351,34.90041],[-108.02491,34.90141],[-108.02411,34.90161],[-108.02341,34.90251],[-108.02621,34.90241],[-108.02611,34.90321],[-108.02491,34.90401],[-108.02681,34.90441],[-108.02651,34.90491],[-108.02581,34.90531],[-108.02461,34.90461],[-108.02291,34.90521],[-108.02171,34.90381],[-108.02151,34.90471],[-108.02031,34.90461],[-108.02051,34.90521],[-108.01901,34.90521],[-108.01881,34.90571],[-108.01931,34.90651],[-108.01981,34.90671],[-108.02061,34.90611],[-108.02151,34.90711],[-108.02121,34.90791],[-108.01991,34.90751],[-108.01931,34.90791],[-108.01911,34.90831],[-108.01991,34.90831],[-108.01961,34.90871],[-108.01681,34.90841],[-108.01621,34.90771],[-108.01631,34.90601],[-108.01711,34.90591],[-108.01661,34.90551],[-108.01761,34.90551],[-108.01781,34.90501],[-108.01701,34.90391],[-108.01601,34.90471],[-108.01551,34.90451],[-108.01461,34.90471],[-108.01361,34.90451],[-108.01691,34.90331],[-108.01741,34.90361],[-108.01761,34.90321],[-108.01871,34.90331],[-108.01891,34.90251],[-108.01991,34.90231],[-108.01981,34.90151],[-108.02031,34.90201],[-108.02161,34.90111],[-108.02041,34.90071],[-108.02071,34.90001],[-108.02181,34.90061],[-108.02221,34.90021],[-108.02261,34.90071],[-108.02351,34.90041]]],[[[-108.02221,34.90021],[-108.02221,34.90011],[-108.02231,34.90011],[-108.02221,34.90021]]],[[[-108.01521,34.90461],[-108.01521,34.90471],[-108.01511,34.90461],[-108.01521,34.90461]]]]},"bbox":[-108.02681,34.90001,-108.01361,34.90881]},{"type":"Feature","id":46319,"properties":{"y":2016,"n":"Lefthook Canyon","ag":"NPS","ac":18.9,"c":14,"cl":"Unknown","ad":"2016-08-05","cd":"","st":"NM","se":2},"geometry":{"type":"Polygon","coordinates":[[[-104.64427,32.09126],[-104.6453,32.09061],[-104.64646,32.08879],[-104.64757,32.08824],[-104.6483,32.08944],[-104.64766,32.09137],[-104.6462,32.09119],[-104.64452,32.09195],[-104.64427,32.09126]]]},"bbox":[-104.6483,32.08824,-104.64427,32.09195]},{"type":"Feature","id":46322,"properties":{"y":2017,"n":"Cdt","ag":"NPS","ac":39.2,"c":14,"cl":"Unknown","ad":"2021-01-21","cd":"","st":"NM","se":4},"geometry":{"type":"Polygon","coordinates":[[[-107.93775,34.93502],[-107.9384,34.93385],[-107.93889,34.93459],[-107.93962,34.9343],[-107.94024,34.93473],[-107.94072,34.93425],[-107.94099,34.93468],[-107.94194,34.93459],[-107.94137,34.93525],[-107.94168,34.93556],[-107.94235,34.93567],[-107.94259,34.93525],[-107.9434,34.93572],[-107.94227,34.93657],[-107.94262,34.9369],[-107.94224,34.93682],[-107.94189,34.93757],[-107.94099,34.93766],[-107.94026,34.93889],[-107.9398,34.93803],[-107.93898,34.93855],[-107.93869,34.93808],[-107.93933,34.93801],[-107.93832,34.93762],[-107.93868,34.93737],[-107.93841,34.93708],[-107.93763,34.93739],[-107.93826,34.93699],[-107.93753,34.93602],[-107.9381,34.93548],[-107.93775,34.93502]]]},"bbox":[-107.9434,34.93385,-107.93751,34.93889]},{"type":"Feature","id":46323,"properties":{"y":2020,"n":"Salinas Rx","ag":"NPS","ac":325.4,"c":14,"cl":"Unknown","ad":"2021-11-01","cd":"","st":"NM","se":3},"geometry":{"type":"Polygon","coordinates":[[[-106.07328,34.25998],[-106.07328,34.25609],[-106.099,34.25612],[-106.10002,34.25743],[-106.09596,34.25799],[-106.09276,34.25928],[-106.09033,34.25848],[-106.0893,34.26051],[-106.09109,34.2623],[-106.09071,34.26339],[-106.08056,34.26336],[-106.07644,34.26117],[-106.07648,34.26003],[-106.07328,34.25998]]]},"bbox":[-106.10002,34.25609,-106.07328,34.26342]},{"type":"Feature","id":46324,"properties":{"y":2021,"n":"Cajete Meadow Rx","ag":"NPS","ac":151.4,"c":14,"cl":"Unknown","ad":"2021-05-04","cd":"","st":"NM","se":1},"geometry":{"type":"Polygon","coordinates":[[[-106.56633,35.83589],[-106.5619,35.83891],[-106.55914,35.83954],[-106.5589,35.84082],[-106.55378,35.83925],[-106.55205,35.83704],[-106.55325,35.83636],[-106.55398,35.83499],[-106.55839,35.83391],[-106.56447,35.83394],[-106.56562,35.83457],[-106.56633,35.83589]]]},"bbox":[-106.56633,35.83388,-106.55205,35.84082]},{"type":"Feature","id":46325,"properties":{"y":2021,"n":"Kapuka","ag":"NPS","ac":0.7,"c":14,"cl":"Unknown","ad":"2023-03-14","cd":"","st":"NM","se":1},"geometry":{"type":"Polygon","coordinates":[[[-107.90049,34.95184],[-107.90075,34.95136],[-107.90114,34.95177],[-107.90049,34.95184]]]},"bbox":[-107.90114,34.95136,-107.90039,34.95189]},{"type":"Feature","id":46326,"properties":{"y":2022,"n":"Freelove","ag":"NPS","ac":3.3,"c":14,"cl":"Unknown","ad":"2023-11-02","cd":"","st":"NM","se":3},"geometry":{"type":"Polygon","coordinates":[[[-106.61713,35.89822],[-106.61813,35.89767],[-106.61873,35.89818],[-106.61827,35.89923],[-106.61713,35.89822]]]},"bbox":[-106.61873,35.89767,-106.6171,35.89923]},{"type":"Feature","id":46327,"properties":{"y":2021,"n":"Lava Fields","ag":"NPS","ac":426.4,"c":14,"cl":"Unknown","ad":"2023-03-14","cd":"","st":"NM","se":1},"geometry":{"type":"Polygon","coordinates":[[[-108.0009,34.97187],[-108.00217,34.97376],[-107.99435,34.97007],[-107.99194,34.96972],[-107.98895,34.96997],[-107.9868,34.96918],[-107.98609,34.96834],[-107.98439,34.96309],[-107.97904,34.95848],[-107.992,34.95848],[-107.99689,34.96225],[-107.99752,34.96349],[-107.99719,34.96466],[-107.99774,34.96566],[-108.0,34.96693],[-108.00104,34.96671],[-108.00192,34.96756],[-108.00278,34.96998],[-108.0009,34.97187]]]},"bbox":[-108.00278,34.95848,-107.97904,34.97376]},{"type":"Feature","id":46328,"properties":{"y":2020,"n":"Stairsteps Rx","ag":"NPS","ac":142.9,"c":14,"cl":"Unknown","ad":"2023-03-14","cd":"","st":"NM","se":1},"geometry":{"type":"Polygon","coordinates":[[[-108.11426,35.00122],[-108.11418,35.00269],[-108.09959,35.00241],[-108.09873,34.99369],[-108.10302,34.99362],[-108.10405,34.99461],[-108.10448,34.99531],[-108.10431,34.99742],[-108.10293,34.99939],[-108.10379,35.00093],[-108.11426,35.00122]]]},"bbox":[-108.11426,34.99362,-108.09873,35.00269]},{"type":"Feature","id":46329,"properties":{"y":2023,"n":"Crosscut","ag":"NPS","ac":225.7,"c":14,"cl":"Unknown","ad":"2023-08-17","cd":"","st":"NM","se":2},"geometry":{"type":"Polygon","coordinates":[[[-108.0918,34.87512],[-108.09245,34.87475],[-108.0913,34.87364],[-108.09199,34.87294],[-108.09053,34.87189],[-108.09083,34.87143],[-108.09202,34.87149],[-108.09278,34.8723],[-108.09356,34.87224],[-108.09339,34.87295],[-108.09471,34.87284],[-108.0958,34.87355],[-108.09656,34.87305],[-108.09718,34.87089],[-108.09768,34.87148],[-108.09875,34.87107],[-108.09863,34.87203],[-108.09903,34.87241],[-108.10056,34.87195],[-108.10174,34.87219],[-108.10215,34.87323],[-108.10146,34.87298],[-108.10192,34.87369],[-108.10061,34.87353],[-108.10171,34.87413],[-108.10175,34.87524],[-108.10259,34.87577],[-108.103,34.87697],[-108.10256,34.8774],[-108.10317,34.87764],[-108.1032,34.87825],[-108.10277,34.87874],[-108.10225,34.87832],[-108.10122,34.87853],[-108.1013,34.8792],[-108.09996,34.87889],[-108.09966,34.87921],[-108.09901,34.87864],[-108.09818,34.87874],[-108.09772,34.8796],[-108.09723,34.87953],[-108.09737,34.87914],[-108.09656,34.87918],[-108.0971,34.88033],[-108.09642,34.8801],[-108.09603,34.88095],[-108.09535,34.88022],[-108.09237,34.88021],[-108.0924,34.87988],[-108.09122,34.8797],[-108.09113,34.87896],[-108.09024,34.8788],[-108.08964,34.87928],[-108.08969,34.87775],[-108.08878,34.87796],[-108.08821,34.8769],[-108.08735,34.87746],[-108.08769,34.8762],[-108.08902,34.87561],[-108.08832,34.87489],[-108.08872,34.87437],[-108.08981,34.87475],[-108.08942,34.87538],[-108.08995,34.87622],[-108.09097,34.87564],[-108.0899,34.87415],[-108.09076,34.87403],[-108.09073,34.87446],[-108.09146,34.87446],[-108.0918,34.87512]]]},"bbox":[-108.10324,34.87089,-108.08735,34.88095]},{"type":"Feature","id":46330,"properties":{"y":2023,"n":"Mile","ag":"NPS","ac":1.1,"c":14,"cl":"Unknown","ad":"2023-08-03","cd":"","st":"NM","se":2},"geometry":{"type":"MultiPolygon","coordinates":[[[[-108.08286,34.87133],[-108.08284,34.87144],[-108.08279,34.87133],[-108.08286,34.87133]]],[[[-108.08299,34.87151],[-108.08294,34.87087],[-108.0837,34.87175],[-108.0828,34.87204],[-108.08299,34.87151]]],[[[-108.08297,34.87148],[-108.08297,34.87148],[-108.08297,34.87148],[-108.08297,34.87148]]]]},"bbox":[-108.0837,34.87087,-108.08274,34.87207]},{"type":"Feature","id":46331,"properties":{"y":1989,"n":"East Encerrito","ag":"NPS","ac":462.0,"c":14,"cl":"Unknown","ad":"","cd":"","st":"NM","se":4},"geometry":{"type":"Polygon","coordinates":[[[-107.91976,34.96048],[-107.91918,34.95915],[-107.91992,34.9585],[-107.91786,34.95688],[-107.91639,34.95695],[-107.9182,34.95454],[-107.91706,34.95293],[-107.91729,34.95215],[-107.91864,34.95281],[-107.91917,34.95254],[-107.91895,34.95204],[-107.92094,34.95295],[-107.92162,34.95262],[-107.92127,34.95352],[-107.92234,34.95395],[-107.92573,34.95231],[-107.92693,34.95242],[-107.92746,34.9515],[-107.92821,34.95128],[-107.93062,34.95153],[-107.93153,34.95043],[-107.93235,34.95151],[-107.93327,34.95179],[-107.93411,34.95074],[-107.93383,34.95013],[-107.93513,34.94969],[-107.93611,34.95069],[-107.93709,34.95027],[-107.93821,34.95102],[-107.94238,34.95112],[-107.94313,34.9522],[-107.9457,34.95205],[-107.94677,34.95149],[-107.94761,34.95201],[-107.949,34.952],[-107.9501,34.95403],[-107.94257,34.9572],[-107.93311,34.95682],[-107.91976,34.96048]]]},"bbox":[-107.9501,34.94969,-107.91639,34.96048]},{"type":"Feature","id":46333,"properties":{"y":2017,"n":"Willow Fire","ag":"BIA","ac":137.0,"c":14,"cl":"Unknown","ad":"2017-10-23","cd":"","st":"NM","se":3},"geometry":{"type":"Polygon","coordinates":[[[-109.03102,34.90064],[-109.02951,34.89918],[-109.0298,34.89908],[-109.02933,34.89764],[-109.03032,34.89499],[-109.02964,34.89387],[-109.02953,34.88902],[-109.029,34.88876],[-109.02903,34.88935],[-109.02849,34.88957],[-109.02856,34.88817],[-109.0276,34.88823],[-109.02753,34.88769],[-109.02937,34.88688],[-109.02996,34.88564],[-109.03138,34.88582],[-109.03229,34.88419],[-109.03393,34.88324],[-109.03438,34.88341],[-109.034,34.88509],[-109.03279,34.88535],[-109.03298,34.88664],[-109.03093,34.88862],[-109.03124,34.89005],[-109.03059,34.89198],[-109.03381,34.89637],[-109.03518,34.89972],[-109.03487,34.90277],[-109.03364,34.90325],[-109.03299,34.90221],[-109.03336,34.90142],[-109.03297,34.90092],[-109.03102,34.90064]]]},"bbox":[-109.03528,34.88324,-109.02753,34.90325]},{"type":"Feature","id":46334,"properties":{"y":2017,"n":"East Charley","ag":"BIA","ac":9.4,"c":14,"cl":"Unknown","ad":"2017-10-23","cd":"","st":"NM","se":3},"geometry":{"type":"Polygon","coordinates":[[[-105.53789,33.08243],[-105.53821,33.08181],[-105.53928,33.0821],[-105.53982,33.08165],[-105.54134,33.08157],[-105.54072,33.08291],[-105.54,33.08321],[-105.53789,33.08243]]]},"bbox":[-105.54134,33.0814,-105.53789,33.08321]},{"type":"Feature","id":46335,"properties":{"y":2017,"n":"Sawyer","ag":"BIA","ac":90.4,"c":14,"cl":"Unknown","ad":"2018-02-01","cd":"","st":"NM","se":4},"geometry":{"type":"Polygon","coordinates":[[[-106.18975,35.97603],[-106.19124,35.97156],[-106.19092,35.96911],[-106.19211,35.96844],[-106.1921,35.96924],[-106.1933,35.9694],[-106.19381,35.97061],[-106.19513,35.97169],[-106.1949,35.97229],[-106.19556,35.97252],[-106.195,35.97342],[-106.19601,35.97326],[-106.19648,35.97368],[-106.19503,35.97626],[-106.1934,35.97775],[-106.19029,35.97775],[-106.19055,35.97633],[-106.18975,35.97603]]]},"bbox":[-106.19649,35.96841,-106.18959,35.97796]},{"type":"Feature","id":46336,"properties":{"y":2021,"n":"Rainbow Springs","ag":"BIA","ac":0.6,"c":14,"cl":"Unknown","ad":"2023-03-14","cd":"","st":"NM","se":1},"geometry":{"type":"Polygon","coordinates":[[[-108.92301,35.05775],[-108.92355,35.05762],[-108.92375,35.05775],[-108.92314,35.05806],[-108.92301,35.05775]]]},"bbox":[-108.92375,35.05762,-108.92293,35.05806]},{"type":"Feature","id":46338,"properties":{"y":2018,"n":"Rt. 37Fire","ag":"BIA","ac":19.0,"c":14,"cl":"Unknown","ad":"2019-02-07","cd":"","st":"NM","se":4},"geometry":{"type":"Polygon","coordinates":[[[-108.95155,34.91392],[-108.95216,34.91648],[-108.95084,34.91684],[-108.95002,34.915],[-108.94877,34.91551],[-108.94857,34.91486],[-108.94807,34.91547],[-108.94722,34.91475],[-108.95043,34.91335],[-108.95155,34.91392]]]},"bbox":[-108.95216,34.91335,-108.94722,34.91684]},{"type":"Feature","id":46339,"properties":{"y":2018,"n":"Swan","ag":"BIA","ac":20.0,"c":14,"cl":"Unknown","ad":"2019-02-07","cd":"","st":"NM","se":4},"geometry":{"type":"Polygon","coordinates":[[[-106.07038,36.07268],[-106.06962,36.0722],[-106.06663,36.0721],[-106.06668,36.07166],[-106.06796,36.06985],[-106.06891,36.07033],[-106.07024,36.07015],[-106.0709,36.07164],[-106.07038,36.07268]]]},"bbox":[-106.0709,36.06985,-106.06663,36.07268]},{"type":"Feature","id":46340,"properties":{"y":2022,"n":"Shed","ag":"BIA","ac":3.2,"c":14,"cl":"Unknown","ad":"2022-04-17","cd":"","st":"NM","se":1},"geometry":{"type":"MultiPolygon","coordinates":[[[[-106.70696,34.93041],[-106.70732,34.92946],[-106.70808,34.92961],[-106.70831,34.92976],[-106.70847,34.92978],[-106.70808,34.93055],[-106.70801,34.93056],[-106.70724,34.93049],[-106.70696,34.93041]],[[-106.7079,34.93054],[-106.70779,34.93052],[-106.70784,34.93054],[-106.7079,34.93054]]],[[[-106.70835,34.92975],[-106.70835,34.92975],[-106.70835,34.92975],[-106.70835,34.92975]]]]},"bbox":[-106.70848,34.92923,-106.70696,34.93056]},{"type":"Feature","id":46341,"properties":{"y":2020,"n":"Route 8","ag":"BIA","ac":449.2,"c":14,"cl":"Unknown","ad":"2021-05-04","cd":"","st":"NM","se":1},"geometry":{"type":"Polygon","coordinates":[[[-108.748,34.9164],[-108.7574,34.91573],[-108.7568,34.91636],[-108.75706,34.91921],[-108.75671,34.92016],[-108.75697,34.92322],[-108.75787,34.92586],[-108.7568,34.92836],[-108.74852,34.92558],[-108.74367,34.92262],[-108.72818,34.9164],[-108.748,34.9164]]]},"bbox":[-108.75787,34.91573,-108.72818,34.92836]},{"type":"Feature","id":46342,"properties":{"y":2021,"n":"Harms","ag":"BIA","ac":7.3,"c":14,"cl":"Unknown","ad":"2021-05-30","cd":"","st":"NM","se":1},"geometry":{"type":"Polygon","coordinates":[[[-105.74431,33.16213],[-105.74349,33.16301],[-105.74223,33.16121],[-105.74405,33.16098],[-105.74431,33.16213]]]},"bbox":[-105.74435,33.16091,-105.74223,33.16301]},{"type":"Feature","id":46343,"properties":{"y":2022,"n":"Middle Indian","ag":"BIA","ac":2.0,"c":14,"cl":"Unknown","ad":"2023-03-14","cd":"","st":"NM","se":1},"geometry":{"type":"Polygon","coordinates":[[[-105.40452,33.05949],[-105.40411,33.06014],[-105.40331,33.05956],[-105.40353,33.0592],[-105.40452,33.05949]]]},"bbox":[-105.40452,33.05919,-105.40331,33.06014]},{"type":"Feature","id":46344,"properties":{"y":2022,"n":"Cienegita","ag":"BIA","ac":39.1,"c":14,"cl":"Unknown","ad":"2023-03-14","cd":"","st":"NM","se":1},"geometry":{"type":"MultiPolygon","coordinates":[[[[-105.79849,33.34085],[-105.79835,33.34161],[-105.79708,33.34162],[-105.79809,33.34075],[-105.79849,33.34085]]],[[[-105.80219,33.33736],[-105.80213,33.33819],[-105.8023,33.33842],[-105.8032,33.33821],[-105.80339,33.33901],[-105.80216,33.339],[-105.80023,33.34027],[-105.79952,33.33961],[-105.79862,33.33976],[-105.79846,33.33892],[-105.79953,33.33778],[-105.79867,33.33659],[-105.79967,33.3359],[-105.80113,33.33526],[-105.80211,33.33571],[-105.80286,33.33662],[-105.80219,33.33736]]],[[[-105.79913,33.3405],[-105.79917,33.34034],[-105.79922,33.34042],[-105.79913,33.3405]]]]},"bbox":[-105.80347,33.33526,-105.79708,33.34162]},{"type":"Feature","id":46345,"properties":{"y":2021,"n":"Esther","ag":"BIA","ac":1.4,"c":14,"cl":"Unknown","ad":"2023-03-14","cd":"","st":"NM","se":1},"geometry":{"type":"Polygon","coordinates":[[[-108.42051,34.93387],[-108.41936,34.93325],[-108.41842,34.93329],[-108.41982,34.93312],[-108.42051,34.93387]]]},"bbox":[-108.42053,34.933,-108.41841,34.93392]},{"type":"Feature","id":46346,"properties":{"y":2022,"n":"Tr 87","ag":"BIA","ac":15.5,"c":14,"cl":"Unknown","ad":"2023-03-14","cd":"","st":"NM","se":1},"geometry":{"type":"Polygon","coordinates":[[[-106.68767,34.93623],[-106.68752,34.93863],[-106.68793,34.93995],[-106.68543,34.93769],[-106.68551,34.93604],[-106.68767,34.93623]]]},"bbox":[-106.68801,34.93604,-106.68543,34.93995]},{"type":"Feature","id":46347,"properties":{"y":2022,"n":"Shed 2","ag":"BIA","ac":25.8,"c":14,"cl":"Unknown","ad":"2023-03-14","cd":"","st":"NM","se":1},"geometry":{"type":"Polygon","coordinates":[[[-106.70941,34.92335],[-106.7083,34.92328],[-106.7079,34.92494],[-106.70603,34.92471],[-106.70654,34.92087],[-106.70972,34.92205],[-106.70994,34.92325],[-106.70983,34.92334],[-106.70941,34.92335]],[[-106.70947,34.92335],[-106.70948,34.92335],[-106.70947,34.92335],[-106.70947,34.92335]]]},"bbox":[-106.70996,34.9208,-106.70603,34.92495]},{"type":"Feature","id":46348,"properties":{"y":2021,"n":"Sheep Camp","ag":"BIA","ac":0.7,"c":14,"cl":"Unknown","ad":"2023-03-14","cd":"","st":"NM","se":1},"geometry":{"type":"Polygon","coordinates":[[[-108.94209,34.94093],[-108.94257,34.94061],[-108.94255,34.94115],[-108.94209,34.94093]]]},"bbox":[-108.94263,34.94054,-108.94205,34.94121]},{"type":"Feature","id":46349,"properties":{"y":2022,"n":"Anzac","ag":"BIA","ac":17.2,"c":14,"cl":"Unknown","ad":"2023-03-14","cd":"","st":"NM","se":1},"geometry":{"type":"Polygon","coordinates":[[[-107.74138,35.06708],[-107.74064,35.06551],[-107.73971,35.06524],[-107.73721,35.06603],[-107.73642,35.06416],[-107.73742,35.06416],[-107.73798,35.06353],[-107.73879,35.06445],[-107.74275,35.06595],[-107.74204,35.06703],[-107.74178,35.06672],[-107.74138,35.06708]]]},"bbox":[-107.74275,35.06353,-107.73642,35.06708]},{"type":"Feature","id":46350,"properties":{"y":2021,"n":"Riverbed","ag":"BIA","ac":18.8,"c":14,"cl":"Unknown","ad":"2023-03-14","cd":"","st":"NM","se":1},"geometry":{"type":"Polygon","coordinates":[[[-108.83767,35.06478],[-108.83868,35.06669],[-108.83851,35.06941],[-108.83507,35.06525],[-108.83767,35.06478]]]},"bbox":[-108.83868,35.06478,-108.83507,35.06941]},{"type":"Feature","id":46351,"properties":{"y":2022,"n":"Ranchitos","ag":"BIA","ac":1.6,"c":14,"cl":"Unknown","ad":"2023-03-14","cd":"","st":"NM","se":1},"geometry":{"type":"MultiPolygon","coordinates":[[[[-106.54581,35.32782],[-106.54584,35.32789],[-106.54483,35.32875],[-106.54258,35.33051],[-106.54567,35.32768],[-106.54581,35.32782]],[[-106.54577,35.32786],[-106.54576,35.32783],[-106.54576,35.32786],[-106.54577,35.32786]],[[-106.54576,35.32783],[-106.54576,35.32783],[-106.54576,35.32782],[-106.54576,35.32783]],[[-106.54579,35.32782],[-106.54578,35.32781],[-106.54576,35.3278],[-106.54579,35.32782]],[[-106.54581,35.32783],[-106.5458,35.32782],[-106.5458,35.32783],[-106.54581,35.32783]]],[[[-106.54576,35.32785],[-106.54576,35.32785],[-106.54576,35.32785],[-106.54576,35.32785]]]]},"bbox":[-106.54584,35.32764,-106.54258,35.33053]},{"type":"Feature","id":46352,"properties":{"y":2021,"n":"Cochiti 2","ag":"BIA","ac":248.0,"c":14,"cl":"Unknown","ad":"2022-04-16","cd":"","st":"NM","se":1},"geometry":{"type":"Polygon","coordinates":[[[-106.34876,35.59039],[-106.35129,35.58791],[-106.35464,35.59104],[-106.35621,35.59364],[-106.35436,35.59658],[-106.35187,35.59738],[-106.35011,35.59862],[-106.34885,35.60024],[-106.34414,35.60285],[-106.34324,35.60105],[-106.3406,35.5991],[-106.3452,35.59444],[-106.35001,35.59204],[-106.34876,35.59039]]]},"bbox":[-106.35621,35.58791,-106.3406,35.60285]},{"type":"Feature","id":46353,"properties":{"y":2021,"n":"Shrek","ag":"BIA","ac":113.0,"c":14,"cl":"Unknown","ad":"2022-04-16","cd":"","st":"NM","se":1},"geometry":{"type":"MultiPolygon","coordinates":[[[[-106.35021,35.55352],[-106.3502,35.55353],[-106.3502,35.55352],[-106.35021,35.55352]]],[[[-106.35621,35.54791],[-106.35757,35.55115],[-106.35741,35.55117],[-106.35681,35.55244],[-106.35689,35.55263],[-106.35697,35.55273],[-106.35699,35.55275],[-106.35701,35.55275],[-106.35675,35.55278],[-106.35652,35.55262],[-106.35567,35.55336],[-106.35532,35.5545],[-106.35428,35.55478],[-106.35342,35.55439],[-106.35358,35.55475],[-106.35392,35.55494],[-106.35548,35.55493],[-106.35538,35.55599],[-106.35456,35.55711],[-106.35215,35.55674],[-106.35026,35.55458],[-106.35047,35.55431],[-106.35037,35.55218],[-106.35241,35.55085],[-106.35178,35.54969],[-106.35184,35.54868],[-106.35124,35.54859],[-106.35238,35.54808],[-106.35473,35.54828],[-106.35621,35.54791]],[[-106.35054,35.55485],[-106.35052,35.55484],[-106.35054,35.55487],[-106.35054,35.55485]],[[-106.35221,35.551],[-106.35221,35.55101],[-106.35222,35.55101],[-106.35221,35.551]]],[[[-106.35029,35.55397],[-106.3503,35.55397],[-106.3503,35.55398],[-106.35029,35.55397]]],[[[-106.35032,35.55398],[-106.35035,35.55399],[-106.35031,35.554],[-106.35032,35.55398]]],[[[-106.35034,35.55378],[-106.35033,35.55379],[-106.35033,35.55378],[-106.35034,35.55378]]],[[[-106.35043,35.5542],[-106.35043,35.55421],[-106.35042,35.55421],[-106.35043,35.5542]]],[[[-106.35044,35.55422],[-106.35045,35.55423],[-106.35044,35.55423],[-106.35044,35.55422]]],[[[-106.35044,35.55423],[-106.35044,35.55424],[-106.35043,35.55424],[-106.35044,35.55423]]],[[[-106.35239,35.55084],[-106.35238,35.55085],[-106.35238,35.55084],[-106.35239,35.55084]]],[[[-106.35276,35.55691],[-106.35278,35.5569],[-106.35276,35.55693],[-106.35276,35.55691]]],[[[-106.35368,35.5547],[-106.35367,35.55471],[-106.35367,35.5547],[-106.35368,35.5547]]],[[[-106.35371,35.5547],[-106.3537,35.55471],[-106.3537,35.5547],[-106.35371,35.5547]]],[[[-106.35701,35.55272],[-106.35704,35.55273],[-106.35703,35.55275],[-106.357,35.55273],[-106.35699,35.55274],[-106.35701,35.55272]]],[[[-106.35699,35.55274],[-106.35698,35.55274],[-106.35698,35.55273],[-106.35699,35.55274]]],[[[-106.35698,35.55273],[-106.35699,35.55272],[-106.35699,35.55273],[-106.35698,35.55273]]],[[[-106.3575,35.55116],[-106.3575,35.55117],[-106.35749,35.55117],[-106.3575,35.55116]]]]},"bbox":[-106.35757,35.54791,-106.35015,35.55713]},{"type":"Feature","id":46354,"properties":{"y":2020,"n":"Los Charcos","ag":"BIA","ac":155.3,"c":14,"cl":"Unknown","ad":"2022-04-16","cd":"","st":"NM","se":1},"geometry":{"type":"Polygon","coordinates":[[[-106.72445,34.8582],[-106.72344,34.86283],[-106.72282,34.86274],[-106.72065,34.86112],[-106.71931,34.86121],[-106.71745,34.86034],[-106.7167,34.8596],[-106.71738,34.85911],[-106.71461,34.85485],[-106.71638,34.8529],[-106.71615,34.852],[-106.71685,34.85228],[-106.71726,34.85118],[-106.71954,34.85063],[-106.72131,34.854],[-106.72169,34.85741],[-106.72445,34.8582]]]},"bbox":[-106.72445,34.85063,-106.71461,34.86283]},{"type":"Feature","id":46355,"properties":{"y":2020,"n":"Swamp 2020","ag":"BIA","ac":50.0,"c":14,"cl":"Unknown","ad":"2022-04-16","cd":"","st":"NM","se":1},"geometry":{"type":"Polygon","coordinates":[[[-106.72353,34.8759],[-106.72227,34.87693],[-106.72272,34.87829],[-106.72234,34.87902],[-106.72148,34.87879],[-106.72104,34.87927],[-106.72118,34.87939],[-106.72114,34.87963],[-106.72108,34.87965],[-106.72075,34.87923],[-106.72165,34.87757],[-106.72117,34.87711],[-106.72202,34.87356],[-106.72369,34.87406],[-106.72392,34.87493],[-106.72353,34.8759]]]},"bbox":[-106.72392,34.87354,-106.72075,34.87965]},{"type":"Feature","id":46356,"properties":{"y":2022,"n":"Tr 81","ag":"BIA","ac":30.2,"c":14,"cl":"Unknown","ad":"2023-03-14","cd":"","st":"NM","se":1},"geometry":{"type":"MultiPolygon","coordinates":[[[[-106.76023,35.58406],[-106.75928,35.58485],[-106.75899,35.58412],[-106.75939,35.58384],[-106.75871,35.58345],[-106.76013,35.58368],[-106.75947,35.58304],[-106.7594,35.58181],[-106.75793,35.5812],[-106.75797,35.58192],[-106.7572,35.58189],[-106.75629,35.58129],[-106.75907,35.57823],[-106.75953,35.57893],[-106.75908,35.57968],[-106.76063,35.58223],[-106.76176,35.58282],[-106.76214,35.58357],[-106.76117,35.58452],[-106.76067,35.5844],[-106.76085,35.58375],[-106.76008,35.58449],[-106.76011,35.58426],[-106.76019,35.58423],[-106.76027,35.58408],[-106.76023,35.58406]],[[-106.76016,35.58409],[-106.76016,35.58407],[-106.76014,35.5841],[-106.76016,35.58409]],[[-106.76032,35.58402],[-106.76032,35.58402],[-106.76034,35.58402],[-106.76032,35.58402]],[[-106.76032,35.58402],[-106.76031,35.58402],[-106.76032,35.58403],[-106.76032,35.58402]],[[-106.76032,35.58403],[-106.76031,35.58405],[-106.76033,35.58404],[-106.76032,35.58403]],[[-106.76031,35.58405],[-106.76027,35.58407],[-106.76029,35.58409],[-106.76031,35.58405]]],[[[-106.75952,35.5831],[-106.75952,35.5831],[-106.75952,35.58309],[-106.75952,35.5831]]]]},"bbox":[-106.76215,35.57823,-106.75629,35.58487]},{"type":"Feature","id":46358,"properties":{"y":2023,"n":"Jemez 2","ag":"BIA","ac":0.3,"c":14,"cl":"Unknown","ad":"2023-11-14","cd":"","st":"NM","se":3},"geometry":{"type":"Polygon","coordinates":[[[-106.74914,35.60867],[-106.74969,35.60863],[-106.74943,35.609],[-106.74914,35.60867]]]},"bbox":[-106.74969,35.60863,-106.74914,35.609]},{"type":"Feature","id":46359,"properties":{"y":2021,"n":"Sargent","ag":"USFS","ac":10.1,"c":14,"cl":"Unknown","ad":"2023-03-14","cd":"","st":"NM","se":1},"geometry":{"type":"Polygon","coordinates":[[[-107.61404,33.89487],[-107.61297,33.89478],[-107.61151,33.8937],[-107.61411,33.89315],[-107.61488,33.89338],[-107.61533,33.89424],[-107.61404,33.89487]]]},"bbox":[-107.61533,33.89315,-107.61151,33.89489]},{"type":"Feature","id":46360,"properties":{"y":2021,"n":"Drummond","ag":"USFS","ac":502.4,"c":14,"cl":"Unknown","ad":"2023-03-14","cd":"","st":"NM","se":1},"geometry":{"type":"Polygon","coordinates":[[[-107.7806,32.9004],[-107.77609,32.90302],[-107.77338,32.90186],[-107.7712,32.89889],[-107.76808,32.89881],[-107.76492,32.89731],[-107.76195,32.89386],[-107.76016,32.89344],[-107.75862,32.89247],[-107.76284,32.89051],[-107.7631,32.88933],[-107.76441,32.88852],[-107.77233,32.88753],[-107.77402,32.88844],[-107.77474,32.88942],[-107.7746,32.89151],[-107.77389,32.89227],[-107.77418,32.89279],[-107.77858,32.89267],[-107.78005,32.89311],[-107.78309,32.89593],[-107.78291,32.89825],[-107.78242,32.89872],[-107.78175,32.89851],[-107.7806,32.9004]]]},"bbox":[-107.78309,32.88753,-107.75862,32.90302]},{"type":"Feature","id":46362,"properties":{"y":2023,"n":"Noonday","ag":"USFS","ac":955.9,"c":14,"cl":"Unknown","ad":"2023-10-03","cd":"","st":"NM","se":3},"geometry":{"type":"Polygon","coordinates":[[[-107.87553,32.94234],[-107.87458,32.94241],[-107.87375,32.94182],[-107.87533,32.93969],[-107.87037,32.93399],[-107.86909,32.93188],[-107.86797,32.93091],[-107.86701,32.93101],[-107.86529,32.92902],[-107.86389,32.92899],[-107.86356,32.9296],[-107.86233,32.92925],[-107.86163,32.92733],[-107.86163,32.92663],[-107.86364,32.92594],[-107.86388,32.92538],[-107.86392,32.92333],[-107.86332,32.92239],[-107.8639,32.9221],[-107.86378,32.92154],[-107.86484,32.92094],[-107.86448,32.91854],[-107.86504,32.91794],[-107.866,32.91784],[-107.8682,32.91852],[-107.86976,32.91826],[-107.87044,32.91494],[-107.86863,32.91396],[-107.8696,32.91367],[-107.86953,32.91314],[-107.86836,32.91233],[-107.86868,32.91187],[-107.87064,32.91193],[-107.8708,32.913],[-107.87208,32.91352],[-107.87372,32.91297],[-107.87396,32.91457],[-107.8746,32.9145],[-107.87513,32.9158],[-107.87493,32.91663],[-107.87265,32.91702],[-107.87277,32.9174],[-107.87212,32.91745],[-107.87099,32.91933],[-107.87234,32.91969],[-107.8726,32.92025],[-107.87411,32.92041],[-107.87459,32.92184],[-107.87395,32.92281],[-107.87513,32.92301],[-107.87528,32.92462],[-107.87609,32.92437],[-107.87593,32.9233],[-107.87753,32.92314],[-107.87904,32.92511],[-107.8829,32.9242],[-107.88461,32.92485],[-107.88564,32.92396],[-107.88634,32.92477],[-107.8882,32.92503],[-107.8883,32.92553],[-107.88766,32.9256],[-107.88688,32.92753],[-107.88719,32.9289],[-107.8859,32.92903],[-107.88502,32.92967],[-107.88486,32.93077],[-107.88563,32.9315],[-107.88547,32.93323],[-107.88614,32.93341],[-107.8871,32.9326],[-107.88735,32.93147],[-107.88883,32.93116],[-107.88875,32.9328],[-107.8896,32.93325],[-107.88674,32.93495],[-107.88641,32.93583],[-107.88297,32.93729],[-107.88151,32.94005],[-107.88261,32.94096],[-107.88248,32.94192],[-107.88168,32.94257],[-107.88007,32.94211],[-107.87995,32.94131],[-107.88036,32.94112],[-107.87873,32.94124],[-107.87717,32.94295],[-107.87631,32.94304],[-107.87553,32.94234]]]},"bbox":[-107.8896,32.9118,-107.86156,32.94304]},{"type":"Feature","id":46363,"properties":{"y":2024,"n":"Unit 56","ag":"USFS","ac":152.3,"c":14,"cl":"Unknown","ad":"2024-09-30","cd":"","st":"NM","se":3},"geometry":{"type":"MultiPolygon","coordinates":[[[[-99.85625,35.65683],[-99.85849,35.65841],[-99.85959,35.65866],[-99.85894,35.65895],[-99.8592,35.6596],[-99.8586,35.66086],[-99.8551,35.66144],[-99.85487,35.66095],[-99.85487,35.66814],[-99.847,35.66808],[-99.84705,35.66716],[-99.84823,35.66531],[-99.85129,35.66238],[-99.853,35.6615],[-99.85378,35.66221],[-99.85444,35.66195],[-99.85464,35.66119],[-99.85373,35.6608],[-99.85466,35.66031],[-99.85454,35.6598],[-99.85371,35.6591],[-99.85246,35.6598],[-99.85282,35.65937],[-99.85228,35.65876],[-99.85108,35.65971],[-99.85152,35.65807],[-99.8537,35.65691],[-99.85625,35.65683]],[[-99.85487,35.66095],[-99.85487,35.66094],[-99.85487,35.66095],[-99.85487,35.66095]]],[[[-99.85152,35.65807],[-99.85149,35.65806],[-99.85154,35.65805],[-99.85152,35.65807]]]]},"bbox":[-99.85959,35.65683,-99.84691,35.66816]},{"type":"Feature","id":46364,"properties":{"y":2023,"n":"Mule","ag":"USFS","ac":57.3,"c":14,"cl":"Unknown","ad":"2023-10-26","cd":"","st":"NM","se":3},"geometry":{"type":"MultiPolygon","coordinates":[[[[-105.3596,32.85733],[-105.35943,32.85888],[-105.35827,32.86014],[-105.35878,32.8623],[-105.35608,32.86245],[-105.35282,32.86129],[-105.35273,32.86003],[-105.35316,32.8596],[-105.35587,32.85873],[-105.35634,32.85783],[-105.3596,32.85733]]],[[[-105.35878,32.8623],[-105.35883,32.8623],[-105.35878,32.86234],[-105.35878,32.8623]]]]},"bbox":[-105.3596,32.85733,-105.35269,32.86248]},{"type":"Feature","id":46365,"properties":{"y":2023,"n":"Mueller Tank","ag":"USFS","ac":0.0,"c":14,"cl":"Unknown","ad":"2023-12-11","cd":"","st":"NM","se":4},"geometry":{"type":"Polygon","coordinates":[[[-106.23456,36.69569],[-106.23464,36.69569],[-106.23459,36.69578],[-106.23456,36.69569]]]},"bbox":[-106.23464,36.69567,-106.23456,36.69578]},{"type":"Feature","id":46366,"properties":{"y":2020,"n":"Colorado 2","ag":"USFS","ac":256.9,"c":14,"cl":"Unknown","ad":"2023-03-14","cd":"","st":"NM","se":1},"geometry":{"type":"MultiPolygon","coordinates":[[[[-107.58935,35.31699],[-107.58814,35.31826],[-107.58726,35.32115],[-107.5892,35.32299],[-107.58801,35.32404],[-107.58808,35.32585],[-107.58909,35.32652],[-107.58904,35.32709],[-107.59004,35.32804],[-107.59002,35.33079],[-107.59066,35.33137],[-107.59012,35.33212],[-107.58857,35.33182],[-107.58862,35.33287],[-107.58818,35.33246],[-107.58733,35.333],[-107.58635,35.33241],[-107.58668,35.3312],[-107.58575,35.32998],[-107.58495,35.3294],[-107.58472,35.32984],[-107.58319,35.32958],[-107.58241,35.32805],[-107.58066,35.3266],[-107.5797,35.32172],[-107.58256,35.318],[-107.58482,35.31789],[-107.58833,35.31652],[-107.58935,35.31699]]],[[[-107.58935,35.31699],[-107.58934,35.31698],[-107.58938,35.317],[-107.58935,35.31699]]]]},"bbox":[-107.59066,35.31652,-107.5797,35.333]},{"type":"Feature","id":46367,"properties":{"y":2023,"n":"246","ag":"USFS","ac":0.0,"c":14,"cl":"Unknown","ad":"2023-08-31","cd":"","st":"NM","se":2},"geometry":{"type":"Polygon","coordinates":[[[-105.38273,33.64899],[-105.38269,33.64897],[-105.38276,33.64897],[-105.38273,33.64899]]]},"bbox":[-105.38276,33.64896,-105.38269,33.64899]},{"type":"Feature","id":46368,"properties":{"y":2023,"n":"Water Canyon","ag":"USFS","ac":72.3,"c":14,"cl":"Unknown","ad":"2023-10-04","cd":"","st":"NM","se":3},"geometry":{"type":"Polygon","coordinates":[[[-107.11117,34.00973],[-107.11073,34.0106],[-107.11139,34.01088],[-107.11196,34.0105],[-107.11237,34.01118],[-107.11149,34.0118],[-107.11191,34.01226],[-107.11073,34.01211],[-107.10979,34.01271],[-107.10857,34.01231],[-107.10833,34.01353],[-107.10882,34.01344],[-107.10877,34.01376],[-107.10772,34.01382],[-107.10697,34.01454],[-107.1063,34.01392],[-107.10512,34.01484],[-107.10376,34.01502],[-107.10376,34.01425],[-107.10505,34.01344],[-107.10432,34.01359],[-107.10313,34.01205],[-107.10357,34.01164],[-107.10482,34.01239],[-107.10474,34.01205],[-107.10557,34.01178],[-107.10607,34.01101],[-107.10507,34.0105],[-107.10595,34.00853],[-107.10718,34.0086],[-107.10807,34.00963],[-107.10783,34.01048],[-107.10878,34.01048],[-107.10899,34.01088],[-107.10981,34.01078],[-107.10858,34.00975],[-107.10918,34.00846],[-107.10973,34.00932],[-107.10939,34.00929],[-107.10938,34.01],[-107.11117,34.00973]]]},"bbox":[-107.11238,34.00837,-107.10313,34.01509]},{"type":"Feature","id":46369,"properties":{"y":2020,"n":"Skyline","ag":"USFS","ac":5.7,"c":14,"cl":"Unknown","ad":"2023-03-14","cd":"","st":"NM","se":1},"geometry":{"type":"Polygon","coordinates":[[[-106.83843,35.76394],[-106.83706,35.76394],[-106.83672,35.76277],[-106.83891,35.76288],[-106.83843,35.76394]]]},"bbox":[-106.83891,35.76277,-106.83672,35.76405]},{"type":"Feature","id":46370,"properties":{"y":2021,"n":"Rincon","ag":"USFS","ac":533.7,"c":14,"cl":"Unknown","ad":"2023-03-14","cd":"","st":"NM","se":1},"geometry":{"type":"Polygon","coordinates":[[[-105.5372,35.89171],[-105.53862,35.89044],[-105.53917,35.89068],[-105.53896,35.89016],[-105.5398,35.89006],[-105.53954,35.88939],[-105.54095,35.88983],[-105.54003,35.89044],[-105.54034,35.89175],[-105.54133,35.89252],[-105.54215,35.89208],[-105.54329,35.8922],[-105.54301,35.89186],[-105.54342,35.89149],[-105.5442,35.89196],[-105.54725,35.89057],[-105.54796,35.89068],[-105.54929,35.89212],[-105.54928,35.89352],[-105.5457,35.89872],[-105.54393,35.90267],[-105.54215,35.90404],[-105.53783,35.90582],[-105.53576,35.90879],[-105.53486,35.90915],[-105.5332,35.90781],[-105.52978,35.89973],[-105.52963,35.89739],[-105.5307,35.89583],[-105.53546,35.89376],[-105.53519,35.89311],[-105.5342,35.89353],[-105.5337,35.89304],[-105.53557,35.89244],[-105.53521,35.89183],[-105.53564,35.89116],[-105.53618,35.89102],[-105.5366,35.89144],[-105.5372,35.89171]]]},"bbox":[-105.54938,35.88939,-105.52957,35.90915]},{"type":"Feature","id":46372,"properties":{"y":2023,"n":"Packsaddle","ag":"USFS","ac":121.0,"c":14,"cl":"Unknown","ad":"2023-10-03","cd":"","st":"NM","se":3},"geometry":{"type":"Polygon","coordinates":[[[-108.49409,33.29039],[-108.49994,33.29131],[-108.50128,33.29248],[-108.50141,33.29401],[-108.50063,33.29469],[-108.49667,33.29594],[-108.49447,33.29592],[-108.49094,33.29353],[-108.48998,33.29158],[-108.49065,33.29095],[-108.49409,33.29039]]]},"bbox":[-108.50154,33.2903,-108.48998,33.29615]},{"type":"Feature","id":46374,"properties":{"y":2020,"n":"Can Canyon","ag":"USFS","ac":0.0,"c":14,"cl":"Unknown","ad":"2023-03-14","cd":"","st":"NM","se":1},"geometry":{"type":"Polygon","coordinates":[[[-105.1559,36.80526],[-105.1559,36.80527],[-105.1559,36.80526],[-105.1559,36.80526]]]},"bbox":[-105.1559,36.80526,-105.1559,36.80527]},{"type":"Feature","id":46375,"properties":{"y":2020,"n":"Hilltop","ag":"USFS","ac":72.6,"c":14,"cl":"Unknown","ad":"2023-03-14","cd":"","st":"NM","se":1},"geometry":{"type":"MultiPolygon","coordinates":[[[[-107.68671,33.18656],[-107.68727,33.18677],[-107.68864,33.189],[-107.68817,33.18946],[-107.68918,33.18961],[-107.68933,33.19002],[-107.6871,33.19081],[-107.6886,33.19241],[-107.68972,33.1928],[-107.68965,33.19361],[-107.68791,33.19421],[-107.6857,33.19381],[-107.6821,33.19496],[-107.68161,33.19447],[-107.68334,33.19264],[-107.68386,33.19261],[-107.68225,33.19164],[-107.68334,33.19026],[-107.68521,33.19045],[-107.68701,33.18866],[-107.68699,33.18815],[-107.68744,33.18817],[-107.68671,33.18656]]],[[[-107.68324,33.19031],[-107.68321,33.19033],[-107.68321,33.19031],[-107.68324,33.19031]]]]},"bbox":[-107.68978,33.18656,-107.68161,33.195]},{"type":"Feature","id":46376,"properties":{"y":2024,"n":"Ojitos","ag":"USFS","ac":0.1,"c":14,"cl":"Unknown","ad":"2024-12-17","cd":"","st":"NM","se":4},"geometry":{"type":"Polygon","coordinates":[[[-105.73869,36.15746],[-105.7385,36.15731],[-105.73879,36.15735],[-105.73869,36.15746]]]},"bbox":[-105.7388,36.1573,-105.73847,36.15747]},{"type":"Feature","id":46377,"properties":{"y":2022,"n":"Bear","ag":"USFS","ac":9.1,"c":14,"cl":"Unknown","ad":"2023-10-26","cd":"","st":"NM","se":3},"geometry":{"type":"Polygon","coordinates":[[[-105.54374,32.8495],[-105.54545,32.84805],[-105.54597,32.84906],[-105.5469,32.84913],[-105.54687,32.84963],[-105.54604,32.85012],[-105.54374,32.8495]]]},"bbox":[-105.5469,32.84805,-105.54374,32.85012]},{"type":"Feature","id":46380,"properties":{"y":2022,"n":"Hartman","ag":"USFS","ac":40.0,"c":14,"cl":"Unknown","ad":"2025-01-15","cd":"","st":"NM","se":4},"geometry":{"type":"MultiPolygon","coordinates":[[[[-99.82299,35.56607],[-99.8248,35.56688],[-99.8244,35.56895],[-99.82416,35.56914],[-99.82317,35.5706],[-99.82279,35.57066],[-99.8216,35.5715],[-99.8207,35.57346],[-99.81989,35.57392],[-99.81984,35.56987],[-99.82098,35.56983],[-99.82194,35.56895],[-99.82219,35.5665],[-99.82299,35.56607]]],[[[-99.81989,35.57392],[-99.81989,35.57392],[-99.81989,35.57392],[-99.81989,35.57392]]],[[[-99.81989,35.57392],[-99.81993,35.57397],[-99.81988,35.57397],[-99.81989,35.57392]]],[[[-99.81989,35.57392],[-99.81988,35.57392],[-99.81988,35.5739],[-99.81989,35.57392]]],[[[-99.82305,35.57063],[-99.82305,35.57067],[-99.82304,35.57064],[-99.82305,35.57063]]],[[[-99.82417,35.56922],[-99.82418,35.56921],[-99.82418,35.56921],[-99.82417,35.56922]]],[[[-99.82428,35.56656],[-99.82428,35.56658],[-99.82428,35.56658],[-99.82428,35.56656]]],[[[-99.82428,35.56658],[-99.82427,35.56661],[-99.82426,35.56662],[-99.82428,35.56658]]],[[[-99.82426,35.56662],[-99.82426,35.56663],[-99.82425,35.56663],[-99.82426,35.56662]]]]},"bbox":[-99.8248,35.56607,-99.81984,35.57397]},{"type":"Feature","id":46382,"properties":{"y":2023,"n":"Apple Tree","ag":"USFS","ac":365.0,"c":14,"cl":"Unknown","ad":"2023-10-06","cd":"","st":"NM","se":3},"geometry":{"type":"Polygon","coordinates":[[[-105.75124,32.74354],[-105.75491,32.74464],[-105.75557,32.74527],[-105.75791,32.74917],[-105.75817,32.75011],[-105.75731,32.75166],[-105.75723,32.75408],[-105.75278,32.758],[-105.75083,32.75781],[-105.74805,32.75603],[-105.74631,32.75632],[-105.74542,32.75429],[-105.74556,32.75294],[-105.74509,32.7515],[-105.7434,32.74866],[-105.74633,32.74689],[-105.75001,32.74365],[-105.75124,32.74354]]]},"bbox":[-105.75818,32.74354,-105.7434,32.75801]},{"type":"Feature","id":46383,"properties":{"y":2022,"n":"Lonesome","ag":"USFS","ac":0.6,"c":14,"cl":"Unknown","ad":"2023-03-14","cd":"","st":"NM","se":1},"geometry":{"type":"Polygon","coordinates":[[[-104.7369,32.05054],[-104.73704,32.05001],[-104.73771,32.0504],[-104.73723,32.05053],[-104.7369,32.05054]]]},"bbox":[-104.73771,32.05001,-104.7369,32.05054]},{"type":"Feature","id":46384,"properties":{"y":2022,"n":"Mesa","ag":"USFS","ac":12.3,"c":14,"cl":"Unknown","ad":"2023-03-14","cd":"","st":"NM","se":1},"geometry":{"type":"Polygon","coordinates":[[[-107.27694,36.77924],[-107.27522,36.77856],[-107.27515,36.77789],[-107.27419,36.77745],[-107.27547,36.77722],[-107.27602,36.77661],[-107.27724,36.77775],[-107.27779,36.7775],[-107.27789,36.77889],[-107.27694,36.77924]]]},"bbox":[-107.27798,36.77661,-107.27419,36.77932]},{"type":"Feature","id":46385,"properties":{"y":2020,"n":"Cherry","ag":"USFS","ac":48.1,"c":14,"cl":"Unknown","ad":"2023-03-14","cd":"","st":"NM","se":1},"geometry":{"type":"MultiPolygon","coordinates":[[[[-105.83378,32.84217],[-105.83431,32.84401],[-105.83307,32.84552],[-105.83023,32.84445],[-105.82744,32.8453],[-105.8287,32.84373],[-105.83201,32.84145],[-105.83236,32.83854],[-105.83307,32.83836],[-105.83387,32.83888],[-105.83328,32.83965],[-105.83398,32.84079],[-105.83378,32.84217]]],[[[-105.82744,32.8453],[-105.82742,32.84535],[-105.82721,32.84531],[-105.82744,32.8453]]]]},"bbox":[-105.83431,32.83836,-105.82721,32.84552]},{"type":"Feature","id":46386,"properties":{"y":2023,"n":"Antelope","ag":"USFS","ac":36.4,"c":14,"cl":"Unknown","ad":"2024-03-14","cd":"","st":"NM","se":1},"geometry":{"type":"Polygon","coordinates":[[[-107.79969,33.52963],[-107.80033,33.52992],[-107.80008,33.5309],[-107.8007,33.53156],[-107.80002,33.53253],[-107.80098,33.53306],[-107.80073,33.53356],[-107.79928,33.53374],[-107.79824,33.53272],[-107.79781,33.53282],[-107.79794,33.53332],[-107.79652,33.5334],[-107.79495,33.53218],[-107.79485,33.53141],[-107.79742,33.53086],[-107.79748,33.53003],[-107.79825,33.53063],[-107.79969,33.52963]]]},"bbox":[-107.801,33.52958,-107.7948,33.53385]},{"type":"Feature","id":46389,"properties":{"y":2020,"n":"Burma Rd","ag":"USFS","ac":109.5,"c":14,"cl":"Unknown","ad":"2023-03-14","cd":"","st":"NM","se":1},"geometry":{"type":"Polygon","coordinates":[[[-107.51286,33.52846],[-107.51348,33.53042],[-107.51455,33.5303],[-107.51502,33.5308],[-107.51477,33.53157],[-107.51606,33.53224],[-107.5157,33.5335],[-107.51637,33.53614],[-107.51594,33.53647],[-107.51555,33.53923],[-107.51304,33.54173],[-107.51038,33.54086],[-107.51239,33.53395],[-107.51239,33.52933],[-107.51286,33.52846]]]},"bbox":[-107.51637,33.52846,-107.51038,33.54173]},{"type":"Feature","id":46392,"properties":{"y":2022,"n":"Quartz Hill","ag":"USFS","ac":9.0,"c":14,"cl":"Unknown","ad":"2023-03-14","cd":"","st":"NM","se":1},"geometry":{"type":"Polygon","coordinates":[[[-108.06748,35.06546],[-108.06812,35.06628],[-108.06613,35.06798],[-108.06561,35.06779],[-108.0659,35.06756],[-108.06531,35.06768],[-108.066,35.06588],[-108.06748,35.06546]],[[-108.06622,35.06622],[-108.06625,35.06622],[-108.0662,35.0662],[-108.06622,35.06622]],[[-108.0662,35.0662],[-108.06617,35.06618],[-108.06619,35.0662],[-108.0662,35.0662]]]},"bbox":[-108.06822,35.06532,-108.06526,35.06806]},{"type":"Feature","id":46393,"properties":{"y":2020,"n":"Ca\u00f1ada","ag":"USFS","ac":25.8,"c":14,"cl":"Unknown","ad":"2023-03-14","cd":"","st":"NM","se":1},"geometry":{"type":"Polygon","coordinates":[[[-106.22974,36.45206],[-106.23036,36.45165],[-106.22937,36.45066],[-106.22973,36.44898],[-106.2312,36.44901],[-106.23175,36.44824],[-106.23245,36.44843],[-106.23238,36.45026],[-106.23302,36.45167],[-106.23022,36.45319],[-106.22974,36.45206]]]},"bbox":[-106.23302,36.44824,-106.22937,36.45319]},{"type":"Feature","id":46394,"properties":{"y":2020,"n":"Dillon","ag":"USFS","ac":8.7,"c":14,"cl":"Unknown","ad":"2023-03-14","cd":"","st":"NM","se":1},"geometry":{"type":"Polygon","coordinates":[[[-107.44561,33.68886],[-107.44317,33.68909],[-107.44198,33.69036],[-107.4412,33.69008],[-107.44203,33.68947],[-107.44219,33.68892],[-107.44147,33.68893],[-107.44222,33.68813],[-107.44278,33.68864],[-107.44388,33.68865],[-107.44505,33.68805],[-107.44561,33.68886]]]},"bbox":[-107.44561,33.68805,-107.4412,33.69036]},{"type":"Feature","id":46395,"properties":{"y":2021,"n":"Camp 2","ag":"USFS","ac":13.2,"c":14,"cl":"Unknown","ad":"2023-03-14","cd":"","st":"NM","se":1},"geometry":{"type":"Polygon","coordinates":[[[-108.35159,35.2311],[-108.35113,35.23263],[-108.35042,35.23282],[-108.3493,35.23244],[-108.34918,35.23097],[-108.34998,35.22983],[-108.35159,35.2311]]]},"bbox":[-108.35159,35.22982,-108.34918,35.23283]},{"type":"Feature","id":46396,"properties":{"y":2023,"n":"Marble","ag":"USFS","ac":10.9,"c":14,"cl":"Unknown","ad":"2023-10-26","cd":"","st":"NM","se":3},"geometry":{"type":"Polygon","coordinates":[[[-105.90189,32.87959],[-105.90198,32.87911],[-105.90526,32.88014],[-105.90517,32.88115],[-105.90386,32.8815],[-105.90189,32.87959]]]},"bbox":[-105.90526,32.87911,-105.90189,32.88157]},{"type":"Feature","id":46398,"properties":{"y":2020,"n":"Rb 93","ag":"USFS","ac":95.7,"c":14,"cl":"Unknown","ad":"2023-03-14","cd":"","st":"NM","se":1},"geometry":{"type":"Polygon","coordinates":[[[-102.2404,36.37322],[-102.24196,36.37156],[-102.24202,36.37805],[-102.24272,36.38024],[-102.24217,36.38228],[-102.24213,36.3853],[-102.2419,36.38572],[-102.23839,36.38572],[-102.2391,36.3787],[-102.2404,36.37322]]]},"bbox":[-102.24272,36.37151,-102.23825,36.38572]},{"type":"Feature","id":46399,"properties":{"y":2022,"n":"Black Kettle Unit 85","ag":"USFS","ac":50.1,"c":14,"cl":"Unknown","ad":"2023-03-14","cd":"","st":"NM","se":1},"geometry":{"type":"Polygon","coordinates":[[[-99.71575,35.73994],[-99.71663,35.74131],[-99.71535,35.74287],[-99.71304,35.7441],[-99.71242,35.74477],[-99.7125,35.74546],[-99.71201,35.74564],[-99.71178,35.74363],[-99.71023,35.74223],[-99.71049,35.74074],[-99.71186,35.74058],[-99.71191,35.73996],[-99.71575,35.73994]]]},"bbox":[-99.71665,35.73994,-99.71021,35.74565]},{"type":"Feature","id":46401,"properties":{"y":2020,"n":"Mars","ag":"USFS","ac":11.6,"c":14,"cl":"Unknown","ad":"2023-03-14","cd":"","st":"NM","se":1},"geometry":{"type":"Polygon","coordinates":[[[-106.35712,34.97784],[-106.35498,34.97813],[-106.35384,34.97913],[-106.35286,34.97877],[-106.35369,34.97876],[-106.35377,34.9779],[-106.35455,34.97807],[-106.3553,34.97712],[-106.35677,34.9766],[-106.35687,34.97557],[-106.35778,34.97656],[-106.35712,34.97784]]]},"bbox":[-106.35778,34.97557,-106.35286,34.97913]},{"type":"Feature","id":46402,"properties":{"y":2021,"n":"Spring","ag":"USFS","ac":9.3,"c":14,"cl":"Unknown","ad":"2023-03-14","cd":"","st":"NM","se":1},"geometry":{"type":"Polygon","coordinates":[[[-105.60392,32.79755],[-105.60671,32.79755],[-105.60682,32.79897],[-105.60523,32.79861],[-105.60364,32.7989],[-105.60392,32.79755]]]},"bbox":[-105.60682,32.79755,-105.60364,32.79897]},{"type":"Feature","id":46404,"properties":{"y":2023,"n":"Hay","ag":"USFS","ac":220.1,"c":14,"cl":"Unknown","ad":"2024-03-14","cd":"","st":"NM","se":1},"geometry":{"type":"MultiPolygon","coordinates":[[[[-108.41832,33.57048],[-108.41937,33.56991],[-108.41843,33.56991],[-108.41813,33.56899],[-108.41766,33.57023],[-108.41643,33.57035],[-108.4152,33.56963],[-108.4152,33.57004],[-108.41451,33.56987],[-108.41454,33.56921],[-108.41365,33.56865],[-108.41358,33.56774],[-108.41293,33.56723],[-108.41368,33.56617],[-108.41313,33.56544],[-108.41173,33.56609],[-108.40946,33.56557],[-108.40949,33.56488],[-108.41145,33.5648],[-108.41156,33.56422],[-108.41114,33.56423],[-108.4115,33.56352],[-108.41179,33.56407],[-108.41266,33.56417],[-108.41336,33.56326],[-108.4128,33.5628],[-108.41162,33.56338],[-108.41084,33.56249],[-108.41166,33.56189],[-108.41074,33.56102],[-108.41067,33.56018],[-108.40957,33.56069],[-108.40869,33.55907],[-108.40884,33.55864],[-108.40992,33.5587],[-108.40995,33.55816],[-108.41094,33.55834],[-108.41062,33.55738],[-108.41141,33.55716],[-108.41342,33.55817],[-108.41453,33.55797],[-108.41472,33.55843],[-108.41465,33.55776],[-108.41574,33.55811],[-108.41568,33.55858],[-108.41509,33.55865],[-108.41514,33.55922],[-108.41563,33.55937],[-108.41612,33.55884],[-108.41654,33.55907],[-108.4161,33.55952],[-108.41711,33.55923],[-108.41675,33.55967],[-108.41716,33.56],[-108.41762,33.55886],[-108.41906,33.55846],[-108.41956,33.55901],[-108.41909,33.56007],[-108.4185,33.55963],[-108.41825,33.56001],[-108.41864,33.56046],[-108.41844,33.56121],[-108.41892,33.56134],[-108.41872,33.56291],[-108.41766,33.56295],[-108.41783,33.56331],[-108.41714,33.56411],[-108.41759,33.56455],[-108.41722,33.56571],[-108.41777,33.56593],[-108.41707,33.56679],[-108.41812,33.56646],[-108.41867,33.56726],[-108.41784,33.56757],[-108.41814,33.56805],[-108.41748,33.56808],[-108.41884,33.56869],[-108.41899,33.5694],[-108.41992,33.56916],[-108.42012,33.56952],[-108.41946,33.57049],[-108.41901,33.57025],[-108.41863,33.57093],[-108.41832,33.57048]]],[[[-108.41321,33.55553],[-108.41157,33.55557],[-108.41124,33.55469],[-108.41141,33.5541],[-108.41272,33.55406],[-108.4136,33.55326],[-108.41387,33.55175],[-108.41442,33.55259],[-108.41359,33.55443],[-108.41514,33.55544],[-108.41515,33.55592],[-108.41421,33.55638],[-108.41321,33.55553]]],[[[-108.4126,33.56741],[-108.41233,33.56687],[-108.41165,33.56695],[-108.41129,33.56656],[-108.41231,33.56672],[-108.4126,33.56741]]],[[[-108.4117,33.56635],[-108.4118,33.56631],[-108.4118,33.56635],[-108.4117,33.56635]]],[[[-108.41218,33.56649],[-108.41223,33.56644],[-108.41223,33.56649],[-108.41218,33.56649]]],[[[-108.41234,33.56627],[-108.41252,33.56611],[-108.41254,33.56635],[-108.41234,33.56627]]],[[[-108.41277,33.56658],[-108.41282,33.56649],[-108.41282,33.56658],[-108.41277,33.56658]]],[[[-108.41382,33.55666],[-108.41352,33.55646],[-108.41393,33.55647],[-108.41382,33.55666]]],[[[-108.41591,33.55796],[-108.4148,33.55677],[-108.41517,33.55615],[-108.41643,33.55755],[-108.41591,33.55796]]],[[[-108.4169,33.55805],[-108.41742,33.55801],[-108.4176,33.55851],[-108.41679,33.55877],[-108.4169,33.55805]]],[[[-108.41744,33.56571],[-108.41744,33.56553],[-108.41754,33.56562],[-108.41744,33.56571]]],[[[-108.41842,33.57009],[-108.41826,33.57004],[-108.41842,33.57004],[-108.41842,33.57009]]]]},"bbox":[-108.42015,33.55175,-108.40869,33.57093]},{"type":"Feature","id":46405,"properties":{"y":2023,"n":"Sublette","ag":"USFS","ac":0.1,"c":14,"cl":"Unknown","ad":"2023-10-26","cd":"","st":"NM","se":3},"geometry":{"type":"Polygon","coordinates":[[[-106.22912,36.98039],[-106.22913,36.98029],[-106.2294,36.98025],[-106.22912,36.98039]]]},"bbox":[-106.2294,36.98025,-106.22886,36.98039]},{"type":"Feature","id":46406,"properties":{"y":2022,"n":"Pine Park","ag":"USFS","ac":31.1,"c":14,"cl":"Unknown","ad":"2023-03-14","cd":"","st":"NM","se":1},"geometry":{"type":"MultiPolygon","coordinates":[[[[-107.88791,34.18186],[-107.88791,34.18189],[-107.88791,34.18189],[-107.88791,34.18186]]],[[[-107.88791,34.18189],[-107.8879,34.18188],[-107.8879,34.18187],[-107.88791,34.18189]]],[[[-107.8879,34.18187],[-107.88359,34.18037],[-107.88255,34.1795],[-107.88427,34.17914],[-107.88484,34.17986],[-107.88612,34.18025],[-107.88683,34.17948],[-107.88797,34.17984],[-107.88855,34.17881],[-107.88922,34.17889],[-107.88903,34.17818],[-107.88962,34.17848],[-107.89003,34.17791],[-107.89174,34.17881],[-107.89106,34.17997],[-107.88982,34.17995],[-107.8896,34.18078],[-107.88915,34.18058],[-107.88753,34.18144],[-107.8879,34.18187]]],[[[-107.88788,34.18187],[-107.8879,34.18188],[-107.88786,34.18189],[-107.88788,34.18187]]]]},"bbox":[-107.89174,34.17791,-107.88255,34.18189]},{"type":"Feature","id":46407,"properties":{"y":2020,"n":"Seco","ag":"USFS","ac":26.0,"c":14,"cl":"Unknown","ad":"2023-03-14","cd":"","st":"NM","se":1},"geometry":{"type":"Polygon","coordinates":[[[-107.58464,35.18602],[-107.58774,35.18593],[-107.58806,35.18741],[-107.58931,35.18746],[-107.58989,35.18854],[-107.58876,35.1895],[-107.58668,35.18914],[-107.58464,35.18602]]]},"bbox":[-107.58989,35.18574,-107.58459,35.18955]},{"type":"Feature","id":46408,"properties":{"y":2021,"n":"Wolf Draw","ag":"USFS","ac":710.4,"c":14,"cl":"Unknown","ad":"2023-03-14","cd":"","st":"NM","se":1},"geometry":{"type":"MultiPolygon","coordinates":[[[[-106.9043,36.49249],[-106.9034,36.49311],[-106.9027,36.49232],[-106.90108,36.49267],[-106.90065,36.49336],[-106.901,36.49469],[-106.90017,36.49435],[-106.90037,36.49501],[-106.899,36.49512],[-106.89856,36.49629],[-106.89708,36.4962],[-106.89718,36.49759],[-106.89811,36.49812],[-106.89801,36.49857],[-106.8968,36.49891],[-106.89401,36.49762],[-106.89403,36.49554],[-106.89318,36.49458],[-106.89381,36.49349],[-106.89353,36.49302],[-106.89257,36.493],[-106.89238,36.49238],[-106.89458,36.49094],[-106.89509,36.49002],[-106.89462,36.48784],[-106.89486,36.48694],[-106.89431,36.48665],[-106.89466,36.48641],[-106.89424,36.48577],[-106.89475,36.48527],[-106.89451,36.48469],[-106.89602,36.4846],[-106.896,36.48388],[-106.89675,36.48369],[-106.89876,36.48138],[-106.9007,36.48081],[-106.90197,36.47987],[-106.90298,36.47866],[-106.90309,36.47755],[-106.90509,36.47726],[-106.90562,36.47663],[-106.90673,36.47696],[-106.90718,36.47626],[-106.90898,36.47601],[-106.90976,36.47539],[-106.90872,36.47486],[-106.90875,36.47433],[-106.9123,36.47202],[-106.91047,36.47146],[-106.9126,36.4713],[-106.91329,36.47048],[-106.91449,36.47069],[-106.9175,36.47015],[-106.91917,36.46873],[-106.92146,36.46779],[-106.9251,36.46753],[-106.92851,36.46621],[-106.93015,36.46677],[-106.92987,36.4677],[-106.9289,36.46783],[-106.93064,36.46824],[-106.93037,36.47029],[-106.92555,36.46971],[-106.9245,36.47054],[-106.92253,36.46997],[-106.91991,36.47088],[-106.91663,36.47329],[-106.91607,36.47442],[-106.91672,36.47437],[-106.91683,36.47497],[-106.91578,36.47494],[-106.91579,36.47572],[-106.91362,36.47767],[-106.91181,36.48023],[-106.91436,36.48037],[-106.91447,36.48099],[-106.91268,36.48123],[-106.91084,36.48346],[-106.90786,36.48448],[-106.90733,36.48515],[-106.90538,36.48521],[-106.90592,36.4856],[-106.90584,36.48651],[-106.90643,36.48744],[-106.90443,36.48883],[-106.9023,36.48922],[-106.90304,36.48968],[-106.90282,36.48998],[-106.90356,36.49011],[-106.90389,36.49193],[-106.9051,36.49156],[-106.90703,36.49189],[-106.90626,36.49284],[-106.9043,36.49249]]],[[[-106.90592,36.48991],[-106.90513,36.48991],[-106.90509,36.48929],[-106.90608,36.48932],[-106.90592,36.48991]]]]},"bbox":[-106.93089,36.46621,-106.89238,36.49891]},{"type":"Feature","id":46409,"properties":{"y":2023,"n":"Tub","ag":"USFS","ac":288.6,"c":14,"cl":"Unknown","ad":"2024-03-14","cd":"","st":"NM","se":1},"geometry":{"type":"Polygon","coordinates":[[[-108.30298,33.99935],[-108.30411,33.99906],[-108.30692,33.99693],[-108.31428,33.99631],[-108.31721,33.99417],[-108.3201,33.99091],[-108.32046,33.9914],[-108.31989,33.99444],[-108.31831,33.99777],[-108.31549,34.00131],[-108.31228,34.00366],[-108.3116,34.00466],[-108.31156,34.00585],[-108.31104,34.00619],[-108.307,34.00766],[-108.30556,34.00769],[-108.30786,34.00487],[-108.30615,34.00387],[-108.30611,34.00323],[-108.30341,34.0028],[-108.30318,34.00157],[-108.3022,34.00058],[-108.30298,33.99935]]]},"bbox":[-108.32046,33.99091,-108.3022,34.00769]},{"type":"Feature","id":46410,"properties":{"y":2020,"n":"Deer Run","ag":"USFS","ac":0.1,"c":14,"cl":"Unknown","ad":"2023-03-14","cd":"","st":"NM","se":1},"geometry":{"type":"Polygon","coordinates":[[[-106.9093,36.52051],[-106.90968,36.52051],[-106.90949,36.52078],[-106.9093,36.52051]]]},"bbox":[-106.90968,36.52051,-106.90929,36.52078]},{"type":"Feature","id":46413,"properties":{"y":2021,"n":"Comanche","ag":"USFS","ac":4.2,"c":14,"cl":"Unknown","ad":"2023-03-14","cd":"","st":"NM","se":1},"geometry":{"type":"MultiPolygon","coordinates":[[[[-105.9786,36.47893],[-105.97768,36.47966],[-105.977,36.47866],[-105.97791,36.47807],[-105.9786,36.47893]]],[[[-105.9786,36.47893],[-105.97863,36.47894],[-105.9786,36.47894],[-105.9786,36.47893]]],[[[-105.97723,36.47926],[-105.97723,36.47928],[-105.97722,36.47926],[-105.97723,36.47926]]],[[[-105.97752,36.47825],[-105.97752,36.47829],[-105.97751,36.47827],[-105.97752,36.47825]]],[[[-105.9785,36.47849],[-105.9785,36.4785],[-105.97848,36.47849],[-105.9785,36.47849]]],[[[-105.97858,36.47895],[-105.97859,36.47896],[-105.97857,36.47897],[-105.97858,36.47895]]]]},"bbox":[-105.97866,36.47807,-105.97699,36.47966]},{"type":"Feature","id":46414,"properties":{"y":2020,"n":"Nursery","ag":"USFS","ac":67.2,"c":14,"cl":"Unknown","ad":"2023-03-14","cd":"","st":"NM","se":1},"geometry":{"type":"Polygon","coordinates":[[[-108.13161,32.83115],[-108.13263,32.83055],[-108.13218,32.83022],[-108.13372,32.82953],[-108.1367,32.82621],[-108.13631,32.82751],[-108.13729,32.82711],[-108.13741,32.8277],[-108.13843,32.82816],[-108.1405,32.83076],[-108.13888,32.83211],[-108.13802,32.83148],[-108.13677,32.8322],[-108.13593,32.8319],[-108.13508,32.83286],[-108.13519,32.83204],[-108.1346,32.83206],[-108.13507,32.83122],[-108.13161,32.83115]]]},"bbox":[-108.1405,32.82621,-108.1316,32.83286]},{"type":"Feature","id":46415,"properties":{"y":2020,"n":"Ojo De Los Casos","ag":"USFS","ac":184.8,"c":14,"cl":"Unknown","ad":"2023-10-02","cd":"","st":"NM","se":3},"geometry":{"type":"Polygon","coordinates":[[[-106.32946,34.85289],[-106.33135,34.85172],[-106.33274,34.85204],[-106.33499,34.8545],[-106.33609,34.85452],[-106.33684,34.85529],[-106.33816,34.85531],[-106.33873,34.85596],[-106.33964,34.85562],[-106.33902,34.8561],[-106.34,34.85635],[-106.34097,34.85767],[-106.33866,34.85827],[-106.33667,34.85788],[-106.33475,34.8581],[-106.33343,34.85762],[-106.33307,34.85695],[-106.33008,34.85721],[-106.32982,34.85663],[-106.32898,34.85643],[-106.32755,34.85652],[-106.32347,34.85822],[-106.32189,34.8572],[-106.32045,34.85745],[-106.31937,34.85695],[-106.32013,34.85582],[-106.32259,34.85444],[-106.3249,34.85387],[-106.32653,34.85279],[-106.32946,34.85289]]]},"bbox":[-106.34097,34.85172,-106.31937,34.85827]},{"type":"Feature","id":46416,"properties":{"y":2022,"n":"Lurance","ag":"USFS","ac":11.8,"c":14,"cl":"Unknown","ad":"2023-03-14","cd":"","st":"NM","se":1},"geometry":{"type":"Polygon","coordinates":[[[-106.42364,35.00845],[-106.42455,35.00761],[-106.42677,35.00801],[-106.42734,35.00824],[-106.42742,35.00893],[-106.42718,35.00871],[-106.42611,35.00961],[-106.42485,35.00915],[-106.42408,35.00948],[-106.42371,35.00911],[-106.42408,35.00848],[-106.42364,35.00845]]]},"bbox":[-106.42744,35.00761,-106.42364,35.00962]},{"type":"Feature","id":46417,"properties":{"y":2023,"n":"West Mountain","ag":"USFS","ac":624.8,"c":14,"cl":"Unknown","ad":"2023-11-02","cd":"","st":"NM","se":3},"geometry":{"type":"MultiPolygon","coordinates":[[[[-105.45481,33.65042],[-105.45366,33.64978],[-105.45291,33.64805],[-105.45437,33.64605],[-105.45489,33.6434],[-105.45557,33.64304],[-105.456,33.642],[-105.45584,33.64032],[-105.45689,33.63735],[-105.45927,33.6346],[-105.46205,33.62783],[-105.46361,33.62715],[-105.46442,33.62595],[-105.46591,33.62549],[-105.46622,33.62652],[-105.46458,33.62638],[-105.46209,33.62857],[-105.46309,33.62914],[-105.46275,33.63009],[-105.4619,33.63018],[-105.4617,33.63075],[-105.4628,33.63056],[-105.46363,33.6311],[-105.46413,33.63263],[-105.46352,33.63257],[-105.46329,33.63305],[-105.4626,33.6327],[-105.4614,33.63358],[-105.46006,33.63328],[-105.45976,33.63435],[-105.46067,33.63398],[-105.46074,33.63463],[-105.46017,33.63479],[-105.46029,33.63581],[-105.46147,33.63606],[-105.46155,33.63667],[-105.46098,33.63683],[-105.46198,33.63754],[-105.46252,33.63866],[-105.46186,33.63992],[-105.46437,33.63964],[-105.46598,33.64321],[-105.46782,33.6438],[-105.46612,33.64529],[-105.46648,33.64619],[-105.46777,33.64699],[-105.46915,33.6471],[-105.46814,33.64782],[-105.46748,33.65],[-105.46551,33.65109],[-105.46468,33.65601],[-105.46238,33.65799],[-105.46159,33.65965],[-105.46042,33.66052],[-105.45466,33.65291],[-105.45481,33.65042]]],[[[-105.48812,33.62909],[-105.48691,33.6279],[-105.48603,33.62792],[-105.48584,33.62735],[-105.48722,33.62694],[-105.48795,33.62564],[-105.48893,33.62522],[-105.49035,33.62189],[-105.49147,33.62207],[-105.49092,33.62263],[-105.49121,33.62269],[-105.49036,33.62553],[-105.48969,33.62585],[-105.48972,33.62632],[-105.48866,33.62622],[-105.48851,33.62695],[-105.48731,33.62784],[-105.48849,33.62832],[-105.48812,33.62909]]]]},"bbox":[-105.49152,33.62181,-105.45291,33.66053]},{"type":"Feature","id":46418,"properties":{"y":2021,"n":"Outlaw","ag":"USFS","ac":9.7,"c":14,"cl":"Unknown","ad":"2023-03-14","cd":"","st":"NM","se":1},"geometry":{"type":"Polygon","coordinates":[[[-105.68602,33.69523],[-105.68532,33.69674],[-105.68449,33.697],[-105.68298,33.69653],[-105.68408,33.69536],[-105.68566,33.69493],[-105.68602,33.69523]]]},"bbox":[-105.68602,33.69493,-105.68298,33.697]},{"type":"Feature","id":46419,"properties":{"y":2022,"n":"Outlaw 2","ag":"USFS","ac":2.0,"c":14,"cl":"Unknown","ad":"2023-03-14","cd":"","st":"NM","se":1},"geometry":{"type":"Polygon","coordinates":[[[-105.68588,33.69471],[-105.68609,33.69327],[-105.6869,33.6948],[-105.68588,33.69471]]]},"bbox":[-105.6869,33.69327,-105.68588,33.695]},{"type":"Feature","id":46420,"properties":{"y":2020,"n":"Caja","ag":"USFS","ac":203.3,"c":14,"cl":"Unknown","ad":"2024-01-30","cd":"","st":"NM","se":4},"geometry":{"type":"Polygon","coordinates":[[[-106.214,35.66925],[-106.21222,35.6666],[-106.21407,35.66035],[-106.22049,35.66141],[-106.22362,35.66381],[-106.22159,35.66838],[-106.21905,35.67097],[-106.214,35.66925]]]},"bbox":[-106.22362,35.66035,-106.21222,35.67097]},{"type":"Feature","id":46422,"properties":{"y":2023,"n":"Whiskey Hill","ag":"USFS","ac":940.2,"c":14,"cl":"Unknown","ad":"2024-03-14","cd":"","st":"NM","se":1},"geometry":{"type":"Polygon","coordinates":[[[-107.34445,33.45213],[-107.34414,33.45161],[-107.34254,33.45147],[-107.34131,33.4507],[-107.34096,33.44918],[-107.34015,33.4486],[-107.34003,33.44732],[-107.33939,33.44698],[-107.33585,33.44739],[-107.33239,33.44857],[-107.33071,33.4483],[-107.32865,33.44716],[-107.3269,33.44519],[-107.32659,33.44404],[-107.32764,33.44352],[-107.32703,33.44249],[-107.32774,33.44247],[-107.32853,33.44173],[-107.32761,33.44151],[-107.3273,33.44068],[-107.32983,33.44048],[-107.3307,33.43968],[-107.33071,33.43898],[-107.33019,33.43865],[-107.32874,33.43846],[-107.32944,33.43808],[-107.32916,33.43749],[-107.32727,33.43664],[-107.3276,33.43583],[-107.3272,33.43509],[-107.32907,33.43492],[-107.32745,33.4336],[-107.3276,33.43299],[-107.32996,33.43338],[-107.33116,33.4303],[-107.33183,33.42986],[-107.33252,33.43049],[-107.33306,33.42996],[-107.33401,33.43009],[-107.33446,33.42944],[-107.3331,33.4288],[-107.33353,33.4262],[-107.33511,33.42562],[-107.33615,33.42645],[-107.33684,33.42634],[-107.33917,33.42345],[-107.33967,33.4241],[-107.34039,33.42389],[-107.34146,33.4251],[-107.34224,33.42518],[-107.34098,33.42677],[-107.34312,33.42631],[-107.34263,33.42696],[-107.34175,33.42695],[-107.34147,33.42763],[-107.34164,33.42863],[-107.34256,33.42927],[-107.34185,33.43127],[-107.34245,33.43259],[-107.34231,33.43379],[-107.34303,33.43421],[-107.34354,33.43551],[-107.34228,33.4365],[-107.34246,33.43807],[-107.34335,33.43807],[-107.34323,33.43862],[-107.3444,33.43728],[-107.34666,33.43821],[-107.34768,33.4376],[-107.34787,33.43847],[-107.34855,33.43886],[-107.34833,33.44067],[-107.34998,33.44323],[-107.34835,33.44702],[-107.3468,33.44733],[-107.3476,33.44776],[-107.34687,33.44873],[-107.34759,33.44867],[-107.34647,33.44914],[-107.34445,33.45213]]]},"bbox":[-107.34998,33.42345,-107.32659,33.45213]},{"type":"Feature","id":46423,"properties":{"y":2024,"n":"Cold","ag":"USFS","ac":11.4,"c":14,"cl":"Unknown","ad":"2024-08-16","cd":"","st":"NM","se":2},"geometry":{"type":"Polygon","coordinates":[[[-108.11206,35.08501],[-108.11223,35.08579],[-108.1132,35.08626],[-108.11205,35.08769],[-108.11089,35.08739],[-108.11034,35.08612],[-108.11206,35.08501]]]},"bbox":[-108.1132,35.08498,-108.11034,35.08769]},{"type":"Feature","id":46424,"properties":{"y":2021,"n":"Valle 2","ag":"USFS","ac":64.4,"c":14,"cl":"Unknown","ad":"2023-03-14","cd":"","st":"NM","se":1},"geometry":{"type":"MultiPolygon","coordinates":[[[[-106.1789,36.42933],[-106.17889,36.42934],[-106.17887,36.42933],[-106.1789,36.42933]]],[[[-106.17889,36.42934],[-106.17888,36.42936],[-106.17898,36.42935],[-106.17915,36.42943],[-106.1793,36.4296],[-106.17934,36.42974],[-106.17767,36.43022],[-106.17705,36.43156],[-106.17568,36.43178],[-106.17418,36.43132],[-106.17322,36.43036],[-106.17333,36.42986],[-106.17268,36.42927],[-106.1725,36.42726],[-106.17348,36.42678],[-106.17315,36.42634],[-106.17362,36.42611],[-106.17346,36.42505],[-106.17483,36.4248],[-106.17547,36.42522],[-106.17537,36.42616],[-106.17611,36.42606],[-106.17659,36.4267],[-106.17738,36.42856],[-106.17813,36.4288],[-106.17851,36.42919],[-106.17865,36.42917],[-106.17879,36.42933],[-106.17884,36.42932],[-106.17889,36.42934]],[[-106.17884,36.42934],[-106.17887,36.42935],[-106.17885,36.42934],[-106.17884,36.42934]]],[[[-106.17268,36.42927],[-106.17269,36.42928],[-106.17267,36.42929],[-106.17268,36.42927]]],[[[-106.17265,36.42927],[-106.17263,36.42926],[-106.17264,36.42926],[-106.17265,36.42927]]],[[[-106.17892,36.42934],[-106.17894,36.42934],[-106.17893,36.42935],[-106.17892,36.42934]]],[[[-106.17913,36.42994],[-106.17912,36.42998],[-106.17912,36.42995],[-106.17913,36.42994]]]]},"bbox":[-106.17934,36.42477,-106.17237,36.43178]},{"type":"Feature","id":46426,"properties":{"y":2023,"n":"Lama","ag":"USFS","ac":0.4,"c":14,"cl":"Unknown","ad":"2024-01-16","cd":"","st":"NM","se":4},"geometry":{"type":"Polygon","coordinates":[[[-105.61584,36.65265],[-105.61631,36.65233],[-105.61642,36.65264],[-105.61584,36.65265]]]},"bbox":[-105.61642,36.65224,-105.61582,36.65269]},{"type":"Feature","id":46428,"properties":{"y":2021,"n":"Rocky","ag":"FWS","ac":2.4,"c":14,"cl":"Unknown","ad":"2021-09-16","cd":"","st":"NM","se":3},"geometry":{"type":"Polygon","coordinates":[[[-105.2058,35.51595],[-105.20688,35.51502],[-105.20722,35.51538],[-105.20711,35.51616],[-105.2058,35.51595]]]},"bbox":[-105.20724,35.51502,-105.20577,35.51635]},{"type":"Feature","id":46429,"properties":{"y":2016,"n":"Lost","ag":"FWS","ac":12.7,"c":14,"cl":"Unknown","ad":"2016-07-11","cd":"","st":"NM","se":2},"geometry":{"type":"Polygon","coordinates":[[[-104.42988,33.48505],[-104.43031,33.48484],[-104.4302,33.48407],[-104.43191,33.48374],[-104.43192,33.4842],[-104.4328,33.48361],[-104.43243,33.484],[-104.43299,33.48463],[-104.43183,33.48636],[-104.4311,33.48644],[-104.42988,33.48505]]]},"bbox":[-104.43299,33.48361,-104.42988,33.48658]},{"type":"Feature","id":46430,"properties":{"y":2014,"n":"Black Butte","ag":"FWS","ac":918.5,"c":14,"cl":"Unknown","ad":"2014-07-03","cd":"","st":"NM","se":2},"geometry":{"type":"MultiPolygon","coordinates":[[[[-106.59473,34.37161],[-106.59326,34.37175],[-106.59384,34.37071],[-106.59331,34.37016],[-106.5927,34.37062],[-106.59295,34.36999],[-106.59164,34.36973],[-106.59166,34.36892],[-106.59075,34.36881],[-106.59077,34.36937],[-106.58993,34.36949],[-106.59025,34.36901],[-106.58916,34.36819],[-106.58965,34.36705],[-106.58909,34.36647],[-106.59318,34.36567],[-106.59549,34.36625],[-106.59523,34.36523],[-106.59401,34.36383],[-106.59294,34.36318],[-106.5902,34.36399],[-106.5886,34.36338],[-106.58805,34.36266],[-106.5889,34.36107],[-106.58966,34.36093],[-106.58967,34.36089],[-106.58967,34.36086],[-106.58966,34.36093],[-106.58966,34.36094],[-106.58966,34.36094],[-106.5903,34.36062],[-106.59101,34.35986],[-106.59171,34.35981],[-106.59211,34.35876],[-106.5934,34.35802],[-106.59364,34.35712],[-106.59608,34.35809],[-106.59642,34.35699],[-106.59588,34.35663],[-106.59599,34.3562],[-106.59701,34.35573],[-106.59805,34.35366],[-106.60102,34.35448],[-106.60312,34.35445],[-106.60944,34.35664],[-106.61034,34.35742],[-106.61418,34.35887],[-106.62151,34.36391],[-106.61951,34.36569],[-106.61607,34.37065],[-106.61555,34.37081],[-106.61048,34.36958],[-106.6089,34.36875],[-106.60034,34.36953],[-106.59473,34.37161]]],[[[-106.58966,34.36093],[-106.58967,34.36089],[-106.58966,34.36094],[-106.58966,34.36093]]],[[[-106.58966,34.36088],[-106.58966,34.36089],[-106.58966,34.36088],[-106.58966,34.36088]]],[[[-106.59379,34.36375],[-106.5938,34.36378],[-106.5938,34.36379],[-106.59379,34.36375]]]]},"bbox":[-106.62151,34.35366,-106.58805,34.37177]},{"type":"Feature","id":46431,"properties":{"y":2016,"n":"San Pasqual","ag":"FWS","ac":809.1,"c":14,"cl":"Unknown","ad":"2016-08-11","cd":"","st":"NM","se":2},"geometry":{"type":"Polygon","coordinates":[[[-106.8981,33.74638],[-106.89882,33.74658],[-106.89858,33.74742],[-106.897,33.74842],[-106.89442,33.75239],[-106.89134,33.7554],[-106.88588,33.75896],[-106.88476,33.75839],[-106.88375,33.75914],[-106.8827,33.75904],[-106.88257,33.75767],[-106.8775,33.76373],[-106.87632,33.76589],[-106.87552,33.76597],[-106.87502,33.76661],[-106.87204,33.76533],[-106.87286,33.76248],[-106.87656,33.758],[-106.87658,33.75677],[-106.87675,33.75784],[-106.87929,33.75514],[-106.88239,33.75324],[-106.88244,33.75242],[-106.88319,33.7522],[-106.88329,33.75056],[-106.88391,33.75035],[-106.88466,33.74804],[-106.88496,33.74846],[-106.88733,33.74505],[-106.88819,33.74332],[-106.88831,33.7418],[-106.88905,33.74095],[-106.8892,33.74411],[-106.89021,33.74301],[-106.89107,33.74325],[-106.89141,33.74254],[-106.89412,33.74092],[-106.89832,33.73524],[-106.89869,33.73372],[-106.90245,33.7332],[-106.90278,33.73282],[-106.90304,33.73325],[-106.90489,33.73311],[-106.90744,33.73234],[-106.90559,33.73562],[-106.90579,33.73598],[-106.90383,33.73789],[-106.9036,33.73977],[-106.90456,33.74068],[-106.90481,33.74164],[-106.90441,33.74237],[-106.90015,33.74465],[-106.8981,33.74638]]]},"bbox":[-106.90759,33.73231,-106.87204,33.76661]},{"type":"Feature","id":46432,"properties":{"y":2018,"n":"North Tour Loop","ag":"FWS","ac":201.9,"c":14,"cl":"Unknown","ad":"2018-08-27","cd":"","st":"NM","se":2},"geometry":{"type":"Polygon","coordinates":[[[-106.87196,33.81381],[-106.88341,33.81488],[-106.88292,33.81729],[-106.88377,33.81976],[-106.88352,33.82156],[-106.88248,33.82358],[-106.8815,33.82424],[-106.87133,33.81688],[-106.87196,33.81381]]]},"bbox":[-106.88379,33.81373,-106.87133,33.82424]},{"type":"Feature","id":46433,"properties":{"y":2019,"n":"Five Points","ag":"FWS","ac":30.9,"c":14,"cl":"Unknown","ad":"2019-07-26","cd":"","st":"NM","se":2},"geometry":{"type":"Polygon","coordinates":[[[-106.69191,34.33313],[-106.69071,34.33381],[-106.69107,34.33416],[-106.69078,34.33455],[-106.68889,34.33361],[-106.68902,34.33321],[-106.68811,34.33231],[-106.68835,34.33193],[-106.68786,34.3317],[-106.68784,34.33058],[-106.68844,34.33032],[-106.6887,34.32949],[-106.69053,34.32936],[-106.6893,34.33001],[-106.68928,34.3304],[-106.68976,34.33036],[-106.68953,34.33108],[-106.69111,34.33036],[-106.69237,34.33056],[-106.69026,34.33187],[-106.69116,34.33192],[-106.69168,34.33144],[-106.69174,34.33218],[-106.6924,34.33204],[-106.69191,34.33313]]]},"bbox":[-106.6924,34.32925,-106.68783,34.33456]},{"type":"Feature","id":46434,"properties":{"y":2020,"n":"River","ag":"PRI","ac":18.1,"c":14,"cl":"Unknown","ad":"2020-03-30","cd":"","st":"NM","se":1},"geometry":{"type":"MultiPolygon","coordinates":[[[[-104.38162,33.3694],[-104.38126,33.36965],[-104.38097,33.36949],[-104.38162,33.3694]]],[[[-104.39852,33.39327],[-104.39727,33.39317],[-104.39795,33.39199],[-104.40016,33.39006],[-104.40066,33.39109],[-104.40046,33.39192],[-104.39852,33.39327]]],[[[-104.40089,33.37744],[-104.40184,33.3775],[-104.40237,33.37875],[-104.40135,33.3785],[-104.40089,33.37744]]]]},"bbox":[-104.4024,33.3694,-104.38097,33.39327]},{"type":"Feature","id":46435,"properties":{"y":2019,"n":"Nmsnr-Fy19-Rx-Ibwc","ag":"OTH","ac":12.8,"c":14,"cl":"Unknown","ad":"2020-07-15","cd":"","st":"NM","se":2},"geometry":{"type":"Polygon","coordinates":[[[-107.12198,32.6695],[-107.12314,32.67081],[-107.12607,32.67299],[-107.12475,32.67353],[-107.12153,32.67048],[-107.12198,32.6695]]]},"bbox":[-107.12607,32.6695,-107.12153,32.67353]},{"type":"Feature","id":46436,"properties":{"y":2018,"n":"Nmbtr-Fy19-Rx-Bitter Cr.","ag":"FWS","ac":5.2,"c":14,"cl":"Unknown","ad":"2020-02-22","cd":"","st":"NM","se":4},"geometry":{"type":"MultiPolygon","coordinates":[[[[-104.42364,33.47391],[-104.42206,33.47419],[-104.4214,33.47392],[-104.42364,33.47391]]],[[[-104.42465,33.48308],[-104.4264,33.48276],[-104.42612,33.48353],[-104.42514,33.4843],[-104.42543,33.48357],[-104.42465,33.48308]]]]},"bbox":[-104.4264,33.47373,-104.4214,33.4843]},{"type":"Feature","id":46437,"properties":{"y":2018,"n":"Nmmxr-Fy19-Rx-Maxwell Canals","ag":"FWS","ac":10.1,"c":14,"cl":"Unknown","ad":"2020-03-28","cd":"","st":"NM","se":1},"geometry":{"type":"Polygon","coordinates":[[[-104.59,36.59018],[-104.59157,36.5873],[-104.59165,36.58529],[-104.58731,36.57337],[-104.59182,36.58543],[-104.5916,36.58779],[-104.59,36.59018]]]},"bbox":[-104.59189,36.57337,-104.5873,36.59022]},{"type":"Feature","id":46438,"properties":{"y":2018,"n":"Nmlvr-Fy19-Rx-East Lateral","ag":"FWS","ac":2.7,"c":14,"cl":"Unknown","ad":"2020-03-27","cd":"","st":"NM","se":1},"geometry":{"type":"Polygon","coordinates":[[[-105.1473,35.52123],[-105.14726,35.52269],[-105.14788,35.52409],[-105.14869,35.52524],[-105.15013,35.52514],[-105.15061,35.52527],[-105.15126,35.52574],[-105.15167,35.52648],[-105.15168,35.52752],[-105.15111,35.52572],[-105.15042,35.52534],[-105.14876,35.52542],[-105.14845,35.52514],[-105.14719,35.52301],[-105.1473,35.52123]]]},"bbox":[-105.15168,35.52123,-105.14708,35.52754]},{"type":"Feature","id":46440,"properties":{"y":2019,"n":"Nmbdr-Fy19-Rx-Standing Live","ag":"FWS","ac":34.8,"c":14,"cl":"Unknown","ad":"2020-04-15","cd":"","st":"NM","se":1},"geometry":{"type":"Polygon","coordinates":[[[-106.90554,33.74148],[-106.90478,33.7402],[-106.90517,33.73976],[-106.9041,33.73795],[-106.90635,33.73603],[-106.90757,33.73697],[-106.90736,33.73754],[-106.90872,33.73853],[-106.90711,33.74047],[-106.90554,33.74148]]]},"bbox":[-106.90872,33.73603,-106.9041,33.74148]},{"type":"Feature","id":46441,"properties":{"y":2018,"n":"Nmbtr-Fy19-Rx-Unit 5","ag":"FWS","ac":121.5,"c":14,"cl":"Unknown","ad":"2020-02-25","cd":"","st":"NM","se":4},"geometry":{"type":"Polygon","coordinates":[[[-104.40275,33.4605],[-104.3961,33.46115],[-104.39644,33.45779],[-104.39534,33.4534],[-104.39562,33.45169],[-104.40058,33.4529],[-104.40126,33.45475],[-104.4012,33.45626],[-104.40275,33.4605]]]},"bbox":[-104.40275,33.45169,-104.39534,33.46115]},{"type":"Feature","id":46442,"properties":{"y":2018,"n":"Nmlvr-Fy19-Rx-Bentley Canal","ag":"FWS","ac":15.7,"c":14,"cl":"Unknown","ad":"2020-03-27","cd":"","st":"NM","se":1},"geometry":{"type":"Polygon","coordinates":[[[-105.16928,35.56245],[-105.1639,35.56087],[-105.16144,35.56259],[-105.15922,35.56247],[-105.15809,35.56121],[-105.15791,35.5585],[-105.15886,35.55769],[-105.15804,35.55908],[-105.15831,35.56097],[-105.1593,35.56218],[-105.16125,35.56229],[-105.16374,35.56021],[-105.16928,35.56245]]]},"bbox":[-105.16933,35.5576,-105.15786,35.56273]},{"type":"Feature","id":46443,"properties":{"y":2024,"n":"Mosquito","ag":"FWS","ac":0.0,"c":14,"cl":"Unknown","ad":"2024-07-01","cd":"","st":"NM","se":2},"geometry":{"type":"Polygon","coordinates":[[[-106.89021,33.74923],[-106.8904,33.7493],[-106.89019,33.74929],[-106.89021,33.74923]]]},"bbox":[-106.8904,33.74922,-106.89019,33.74931]},{"type":"Feature","id":46444,"properties":{"y":2024,"n":"San Acacia","ag":"FWS","ac":99.2,"c":14,"cl":"Unknown","ad":"2024-07-22","cd":"","st":"NM","se":2},"geometry":{"type":"Polygon","coordinates":[[[-106.89535,34.24746],[-106.89466,34.24955],[-106.89449,34.24906],[-106.89338,34.24865],[-106.89242,34.24674],[-106.89303,34.24556],[-106.88954,34.24136],[-106.89024,34.24101],[-106.89051,34.23957],[-106.89183,34.23872],[-106.89423,34.23896],[-106.89453,34.24103],[-106.89712,34.24296],[-106.89636,34.24556],[-106.89575,34.24533],[-106.89565,34.24471],[-106.89468,34.24484],[-106.89454,34.24562],[-106.89535,34.24746]]]},"bbox":[-106.89712,34.23859,-106.88954,34.24955]},{"type":"Feature","id":46445,"properties":{"y":2024,"n":"Tr 86","ag":"BIA","ac":77.0,"c":14,"cl":"Unknown","ad":"2024-09-18","cd":"","st":"NM","se":3},"geometry":{"type":"Polygon","coordinates":[[[-106.68449,34.92544],[-106.68533,34.92603],[-106.68555,34.92707],[-106.68714,34.92725],[-106.68764,34.92791],[-106.68714,34.92849],[-106.6889,34.92939],[-106.68753,34.92964],[-106.68756,34.93003],[-106.6886,34.93029],[-106.68663,34.93016],[-106.68735,34.93131],[-106.68672,34.93164],[-106.68665,34.93361],[-106.68823,34.93385],[-106.68738,34.93383],[-106.68687,34.93451],[-106.68785,34.93513],[-106.68754,34.93606],[-106.68552,34.93598],[-106.6853,34.93265],[-106.6821,34.92889],[-106.68207,34.92851],[-106.68412,34.9258],[-106.68449,34.92544]],[[-106.68344,34.9267],[-106.68345,34.9267],[-106.68344,34.9267],[-106.68344,34.9267]]]},"bbox":[-106.6889,34.92544,-106.68206,34.93607]},{"type":"Feature","id":46446,"properties":{"y":2024,"n":"Silver","ag":"BIA","ac":99.0,"c":14,"cl":"Unknown","ad":"2024-09-18","cd":"","st":"NM","se":3},"geometry":{"type":"Polygon","coordinates":[[[-107.47223,35.27219],[-107.4737,35.27282],[-107.47353,35.27625],[-107.47289,35.27687],[-107.47241,35.27657],[-107.47217,35.27754],[-107.47152,35.27784],[-107.47183,35.27683],[-107.4715,35.27658],[-107.46931,35.27668],[-107.46867,35.27617],[-107.46933,35.27536],[-107.46889,35.27547],[-107.46881,35.27487],[-107.46703,35.27479],[-107.46681,35.27385],[-107.46717,35.27362],[-107.46631,35.27354],[-107.46651,35.27292],[-107.4653,35.27253],[-107.46499,35.27085],[-107.46582,35.27],[-107.46649,35.27046],[-107.46809,35.27047],[-107.4693,35.26991],[-107.47039,35.27017],[-107.47223,35.27219]],[[-107.46718,35.27366],[-107.46718,35.27366],[-107.46718,35.27366],[-107.46718,35.27366]],[[-107.46718,35.27366],[-107.46718,35.27366],[-107.46718,35.27366],[-107.46718,35.27366]]]},"bbox":[-107.47378,35.26989,-107.46499,35.27784]},{"type":"Feature","id":46447,"properties":{"y":2023,"n":"Adair","ag":"USFS","ac":0.8,"c":14,"cl":"Unknown","ad":"2024-03-14","cd":"","st":"NM","se":1},"geometry":{"type":"Polygon","coordinates":[[[-108.93462,33.7566],[-108.93516,33.75706],[-108.93484,33.75737],[-108.93442,33.75712],[-108.93462,33.7566]]]},"bbox":[-108.93516,33.75652,-108.93442,33.75737]},{"type":"Feature","id":46448,"properties":{"y":2023,"n":"Capilla Peak","ag":"USFS","ac":0.0,"c":14,"cl":"Unknown","ad":"2023-08-15","cd":"","st":"NM","se":2},"geometry":{"type":"MultiPolygon","coordinates":[[[[-106.39674,34.69934],[-106.39656,34.69932],[-106.39652,34.69924],[-106.39674,34.69934]]],[[[-106.39653,34.69923],[-106.39662,34.69924],[-106.39665,34.69926],[-106.39653,34.69923]]],[[[-106.39676,34.69911],[-106.39679,34.6991],[-106.39676,34.69911],[-106.39676,34.69911]]],[[[-106.39676,34.69911],[-106.39667,34.69902],[-106.39677,34.69905],[-106.39676,34.69911]]]]},"bbox":[-106.39679,34.69901,-106.39652,34.69935]},{"type":"Feature","id":46449,"properties":{"y":2023,"n":"Venado","ag":"USFS","ac":0.1,"c":14,"cl":"Unknown","ad":"2023-09-02","cd":"","st":"NM","se":3},"geometry":{"type":"MultiPolygon","coordinates":[[[[-106.77474,35.72887],[-106.77471,35.72894],[-106.77473,35.72887],[-106.77474,35.72887]]],[[[-106.77474,35.72887],[-106.77485,35.72872],[-106.77478,35.72888],[-106.77474,35.72887]]],[[[-106.77473,35.72887],[-106.77464,35.72866],[-106.7748,35.72868],[-106.77473,35.72887]]],[[[-106.77471,35.72894],[-106.7747,35.72897],[-106.77467,35.72898],[-106.77471,35.72894]]]]},"bbox":[-106.77485,35.72862,-106.77464,35.72898]},{"type":"Feature","id":46450,"properties":{"y":2023,"n":"5583","ag":"USFS","ac":0.0,"c":14,"cl":"Unknown","ad":"2023-05-17","cd":"","st":"NM","se":1},"geometry":{"type":"Polygon","coordinates":[[[-105.61119,32.96354],[-105.61116,32.96346],[-105.61124,32.96349],[-105.61119,32.96354]]]},"bbox":[-105.61124,32.96346,-105.61109,32.96354]},{"type":"Feature","id":46451,"properties":{"y":2023,"n":"Quaking","ag":"USFS","ac":1.7,"c":14,"cl":"Unknown","ad":"2023-08-17","cd":"","st":"NM","se":2},"geometry":{"type":"Polygon","coordinates":[[[-107.86231,32.94784],[-107.8627,32.94726],[-107.86368,32.94723],[-107.86323,32.94785],[-107.86231,32.94784]]]},"bbox":[-107.86368,32.94708,-107.86231,32.94801]},{"type":"Feature","id":46452,"properties":{"y":2024,"n":"Williams","ag":"USFS","ac":0.0,"c":14,"cl":"Unknown","ad":"2024-07-15","cd":"","st":"NM","se":2},"geometry":{"type":"Polygon","coordinates":[[[-107.78698,34.28201],[-107.78709,34.2821],[-107.78699,34.2821],[-107.78698,34.28201]]]},"bbox":[-107.78713,34.282,-107.78697,34.28211]}]}