{"type":"FeatureCollection","features":[{"type":"Feature","id":27917,"properties":{"y":2016,"n":"Saul","ag":"USFS","ac":463.6,"c":14,"cl":"Unknown","ad":"2016-10-20","cd":"","st":"WA","se":3},"geometry":{"type":"Polygon","coordinates":[[[-120.98121,47.99938],[-120.98182,47.99532],[-120.98297,47.9951],[-120.98982,47.99562],[-120.99255,47.99531],[-120.99404,47.99468],[-120.99516,47.99343],[-120.99424,47.9931],[-120.99846,47.99009],[-121.00253,47.99097],[-121.00188,47.9939],[-121.00256,47.99695],[-121.00255,48.00149],[-121.00325,48.00528],[-121.00205,48.00634],[-120.99909,48.00644],[-120.9845,48.00254],[-120.98189,48.00049],[-120.98121,47.99938]]]},"bbox":[-121.00335,47.99009,-120.98109,48.00655]},{"type":"Feature","id":27919,"properties":{"y":2016,"n":"Middle Harvey","ag":"USFS","ac":15.3,"c":14,"cl":"Unknown","ad":"2016-10-24","cd":"","st":"WA","se":3},"geometry":{"type":"Polygon","coordinates":[[[-117.19434,48.75692],[-117.19243,48.75589],[-117.19219,48.75429],[-117.19308,48.75415],[-117.19399,48.75464],[-117.19487,48.7543],[-117.19712,48.75504],[-117.19657,48.75569],[-117.19494,48.75609],[-117.19434,48.75692]]]},"bbox":[-117.19715,48.75415,-117.1921,48.75692]},{"type":"Feature","id":27920,"properties":{"y":2016,"n":"Halfway","ag":"USFS","ac":107.9,"c":14,"cl":"Unknown","ad":"2016-10-14","cd":"","st":"WA","se":3},"geometry":{"type":"Polygon","coordinates":[[[-121.0897,46.96349],[-121.09419,46.96167],[-121.09488,46.96037],[-121.09709,46.96014],[-121.09846,46.96555],[-121.09724,46.96608],[-121.09892,46.96677],[-121.09701,46.97058],[-121.09404,46.96868],[-121.09221,46.96624],[-121.09023,46.96502],[-121.0897,46.96349]]]},"bbox":[-121.09892,46.96014,-121.0897,46.97058]},{"type":"Feature","id":27921,"properties":{"y":2015,"n":"Hall Mountain","ag":"USFS","ac":39.1,"c":14,"cl":"Unknown","ad":"2015-10-04","cd":"","st":"WA","se":3},"geometry":{"type":"Polygon","coordinates":[[[-117.25501,48.81565],[-117.25433,48.81381],[-117.25557,48.81062],[-117.25815,48.80985],[-117.26004,48.81015],[-117.25978,48.81124],[-117.25844,48.81206],[-117.25842,48.81376],[-117.25591,48.81575],[-117.25501,48.81565]]]},"bbox":[-117.26009,48.80985,-117.25433,48.81581]},{"type":"Feature","id":27926,"properties":{"y":2015,"n":"Slate Creek","ag":"USFS","ac":166.8,"c":14,"cl":"Unknown","ad":"2016-02-24","cd":"","st":"WA","se":4},"geometry":{"type":"Polygon","coordinates":[[[-117.20724,48.9193],[-117.21127,48.91676],[-117.21335,48.9169],[-117.21495,48.91495],[-117.21731,48.91602],[-117.21988,48.91634],[-117.22063,48.91737],[-117.22278,48.91807],[-117.2206,48.92007],[-117.21997,48.92154],[-117.21839,48.922],[-117.21869,48.92366],[-117.21807,48.92394],[-117.21478,48.92353],[-117.21306,48.92142],[-117.21199,48.92106],[-117.20942,48.92117],[-117.20749,48.92248],[-117.20483,48.92035],[-117.20491,48.91967],[-117.20724,48.9193]]]},"bbox":[-117.22278,48.91495,-117.20473,48.92395]},{"type":"Feature","id":27929,"properties":{"y":2015,"n":"Baldy","ag":"USFS","ac":514.5,"c":14,"cl":"Unknown","ad":"2016-02-24","cd":"","st":"WA","se":4},"geometry":{"type":"Polygon","coordinates":[[[-117.48429,48.81973],[-117.48429,48.81885],[-117.48336,48.81842],[-117.48415,48.8181],[-117.48404,48.81702],[-117.48207,48.81609],[-117.48012,48.81599],[-117.47964,48.81479],[-117.47825,48.81443],[-117.47856,48.8135],[-117.47811,48.81325],[-117.47853,48.81269],[-117.47929,48.81266],[-117.4792,48.81203],[-117.48107,48.81218],[-117.48176,48.81319],[-117.4832,48.81273],[-117.48758,48.81279],[-117.4877,48.81328],[-117.48913,48.81345],[-117.48971,48.8141],[-117.49225,48.81398],[-117.49174,48.8133],[-117.49226,48.81306],[-117.49369,48.81339],[-117.49598,48.81297],[-117.4975,48.81343],[-117.49789,48.81305],[-117.49932,48.81351],[-117.50006,48.81338],[-117.49984,48.81285],[-117.50024,48.81262],[-117.50234,48.81217],[-117.50389,48.81268],[-117.50664,48.81232],[-117.50787,48.81287],[-117.5087,48.81273],[-117.50917,48.81384],[-117.51008,48.81381],[-117.50939,48.8151],[-117.5097,48.81558],[-117.50847,48.81692],[-117.50726,48.81695],[-117.50683,48.81752],[-117.50667,48.81707],[-117.50465,48.81728],[-117.50434,48.81844],[-117.5077,48.81995],[-117.50958,48.82113],[-117.50954,48.82171],[-117.51048,48.82168],[-117.51033,48.82218],[-117.51105,48.82234],[-117.51018,48.82324],[-117.5095,48.82278],[-117.50883,48.82297],[-117.50838,48.82228],[-117.50691,48.8228],[-117.50625,48.82213],[-117.50553,48.82229],[-117.5055,48.82169],[-117.50502,48.82198],[-117.50456,48.82168],[-117.5031,48.82248],[-117.50291,48.82324],[-117.50185,48.82316],[-117.50064,48.82379],[-117.49777,48.82312],[-117.49795,48.82261],[-117.49741,48.82245],[-117.49532,48.82304],[-117.49493,48.82276],[-117.49358,48.82379],[-117.49215,48.82363],[-117.49122,48.82422],[-117.49037,48.82352],[-117.48937,48.82362],[-117.48768,48.82291],[-117.48739,48.82237],[-117.48619,48.82263],[-117.48653,48.82094],[-117.48429,48.81973]]]},"bbox":[-117.51105,48.81191,-117.47809,48.82422]},{"type":"Feature","id":27932,"properties":{"y":2015,"n":"Grease Creek","ag":"USFS","ac":633.2,"c":14,"cl":"Unknown","ad":"2016-02-24","cd":"","st":"WA","se":4},"geometry":{"type":"MultiPolygon","coordinates":[[[[-117.20929,48.79762],[-117.20244,48.79696],[-117.20191,48.79592],[-117.20271,48.79513],[-117.20218,48.79482],[-117.20249,48.79417],[-117.20204,48.79353],[-117.19859,48.79474],[-117.19739,48.79464],[-117.19681,48.79396],[-117.19658,48.79117],[-117.19534,48.78922],[-117.1928,48.78847],[-117.19097,48.78912],[-117.18961,48.78888],[-117.18802,48.78802],[-117.18808,48.78604],[-117.18957,48.78435],[-117.19175,48.78335],[-117.1932,48.78397],[-117.19716,48.78323],[-117.19763,48.78423],[-117.19925,48.78461],[-117.19854,48.78546],[-117.20161,48.78616],[-117.20205,48.78726],[-117.20449,48.78727],[-117.20467,48.7882],[-117.2061,48.78864],[-117.20467,48.7886],[-117.20435,48.79021],[-117.20486,48.79064],[-117.20478,48.79205],[-117.20589,48.79266],[-117.20691,48.79406],[-117.20784,48.79419],[-117.2076,48.7946],[-117.20845,48.79468],[-117.20853,48.7954],[-117.20966,48.79619],[-117.20904,48.79678],[-117.20929,48.79762]]],[[[-117.20549,48.81397],[-117.20292,48.80835],[-117.20433,48.80644],[-117.20747,48.80469],[-117.208,48.80395],[-117.20865,48.80219],[-117.20686,48.80226],[-117.20821,48.80115],[-117.20928,48.80117],[-117.20951,48.79863],[-117.21013,48.79838],[-117.21486,48.80078],[-117.21655,48.80078],[-117.21852,48.80144],[-117.21634,48.80515],[-117.21666,48.80572],[-117.21897,48.8064],[-117.21966,48.80763],[-117.21877,48.80814],[-117.21607,48.80765],[-117.21404,48.80819],[-117.21515,48.81007],[-117.21649,48.80973],[-117.21779,48.81005],[-117.21814,48.81059],[-117.21641,48.81261],[-117.21201,48.81353],[-117.21162,48.81403],[-117.21384,48.81699],[-117.21316,48.8177],[-117.21031,48.81794],[-117.20581,48.81578],[-117.20549,48.81397]]]]},"bbox":[-117.21966,48.78323,-117.18799,48.81799]},{"type":"Feature","id":27934,"properties":{"y":2015,"n":"North Boulder 2","ag":"USFS","ac":232.2,"c":14,"cl":"Unknown","ad":"2016-02-24","cd":"","st":"WA","se":4},"geometry":{"type":"Polygon","coordinates":[[[-118.26869,48.84928],[-118.26545,48.84712],[-118.26453,48.84692],[-118.26492,48.84598],[-118.263,48.8457],[-118.2628,48.84498],[-118.26227,48.84486],[-118.26285,48.84402],[-118.26233,48.84338],[-118.26269,48.84233],[-118.26224,48.84219],[-118.26272,48.84202],[-118.26256,48.84165],[-118.26341,48.84181],[-118.26265,48.84103],[-118.26389,48.83965],[-118.26537,48.83919],[-118.26665,48.84063],[-118.26765,48.84014],[-118.2687,48.84087],[-118.2697,48.84013],[-118.26993,48.84082],[-118.27099,48.8401],[-118.27248,48.83994],[-118.27242,48.84035],[-118.27462,48.84059],[-118.27522,48.84114],[-118.27628,48.84097],[-118.27679,48.8425],[-118.27769,48.84226],[-118.27778,48.8428],[-118.27853,48.84307],[-118.27847,48.8424],[-118.27936,48.8421],[-118.27915,48.84339],[-118.27841,48.84414],[-118.27949,48.84435],[-118.27934,48.84514],[-118.27794,48.84623],[-118.27627,48.84614],[-118.27569,48.84667],[-118.27571,48.84736],[-118.27464,48.84805],[-118.27464,48.8493],[-118.27238,48.84838],[-118.26869,48.84928]]]},"bbox":[-118.27949,48.83919,-118.26224,48.8493]},{"type":"Feature","id":27937,"properties":{"y":2008,"n":"Spud Hill","ag":"USFS","ac":959.4,"c":14,"cl":"Unknown","ad":"2008-07-01","cd":"","st":"WA","se":2},"geometry":{"type":"MultiPolygon","coordinates":[[[[-121.70605,46.32487],[-121.71008,46.32481],[-121.71507,46.32602],[-121.71542,46.3273],[-121.71234,46.32799],[-121.71052,46.32909],[-121.71336,46.33076],[-121.7134,46.33226],[-121.71002,46.33295],[-121.70658,46.33214],[-121.70375,46.33069],[-121.70679,46.32893],[-121.70769,46.32784],[-121.70486,46.32639],[-121.70605,46.32487]]],[[[-121.71822,46.34762],[-121.71542,46.34723],[-121.71294,46.34748],[-121.7101,46.34581],[-121.7094,46.34325],[-121.71248,46.34256],[-121.71621,46.34293],[-121.71584,46.34079],[-121.71731,46.33841],[-121.71972,46.33602],[-121.72371,46.33489],[-121.73151,46.3367],[-121.73374,46.3386],[-121.73567,46.34071],[-121.73349,46.34053],[-121.72887,46.34124],[-121.72641,46.34214],[-121.72582,46.343],[-121.73492,46.34651],[-121.74177,46.34769],[-121.7413,46.35241],[-121.73988,46.35651],[-121.73718,46.35933],[-121.7315,46.3562],[-121.72091,46.35465],[-121.71833,46.35126],[-121.71822,46.34762]]]]},"bbox":[-121.74177,46.32481,-121.70375,46.35933]},{"type":"Feature","id":27940,"properties":{"y":1978,"n":"Unnamed","ag":"USFS","ac":141.7,"c":14,"cl":"Unknown","ad":"2008-07-01","cd":"","st":"WA","se":2},"geometry":{"type":"Polygon","coordinates":[[[-122.13408,45.88654],[-122.13854,45.8869],[-122.14012,45.88643],[-122.14195,45.88776],[-122.14249,45.89023],[-122.13865,45.89464],[-122.13717,45.89522],[-122.13458,45.8949],[-122.13278,45.89196],[-122.1324,45.88911],[-122.13408,45.88654]]]},"bbox":[-122.14249,45.88643,-122.1324,45.89522]},{"type":"Feature","id":27947,"properties":{"y":2017,"n":"Barnaby","ag":"USFS","ac":43.2,"c":14,"cl":"Unknown","ad":"2017-07-16","cd":"","st":"WA","se":2},"geometry":{"type":"Polygon","coordinates":[[[-118.35354,48.51962],[-118.35476,48.51893],[-118.35675,48.51924],[-118.35645,48.52117],[-118.35516,48.52169],[-118.35437,48.52298],[-118.35338,48.52304],[-118.35335,48.52345],[-118.35135,48.52323],[-118.34953,48.52418],[-118.34943,48.523],[-118.3486,48.52278],[-118.34865,48.52193],[-118.35116,48.52137],[-118.35158,48.52028],[-118.35378,48.52014],[-118.35354,48.51962]]]},"bbox":[-118.35684,48.51893,-118.3486,48.52419]},{"type":"Feature","id":27948,"properties":{"y":2018,"n":"Tommy","ag":"USFS","ac":11.8,"c":14,"cl":"Unknown","ad":"2018-09-28","cd":"","st":"WA","se":3},"geometry":{"type":"Polygon","coordinates":[[[-120.58269,47.92649],[-120.58155,47.92617],[-120.58206,47.92649],[-120.58166,47.92687],[-120.58165,47.92651],[-120.58014,47.92597],[-120.58218,47.92574],[-120.58257,47.9254],[-120.58227,47.92465],[-120.58358,47.9246],[-120.58421,47.92403],[-120.58661,47.92446],[-120.58389,47.92537],[-120.5839,47.92584],[-120.58304,47.92576],[-120.58349,47.92589],[-120.58269,47.92649]]]},"bbox":[-120.58661,47.92401,-120.58014,47.92687]},{"type":"Feature","id":27949,"properties":{"y":2018,"n":"White Pine","ag":"USFS","ac":70.0,"c":14,"cl":"Unknown","ad":"2018-11-06","cd":"","st":"WA","se":3},"geometry":{"type":"MultiPolygon","coordinates":[[[[-121.00159,47.73153],[-121.00319,47.73095],[-121.00559,47.73404],[-121.00339,47.73299],[-121.00159,47.73153]]],[[[-121.01121,47.73343],[-121.00722,47.73456],[-121.00672,47.73423],[-121.00709,47.73325],[-121.00319,47.73064],[-121.00356,47.72903],[-121.00754,47.72915],[-121.00961,47.73099],[-121.01242,47.73156],[-121.01275,47.73205],[-121.01173,47.73234],[-121.0122,47.73438],[-121.01137,47.73513],[-121.01112,47.73445],[-121.01159,47.73405],[-121.01121,47.73343]]]]},"bbox":[-121.01275,47.72885,-121.00159,47.73513]},{"type":"Feature","id":27950,"properties":{"y":2018,"n":"Estes Ridge","ag":"USFS","ac":26.6,"c":14,"cl":"Unknown","ad":"2018-11-06","cd":"","st":"WA","se":3},"geometry":{"type":"Polygon","coordinates":[[[-120.81283,48.0333],[-120.80991,48.03364],[-120.8092,48.03286],[-120.80966,48.03239],[-120.81195,48.03269],[-120.813,48.03205],[-120.81371,48.03039],[-120.81652,48.02989],[-120.81733,48.03033],[-120.81749,48.03068],[-120.81616,48.03204],[-120.81283,48.0333]]]},"bbox":[-120.81749,48.02989,-120.8092,48.03364]},{"type":"Feature","id":27953,"properties":{"y":2017,"n":"North Mill","ag":"USFS","ac":45.9,"c":14,"cl":"Unknown","ad":"2017-11-03","cd":"","st":"WA","se":3},"geometry":{"type":"MultiPolygon","coordinates":[[[[-117.69815,48.68263],[-117.69803,48.68166],[-117.69975,48.68253],[-117.70344,48.68114],[-117.70571,48.68282],[-117.70352,48.68394],[-117.69963,48.68447],[-117.69815,48.68263]]],[[[-117.70934,48.68111],[-117.70746,48.68066],[-117.70821,48.68021],[-117.70795,48.67969],[-117.7127,48.67923],[-117.713,48.67954],[-117.71285,48.68055],[-117.71227,48.68104],[-117.70977,48.68072],[-117.70934,48.68111]]]]},"bbox":[-117.713,48.67923,-117.69803,48.68447]},{"type":"Feature","id":27955,"properties":{"y":2017,"n":"Chumyon","ag":"USFS","ac":748.2,"c":14,"cl":"Unknown","ad":"2017-10-09","cd":"","st":"WA","se":3},"geometry":{"type":"Polygon","coordinates":[[[-120.5288,47.6582],[-120.52989,47.65818],[-120.53044,47.65735],[-120.53318,47.66002],[-120.53415,47.66159],[-120.53288,47.66457],[-120.53117,47.66613],[-120.52922,47.66628],[-120.52807,47.66825],[-120.52607,47.6681],[-120.52351,47.66628],[-120.52132,47.66654],[-120.51944,47.66755],[-120.51826,47.66649],[-120.51485,47.6659],[-120.5123,47.66436],[-120.50958,47.6648],[-120.50907,47.6666],[-120.50734,47.66636],[-120.50815,47.66772],[-120.50651,47.66806],[-120.50534,47.66738],[-120.50374,47.66797],[-120.5032,47.66699],[-120.49958,47.66705],[-120.49904,47.666],[-120.49751,47.66535],[-120.49494,47.66579],[-120.49384,47.66427],[-120.49306,47.66395],[-120.49359,47.66229],[-120.49357,47.65932],[-120.49512,47.65868],[-120.49806,47.65838],[-120.50296,47.65664],[-120.51085,47.65706],[-120.51548,47.65648],[-120.51624,47.6562],[-120.51593,47.65586],[-120.51779,47.6551],[-120.51984,47.65565],[-120.52085,47.6551],[-120.52854,47.65725],[-120.5288,47.6582]],[[-120.5288,47.6582],[-120.52495,47.65775],[-120.52369,47.65835],[-120.52544,47.66058],[-120.52725,47.66121],[-120.52833,47.66019],[-120.5288,47.6582]]]},"bbox":[-120.53415,47.65509,-120.49306,47.66826]},{"type":"Feature","id":27957,"properties":{"y":2018,"n":"Little Camas","ag":"USFS","ac":316.9,"c":14,"cl":"Unknown","ad":"2018-11-05","cd":"","st":"WA","se":3},"geometry":{"type":"Polygon","coordinates":[[[-120.56991,47.42928],[-120.56863,47.42979],[-120.56789,47.42903],[-120.5642,47.42842],[-120.56247,47.42925],[-120.56177,47.42881],[-120.56091,47.43079],[-120.55822,47.43103],[-120.5579,47.43046],[-120.55929,47.43032],[-120.55859,47.42813],[-120.5575,47.42803],[-120.55641,47.42712],[-120.55753,47.426],[-120.56266,47.42628],[-120.56341,47.42556],[-120.56179,47.42506],[-120.56089,47.42417],[-120.56229,47.42375],[-120.56119,47.42199],[-120.56273,47.42162],[-120.56493,47.42222],[-120.56433,47.42071],[-120.56475,47.42012],[-120.56833,47.42174],[-120.56943,47.42156],[-120.57009,47.42035],[-120.57228,47.42093],[-120.5726,47.4204],[-120.57338,47.4203],[-120.57336,47.41971],[-120.57537,47.41961],[-120.57701,47.42038],[-120.57764,47.42129],[-120.57915,47.42133],[-120.5799,47.42196],[-120.5783,47.42254],[-120.57902,47.42303],[-120.57881,47.42364],[-120.57947,47.42372],[-120.57937,47.42428],[-120.5784,47.42479],[-120.5789,47.42573],[-120.57785,47.42616],[-120.57828,47.42743],[-120.57757,47.42765],[-120.57869,47.42839],[-120.57879,47.42898],[-120.57753,47.42935],[-120.57624,47.42894],[-120.57613,47.42949],[-120.5754,47.42966],[-120.57292,47.42818],[-120.57258,47.42889],[-120.57156,47.4294],[-120.56991,47.42928]]]},"bbox":[-120.57995,47.41961,-120.55639,47.43104]},{"type":"Feature","id":27958,"properties":{"y":2018,"n":"Kettle River","ag":"USFS","ac":48.9,"c":14,"cl":"Unknown","ad":"2018-10-30","cd":"","st":"WA","se":3},"geometry":{"type":"Polygon","coordinates":[[[-118.78855,48.96613],[-118.78854,48.96779],[-118.7894,48.96749],[-118.78986,48.96768],[-118.78988,48.96841],[-118.79048,48.96853],[-118.79156,48.96811],[-118.79201,48.9689],[-118.79122,48.96941],[-118.78805,48.96973],[-118.78771,48.97015],[-118.78843,48.97083],[-118.78814,48.97102],[-118.7866,48.97087],[-118.78607,48.97038],[-118.78113,48.97041],[-118.78042,48.96984],[-118.78049,48.96935],[-118.78326,48.96928],[-118.78386,48.96855],[-118.78543,48.96814],[-118.7861,48.96683],[-118.78695,48.96629],[-118.78855,48.96613]]]},"bbox":[-118.79202,48.96605,-118.78041,48.97103]},{"type":"Feature","id":27959,"properties":{"y":2018,"n":"Sheep Creek","ag":"USFS","ac":458.7,"c":14,"cl":"Unknown","ad":"2018-11-28","cd":"","st":"WA","se":3},"geometry":{"type":"Polygon","coordinates":[[[-117.85405,48.96044],[-117.85018,48.9606],[-117.84699,48.95884],[-117.84351,48.95922],[-117.83958,48.95875],[-117.83651,48.95939],[-117.8311,48.95807],[-117.82742,48.95888],[-117.82565,48.95867],[-117.82219,48.95923],[-117.8205,48.95919],[-117.82011,48.9582],[-117.82064,48.95735],[-117.82444,48.95597],[-117.82695,48.95361],[-117.83018,48.95267],[-117.83043,48.95217],[-117.83381,48.95265],[-117.83678,48.95188],[-117.83802,48.95237],[-117.83831,48.95171],[-117.84014,48.95149],[-117.83983,48.95343],[-117.84211,48.95488],[-117.84915,48.95425],[-117.85487,48.95142],[-117.85639,48.9517],[-117.85774,48.95097],[-117.85819,48.95211],[-117.8602,48.95177],[-117.86074,48.95209],[-117.85995,48.95625],[-117.8589,48.9584],[-117.85745,48.95966],[-117.85405,48.96044]]]},"bbox":[-117.86074,48.95097,-117.82011,48.96062]},{"type":"Feature","id":27961,"properties":{"y":2018,"n":"Glenn Creek","ag":"USFS","ac":55.5,"c":14,"cl":"Unknown","ad":"2018-10-08","cd":"","st":"WA","se":3},"geometry":{"type":"Polygon","coordinates":[[[-117.46842,48.29557],[-117.47119,48.29464],[-117.47243,48.29485],[-117.47244,48.29401],[-117.47349,48.29402],[-117.47431,48.29263],[-117.47738,48.29522],[-117.47856,48.29519],[-117.47865,48.29832],[-117.47513,48.29728],[-117.47319,48.29744],[-117.47204,48.29662],[-117.46926,48.29638],[-117.46842,48.29557]]]},"bbox":[-117.47884,48.29263,-117.46833,48.29837]},{"type":"Feature","id":27963,"properties":{"y":2018,"n":"Kelly Mountain","ag":"USFS","ac":44.6,"c":14,"cl":"Unknown","ad":"2018-10-15","cd":"","st":"WA","se":3},"geometry":{"type":"MultiPolygon","coordinates":[[[[-118.79051,48.80732],[-118.79092,48.80716],[-118.79118,48.80718],[-118.79085,48.80761],[-118.79051,48.80732]]],[[[-118.79172,48.80771],[-118.79174,48.80762],[-118.79182,48.80768],[-118.79172,48.80771]]],[[[-118.79443,48.80933],[-118.79364,48.8084],[-118.7949,48.80894],[-118.79443,48.80933]]],[[[-118.79699,48.81426],[-118.79504,48.80995],[-118.79628,48.80896],[-118.79746,48.80985],[-118.79808,48.80961],[-118.8002,48.81048],[-118.80141,48.80994],[-118.8015,48.81025],[-118.80012,48.81362],[-118.79924,48.81375],[-118.79855,48.81458],[-118.79699,48.81426]]]]},"bbox":[-118.8015,48.80716,-118.79048,48.81458]},{"type":"Feature","id":27965,"properties":{"y":2018,"n":"Clear Fork","ag":"USFS","ac":132.9,"c":14,"cl":"Unknown","ad":"2018-10-03","cd":"","st":"WA","se":3},"geometry":{"type":"Polygon","coordinates":[[[-121.43907,46.57714],[-121.43916,46.576],[-121.4382,46.5762],[-121.43803,46.57569],[-121.43684,46.57532],[-121.43558,46.57553],[-121.43659,46.57444],[-121.43609,46.57334],[-121.43657,46.57328],[-121.43623,46.57282],[-121.43645,46.57166],[-121.43816,46.57155],[-121.43917,46.5721],[-121.44229,46.5718],[-121.44397,46.57277],[-121.44368,46.57402],[-121.44399,46.57438],[-121.44551,46.57481],[-121.44496,46.57672],[-121.44534,46.57814],[-121.44336,46.57898],[-121.44362,46.57975],[-121.44296,46.58024],[-121.44079,46.5803],[-121.43997,46.58101],[-121.43886,46.5812],[-121.43787,46.58095],[-121.43665,46.57744],[-121.43827,46.57761],[-121.43907,46.57714]]]},"bbox":[-121.44551,46.57155,-121.43558,46.5812]},{"type":"Feature","id":27966,"properties":{"y":2018,"n":"East Wishram","ag":"USFS","ac":51.9,"c":14,"cl":"Unknown","ad":"2018-07-23","cd":"","st":"WA","se":2},"geometry":{"type":"Polygon","coordinates":[[[-120.94095,45.66654],[-120.94353,45.66611],[-120.94518,45.66482],[-120.94837,45.66367],[-120.9491,45.66296],[-120.94893,45.66228],[-120.9501,45.66162],[-120.95618,45.6607],[-120.95686,45.66067],[-120.95704,45.66093],[-120.9556,45.66091],[-120.95539,45.66128],[-120.95628,45.66277],[-120.95086,45.66369],[-120.9503,45.66445],[-120.94626,45.66624],[-120.94359,45.66672],[-120.94095,45.66654]]]},"bbox":[-120.95704,45.66067,-120.94095,45.66672]},{"type":"Feature","id":27967,"properties":{"y":2023,"n":"Carlton Ridge","ag":"USFS","ac":14.9,"c":14,"cl":"Unknown","ad":"2023-10-24","cd":"","st":"WA","se":3},"geometry":{"type":"Polygon","coordinates":[[[-121.49001,46.71528],[-121.4915,46.71585],[-121.49206,46.71683],[-121.49076,46.71731],[-121.48999,46.71927],[-121.48949,46.71862],[-121.48973,46.71703],[-121.48883,46.71769],[-121.48865,46.71616],[-121.49001,46.71528]]]},"bbox":[-121.49206,46.71521,-121.48865,46.71927]},{"type":"Feature","id":27968,"properties":{"y":2023,"n":"Bear Creek","ag":"USFS","ac":32.1,"c":14,"cl":"Unknown","ad":"2023-10-20","cd":"","st":"WA","se":3},"geometry":{"type":"Polygon","coordinates":[[[-121.82033,46.31029],[-121.81875,46.30777],[-121.81963,46.30783],[-121.82046,46.30703],[-121.82218,46.30708],[-121.82244,46.30754],[-121.82184,46.30784],[-121.82285,46.30893],[-121.82336,46.31274],[-121.82156,46.31267],[-121.82168,46.31117],[-121.8204,46.31121],[-121.82033,46.31029]]]},"bbox":[-121.82347,46.30697,-121.81872,46.31292]},{"type":"Feature","id":27969,"properties":{"y":2023,"n":"Mission","ag":"USFS","ac":22.0,"c":14,"cl":"Unknown","ad":"2023-10-24","cd":"","st":"WA","se":3},"geometry":{"type":"Polygon","coordinates":[[[-121.5918,46.48794],[-121.59054,46.48859],[-121.59089,46.4883],[-121.59019,46.48786],[-121.59024,46.48825],[-121.58976,46.48813],[-121.58999,46.4892],[-121.58982,46.4891],[-121.58958,46.48913],[-121.58933,46.48982],[-121.58857,46.48938],[-121.58859,46.4889],[-121.58794,46.48886],[-121.58802,46.48843],[-121.58729,46.48865],[-121.58654,46.48825],[-121.58809,46.48741],[-121.58792,46.48649],[-121.5896,46.48582],[-121.5898,46.48616],[-121.59051,46.48554],[-121.59182,46.48696],[-121.59137,46.48697],[-121.59123,46.48713],[-121.5918,46.48794]]]},"bbox":[-121.59182,46.48554,-121.58654,46.48982]},{"type":"Feature","id":27970,"properties":{"y":2023,"n":"Iron Creek","ag":"USFS","ac":17.9,"c":14,"cl":"Unknown","ad":"2023-10-06","cd":"","st":"WA","se":3},"geometry":{"type":"Polygon","coordinates":[[[-121.98071,46.42773],[-121.98144,46.42607],[-121.98242,46.42599],[-121.98264,46.42714],[-121.9838,46.42737],[-121.98313,46.42862],[-121.98321,46.42945],[-121.98029,46.42943],[-121.98058,46.429],[-121.97982,46.42845],[-121.98044,46.42779],[-121.97992,46.42748],[-121.98071,46.42773]]]},"bbox":[-121.98383,46.42598,-121.97982,46.42963]},{"type":"Feature","id":27971,"properties":{"y":2023,"n":"South Fork","ag":"USFS","ac":10.9,"c":14,"cl":"Unknown","ad":"2023-10-24","cd":"","st":"WA","se":3},"geometry":{"type":"Polygon","coordinates":[[[-121.77657,46.5762],[-121.7786,46.57743],[-121.77849,46.57818],[-121.77733,46.57869],[-121.77522,46.57836],[-121.77521,46.57779],[-121.77603,46.57738],[-121.77657,46.5762]]]},"bbox":[-121.7786,46.5762,-121.77521,46.57869]},{"type":"Feature","id":27972,"properties":{"y":2023,"n":"Border","ag":"USFS","ac":66.0,"c":14,"cl":"Unknown","ad":"2023-11-13","cd":"","st":"WA","se":3},"geometry":{"type":"Polygon","coordinates":[[[-117.21493,48.99946],[-117.20588,48.9993],[-117.20696,48.99729],[-117.20757,48.997],[-117.20732,48.99672],[-117.20807,48.99532],[-117.21278,48.99475],[-117.21394,48.99538],[-117.21431,48.99719],[-117.21501,48.99764],[-117.21538,48.99874],[-117.21493,48.99946]]]},"bbox":[-117.21538,48.99475,-117.20588,48.99946]},{"type":"Feature","id":27973,"properties":{"y":2023,"n":"Jackpot Creek","ag":"USFS","ac":31.7,"c":14,"cl":"Unknown","ad":"2023-10-24","cd":"","st":"WA","se":3},"geometry":{"type":"Polygon","coordinates":[[[-121.71014,46.44229],[-121.71047,46.44306],[-121.70986,46.44338],[-121.70927,46.443],[-121.70924,46.44386],[-121.70861,46.44395],[-121.70576,46.44307],[-121.70556,46.44221],[-121.70659,46.44027],[-121.70956,46.4402],[-121.71162,46.44094],[-121.71014,46.44229]]]},"bbox":[-121.71162,46.4402,-121.70556,46.44395]},{"type":"Feature","id":27974,"properties":{"y":2023,"n":"Salmo Basin","ag":"USFS","ac":86.1,"c":14,"cl":"Unknown","ad":"2023-12-11","cd":"","st":"WA","se":4},"geometry":{"type":"Polygon","coordinates":[[[-117.09102,48.97463],[-117.09055,48.97254],[-117.09286,48.97003],[-117.10287,48.96792],[-117.10249,48.96903],[-117.10087,48.97031],[-117.10156,48.97112],[-117.10143,48.97179],[-117.10026,48.97149],[-117.09373,48.97436],[-117.09102,48.97463]]]},"bbox":[-117.10293,48.96792,-117.09055,48.97463]},{"type":"Feature","id":27977,"properties":{"y":2023,"n":"Chocolate Creek","ag":"USFS","ac":35.2,"c":14,"cl":"Unknown","ad":"2024-01-18","cd":"","st":"WA","se":4},"geometry":{"type":"Polygon","coordinates":[[[-121.0278,48.1195],[-121.03477,48.11965],[-121.03584,48.1191],[-121.03675,48.11951],[-121.03799,48.12113],[-121.03744,48.12151],[-121.03624,48.121],[-121.03414,48.12149],[-121.03194,48.12082],[-121.02937,48.12127],[-121.02848,48.12119],[-121.02693,48.12012],[-121.0278,48.1195]]]},"bbox":[-121.038,48.11905,-121.02693,48.12151]},{"type":"Feature","id":27978,"properties":{"y":2023,"n":"Huckleberry Flats","ag":"USFS","ac":145.3,"c":14,"cl":"Unknown","ad":"2024-02-09","cd":"","st":"WA","se":4},"geometry":{"type":"Polygon","coordinates":[[[-121.40838,48.27822],[-121.40808,48.28013],[-121.40438,48.28248],[-121.39691,48.27667],[-121.39222,48.27528],[-121.39052,48.27433],[-121.39257,48.2743],[-121.39232,48.27375],[-121.39429,48.27399],[-121.39705,48.27237],[-121.39966,48.27583],[-121.4028,48.27481],[-121.40839,48.27594],[-121.40913,48.27716],[-121.40838,48.27822]]]},"bbox":[-121.40913,48.27237,-121.39052,48.28248]},{"type":"Feature","id":27979,"properties":{"y":2023,"n":"Snagtooth","ag":"USFS","ac":320.8,"c":14,"cl":"Unknown","ad":"2023-12-01","cd":"","st":"WA","se":4},"geometry":{"type":"Polygon","coordinates":[[[-121.83268,46.25348],[-121.83402,46.25463],[-121.83265,46.25522],[-121.83182,46.25479],[-121.83132,46.25519],[-121.82999,46.25504],[-121.83021,46.25543],[-121.82933,46.25552],[-121.82928,46.25598],[-121.82839,46.25533],[-121.82765,46.25681],[-121.82575,46.25774],[-121.8244,46.25715],[-121.82243,46.2578],[-121.82185,46.25689],[-121.82075,46.25758],[-121.81924,46.25691],[-121.81975,46.25653],[-121.81924,46.25628],[-121.81945,46.25423],[-121.81887,46.25383],[-121.81991,46.25252],[-121.81941,46.25151],[-121.82043,46.25036],[-121.82239,46.25077],[-121.82246,46.2504],[-121.82273,46.251],[-121.82308,46.25085],[-121.82109,46.24911],[-121.82084,46.24641],[-121.81902,46.24391],[-121.8187,46.24251],[-121.82002,46.24131],[-121.82249,46.24047],[-121.82592,46.24334],[-121.82828,46.2441],[-121.82753,46.24446],[-121.82959,46.24456],[-121.82985,46.2449],[-121.82947,46.2452],[-121.82789,46.24522],[-121.8285,46.24603],[-121.82786,46.24631],[-121.82923,46.24688],[-121.82935,46.24791],[-121.82987,46.24769],[-121.83069,46.24824],[-121.82972,46.2488],[-121.83085,46.24898],[-121.83009,46.25038],[-121.83117,46.25065],[-121.83183,46.25154],[-121.83132,46.25213],[-121.83187,46.25218],[-121.83062,46.25246],[-121.83154,46.25299],[-121.8327,46.25283],[-121.83274,46.25324],[-121.83184,46.25349],[-121.83268,46.25348]]]},"bbox":[-121.83402,46.24047,-121.8187,46.2578]},{"type":"Feature","id":27980,"properties":{"y":2023,"n":"Kindy Creek","ag":"USFS","ac":193.5,"c":14,"cl":"Unknown","ad":"2024-01-18","cd":"","st":"WA","se":4},"geometry":{"type":"Polygon","coordinates":[[[-121.17867,48.37824],[-121.17802,48.37849],[-121.17859,48.37942],[-121.17602,48.37997],[-121.1768,48.38097],[-121.17639,48.381],[-121.17625,48.38179],[-121.17492,48.3821],[-121.17377,48.38162],[-121.17249,48.38214],[-121.17233,48.38295],[-121.17029,48.38356],[-121.16701,48.38601],[-121.16837,48.38607],[-121.16621,48.38615],[-121.16421,48.38716],[-121.16353,48.38596],[-121.16359,48.38496],[-121.16545,48.38395],[-121.16481,48.38352],[-121.16734,48.38247],[-121.16866,48.38128],[-121.16842,48.38083],[-121.1702,48.37997],[-121.16928,48.37918],[-121.16985,48.37759],[-121.16949,48.37722],[-121.17032,48.37576],[-121.17752,48.37316],[-121.17767,48.37232],[-121.17822,48.37199],[-121.18047,48.37259],[-121.17928,48.37351],[-121.1807,48.37421],[-121.18019,48.37448],[-121.17889,48.37402],[-121.17876,48.37514],[-121.18047,48.37567],[-121.18061,48.3768],[-121.17978,48.37853],[-121.17914,48.37875],[-121.17867,48.37824]]]},"bbox":[-121.1807,48.37199,-121.16345,48.38716]},{"type":"Feature","id":27982,"properties":{"y":2023,"n":"Spencer Quartz","ag":"USFS","ac":209.9,"c":14,"cl":"Unknown","ad":"2023-12-18","cd":"","st":"WA","se":4},"geometry":{"type":"Polygon","coordinates":[[[-121.80317,46.23373],[-121.80555,46.23384],[-121.80644,46.23489],[-121.80347,46.23552],[-121.8035,46.23655],[-121.80282,46.23764],[-121.80135,46.2382],[-121.80104,46.2388],[-121.80118,46.24036],[-121.80346,46.24011],[-121.80406,46.24097],[-121.80666,46.24124],[-121.80909,46.24051],[-121.81039,46.24105],[-121.81006,46.24151],[-121.81164,46.24192],[-121.81293,46.24451],[-121.8135,46.24458],[-121.81326,46.24627],[-121.81237,46.24732],[-121.81132,46.2472],[-121.81164,46.24762],[-121.81124,46.24805],[-121.8089,46.2485],[-121.80838,46.24782],[-121.80897,46.24732],[-121.80881,46.2468],[-121.80783,46.24657],[-121.80803,46.24723],[-121.80742,46.24695],[-121.80742,46.24643],[-121.80592,46.24663],[-121.80649,46.24543],[-121.80428,46.24528],[-121.80393,46.24482],[-121.80189,46.24496],[-121.8017,46.2447],[-121.80255,46.24457],[-121.80202,46.24361],[-121.80171,46.24391],[-121.80129,46.24348],[-121.80102,46.24387],[-121.79914,46.24337],[-121.79936,46.24286],[-121.79836,46.24241],[-121.79877,46.24172],[-121.798,46.24126],[-121.79762,46.24156],[-121.79794,46.24125],[-121.79741,46.24112],[-121.79798,46.24066],[-121.79772,46.24034],[-121.79741,46.24082],[-121.7973,46.24037],[-121.79627,46.24031],[-121.79614,46.2397],[-121.79759,46.23868],[-121.79727,46.23811],[-121.79767,46.23714],[-121.79943,46.23587],[-121.79934,46.23537],[-121.79965,46.23585],[-121.80044,46.23517],[-121.80104,46.23555],[-121.80136,46.23514],[-121.80075,46.23503],[-121.8012,46.23484],[-121.80085,46.23443],[-121.80218,46.23446],[-121.80223,46.23399],[-121.80317,46.23373]]]},"bbox":[-121.8135,46.23373,-121.79614,46.2485]},{"type":"Feature","id":27983,"properties":{"y":2024,"n":"Pincer Two","ag":"USFS","ac":211.0,"c":14,"cl":"Unknown","ad":"2024-12-18","cd":"","st":"WA","se":4},"geometry":{"type":"Polygon","coordinates":[[[-121.15384,48.47267],[-121.15683,48.473],[-121.15766,48.47367],[-121.15446,48.47524],[-121.15477,48.47594],[-121.15195,48.47606],[-121.14808,48.47574],[-121.14359,48.47469],[-121.13583,48.47423],[-121.13441,48.47399],[-121.13371,48.47315],[-121.13532,48.47132],[-121.1384,48.47071],[-121.13858,48.46971],[-121.14078,48.46973],[-121.14238,48.46794],[-121.14436,48.46754],[-121.14522,48.46779],[-121.14657,48.46913],[-121.14792,48.46925],[-121.14803,48.47016],[-121.14895,48.47101],[-121.15384,48.47267]]]},"bbox":[-121.15768,48.46754,-121.13371,48.47606]},{"type":"Feature","id":27984,"properties":{"y":2024,"n":"Stave Creek","ag":"USFS","ac":12.1,"c":14,"cl":"Unknown","ad":"2024-11-14","cd":"","st":"WA","se":3},"geometry":{"type":"Polygon","coordinates":[[[-121.18816,47.40637],[-121.18648,47.40628],[-121.18674,47.40558],[-121.18562,47.4048],[-121.18806,47.40407],[-121.18921,47.40457],[-121.18864,47.40521],[-121.18938,47.406],[-121.18882,47.40668],[-121.18733,47.40692],[-121.18816,47.40637]]]},"bbox":[-121.18938,47.40407,-121.18562,47.40695]},{"type":"Feature","id":27985,"properties":{"y":2024,"n":"Shoofly","ag":"USFS","ac":103.7,"c":14,"cl":"Unknown","ad":"2024-12-02","cd":"","st":"WA","se":4},"geometry":{"type":"Polygon","coordinates":[[[-121.09746,47.88088],[-121.0945,47.87977],[-121.09373,47.88009],[-121.09504,47.87946],[-121.09594,47.87984],[-121.09649,47.87947],[-121.09482,47.87747],[-121.09682,47.87745],[-121.09792,47.87678],[-121.09906,47.87748],[-121.10079,47.87677],[-121.10149,47.87686],[-121.10152,47.87764],[-121.10227,47.87691],[-121.10106,47.87545],[-121.10118,47.87495],[-121.10372,47.87544],[-121.10798,47.87362],[-121.10882,47.87461],[-121.10978,47.87459],[-121.11162,47.87552],[-121.11096,47.87617],[-121.10404,47.87886],[-121.10361,47.87965],[-121.1007,47.87947],[-121.09746,47.88088]]]},"bbox":[-121.11165,47.87362,-121.09367,47.88088]},{"type":"Feature","id":27986,"properties":{"y":2024,"n":"Blewett","ag":"USFS","ac":11.8,"c":14,"cl":"Unknown","ad":"2024-10-28","cd":"","st":"WA","se":3},"geometry":{"type":"MultiPolygon","coordinates":[[[[-120.59552,47.33817],[-120.59553,47.3382],[-120.59528,47.33825],[-120.59501,47.33791],[-120.59484,47.3384],[-120.59459,47.33843],[-120.59441,47.33811],[-120.59367,47.33847],[-120.59348,47.33805],[-120.5926,47.338],[-120.59218,47.33874],[-120.59149,47.33892],[-120.59152,47.33903],[-120.59146,47.33913],[-120.59148,47.33915],[-120.59134,47.33905],[-120.59117,47.33909],[-120.59115,47.33903],[-120.5911,47.33903],[-120.59105,47.33903],[-120.59105,47.33904],[-120.5914,47.33871],[-120.59093,47.33763],[-120.59126,47.33679],[-120.59471,47.33593],[-120.59462,47.33619],[-120.59507,47.33633],[-120.59494,47.33636],[-120.5949,47.33646],[-120.59526,47.33686],[-120.59509,47.33726],[-120.59577,47.33766],[-120.59556,47.33781],[-120.59575,47.33801],[-120.59554,47.33805],[-120.59552,47.33817]],[[-120.59212,47.33677],[-120.59209,47.33678],[-120.59215,47.33676],[-120.59212,47.33677]],[[-120.59209,47.33678],[-120.59204,47.33678],[-120.59208,47.33679],[-120.59209,47.33678]],[[-120.59455,47.33819],[-120.59459,47.33817],[-120.59453,47.3382],[-120.59455,47.33819]],[[-120.59491,47.33633],[-120.59491,47.3363],[-120.59491,47.33633],[-120.59491,47.33633]],[[-120.59491,47.33633],[-120.59488,47.33634],[-120.59488,47.33634],[-120.59488,47.33636],[-120.59487,47.33634],[-120.59487,47.33639],[-120.5949,47.33641],[-120.59491,47.33639],[-120.59491,47.33633]],[[-120.59488,47.33634],[-120.59488,47.33631],[-120.59488,47.33634],[-120.59488,47.33634]],[[-120.59492,47.33634],[-120.59496,47.33635],[-120.59492,47.33633],[-120.59492,47.33634]]],[[[-120.59471,47.33593],[-120.59475,47.33591],[-120.59472,47.33593],[-120.59471,47.33593]]],[[[-120.59105,47.33904],[-120.59104,47.33906],[-120.59099,47.33904],[-120.59105,47.33904]]],[[[-120.59104,47.33906],[-120.59109,47.33913],[-120.59105,47.33913],[-120.59104,47.33906]]],[[[-120.59105,47.33904],[-120.59105,47.33904],[-120.59105,47.33904],[-120.59105,47.33904]]],[[[-120.59112,47.3392],[-120.5911,47.33923],[-120.59109,47.33917],[-120.59112,47.3392]]],[[[-120.59118,47.3392],[-120.59118,47.33921],[-120.59118,47.3392],[-120.59118,47.3392]]],[[[-120.59118,47.3392],[-120.59118,47.3392],[-120.59121,47.33923],[-120.59118,47.3392]]],[[[-120.59118,47.3392],[-120.59117,47.33919],[-120.59117,47.33919],[-120.59118,47.3392]]],[[[-120.59117,47.33919],[-120.59116,47.33918],[-120.59117,47.33917],[-120.59117,47.33919]]],[[[-120.59116,47.33918],[-120.59116,47.33918],[-120.59116,47.33918],[-120.59116,47.33918]]],[[[-120.59116,47.33918],[-120.59115,47.33918],[-120.59115,47.33918],[-120.59116,47.33918]]],[[[-120.59115,47.33918],[-120.59116,47.33922],[-120.59112,47.33921],[-120.59115,47.33918]]],[[[-120.59116,47.33922],[-120.59118,47.33921],[-120.59115,47.33923],[-120.59116,47.33922]]],[[[-120.59117,47.33917],[-120.59117,47.33917],[-120.59119,47.33916],[-120.59117,47.33917]]],[[[-120.59117,47.33917],[-120.59115,47.33918],[-120.59112,47.33917],[-120.59117,47.33917]]],[[[-120.59115,47.33918],[-120.59113,47.3392],[-120.59113,47.33919],[-120.59115,47.33918]]],[[[-120.59113,47.33919],[-120.59112,47.33919],[-120.59111,47.33917],[-120.59113,47.33919]]],[[[-120.59118,47.3392],[-120.59118,47.33918],[-120.59119,47.3392],[-120.59118,47.3392]]],[[[-120.59118,47.33918],[-120.59118,47.33918],[-120.59118,47.33918],[-120.59118,47.33918]]],[[[-120.59152,47.33923],[-120.59152,47.33925],[-120.59146,47.33923],[-120.59152,47.33923]]],[[[-120.59148,47.33915],[-120.59152,47.33917],[-120.59147,47.33915],[-120.59148,47.33915]]],[[[-120.59156,47.33918],[-120.59148,47.33912],[-120.5916,47.33917],[-120.59156,47.33918]]],[[[-120.59152,47.33919],[-120.59152,47.33921],[-120.5915,47.3392],[-120.59152,47.33919]]],[[[-120.59152,47.33919],[-120.59152,47.33917],[-120.59153,47.33918],[-120.59152,47.33919]]],[[[-120.59152,47.33917],[-120.59152,47.33917],[-120.59152,47.33917],[-120.59152,47.33917]]],[[[-120.59183,47.33892],[-120.59187,47.33893],[-120.59183,47.33896],[-120.59183,47.33892]]],[[[-120.59184,47.33889],[-120.59184,47.3389],[-120.59183,47.3389],[-120.59184,47.33889]]],[[[-120.59488,47.33636],[-120.59489,47.33636],[-120.59488,47.33636],[-120.59488,47.33636]]],[[[-120.59489,47.33636],[-120.59489,47.33636],[-120.59489,47.33636],[-120.59489,47.33636]]],[[[-120.59491,47.33638],[-120.5949,47.33639],[-120.59489,47.33637],[-120.59489,47.33637],[-120.59491,47.33638]]],[[[-120.5949,47.33639],[-120.5949,47.3364],[-120.59488,47.33639],[-120.5949,47.33639]]],[[[-120.59491,47.33636],[-120.59491,47.33636],[-120.59488,47.33635],[-120.59491,47.33636]]],[[[-120.59493,47.33641],[-120.59492,47.33641],[-120.59492,47.33641],[-120.59493,47.33641]]],[[[-120.59492,47.33641],[-120.59492,47.33642],[-120.59492,47.33641],[-120.59492,47.33641]]],[[[-120.59496,47.33638],[-120.59501,47.33641],[-120.59495,47.33638],[-120.59496,47.33638]]],[[[-120.59559,47.33812],[-120.59558,47.33814],[-120.59555,47.33815],[-120.59559,47.33812]]],[[[-120.59558,47.33814],[-120.59559,47.33813],[-120.59558,47.33814],[-120.59558,47.33814]]]]},"bbox":[-120.59577,47.33591,-120.59093,47.33925]},{"type":"Feature","id":27987,"properties":{"y":2024,"n":"2620 Road","ag":"USFS","ac":398.3,"c":14,"cl":"Unknown","ad":"2024-10-10","cd":"","st":"WA","se":3},"geometry":{"type":"Polygon","coordinates":[[[-122.97608,47.68699],[-122.97429,47.68785],[-122.97353,47.68673],[-122.97257,47.68756],[-122.97076,47.68786],[-122.9702,47.68977],[-122.97088,47.69218],[-122.96961,47.69233],[-122.97012,47.69348],[-122.96826,47.69368],[-122.96655,47.69576],[-122.96625,47.69503],[-122.96461,47.69443],[-122.96366,47.69348],[-122.9632,47.69363],[-122.96319,47.69304],[-122.96121,47.69287],[-122.96199,47.69173],[-122.96161,47.69069],[-122.96311,47.68993],[-122.96189,47.68804],[-122.96389,47.68824],[-122.96356,47.6873],[-122.96416,47.68785],[-122.96451,47.68741],[-122.96391,47.6865],[-122.9654,47.68485],[-122.96514,47.68407],[-122.9657,47.68367],[-122.96435,47.68337],[-122.96474,47.6832],[-122.96438,47.68252],[-122.96484,47.68198],[-122.96462,47.68155],[-122.96566,47.68031],[-122.96539,47.67991],[-122.9677,47.68053],[-122.96773,47.67943],[-122.96951,47.67947],[-122.97004,47.67849],[-122.97108,47.67813],[-122.97478,47.67875],[-122.97463,47.67952],[-122.97751,47.6794],[-122.9792,47.67851],[-122.97881,47.67906],[-122.97911,47.67942],[-122.98079,47.67999],[-122.98065,47.68071],[-122.98112,47.68041],[-122.98168,47.68181],[-122.98231,47.68189],[-122.98169,47.6824],[-122.9817,47.68262],[-122.98364,47.68271],[-122.98423,47.68354],[-122.98363,47.68449],[-122.98243,47.68441],[-122.98222,47.68542],[-122.98099,47.6865],[-122.98041,47.68673],[-122.98036,47.68613],[-122.9799,47.68603],[-122.97877,47.68679],[-122.97608,47.68699]]]},"bbox":[-122.98423,47.67813,-122.9612,47.69576]},{"type":"Feature","id":27988,"properties":{"y":2024,"n":"South Fork","ag":"USFS","ac":27.2,"c":14,"cl":"Unknown","ad":"2024-11-19","cd":"","st":"WA","se":3},"geometry":{"type":"MultiPolygon","coordinates":[[[[-121.19341,46.60254],[-121.19144,46.60251],[-121.18963,46.60154],[-121.18837,46.60179],[-121.18882,46.60139],[-121.18763,46.6012],[-121.18803,46.60039],[-121.18718,46.60065],[-121.18672,46.60046],[-121.1878,46.6003],[-121.18714,46.6001],[-121.1874,46.5997],[-121.19244,46.59985],[-121.19419,46.60062],[-121.19348,46.60114],[-121.19341,46.60254]]],[[[-121.1934,46.60272],[-121.19339,46.60261],[-121.19342,46.60266],[-121.1934,46.60272]]]]},"bbox":[-121.19419,46.59963,-121.18672,46.60272]},{"type":"Feature","id":27989,"properties":{"y":2024,"n":"Gee Lake","ag":"USFS","ac":40.0,"c":14,"cl":"Unknown","ad":"2024-12-19","cd":"","st":"WA","se":4},"geometry":{"type":"Polygon","coordinates":[[[-121.80846,48.41049],[-121.80836,48.41093],[-121.80838,48.4105],[-121.80767,48.41053],[-121.80773,48.40995],[-121.80971,48.41026],[-121.81041,48.40957],[-121.81005,48.40822],[-121.81044,48.40794],[-121.80983,48.40692],[-121.81045,48.40607],[-121.80862,48.40626],[-121.80751,48.40783],[-121.80794,48.40878],[-121.80641,48.40909],[-121.80583,48.40986],[-121.80492,48.41032],[-121.80438,48.41044],[-121.80194,48.41033],[-121.80059,48.40997],[-121.8008,48.40934],[-121.8017,48.40919],[-121.80166,48.40993],[-121.80226,48.4102],[-121.80307,48.40902],[-121.8039,48.40942],[-121.80383,48.41029],[-121.80431,48.4104],[-121.80462,48.40981],[-121.80484,48.41032],[-121.80566,48.40991],[-121.80476,48.40916],[-121.80485,48.40873],[-121.80585,48.40971],[-121.8067,48.40834],[-121.80747,48.40836],[-121.80747,48.40781],[-121.80499,48.4074],[-121.80459,48.40682],[-121.80521,48.40571],[-121.80825,48.40407],[-121.81035,48.40422],[-121.80998,48.40553],[-121.81147,48.4057],[-121.81051,48.406],[-121.81076,48.40683],[-121.81016,48.40707],[-121.81091,48.40802],[-121.81044,48.40953],[-121.81093,48.40946],[-121.81104,48.40989],[-121.81073,48.41013],[-121.80846,48.41049]]]},"bbox":[-121.81147,48.40407,-121.80059,48.41093]},{"type":"Feature","id":27990,"properties":{"y":2024,"n":"Lodgepole","ag":"USFS","ac":39.0,"c":14,"cl":"Unknown","ad":"2024-11-19","cd":"","st":"WA","se":3},"geometry":{"type":"Polygon","coordinates":[[[-121.39456,46.92077],[-121.39375,46.92141],[-121.39264,46.92101],[-121.39207,46.92222],[-121.39033,46.91891],[-121.39083,46.91737],[-121.39217,46.91658],[-121.39428,46.91695],[-121.39513,46.91864],[-121.39456,46.92077]]]},"bbox":[-121.39513,46.9165,-121.39033,46.92222]},{"type":"Feature","id":27991,"properties":{"y":2024,"n":"Flat Creek","ag":"USFS","ac":42.7,"c":14,"cl":"Unknown","ad":"2024-11-19","cd":"","st":"WA","se":3},"geometry":{"type":"MultiPolygon","coordinates":[[[[-120.95921,48.40735],[-120.95869,48.40682],[-120.95907,48.40686],[-120.95921,48.40735]]],[[[-120.96149,48.40801],[-120.9609,48.40638],[-120.95927,48.40585],[-120.96006,48.40544],[-120.95981,48.40493],[-120.96026,48.4049],[-120.96032,48.4044],[-120.96293,48.40535],[-120.9651,48.40452],[-120.96563,48.40577],[-120.96658,48.40554],[-120.96758,48.40631],[-120.96297,48.40736],[-120.96295,48.40793],[-120.96149,48.40801]]],[[[-120.96143,48.41055],[-120.96334,48.41045],[-120.96423,48.41157],[-120.96143,48.41271],[-120.96087,48.41243],[-120.96143,48.41055]]],[[[-120.96239,48.40884],[-120.96266,48.40878],[-120.9626,48.40899],[-120.96239,48.40884]]]]},"bbox":[-120.96758,48.4044,-120.95869,48.41271]},{"type":"Feature","id":27992,"properties":{"y":2024,"n":"Upper Ruby","ag":"USFS","ac":279.9,"c":14,"cl":"Unknown","ad":"2024-11-15","cd":"","st":"WA","se":3},"geometry":{"type":"MultiPolygon","coordinates":[[[[-117.47655,48.56224],[-117.4723,48.56073],[-117.47218,48.56146],[-117.47172,48.56156],[-117.47147,48.56059],[-117.47052,48.56099],[-117.47007,48.56177],[-117.46491,48.56172],[-117.46439,48.56127],[-117.46494,48.56067],[-117.4644,48.56005],[-117.46317,48.56019],[-117.46232,48.56084],[-117.46169,48.56065],[-117.46202,48.56013],[-117.46016,48.56005],[-117.46076,48.55889],[-117.46002,48.5586],[-117.46234,48.55788],[-117.46175,48.55662],[-117.46191,48.55571],[-117.46522,48.55316],[-117.46537,48.55232],[-117.46447,48.55165],[-117.46725,48.55112],[-117.46794,48.55026],[-117.4708,48.54977],[-117.47111,48.54914],[-117.47202,48.55002],[-117.47305,48.54975],[-117.47511,48.55203],[-117.47432,48.55224],[-117.47473,48.55234],[-117.47477,48.5535],[-117.47282,48.55565],[-117.47473,48.55581],[-117.4756,48.55647],[-117.47519,48.55764],[-117.47427,48.55816],[-117.47541,48.55843],[-117.47638,48.55802],[-117.47719,48.55917],[-117.47679,48.5596],[-117.47785,48.55948],[-117.47744,48.56001],[-117.47833,48.56047],[-117.47655,48.56224]]],[[[-117.46261,48.55467],[-117.46249,48.55452],[-117.46259,48.55454],[-117.46261,48.55467]]]]},"bbox":[-117.47833,48.54914,-117.46002,48.56224]},{"type":"Feature","id":27995,"properties":{"y":2024,"n":"Gold Creek","ag":"USFS","ac":278.3,"c":14,"cl":"Unknown","ad":"2024-12-19","cd":"","st":"WA","se":4},"geometry":{"type":"Polygon","coordinates":[[[-120.12854,48.20448],[-120.12623,48.20354],[-120.12639,48.20296],[-120.12709,48.20343],[-120.12747,48.20334],[-120.1265,48.20207],[-120.12538,48.20202],[-120.12606,48.20264],[-120.12537,48.20328],[-120.12387,48.20178],[-120.12539,48.20046],[-120.12571,48.19927],[-120.12632,48.1988],[-120.12609,48.19844],[-120.12709,48.19766],[-120.12687,48.19734],[-120.12857,48.1963],[-120.12759,48.19606],[-120.12872,48.1954],[-120.12715,48.19592],[-120.12558,48.1949],[-120.12546,48.19367],[-120.12417,48.19235],[-120.12501,48.1923],[-120.12454,48.19154],[-120.12492,48.1917],[-120.12483,48.19026],[-120.12353,48.18828],[-120.12532,48.18728],[-120.12746,48.18692],[-120.13005,48.1877],[-120.13073,48.18848],[-120.13076,48.18954],[-120.13214,48.19063],[-120.13191,48.19196],[-120.1348,48.19169],[-120.13507,48.19326],[-120.136,48.19402],[-120.13591,48.19485],[-120.13547,48.19498],[-120.13567,48.19668],[-120.13475,48.19691],[-120.13429,48.19798],[-120.13262,48.19741],[-120.13341,48.19861],[-120.1349,48.19958],[-120.13295,48.20122],[-120.13302,48.20332],[-120.13154,48.20445],[-120.12854,48.20448]]]},"bbox":[-120.136,48.18692,-120.12353,48.20466]},{"type":"Feature","id":27996,"properties":{"y":2024,"n":"Sulphur Thirty-Four","ag":"USFS","ac":310.0,"c":14,"cl":"Unknown","ad":"2024-12-20","cd":"","st":"WA","se":4},"geometry":{"type":"Polygon","coordinates":[[[-121.11627,48.22335],[-121.11235,48.22437],[-121.11157,48.2253],[-121.1156,48.22699],[-121.11458,48.22867],[-121.11297,48.22927],[-121.11211,48.22927],[-121.11121,48.228],[-121.11012,48.22774],[-121.10698,48.2279],[-121.10598,48.22685],[-121.1048,48.22753],[-121.10405,48.22594],[-121.09991,48.225],[-121.09948,48.22421],[-121.09975,48.22297],[-121.09867,48.22105],[-121.09912,48.21877],[-121.10125,48.21517],[-121.10227,48.2148],[-121.104,48.21502],[-121.10857,48.21813],[-121.10859,48.21934],[-121.10995,48.21976],[-121.10861,48.21932],[-121.1138,48.21858],[-121.11514,48.21934],[-121.11511,48.22113],[-121.11627,48.22335]]]},"bbox":[-121.11627,48.2148,-121.09867,48.22927]},{"type":"Feature","id":27997,"properties":{"y":2024,"n":"Miners","ag":"USFS","ac":13.8,"c":14,"cl":"Unknown","ad":"2024-12-19","cd":"","st":"WA","se":4},"geometry":{"type":"Polygon","coordinates":[[[-121.03169,48.20537],[-121.02957,48.20682],[-121.02709,48.2064],[-121.02766,48.20601],[-121.02748,48.20543],[-121.0286,48.20466],[-121.02983,48.20519],[-121.03076,48.20457],[-121.03188,48.20475],[-121.03169,48.20537]]]},"bbox":[-121.03188,48.20457,-121.02709,48.20682]},{"type":"Feature","id":27998,"properties":{"y":2024,"n":"Horsethief","ag":"USFS","ac":262.5,"c":14,"cl":"Unknown","ad":"2024-10-25","cd":"","st":"WA","se":3},"geometry":{"type":"MultiPolygon","coordinates":[[[[-121.1308,45.6462],[-121.1308,45.6462],[-121.13078,45.64622],[-121.1308,45.6462]]],[[[-121.13078,45.64622],[-121.13258,45.64775],[-121.13365,45.64995],[-121.12896,45.64963],[-121.12837,45.64885],[-121.12722,45.64926],[-121.12597,45.64922],[-121.124,45.64855],[-121.12344,45.64817],[-121.12233,45.64824],[-121.11679,45.64632],[-121.11493,45.64708],[-121.11473,45.6471],[-121.11421,45.6471],[-121.11343,45.64695],[-121.11067,45.64705],[-121.11147,45.64696],[-121.11087,45.6467],[-121.11167,45.64637],[-121.10994,45.64633],[-121.11011,45.64585],[-121.10802,45.64552],[-121.10816,45.64478],[-121.10622,45.64372],[-121.10671,45.6433],[-121.10933,45.64383],[-121.11071,45.64487],[-121.11054,45.64515],[-121.11162,45.64534],[-121.11165,45.64437],[-121.10796,45.64308],[-121.1116,45.64368],[-121.11235,45.64235],[-121.11414,45.64247],[-121.11473,45.64149],[-121.11566,45.64153],[-121.11589,45.64265],[-121.11649,45.64264],[-121.11656,45.6417],[-121.11749,45.64148],[-121.11625,45.64133],[-121.11701,45.64006],[-121.11905,45.64089],[-121.12164,45.64031],[-121.12268,45.6407],[-121.1229,45.64141],[-121.12412,45.64173],[-121.12418,45.64235],[-121.125,45.64259],[-121.1251,45.64314],[-121.12608,45.64298],[-121.12612,45.6437],[-121.12811,45.644],[-121.13064,45.64702],[-121.13078,45.64622]],[[-121.11476,45.64708],[-121.11472,45.64707],[-121.11473,45.64709],[-121.11476,45.64708]],[[-121.12385,45.64838],[-121.1238,45.64837],[-121.12381,45.64838],[-121.12385,45.64838]]],[[[-121.11925,45.6472],[-121.11923,45.64719],[-121.11924,45.6472],[-121.11925,45.6472]]],[[[-121.12343,45.64817],[-121.12341,45.64819],[-121.1234,45.64817],[-121.12343,45.64817]]],[[[-121.1234,45.64817],[-121.12339,45.64817],[-121.1234,45.64817],[-121.1234,45.64817]]],[[[-121.12372,45.64839],[-121.12373,45.64839],[-121.12369,45.64839],[-121.12372,45.64839]]],[[[-121.13091,45.64614],[-121.13093,45.64614],[-121.13083,45.64618],[-121.13091,45.64614]]],[[[-121.13092,45.64611],[-121.13094,45.64611],[-121.13093,45.64612],[-121.13092,45.64611]]],[[[-121.1312,45.64595],[-121.13118,45.64596],[-121.13097,45.64608],[-121.13112,45.64597],[-121.1312,45.64595]]],[[[-121.13127,45.64594],[-121.13123,45.64596],[-121.1313,45.64591],[-121.13127,45.64594]]]]},"bbox":[-121.13373,45.64006,-121.10622,45.6501]},{"type":"Feature","id":27999,"properties":{"y":2024,"n":"Little Wenatchee","ag":"USFS","ac":156.4,"c":14,"cl":"Unknown","ad":"2024-11-18","cd":"","st":"WA","se":3},"geometry":{"type":"Polygon","coordinates":[[[-121.07405,47.91937],[-121.08156,47.92008],[-121.08141,47.92047],[-121.08442,47.92293],[-121.08354,47.92563],[-121.07154,47.92523],[-121.06736,47.92337],[-121.06796,47.92239],[-121.07049,47.9218],[-121.0724,47.91983],[-121.07405,47.91937]]]},"bbox":[-121.08442,47.91937,-121.06736,47.92574]},{"type":"Feature","id":28000,"properties":{"y":2024,"n":"Dolly Creek","ag":"USFS","ac":34.1,"c":14,"cl":"Unknown","ad":"2024-12-19","cd":"","st":"WA","se":4},"geometry":{"type":"Polygon","coordinates":[[[-121.07955,48.19141],[-121.08289,48.19452],[-121.07678,48.19427],[-121.07548,48.19379],[-121.07596,48.19259],[-121.07548,48.19171],[-121.07589,48.19111],[-121.07955,48.19141]]]},"bbox":[-121.08289,48.19111,-121.07548,48.19452]},{"type":"Feature","id":28001,"properties":{"y":2024,"n":"Upper Sulphur Thirty-Two","ag":"USFS","ac":711.3,"c":14,"cl":"Unknown","ad":"2024-12-20","cd":"","st":"WA","se":4},"geometry":{"type":"Polygon","coordinates":[[[-121.12654,48.2331],[-121.12555,48.23303],[-121.12438,48.23061],[-121.12384,48.23034],[-121.12153,48.23182],[-121.1197,48.23047],[-121.11963,48.22962],[-121.12106,48.22757],[-121.12185,48.22715],[-121.12166,48.22621],[-121.12368,48.22588],[-121.12525,48.22484],[-121.12427,48.22371],[-121.12961,48.22166],[-121.13119,48.22171],[-121.13519,48.22224],[-121.14306,48.22534],[-121.14347,48.22696],[-121.14715,48.22941],[-121.1534,48.23509],[-121.15412,48.23872],[-121.15335,48.24151],[-121.15176,48.24453],[-121.15162,48.2471],[-121.15054,48.24729],[-121.14918,48.24442],[-121.14786,48.24374],[-121.14645,48.24385],[-121.14438,48.24262],[-121.14454,48.24183],[-121.14378,48.24043],[-121.14533,48.24015],[-121.14469,48.2392],[-121.14501,48.23878],[-121.14343,48.23853],[-121.14127,48.23724],[-121.13993,48.23629],[-121.13846,48.23409],[-121.13521,48.23218],[-121.13081,48.23084],[-121.12654,48.2331]]]},"bbox":[-121.15412,48.22166,-121.11963,48.24748]},{"type":"Feature","id":28006,"properties":{"y":2017,"n":"Quarry","ag":"USFS","ac":353.9,"c":14,"cl":"Unknown","ad":"2017-10-23","cd":"","st":"WA","se":3},"geometry":{"type":"Polygon","coordinates":[[[-121.59948,47.65346],[-121.60477,47.65331],[-121.60629,47.65409],[-121.60713,47.65711],[-121.60649,47.65701],[-121.60603,47.6583],[-121.60341,47.65945],[-121.59737,47.66108],[-121.5939,47.66126],[-121.59293,47.6607],[-121.5923,47.6614],[-121.59177,47.66117],[-121.59178,47.66068],[-121.58986,47.66116],[-121.5867,47.66059],[-121.58666,47.66101],[-121.58117,47.65849],[-121.58041,47.65674],[-121.58102,47.65538],[-121.58263,47.65456],[-121.58582,47.65557],[-121.58713,47.65517],[-121.58825,47.65384],[-121.58763,47.65308],[-121.58589,47.6527],[-121.58643,47.65213],[-121.59145,47.65307],[-121.59358,47.65285],[-121.59434,47.65234],[-121.59642,47.65337],[-121.59849,47.65278],[-121.59948,47.65346]]]},"bbox":[-121.60715,47.65213,-121.58041,47.6614]},{"type":"Feature","id":28007,"properties":{"y":2017,"n":"Bear Creek","ag":"USFS","ac":36.1,"c":14,"cl":"Unknown","ad":"2017-09-08","cd":"","st":"WA","se":3},"geometry":{"type":"Polygon","coordinates":[[[-121.78818,45.77567],[-121.78686,45.77627],[-121.78668,45.77697],[-121.78493,45.77632],[-121.785,45.77547],[-121.78436,45.77545],[-121.78401,45.7744],[-121.7831,45.77391],[-121.78357,45.77315],[-121.78283,45.77203],[-121.78549,45.77127],[-121.78631,45.77181],[-121.7864,45.77284],[-121.78793,45.77315],[-121.7874,45.77409],[-121.78818,45.77567]]]},"bbox":[-121.78818,45.77127,-121.78277,45.77697]},{"type":"Feature","id":28008,"properties":{"y":2017,"n":"East Crater","ag":"USFS","ac":483.2,"c":14,"cl":"Unknown","ad":"2017-09-15","cd":"","st":"WA","se":3},"geometry":{"type":"MultiPolygon","coordinates":[[[[-121.76921,45.98348],[-121.7687,45.98363],[-121.76842,45.98339],[-121.76899,45.98323],[-121.76921,45.98348]]],[[[-121.79189,45.99016],[-121.79145,45.99151],[-121.79365,45.99289],[-121.79354,45.99492],[-121.79391,45.9954],[-121.79722,45.99719],[-121.80032,45.99773],[-121.80125,45.99878],[-121.79933,45.99838],[-121.7988,45.99893],[-121.79593,45.99836],[-121.79411,45.99999],[-121.79192,46.00111],[-121.78503,46.00179],[-121.78507,46.00104],[-121.78047,46.00037],[-121.78083,45.99984],[-121.78002,45.9993],[-121.78009,45.99823],[-121.77948,45.99743],[-121.77692,45.99621],[-121.77697,45.9954],[-121.77874,45.99484],[-121.77884,45.99433],[-121.77736,45.99474],[-121.77718,45.99438],[-121.77769,45.99404],[-121.77575,45.99278],[-121.77618,45.99221],[-121.7747,45.99171],[-121.77394,45.99035],[-121.7758,45.98996],[-121.77655,45.98933],[-121.77653,45.9886],[-121.77455,45.98769],[-121.77469,45.98731],[-121.77328,45.98712],[-121.77299,45.98668],[-121.77353,45.98616],[-121.77218,45.98641],[-121.77115,45.98605],[-121.76867,45.98422],[-121.77005,45.98364],[-121.77136,45.98391],[-121.77296,45.98543],[-121.77402,45.9852],[-121.77485,45.986],[-121.78489,45.98896],[-121.78636,45.98802],[-121.78918,45.98785],[-121.78972,45.98809],[-121.78951,45.98922],[-121.79166,45.98947],[-121.79258,45.99003],[-121.79189,45.99016]]],[[[-121.77601,45.99394],[-121.77575,45.99417],[-121.77562,45.99402],[-121.77601,45.99394]]]]},"bbox":[-121.80125,45.98323,-121.76842,46.00185]},{"type":"Feature","id":28009,"properties":{"y":2017,"n":"Haystack","ag":"USFS","ac":34.7,"c":14,"cl":"Unknown","ad":"2017-07-22","cd":"","st":"WA","se":2},"geometry":{"type":"MultiPolygon","coordinates":[[[[-120.94884,45.66537],[-120.94884,45.66537],[-120.94884,45.66537],[-120.94884,45.66537]]],[[[-120.94884,45.66537],[-120.94996,45.6653],[-120.94977,45.6649],[-120.95282,45.66382],[-120.95322,45.66398],[-120.95306,45.66467],[-120.95421,45.66565],[-120.95298,45.66769],[-120.94856,45.66797],[-120.94829,45.66651],[-120.94884,45.66537]],[[-120.94869,45.66788],[-120.94869,45.66788],[-120.94869,45.66788],[-120.94869,45.66788]],[[-120.94869,45.66788],[-120.94856,45.66796],[-120.94858,45.66796],[-120.94869,45.66788]]]]},"bbox":[-120.95421,45.66382,-120.94825,45.66797]},{"type":"Feature","id":28010,"properties":{"y":2019,"n":"Devore Creek","ag":"USFS","ac":656.8,"c":14,"cl":"Unknown","ad":"2019-07-26","cd":"","st":"WA","se":2},"geometry":{"type":"MultiPolygon","coordinates":[[[[-120.72771,48.28015],[-120.72526,48.27931],[-120.72438,48.27778],[-120.72503,48.27783],[-120.72457,48.27729],[-120.72347,48.27813],[-120.723,48.27609],[-120.72239,48.27538],[-120.71976,48.27579],[-120.72146,48.27636],[-120.72066,48.27652],[-120.72127,48.27733],[-120.72087,48.27754],[-120.71978,48.27698],[-120.71923,48.27728],[-120.71988,48.27733],[-120.71969,48.27769],[-120.71797,48.27743],[-120.71703,48.27792],[-120.71627,48.27699],[-120.71687,48.27624],[-120.71614,48.27562],[-120.71472,48.2755],[-120.7154,48.27513],[-120.7149,48.2745],[-120.71398,48.27434],[-120.71604,48.27358],[-120.71543,48.27327],[-120.71692,48.27318],[-120.71702,48.27285],[-120.71604,48.27237],[-120.71903,48.27229],[-120.71776,48.27167],[-120.7179,48.2712],[-120.71887,48.27187],[-120.71916,48.27117],[-120.72131,48.27205],[-120.72079,48.27158],[-120.72113,48.27114],[-120.71997,48.27122],[-120.71906,48.27049],[-120.72138,48.27027],[-120.7217,48.27082],[-120.72444,48.27004],[-120.72566,48.27033],[-120.72552,48.26967],[-120.72522,48.2699],[-120.72429,48.26938],[-120.72543,48.26957],[-120.72504,48.26918],[-120.72545,48.2689],[-120.72394,48.26849],[-120.72304,48.26754],[-120.72139,48.26767],[-120.72074,48.26688],[-120.72072,48.26524],[-120.72524,48.26512],[-120.72509,48.26449],[-120.72286,48.26409],[-120.72127,48.26325],[-120.71964,48.26366],[-120.71866,48.26282],[-120.71973,48.26151],[-120.72116,48.26137],[-120.72129,48.26062],[-120.7218,48.26078],[-120.72211,48.26028],[-120.72154,48.25979],[-120.72358,48.25926],[-120.72181,48.25862],[-120.72122,48.25661],[-120.72247,48.25665],[-120.72323,48.25764],[-120.72411,48.25742],[-120.72405,48.25831],[-120.72453,48.25858],[-120.72509,48.25839],[-120.72489,48.25776],[-120.72732,48.25783],[-120.72745,48.25693],[-120.72804,48.25801],[-120.7284,48.25731],[-120.73025,48.2572],[-120.7303,48.25645],[-120.72721,48.25591],[-120.72866,48.25552],[-120.72896,48.25484],[-120.7285,48.25439],[-120.73137,48.25378],[-120.73254,48.25465],[-120.73244,48.25526],[-120.73396,48.25541],[-120.73476,48.25594],[-120.73473,48.25657],[-120.73595,48.25658],[-120.73586,48.25698],[-120.73656,48.25744],[-120.73756,48.25758],[-120.73779,48.25829],[-120.73886,48.25815],[-120.73851,48.26059],[-120.73802,48.25996],[-120.73738,48.26025],[-120.73808,48.26072],[-120.73747,48.26093],[-120.73748,48.26195],[-120.73913,48.26239],[-120.73902,48.26369],[-120.7374,48.26278],[-120.73692,48.26159],[-120.73601,48.26137],[-120.73715,48.26126],[-120.73708,48.26088],[-120.73394,48.26098],[-120.73405,48.25927],[-120.73369,48.25883],[-120.73332,48.25874],[-120.73342,48.25939],[-120.73266,48.25945],[-120.73348,48.26001],[-120.73222,48.25977],[-120.73237,48.259],[-120.73184,48.25892],[-120.7319,48.26008],[-120.73073,48.25996],[-120.731,48.25957],[-120.73065,48.25935],[-120.72984,48.26001],[-120.73051,48.26059],[-120.7321,48.26063],[-120.73146,48.26104],[-120.73312,48.26104],[-120.73452,48.26245],[-120.7361,48.26231],[-120.73696,48.26281],[-120.73613,48.26388],[-120.73788,48.26498],[-120.73744,48.26579],[-120.73821,48.26686],[-120.73707,48.26798],[-120.7386,48.26873],[-120.73818,48.26944],[-120.73615,48.2684],[-120.73621,48.26872],[-120.73552,48.26873],[-120.73379,48.26844],[-120.73376,48.26883],[-120.73545,48.26951],[-120.73318,48.27016],[-120.73467,48.27075],[-120.73646,48.2698],[-120.73681,48.27013],[-120.7356,48.27096],[-120.73513,48.27198],[-120.73544,48.27223],[-120.73451,48.27251],[-120.73514,48.27273],[-120.73433,48.27307],[-120.73446,48.27386],[-120.73238,48.27448],[-120.73209,48.27521],[-120.73168,48.27493],[-120.73102,48.27535],[-120.73033,48.27494],[-120.72992,48.27546],[-120.72827,48.27415],[-120.7279,48.27521],[-120.72876,48.27655],[-120.72803,48.27673],[-120.72816,48.27748],[-120.72741,48.27785],[-120.72831,48.27789],[-120.72667,48.27858],[-120.72788,48.27847],[-120.7285,48.27887],[-120.72905,48.27834],[-120.72919,48.27902],[-120.72771,48.28015]],[[-120.72028,48.27261],[-120.72003,48.27192],[-120.71958,48.27233],[-120.71972,48.27258],[-120.72028,48.27261]],[[-120.73147,48.27212],[-120.73396,48.27197],[-120.73387,48.27147],[-120.73475,48.27123],[-120.73267,48.27123],[-120.73194,48.27156],[-120.73262,48.27181],[-120.73147,48.27212]]],[[[-120.71623,48.27911],[-120.71666,48.27884],[-120.71678,48.27905],[-120.71623,48.27911]]],[[[-120.71654,48.27286],[-120.7164,48.27275],[-120.71655,48.27277],[-120.71654,48.27286]]],[[[-120.71721,48.27837],[-120.71787,48.27791],[-120.71812,48.27858],[-120.71721,48.27837]]],[[[-120.71737,48.25754],[-120.71857,48.25728],[-120.71915,48.25752],[-120.71789,48.25793],[-120.71737,48.25754]]],[[[-120.71757,48.25691],[-120.71821,48.25575],[-120.71901,48.25669],[-120.71789,48.25725],[-120.71757,48.25691]]],[[[-120.71853,48.27049],[-120.71874,48.27036],[-120.7188,48.27053],[-120.71853,48.27049]]],[[[-120.71865,48.27005],[-120.71913,48.27013],[-120.71914,48.27025],[-120.71891,48.27033],[-120.71865,48.27005]]],[[[-120.71875,48.25597],[-120.71886,48.25579],[-120.71887,48.2559],[-120.71875,48.25597]]],[[[-120.72073,48.2795],[-120.72017,48.27932],[-120.72076,48.27943],[-120.72073,48.2795]]],[[[-120.7204,48.26009],[-120.72061,48.25986],[-120.72067,48.26013],[-120.7204,48.26009]]],[[[-120.72086,48.27887],[-120.72109,48.27864],[-120.7218,48.27897],[-120.72168,48.27931],[-120.72086,48.27887]]],[[[-120.7233,48.25676],[-120.7235,48.25658],[-120.72355,48.25685],[-120.7233,48.25676]]]]},"bbox":[-120.73929,48.25375,-120.71398,48.28015]},{"type":"Feature","id":28011,"properties":{"y":2019,"n":"Phantom","ag":"USFS","ac":10.0,"c":14,"cl":"Unknown","ad":"2019-08-05","cd":"","st":"WA","se":2},"geometry":{"type":"Polygon","coordinates":[[[-121.27934,46.53118],[-121.27789,46.53044],[-121.27855,46.52928],[-121.2798,46.52919],[-121.28074,46.52988],[-121.28054,46.53073],[-121.27934,46.53118]]]},"bbox":[-121.28079,46.52914,-121.27783,46.53118]},{"type":"Feature","id":28012,"properties":{"y":2019,"n":"Addy Slope","ag":"USFS","ac":13.7,"c":14,"cl":"Unknown","ad":"2019-07-23","cd":"","st":"WA","se":2},"geometry":{"type":"Polygon","coordinates":[[[-117.82069,48.37578],[-117.81997,48.37533],[-117.82075,48.3735],[-117.82233,48.37381],[-117.82298,48.3722],[-117.82447,48.37168],[-117.82509,48.37198],[-117.82402,48.37352],[-117.82069,48.37578]]]},"bbox":[-117.82509,48.37168,-117.81997,48.37578]},{"type":"Feature","id":28014,"properties":{"y":2020,"n":"Hay Canyon","ag":"USFS","ac":18.0,"c":14,"cl":"Unknown","ad":"2020-12-08","cd":"","st":"WA","se":4},"geometry":{"type":"MultiPolygon","coordinates":[[[[-120.48456,47.54816],[-120.48548,47.54924],[-120.48602,47.54938],[-120.48529,47.54988],[-120.48542,47.55014],[-120.48527,47.55032],[-120.4853,47.55034],[-120.48387,47.54993],[-120.48343,47.55021],[-120.48314,47.55],[-120.48292,47.54994],[-120.48289,47.54996],[-120.48253,47.54961],[-120.48222,47.54959],[-120.48218,47.54933],[-120.48175,47.5492],[-120.48296,47.54669],[-120.48389,47.54694],[-120.48392,47.54724],[-120.48471,47.54778],[-120.48454,47.54789],[-120.48455,47.54792],[-120.4845,47.54804],[-120.48461,47.54804],[-120.48456,47.54816]],[[-120.48227,47.54958],[-120.48224,47.54956],[-120.48226,47.54958],[-120.48227,47.54958]],[[-120.48282,47.54986],[-120.48285,47.54986],[-120.48281,47.54984],[-120.48282,47.54986]]],[[[-120.48455,47.54792],[-120.48457,47.54793],[-120.48455,47.54793],[-120.48455,47.54792]]],[[[-120.48245,47.54965],[-120.48247,47.54963],[-120.48246,47.54965],[-120.48245,47.54965]]],[[[-120.48293,47.54995],[-120.48293,47.54996],[-120.48292,47.54995],[-120.48293,47.54995]]],[[[-120.48295,47.54995],[-120.48297,47.54997],[-120.48294,47.54996],[-120.48295,47.54995]]],[[[-120.48394,47.54699],[-120.48391,47.54698],[-120.48392,47.54697],[-120.48394,47.54699]]],[[[-120.48393,47.54723],[-120.48392,47.54722],[-120.48393,47.5472],[-120.48393,47.54723]]],[[[-120.48461,47.54792],[-120.4846,47.54793],[-120.48458,47.54793],[-120.48461,47.54792]]],[[[-120.4853,47.55032],[-120.48531,47.55032],[-120.48529,47.55033],[-120.4853,47.55032]]],[[[-120.48567,47.54917],[-120.48564,47.54915],[-120.48565,47.54915],[-120.48567,47.54917]]]]},"bbox":[-120.48602,47.54669,-120.48175,47.55034]},{"type":"Feature","id":28015,"properties":{"y":2019,"n":"South Fork Creek","ag":"USFS","ac":199.3,"c":14,"cl":"Unknown","ad":"2019-07-23","cd":"","st":"WA","se":2},"geometry":{"type":"MultiPolygon","coordinates":[[[[-120.86986,47.66646],[-120.87088,47.66639],[-120.87126,47.66667],[-120.86993,47.66687],[-120.86986,47.66646]]],[[[-120.87596,47.66936],[-120.87264,47.66787],[-120.87278,47.66709],[-120.87159,47.66746],[-120.87187,47.66648],[-120.87331,47.66591],[-120.87309,47.66567],[-120.87115,47.66592],[-120.87055,47.6655],[-120.87493,47.66428],[-120.87538,47.66463],[-120.87775,47.66454],[-120.87754,47.66516],[-120.87879,47.66576],[-120.87912,47.66689],[-120.8783,47.66659],[-120.87779,47.66728],[-120.87687,47.66685],[-120.87621,47.66784],[-120.87709,47.6686],[-120.87698,47.66922],[-120.87596,47.66936]]],[[[-120.87151,47.66904],[-120.87188,47.66885],[-120.87197,47.66909],[-120.87151,47.66904]]],[[[-120.88158,47.66698],[-120.88192,47.66666],[-120.87997,47.66574],[-120.88105,47.66526],[-120.8805,47.66512],[-120.88043,47.66401],[-120.87883,47.66447],[-120.87856,47.66418],[-120.88035,47.66285],[-120.88048,47.66204],[-120.88147,47.6619],[-120.88124,47.66147],[-120.88228,47.66107],[-120.88251,47.66007],[-120.88438,47.65913],[-120.88717,47.66042],[-120.88787,47.65973],[-120.88833,47.66001],[-120.88888,47.65945],[-120.88964,47.65965],[-120.88944,47.65886],[-120.89166,47.65922],[-120.89173,47.65848],[-120.89268,47.65813],[-120.894,47.65941],[-120.89557,47.65894],[-120.89597,47.65929],[-120.89579,47.65989],[-120.8972,47.65943],[-120.90068,47.66069],[-120.89418,47.66082],[-120.89332,47.65943],[-120.89269,47.65927],[-120.89292,47.66114],[-120.89573,47.66236],[-120.89345,47.66252],[-120.89395,47.6632],[-120.89304,47.66283],[-120.89222,47.66327],[-120.89114,47.66279],[-120.89142,47.66345],[-120.88969,47.66449],[-120.88895,47.66416],[-120.8883,47.66481],[-120.88749,47.6648],[-120.88751,47.66536],[-120.88633,47.66529],[-120.88618,47.66596],[-120.88543,47.66518],[-120.88577,47.66476],[-120.88393,47.66382],[-120.88269,47.66388],[-120.88203,47.66505],[-120.88288,47.66542],[-120.88259,47.66631],[-120.88306,47.66678],[-120.88211,47.66689],[-120.88194,47.66763],[-120.88158,47.66698]]]]},"bbox":[-120.90069,47.65813,-120.86964,47.6695]},{"type":"Feature","id":28017,"properties":{"y":2019,"n":"North Mill Creek","ag":"USFS","ac":428.1,"c":14,"cl":"Unknown","ad":"2019-08-08","cd":"","st":"WA","se":2},"geometry":{"type":"Polygon","coordinates":[[[-117.70761,48.68415],[-117.70951,48.68475],[-117.7072,48.68624],[-117.70396,48.68624],[-117.70358,48.6861],[-117.70483,48.68546],[-117.70526,48.68463],[-117.70486,48.68429],[-117.70288,48.68474],[-117.7024,48.68435],[-117.70317,48.68386],[-117.69953,48.68429],[-117.69844,48.68368],[-117.69839,48.68447],[-117.69732,48.68486],[-117.69357,48.68153],[-117.694,48.68139],[-117.69377,48.68103],[-117.69613,48.68047],[-117.69699,48.6796],[-117.69938,48.68023],[-117.69943,48.67972],[-117.70041,48.67921],[-117.69945,48.67753],[-117.70177,48.67744],[-117.70364,48.67602],[-117.70733,48.67625],[-117.7097,48.67578],[-117.71141,48.67651],[-117.71353,48.67533],[-117.71595,48.67495],[-117.71609,48.67393],[-117.7173,48.67377],[-117.71806,48.67432],[-117.71869,48.67354],[-117.7202,48.67387],[-117.72204,48.67347],[-117.72252,48.67429],[-117.72189,48.67524],[-117.72313,48.67552],[-117.72199,48.67627],[-117.72213,48.6778],[-117.72174,48.67826],[-117.72207,48.6786],[-117.72286,48.67826],[-117.72351,48.6793],[-117.72234,48.68087],[-117.72211,48.68287],[-117.72073,48.68304],[-117.71986,48.68211],[-117.71884,48.68283],[-117.71869,48.68227],[-117.71852,48.68227],[-117.71783,48.68313],[-117.71708,48.6832],[-117.71695,48.68269],[-117.71568,48.68285],[-117.71174,48.68422],[-117.70909,48.68314],[-117.70761,48.68415]],[[-117.70759,48.68414],[-117.70758,48.68412],[-117.70757,48.68414],[-117.70759,48.68414]]]},"bbox":[-117.72351,48.67347,-117.69357,48.68625]},{"type":"Feature","id":28018,"properties":{"y":2017,"n":"Union Creek","ag":"USFS","ac":354.9,"c":14,"cl":"Unknown","ad":"2017-08-28","cd":"","st":"WA","se":2},"geometry":{"type":"MultiPolygon","coordinates":[[[[-121.40035,46.94925],[-121.40037,46.94868],[-121.40112,46.9489],[-121.40035,46.94925]]],[[[-121.4062,46.95099],[-121.40485,46.94953],[-121.40379,46.9498],[-121.40283,46.94938],[-121.40291,46.94857],[-121.40216,46.94833],[-121.40193,46.94766],[-121.40221,46.94669],[-121.40367,46.94635],[-121.40511,46.94383],[-121.40663,46.9429],[-121.40685,46.94226],[-121.40808,46.9419],[-121.40916,46.94231],[-121.40899,46.94128],[-121.4104,46.9408],[-121.41054,46.94048],[-121.40969,46.94034],[-121.41067,46.94006],[-121.41111,46.93931],[-121.41077,46.93852],[-121.41209,46.93797],[-121.41194,46.9374],[-121.41253,46.93723],[-121.4151,46.93807],[-121.41675,46.93767],[-121.41927,46.9383],[-121.41985,46.9389],[-121.42068,46.93828],[-121.42074,46.9371],[-121.42291,46.93715],[-121.42336,46.9378],[-121.42316,46.93909],[-121.42426,46.93997],[-121.42511,46.9388],[-121.42545,46.93968],[-121.42493,46.94028],[-121.42586,46.94079],[-121.42541,46.94173],[-121.42665,46.94227],[-121.42631,46.94342],[-121.42747,46.94382],[-121.42669,46.94424],[-121.42541,46.944],[-121.42591,46.94585],[-121.42524,46.94625],[-121.42539,46.94821],[-121.42401,46.94796],[-121.4239,46.94703],[-121.42265,46.94688],[-121.42328,46.94427],[-121.42095,46.94381],[-121.42001,46.94284],[-121.4189,46.9437],[-121.41782,46.94348],[-121.4147,46.94444],[-121.41538,46.94529],[-121.41489,46.94589],[-121.41514,46.94676],[-121.41637,46.94673],[-121.41582,46.94749],[-121.41388,46.94809],[-121.41103,46.94752],[-121.40997,46.94773],[-121.40849,46.94866],[-121.40874,46.94954],[-121.40821,46.94969],[-121.40845,46.95026],[-121.40793,46.95066],[-121.4062,46.95099]]],[[[-121.40406,46.94441],[-121.40437,46.94422],[-121.40442,46.94432],[-121.40406,46.94441]]],[[[-121.409,46.93979],[-121.40926,46.93993],[-121.40897,46.93994],[-121.409,46.93979]]],[[[-121.41676,46.94659],[-121.4168,46.94632],[-121.41699,46.94646],[-121.41676,46.94659]]],[[[-121.42585,46.94494],[-121.42588,46.94473],[-121.42602,46.94481],[-121.42585,46.94494]]]]},"bbox":[-121.42747,46.9369,-121.40016,46.95099]},{"type":"Feature","id":28019,"properties":{"y":2018,"n":"Doe","ag":"USFS","ac":6.0,"c":14,"cl":"Unknown","ad":"2018-09-02","cd":"","st":"WA","se":3},"geometry":{"type":"Polygon","coordinates":[[[-120.1744,48.68401],[-120.17291,48.68397],[-120.1723,48.68271],[-120.17452,48.68286],[-120.1744,48.68401]]]},"bbox":[-120.17465,48.68249,-120.17226,48.68419]},{"type":"Feature","id":28020,"properties":{"y":2017,"n":"Ferry Point","ag":"USFS","ac":167.1,"c":14,"cl":"Unknown","ad":"2017-09-01","cd":"","st":"WA","se":3},"geometry":{"type":"MultiPolygon","coordinates":[[[[-120.39945,48.13262],[-120.39957,48.13213],[-120.39999,48.13245],[-120.39945,48.13262]]],[[[-120.40053,48.1331],[-120.4009,48.13286],[-120.40108,48.1331],[-120.40053,48.1331]]],[[[-120.40192,48.1335],[-120.40253,48.13326],[-120.40247,48.13375],[-120.40192,48.1335]]],[[[-120.4118,48.13859],[-120.40825,48.1382],[-120.40806,48.13669],[-120.40891,48.13629],[-120.40865,48.13567],[-120.40949,48.13511],[-120.40888,48.1349],[-120.40882,48.13372],[-120.41048,48.13451],[-120.41073,48.134],[-120.41035,48.13378],[-120.40818,48.13315],[-120.40338,48.13374],[-120.40488,48.1329],[-120.4049,48.13223],[-120.40572,48.13228],[-120.4059,48.13166],[-120.40799,48.13168],[-120.40938,48.13079],[-120.40971,48.13158],[-120.4121,48.13185],[-120.41587,48.13085],[-120.41704,48.13178],[-120.41666,48.13185],[-120.4169,48.13219],[-120.41851,48.13186],[-120.41848,48.13252],[-120.42026,48.1325],[-120.42018,48.13209],[-120.42123,48.13138],[-120.42201,48.13188],[-120.42011,48.13491],[-120.41697,48.1366],[-120.41577,48.13807],[-120.4118,48.13859]]],[[[-120.41043,48.13986],[-120.40882,48.13954],[-120.40922,48.13856],[-120.41129,48.13916],[-120.41043,48.13986]]],[[[-120.41191,48.13969],[-120.4124,48.13968],[-120.41252,48.14007],[-120.41188,48.14031],[-120.41191,48.13969]]],[[[-120.41292,48.13044],[-120.41413,48.13072],[-120.4125,48.1308],[-120.41292,48.13044]]],[[[-120.42008,48.13084],[-120.42025,48.13065],[-120.42042,48.13079],[-120.42008,48.13084]]]]},"bbox":[-120.42209,48.13032,-120.39932,48.14036]},{"type":"Feature","id":28021,"properties":{"y":2018,"n":"Lost","ag":"USFS","ac":79.4,"c":14,"cl":"Unknown","ad":"2018-11-06","cd":"","st":"WA","se":3},"geometry":{"type":"Polygon","coordinates":[[[-120.63703,47.89834],[-120.63849,47.89737],[-120.63853,47.89578],[-120.63783,47.89355],[-120.64061,47.89392],[-120.64127,47.89503],[-120.64044,47.89531],[-120.64014,47.8961],[-120.64066,47.89717],[-120.64017,47.89875],[-120.63966,47.89903],[-120.6402,47.90192],[-120.63969,47.90134],[-120.63829,47.90148],[-120.63821,47.90201],[-120.63734,47.90225],[-120.63742,47.9028],[-120.63456,47.90326],[-120.63386,47.90383],[-120.63095,47.90259],[-120.63129,47.90223],[-120.63056,47.90178],[-120.63088,47.90131],[-120.63135,47.90138],[-120.63253,47.90026],[-120.6364,47.89993],[-120.6376,47.89933],[-120.63703,47.89834]]]},"bbox":[-120.64127,47.89355,-120.63056,47.90383]},{"type":"Feature","id":28023,"properties":{"y":2018,"n":"Bannock Lakes","ag":"USFS","ac":498.0,"c":14,"cl":"Unknown","ad":"2018-10-23","cd":"","st":"WA","se":3},"geometry":{"type":"MultiPolygon","coordinates":[[[[-120.94752,48.27221],[-120.94188,48.2714],[-120.93712,48.27018],[-120.93538,48.27029],[-120.93508,48.26983],[-120.93585,48.26944],[-120.93617,48.26776],[-120.93279,48.26856],[-120.9298,48.26763],[-120.93007,48.26738],[-120.92925,48.26652],[-120.93006,48.26586],[-120.92885,48.26592],[-120.9291,48.26488],[-120.92868,48.26417],[-120.9296,48.26349],[-120.92809,48.26318],[-120.92926,48.26223],[-120.92986,48.26234],[-120.93004,48.26196],[-120.92915,48.26199],[-120.92943,48.26147],[-120.93027,48.26192],[-120.93078,48.26132],[-120.92812,48.26108],[-120.92767,48.26065],[-120.9281,48.25945],[-120.92767,48.25914],[-120.92821,48.2588],[-120.92753,48.25792],[-120.92808,48.25763],[-120.92785,48.2571],[-120.92835,48.257],[-120.92828,48.25661],[-120.92979,48.25632],[-120.92782,48.25587],[-120.92782,48.25547],[-120.93004,48.25288],[-120.93137,48.25301],[-120.93064,48.25187],[-120.93114,48.25127],[-120.93335,48.25129],[-120.93328,48.25071],[-120.93411,48.2506],[-120.93399,48.25017],[-120.93583,48.24986],[-120.94287,48.25168],[-120.94623,48.25159],[-120.94637,48.25197],[-120.94524,48.25272],[-120.94125,48.25337],[-120.93997,48.25587],[-120.93904,48.25606],[-120.939,48.2574],[-120.94092,48.25919],[-120.94072,48.25972],[-120.93905,48.26023],[-120.93856,48.26106],[-120.93951,48.26113],[-120.93814,48.2624],[-120.94087,48.26193],[-120.94072,48.2627],[-120.9401,48.263],[-120.94116,48.26304],[-120.93954,48.26415],[-120.93998,48.26445],[-120.93996,48.26531],[-120.94127,48.26566],[-120.94061,48.26652],[-120.94506,48.26713],[-120.94628,48.2685],[-120.94642,48.26946],[-120.94816,48.27035],[-120.94853,48.27113],[-120.94741,48.27129],[-120.9479,48.27197],[-120.94752,48.27221]]],[[[-120.94162,48.26403],[-120.94184,48.26394],[-120.94184,48.26399],[-120.94162,48.26403]]]]},"bbox":[-120.94853,48.24986,-120.92753,48.27221]},{"type":"Feature","id":28024,"properties":{"y":2018,"n":"Holman","ag":"USFS","ac":298.8,"c":14,"cl":"Unknown","ad":"2019-02-08","cd":"","st":"WA","se":4},"geometry":{"type":"MultiPolygon","coordinates":[[[[-120.72744,48.82871],[-120.72874,48.82816],[-120.72843,48.8285],[-120.72915,48.82916],[-120.7274,48.82959],[-120.72824,48.82902],[-120.72744,48.82871]]],[[[-120.73386,48.82894],[-120.73231,48.82874],[-120.73266,48.82814],[-120.73334,48.82786],[-120.7337,48.8281],[-120.73342,48.82867],[-120.73424,48.8285],[-120.7349,48.82693],[-120.73672,48.82599],[-120.73419,48.82665],[-120.73389,48.8275],[-120.73303,48.82707],[-120.73418,48.82598],[-120.73349,48.82594],[-120.73323,48.82645],[-120.73212,48.82628],[-120.73138,48.82696],[-120.73111,48.82682],[-120.73184,48.82612],[-120.73258,48.82597],[-120.73094,48.82598],[-120.7311,48.82552],[-120.73046,48.82496],[-120.73087,48.82434],[-120.7329,48.825],[-120.73314,48.82458],[-120.73408,48.82462],[-120.73405,48.82357],[-120.73476,48.82348],[-120.73502,48.82387],[-120.73442,48.82458],[-120.7359,48.82468],[-120.73532,48.82524],[-120.73718,48.82498],[-120.73727,48.82577],[-120.73961,48.82547],[-120.73998,48.82484],[-120.74036,48.8253],[-120.73849,48.8271],[-120.73928,48.8277],[-120.7404,48.82716],[-120.74151,48.82728],[-120.74366,48.82661],[-120.74332,48.82573],[-120.74448,48.82553],[-120.74374,48.82476],[-120.7423,48.82478],[-120.74196,48.8242],[-120.74061,48.82466],[-120.74049,48.82377],[-120.74209,48.82361],[-120.74197,48.82319],[-120.74327,48.82236],[-120.74614,48.82191],[-120.74562,48.8214],[-120.74666,48.82009],[-120.74802,48.81949],[-120.74824,48.81996],[-120.74694,48.82074],[-120.74668,48.82191],[-120.74714,48.8223],[-120.74553,48.82338],[-120.74658,48.82384],[-120.74642,48.82441],[-120.74702,48.82494],[-120.74537,48.82501],[-120.74497,48.8253],[-120.74616,48.82532],[-120.74609,48.82578],[-120.74658,48.82595],[-120.74731,48.82554],[-120.74726,48.8249],[-120.74831,48.82498],[-120.74821,48.82541],[-120.74769,48.82536],[-120.74747,48.8263],[-120.74835,48.8274],[-120.74938,48.82729],[-120.74892,48.82699],[-120.74861,48.82582],[-120.74928,48.82578],[-120.7489,48.82639],[-120.74944,48.82686],[-120.75042,48.82618],[-120.75028,48.8271],[-120.75083,48.82741],[-120.75045,48.82755],[-120.75304,48.82862],[-120.75311,48.82819],[-120.75383,48.82811],[-120.75363,48.8287],[-120.75423,48.829],[-120.75319,48.82975],[-120.75305,48.8307],[-120.75348,48.83108],[-120.75252,48.83269],[-120.75113,48.83283],[-120.75089,48.83349],[-120.75008,48.83334],[-120.74898,48.83429],[-120.74968,48.83487],[-120.74925,48.83637],[-120.74584,48.83723],[-120.74431,48.83706],[-120.74459,48.83608],[-120.74371,48.83564],[-120.74446,48.8353],[-120.74354,48.83516],[-120.74364,48.83427],[-120.74204,48.83422],[-120.7446,48.83312],[-120.74438,48.83261],[-120.74246,48.8333],[-120.74292,48.83278],[-120.74233,48.83231],[-120.74311,48.83158],[-120.74316,48.83077],[-120.74248,48.83017],[-120.7429,48.82951],[-120.74222,48.82866],[-120.74098,48.82858],[-120.74098,48.82781],[-120.73907,48.82881],[-120.73885,48.83004],[-120.73746,48.82978],[-120.73637,48.83113],[-120.73452,48.8322],[-120.73407,48.83183],[-120.73449,48.83154],[-120.73407,48.8302],[-120.7332,48.82958],[-120.73386,48.82894]]],[[[-120.73126,48.82836],[-120.73152,48.8281],[-120.73159,48.82824],[-120.73126,48.82836]]],[[[-120.73204,48.82395],[-120.73146,48.8237],[-120.73242,48.82325],[-120.73204,48.82395]]],[[[-120.74384,48.83646],[-120.74359,48.83653],[-120.74363,48.83645],[-120.74384,48.83646]]]]},"bbox":[-120.75423,48.81949,-120.72736,48.83723]},{"type":"Feature","id":28026,"properties":{"y":2018,"n":"Iron West","ag":"USFS","ac":13.1,"c":14,"cl":"Unknown","ad":"2018-12-18","cd":"","st":"WA","se":4},"geometry":{"type":"Polygon","coordinates":[[[-120.71683,47.3392],[-120.71717,47.33853],[-120.72069,47.339],[-120.72052,47.34019],[-120.71824,47.34109],[-120.71683,47.3392]]]},"bbox":[-120.72069,47.33853,-120.71683,47.34109]},{"type":"Feature","id":28027,"properties":{"y":2018,"n":"Iron East","ag":"USFS","ac":76.8,"c":14,"cl":"Unknown","ad":"2018-12-18","cd":"","st":"WA","se":4},"geometry":{"type":"Polygon","coordinates":[[[-120.69314,47.34113],[-120.69275,47.34251],[-120.69168,47.3426],[-120.68946,47.34477],[-120.69048,47.34528],[-120.69003,47.34645],[-120.68773,47.347],[-120.68626,47.34879],[-120.68187,47.349],[-120.6811,47.34828],[-120.68159,47.3468],[-120.68422,47.34565],[-120.68509,47.34479],[-120.68747,47.34407],[-120.68749,47.34314],[-120.68938,47.34162],[-120.69103,47.34139],[-120.69172,47.34213],[-120.69237,47.34212],[-120.69232,47.34107],[-120.69314,47.34113]]]},"bbox":[-120.69314,47.34092,-120.68107,47.34905]},{"type":"Feature","id":28028,"properties":{"y":2018,"n":"Fieldspoint","ag":"USFS","ac":165.4,"c":14,"cl":"Unknown","ad":"2018-09-28","cd":"","st":"WA","se":3},"geometry":{"type":"Polygon","coordinates":[[[-120.21861,47.9678],[-120.21602,47.96922],[-120.21343,47.96754],[-120.21343,47.96251],[-120.21465,47.96038],[-120.21892,47.96074],[-120.22034,47.96206],[-120.22171,47.96201],[-120.22857,47.96465],[-120.22542,47.96704],[-120.21861,47.9678]]]},"bbox":[-120.22857,47.96038,-120.21343,47.96922]},{"type":"Feature","id":28029,"properties":{"y":2018,"n":"Cutthroat Lake","ag":"USFS","ac":28.8,"c":14,"cl":"Unknown","ad":"2018-09-05","cd":"","st":"WA","se":3},"geometry":{"type":"Polygon","coordinates":[[[-120.66062,48.57476],[-120.65672,48.57945],[-120.65569,48.57945],[-120.6541,48.57516],[-120.6562,48.57584],[-120.66062,48.57476]]]},"bbox":[-120.66062,48.57476,-120.6541,48.57945]},{"type":"Feature","id":28030,"properties":{"y":2021,"n":"Delancy","ag":"USFS","ac":222.8,"c":14,"cl":"Unknown","ad":"2022-01-12","cd":"","st":"WA","se":4},"geometry":{"type":"Polygon","coordinates":[[[-120.61242,48.61032],[-120.6114,48.61134],[-120.60976,48.61193],[-120.60903,48.61284],[-120.60835,48.61197],[-120.60682,48.6117],[-120.60859,48.61071],[-120.6088,48.6094],[-120.61016,48.60752],[-120.61096,48.60761],[-120.61284,48.60668],[-120.61231,48.60586],[-120.61289,48.60431],[-120.61455,48.6041],[-120.61438,48.60312],[-120.61191,48.60313],[-120.61111,48.60181],[-120.61027,48.60179],[-120.60998,48.60107],[-120.61076,48.60063],[-120.61088,48.60003],[-120.61191,48.6002],[-120.6129,48.60117],[-120.61348,48.6006],[-120.61474,48.60082],[-120.61525,48.60047],[-120.61496,48.59949],[-120.61592,48.59911],[-120.62019,48.599],[-120.62014,48.5994],[-120.6224,48.60022],[-120.62264,48.60149],[-120.62375,48.60134],[-120.62463,48.60181],[-120.62421,48.60193],[-120.6248,48.60274],[-120.6238,48.60265],[-120.62396,48.60301],[-120.62541,48.60344],[-120.62596,48.60414],[-120.62721,48.60424],[-120.62711,48.60493],[-120.62639,48.60519],[-120.62713,48.60654],[-120.62662,48.60659],[-120.62653,48.60748],[-120.62549,48.60764],[-120.62375,48.60719],[-120.62275,48.60637],[-120.62279,48.60733],[-120.61752,48.60762],[-120.61728,48.60707],[-120.61776,48.60676],[-120.61704,48.60591],[-120.61557,48.60608],[-120.61526,48.6065],[-120.61455,48.60534],[-120.6141,48.60553],[-120.61375,48.60648],[-120.61396,48.60843],[-120.61175,48.60972],[-120.61171,48.61023],[-120.61242,48.61032]]]},"bbox":[-120.62722,48.59888,-120.60682,48.61284]},{"type":"Feature","id":28032,"properties":{"y":2020,"n":"Fruit Valley","ag":"USFS","ac":166.5,"c":14,"cl":"Unknown","ad":"2020-12-08","cd":"","st":"WA","se":4},"geometry":{"type":"Polygon","coordinates":[[[-122.7209,45.6515],[-122.72006,45.65202],[-122.71506,45.65251],[-122.71456,45.65298],[-122.71469,45.65438],[-122.71341,45.65488],[-122.70726,45.65388],[-122.70481,45.65194],[-122.70337,45.65146],[-122.70233,45.65194],[-122.70233,45.65314],[-122.70171,45.65361],[-122.69886,45.65308],[-122.6963,45.65371],[-122.69521,45.653],[-122.69648,45.6517],[-122.70015,45.65042],[-122.70482,45.65161],[-122.70669,45.64741],[-122.70724,45.64719],[-122.7081,45.64753],[-122.70932,45.64942],[-122.71114,45.64915],[-122.71397,45.6498],[-122.7159,45.64962],[-122.7209,45.6515]]]},"bbox":[-122.72094,45.64719,-122.69521,45.65488]},{"type":"Feature","id":28033,"properties":{"y":2016,"n":"Meadow Creek","ag":"USFS","ac":69.2,"c":14,"cl":"Unknown","ad":"2016-09-05","cd":"","st":"WA","se":3},"geometry":{"type":"Polygon","coordinates":[[[-120.7019,47.87628],[-120.69879,47.87543],[-120.69943,47.87419],[-120.6981,47.87374],[-120.69722,47.87239],[-120.7036,47.87503],[-120.70576,47.87472],[-120.70734,47.87503],[-120.70961,47.87765],[-120.706,47.87979],[-120.7021,47.8772],[-120.7019,47.87628]]]},"bbox":[-120.70961,47.87239,-120.69722,47.87979]},{"type":"Feature","id":28038,"properties":{"y":1992,"n":"Longview","ag":"BLM","ac":132.8,"c":14,"cl":"Unknown","ad":"2013-11-21","cd":"","st":"WA","se":3},"geometry":{"type":"Polygon","coordinates":[[[-120.25382,47.55128],[-120.25049,47.55208],[-120.24768,47.55216],[-120.24351,47.55103],[-120.24077,47.54963],[-120.24065,47.54768],[-120.24215,47.54589],[-120.25187,47.54709],[-120.25443,47.54952],[-120.25382,47.55128]]]},"bbox":[-120.25443,47.54588,-120.24065,47.55216]},{"type":"Feature","id":28039,"properties":{"y":1991,"n":"Salt Lake","ag":"BLM","ac":294.9,"c":14,"cl":"Unknown","ad":"2013-11-21","cd":"","st":"WA","se":3},"geometry":{"type":"Polygon","coordinates":[[[-119.68228,48.9744],[-119.68225,48.96837],[-119.68166,48.96661],[-119.68241,48.96397],[-119.68677,48.96341],[-119.69224,48.96702],[-119.69656,48.97131],[-119.69672,48.97433],[-119.69091,48.97735],[-119.68728,48.97665],[-119.68228,48.9744]]]},"bbox":[-119.69672,48.96341,-119.68166,48.97735]},{"type":"Feature","id":28040,"properties":{"y":2007,"n":"Lewis And Clark","ag":"BLM","ac":753.0,"c":14,"cl":"Unknown","ad":"2007-12-31","cd":"","st":"WA","se":4},"geometry":{"type":"Polygon","coordinates":[[[-119.43515,46.36212],[-119.43298,46.36645],[-119.43012,46.36907],[-119.42567,46.37154],[-119.42113,46.3724],[-119.41183,46.37125],[-119.40791,46.36584],[-119.41085,46.36031],[-119.41585,46.35569],[-119.42404,46.35379],[-119.42983,46.35554],[-119.43515,46.36212]]]},"bbox":[-119.43515,46.35379,-119.40791,46.3724]},{"type":"Feature","id":28044,"properties":{"y":2007,"n":"Windy Ridge","ag":"BLM","ac":217.3,"c":14,"cl":"Unknown","ad":"2007-12-31","cd":"","st":"WA","se":4},"geometry":{"type":"Polygon","coordinates":[[[-117.52416,48.92143],[-117.52772,48.92163],[-117.52898,48.92216],[-117.5284,48.92338],[-117.52942,48.92468],[-117.5282,48.92782],[-117.52707,48.92922],[-117.52613,48.9295],[-117.52386,48.93153],[-117.52137,48.93258],[-117.52073,48.93395],[-117.51996,48.93347],[-117.51829,48.93384],[-117.51768,48.93336],[-117.51334,48.93294],[-117.51445,48.93215],[-117.51301,48.93059],[-117.51411,48.92997],[-117.51376,48.92955],[-117.51496,48.92927],[-117.51542,48.92841],[-117.51647,48.92795],[-117.5173,48.92826],[-117.5175,48.92777],[-117.51982,48.92685],[-117.51998,48.92602],[-117.51948,48.92552],[-117.51998,48.92518],[-117.5196,48.92492],[-117.5219,48.92308],[-117.52348,48.92269],[-117.52416,48.92143]]]},"bbox":[-117.52942,48.92141,-117.51301,48.93395]},{"type":"Feature","id":28047,"properties":{"y":2007,"n":"Crow Creek","ag":"BLM","ac":114.0,"c":14,"cl":"Unknown","ad":"2007-12-31","cd":"","st":"WA","se":4},"geometry":{"type":"Polygon","coordinates":[[[-121.1894,47.04202],[-121.18853,47.04339],[-121.18496,47.04443],[-121.18189,47.04427],[-121.18126,47.04227],[-121.17897,47.04143],[-121.1793,47.03971],[-121.17826,47.03864],[-121.17784,47.03721],[-121.17694,47.03683],[-121.17728,47.03627],[-121.17634,47.03575],[-121.17641,47.03495],[-121.1758,47.03406],[-121.17979,47.03496],[-121.18071,47.03734],[-121.18242,47.03763],[-121.18262,47.03815],[-121.18205,47.0385],[-121.18403,47.03936],[-121.18644,47.03934],[-121.18735,47.04103],[-121.1894,47.04202]]]},"bbox":[-121.1894,47.03406,-121.1758,47.04454]},{"type":"Feature","id":28050,"properties":{"y":2007,"n":"Beasley Hills","ag":"BLM","ac":85.7,"c":14,"cl":"Unknown","ad":"2007-12-31","cd":"","st":"WA","se":4},"geometry":{"type":"Polygon","coordinates":[[[-119.56759,47.32263],[-119.57055,47.3213],[-119.57517,47.32096],[-119.57823,47.32346],[-119.57765,47.32481],[-119.57665,47.32513],[-119.57724,47.32559],[-119.57676,47.32588],[-119.57236,47.32504],[-119.56771,47.32547],[-119.5662,47.32508],[-119.56554,47.3244],[-119.56698,47.32373],[-119.56759,47.32263]]]},"bbox":[-119.57823,47.3209,-119.56554,47.32588]},{"type":"Feature","id":28052,"properties":{"y":2007,"n":"Tolo Fire","ag":"BLM","ac":292.9,"c":14,"cl":"Unknown","ad":"2007-12-31","cd":"","st":"WA","se":4},"geometry":{"type":"Polygon","coordinates":[[[-120.89464,48.41753],[-120.89689,48.41775],[-120.90199,48.4209],[-120.90395,48.42304],[-120.90413,48.4249],[-120.90337,48.42567],[-120.90109,48.42609],[-120.89807,48.42521],[-120.89624,48.42546],[-120.8948,48.4259],[-120.89314,48.42755],[-120.89008,48.42674],[-120.88854,48.42682],[-120.88798,48.42743],[-120.88624,48.42778],[-120.88567,48.42708],[-120.88378,48.42701],[-120.88194,48.42607],[-120.88217,48.42504],[-120.8832,48.42475],[-120.88365,48.42358],[-120.88243,48.42293],[-120.88375,48.42249],[-120.88417,48.42322],[-120.8843,48.42229],[-120.88381,48.42188],[-120.88414,48.42134],[-120.88731,48.42067],[-120.88932,48.42118],[-120.89354,48.42091],[-120.89305,48.42016],[-120.89354,48.41956],[-120.89313,48.4187],[-120.88869,48.41759],[-120.88939,48.41624],[-120.89184,48.41573],[-120.89464,48.41753]]]},"bbox":[-120.90424,48.41568,-120.88193,48.42778]},{"type":"Feature","id":28056,"properties":{"y":2007,"n":"Easton Ridge","ag":"BLM","ac":396.0,"c":14,"cl":"Unknown","ad":"2007-12-31","cd":"","st":"WA","se":4},"geometry":{"type":"Polygon","coordinates":[[[-121.23625,47.17988],[-121.23773,47.17924],[-121.23868,47.17802],[-121.24157,47.17784],[-121.24615,47.18064],[-121.24802,47.17966],[-121.24886,47.17979],[-121.24733,47.18237],[-121.24642,47.18276],[-121.24464,47.18252],[-121.24342,47.18329],[-121.24295,47.18476],[-121.2437,47.18536],[-121.24177,47.18685],[-121.24188,47.18727],[-121.24018,47.18964],[-121.24025,47.19021],[-121.23938,47.19069],[-121.23872,47.19017],[-121.23642,47.19016],[-121.23481,47.18848],[-121.23223,47.18999],[-121.22928,47.1903],[-121.22738,47.18955],[-121.22777,47.1887],[-121.22913,47.18874],[-121.22889,47.18831],[-121.22582,47.18786],[-121.22465,47.18721],[-121.22418,47.1876],[-121.22248,47.1865],[-121.22177,47.18652],[-121.22145,47.18587],[-121.22324,47.18466],[-121.2245,47.18303],[-121.22655,47.18306],[-121.22578,47.18364],[-121.22659,47.18382],[-121.22753,47.18358],[-121.23262,47.17895],[-121.23605,47.17875],[-121.23625,47.17988]]]},"bbox":[-121.24886,47.17784,-121.22145,47.19069]},{"type":"Feature","id":28060,"properties":{"y":2007,"n":"Panther Creek Wfu","ag":"BLM","ac":203.9,"c":14,"cl":"Unknown","ad":"2007-12-31","cd":"","st":"WA","se":4},"geometry":{"type":"Polygon","coordinates":[[[-121.00918,47.92547],[-121.01188,47.9267],[-121.01254,47.92757],[-121.01132,47.93122],[-121.00907,47.93271],[-121.00826,47.93273],[-121.00291,47.92972],[-120.99945,47.92954],[-120.99493,47.93054],[-120.99361,47.93043],[-120.99306,47.92976],[-120.99301,47.92881],[-120.99387,47.9279],[-121.00045,47.92555],[-121.00309,47.92385],[-121.00479,47.9234],[-121.00663,47.92355],[-121.00918,47.92547]]]},"bbox":[-121.01254,47.9234,-120.99301,47.93273]},{"type":"Feature","id":28062,"properties":{"y":2006,"n":"Gateway Lane","ag":"BLM","ac":107.3,"c":14,"cl":"Unknown","ad":"2006-12-31","cd":"","st":"WA","se":4},"geometry":{"type":"Polygon","coordinates":[[[-117.45267,47.45255],[-117.45077,47.45535],[-117.44637,47.45556],[-117.44559,47.45593],[-117.44493,47.45702],[-117.44189,47.45638],[-117.44278,47.45568],[-117.44385,47.45603],[-117.44574,47.45466],[-117.44803,47.45384],[-117.44812,47.45327],[-117.4494,47.45259],[-117.45066,47.45084],[-117.4507,47.45022],[-117.45011,47.44993],[-117.44953,47.4502],[-117.44994,47.45095],[-117.44837,47.45267],[-117.44541,47.45267],[-117.44602,47.45103],[-117.44761,47.45031],[-117.44866,47.44919],[-117.44929,47.44924],[-117.45042,47.44835],[-117.45122,47.44891],[-117.45421,47.44876],[-117.45507,47.44768],[-117.45611,47.44769],[-117.45731,47.44696],[-117.45829,47.44713],[-117.45754,47.44885],[-117.45575,47.45016],[-117.45556,47.45135],[-117.4522,47.45183],[-117.45267,47.45255]]]},"bbox":[-117.45841,47.44696,-117.44189,47.45706]},{"type":"Feature","id":28063,"properties":{"y":2006,"n":"Pollalie","ag":"BLM","ac":980.0,"c":14,"cl":"Unknown","ad":"2006-12-31","cd":"","st":"WA","se":4},"geometry":{"type":"Polygon","coordinates":[[[-121.08579,47.4281],[-121.09054,47.42792],[-121.09386,47.42897],[-121.09701,47.4278],[-121.09536,47.42633],[-121.09611,47.42549],[-121.09681,47.4263],[-121.09874,47.42637],[-121.10007,47.42713],[-121.10512,47.42659],[-121.10705,47.42704],[-121.10832,47.42626],[-121.11101,47.42569],[-121.11247,47.42642],[-121.11256,47.42721],[-121.11353,47.42788],[-121.11601,47.4277],[-121.11563,47.4268],[-121.11696,47.4271],[-121.1171,47.42785],[-121.12922,47.42845],[-121.13083,47.43055],[-121.13106,47.43279],[-121.13035,47.43543],[-121.12799,47.43285],[-121.12547,47.4331],[-121.12511,47.43495],[-121.12568,47.43776],[-121.12546,47.43853],[-121.12435,47.43936],[-121.12151,47.43752],[-121.12053,47.43556],[-121.11873,47.4358],[-121.11826,47.43512],[-121.11728,47.43505],[-121.11658,47.43431],[-121.11541,47.43415],[-121.11274,47.43273],[-121.1106,47.43246],[-121.10898,47.43293],[-121.10816,47.4326],[-121.10744,47.43321],[-121.10345,47.43382],[-121.10237,47.43538],[-121.09916,47.4354],[-121.09841,47.436],[-121.09775,47.43854],[-121.09339,47.44315],[-121.0896,47.44311],[-121.0871,47.44387],[-121.08072,47.44071],[-121.08008,47.44007],[-121.0807,47.43848],[-121.07873,47.43743],[-121.07892,47.43696],[-121.08106,47.43682],[-121.07973,47.43605],[-121.08028,47.4352],[-121.08268,47.43506],[-121.08278,47.43322],[-121.08214,47.43027],[-121.08468,47.42944],[-121.08579,47.4281]]]},"bbox":[-121.13115,47.42549,-121.07873,47.44387]},{"type":"Feature","id":28064,"properties":{"y":2006,"n":"Bisbee Mountain","ag":"BLM","ac":484.6,"c":14,"cl":"Unknown","ad":"2013-11-21","cd":"","st":"WA","se":3},"geometry":{"type":"Polygon","coordinates":[[[-118.16014,48.62697],[-118.15349,48.62565],[-118.1525,48.62506],[-118.15252,48.62423],[-118.14917,48.62193],[-118.14907,48.62097],[-118.14971,48.62077],[-118.14885,48.61996],[-118.1489,48.61788],[-118.14851,48.61766],[-118.15018,48.61653],[-118.1507,48.61556],[-118.15048,48.61509],[-118.14915,48.61535],[-118.14928,48.61492],[-118.14823,48.61406],[-118.14922,48.61346],[-118.15018,48.61376],[-118.15078,48.61309],[-118.14962,48.61138],[-118.15004,48.6106],[-118.14941,48.60912],[-118.15094,48.6089],[-118.14975,48.60839],[-118.14941,48.60766],[-118.15089,48.60464],[-118.15055,48.60333],[-118.15289,48.60266],[-118.15392,48.60292],[-118.1551,48.60399],[-118.15424,48.6041],[-118.15549,48.60548],[-118.1566,48.60548],[-118.15662,48.60603],[-118.1581,48.60659],[-118.15692,48.60708],[-118.1578,48.60743],[-118.1586,48.60881],[-118.16222,48.61073],[-118.16218,48.61114],[-118.15986,48.61204],[-118.16061,48.61275],[-118.15995,48.61324],[-118.16065,48.61371],[-118.15941,48.61603],[-118.16033,48.6161],[-118.16065,48.61777],[-118.16149,48.61846],[-118.16145,48.61964],[-118.1642,48.62097],[-118.16428,48.622],[-118.16546,48.62341],[-118.16441,48.62363],[-118.16145,48.62556],[-118.16014,48.62697]]]},"bbox":[-118.16546,48.60266,-118.14823,48.62697]},{"type":"Feature","id":28067,"properties":{"y":2006,"n":"Valley Mill","ag":"BLM","ac":459.1,"c":14,"cl":"Unknown","ad":"2006-12-31","cd":"","st":"WA","se":4},"geometry":{"type":"Polygon","coordinates":[[[-117.70302,48.15467],[-117.70005,48.15306],[-117.70005,48.15244],[-117.69918,48.15223],[-117.69918,48.15134],[-117.70036,48.15154],[-117.70077,48.1524],[-117.7021,48.15285],[-117.70277,48.1522],[-117.70405,48.15216],[-117.70412,48.15103],[-117.70022,48.15117],[-117.69948,48.15019],[-117.70037,48.14958],[-117.70177,48.14981],[-117.70304,48.14941],[-117.70411,48.15054],[-117.70426,48.14899],[-117.70749,48.14861],[-117.70815,48.14796],[-117.70913,48.14834],[-117.70913,48.14775],[-117.70733,48.14685],[-117.70785,48.14613],[-117.71323,48.1431],[-117.71621,48.14257],[-117.72712,48.14213],[-117.72892,48.14272],[-117.72661,48.14489],[-117.7261,48.14685],[-117.72061,48.15137],[-117.7179,48.15492],[-117.706,48.15547],[-117.70302,48.15467]]]},"bbox":[-117.72892,48.14213,-117.69918,48.15547]},{"type":"Feature","id":28068,"properties":{"y":2006,"n":"Jungle Butte","ag":"BLM","ac":312.9,"c":14,"cl":"Unknown","ad":"2006-12-31","cd":"","st":"WA","se":4},"geometry":{"type":"Polygon","coordinates":[[[-121.24917,46.1833],[-121.2446,46.17988],[-121.24413,46.1785],[-121.24494,46.17564],[-121.24465,46.17424],[-121.24414,46.1741],[-121.24356,46.17285],[-121.24198,46.17255],[-121.24165,46.16962],[-121.24351,46.16964],[-121.24472,46.17132],[-121.24831,46.17257],[-121.25085,46.17211],[-121.25347,46.16936],[-121.25595,46.16874],[-121.25638,46.16776],[-121.2584,46.16747],[-121.25889,46.16781],[-121.2602,46.17131],[-121.25851,46.17214],[-121.25758,46.17409],[-121.2547,46.17491],[-121.25479,46.17601],[-121.25666,46.17925],[-121.25606,46.18029],[-121.25295,46.18171],[-121.25064,46.1822],[-121.24917,46.1833]]]},"bbox":[-121.26023,46.16747,-121.24156,46.1833]},{"type":"Feature","id":28070,"properties":{"y":2006,"n":"Swawilla Basin","ag":"BLM","ac":81.5,"c":14,"cl":"Unknown","ad":"2006-12-31","cd":"","st":"WA","se":4},"geometry":{"type":"Polygon","coordinates":[[[-118.71796,47.94918],[-118.71698,47.95136],[-118.71552,47.95197],[-118.71526,47.95311],[-118.71391,47.95313],[-118.71192,47.95231],[-118.70979,47.95006],[-118.70849,47.95005],[-118.7094,47.94878],[-118.70755,47.94661],[-118.70833,47.9454],[-118.70963,47.94503],[-118.7098,47.94626],[-118.71208,47.94672],[-118.71286,47.94782],[-118.71796,47.94918]]]},"bbox":[-118.71796,47.94497,-118.70755,47.95313]},{"type":"Feature","id":28071,"properties":{"y":2006,"n":"Palouse River","ag":"BLM","ac":654.5,"c":14,"cl":"Unknown","ad":"2006-12-31","cd":"","st":"WA","se":4},"geometry":{"type":"Polygon","coordinates":[[[-117.30967,46.87234],[-117.30697,46.87317],[-117.30352,46.87341],[-117.29394,46.87279],[-117.29185,46.87159],[-117.29186,46.86773],[-117.29262,46.86625],[-117.28728,46.86543],[-117.2844,46.86418],[-117.28357,46.86249],[-117.28425,46.8599],[-117.28849,46.85597],[-117.28741,46.85482],[-117.28933,46.85188],[-117.28996,46.84971],[-117.29779,46.84596],[-117.30968,46.84573],[-117.31213,46.84723],[-117.31496,46.84709],[-117.32236,46.84553],[-117.32619,46.84545],[-117.32933,46.84615],[-117.32977,46.84769],[-117.32844,46.84887],[-117.32658,46.84933],[-117.31434,46.85106],[-117.30948,46.84944],[-117.30594,46.84871],[-117.30313,46.84871],[-117.30006,46.84924],[-117.29691,46.85047],[-117.29327,46.85263],[-117.29372,46.85596],[-117.29333,46.85773],[-117.28951,46.85961],[-117.28949,46.86168],[-117.29076,46.86298],[-117.29633,46.86354],[-117.29733,46.86552],[-117.29458,46.86869],[-117.29646,46.86989],[-117.30006,46.87007],[-117.3033,46.86982],[-117.30589,46.86815],[-117.30948,46.86847],[-117.30967,46.87234]]]},"bbox":[-117.32977,46.84545,-117.28357,46.87341]},{"type":"Feature","id":28072,"properties":{"y":2006,"n":"Quinn'S Meadow","ag":"BLM","ac":319.9,"c":14,"cl":"Unknown","ad":"2006-12-31","cd":"","st":"WA","se":4},"geometry":{"type":"Polygon","coordinates":[[[-117.76781,48.81195],[-117.76599,48.81512],[-117.7663,48.81707],[-117.76505,48.81824],[-117.76239,48.81892],[-117.76043,48.82064],[-117.76056,48.82104],[-117.76138,48.82112],[-117.75955,48.82167],[-117.75804,48.82502],[-117.75694,48.8255],[-117.75612,48.82671],[-117.75388,48.82838],[-117.752,48.82814],[-117.75168,48.82857],[-117.74932,48.82857],[-117.74788,48.8279],[-117.74879,48.8275],[-117.74829,48.82681],[-117.74854,48.82647],[-117.74764,48.82628],[-117.74767,48.82679],[-117.74676,48.82669],[-117.74606,48.82507],[-117.74639,48.82318],[-117.74732,48.82227],[-117.75084,48.82087],[-117.75138,48.82008],[-117.75597,48.81771],[-117.75609,48.81636],[-117.75786,48.81468],[-117.76175,48.81315],[-117.76634,48.81005],[-117.76685,48.81065],[-117.76756,48.81065],[-117.76781,48.81195]]]},"bbox":[-117.76781,48.81005,-117.74606,48.82869]},{"type":"Feature","id":28074,"properties":{"y":2005,"n":"Spud Fire","ag":"BLM","ac":123.4,"c":14,"cl":"Unknown","ad":"2005-12-31","cd":"","st":"WA","se":4},"geometry":{"type":"Polygon","coordinates":[[[-118.2173,47.94857],[-118.22021,47.94837],[-118.21866,47.94878],[-118.22299,47.95032],[-118.22056,47.95065],[-118.22074,47.95125],[-118.2199,47.9518],[-118.22052,47.95213],[-118.21969,47.95204],[-118.21912,47.95129],[-118.21865,47.95146],[-118.21882,47.95248],[-118.21847,47.95282],[-118.21741,47.95251],[-118.21764,47.95194],[-118.21688,47.95244],[-118.21612,47.95211],[-118.21679,47.95125],[-118.21537,47.95083],[-118.21404,47.95292],[-118.21406,47.95398],[-118.2132,47.95411],[-118.21145,47.95343],[-118.20954,47.9535],[-118.20859,47.95201],[-118.20918,47.95141],[-118.20906,47.95079],[-118.20836,47.95041],[-118.20909,47.95036],[-118.20931,47.94981],[-118.20795,47.94927],[-118.20748,47.94804],[-118.20884,47.94802],[-118.20951,47.94702],[-118.21125,47.94678],[-118.2173,47.94857]]]},"bbox":[-118.22299,47.94678,-118.20748,47.95411]},{"type":"Feature","id":28075,"properties":{"y":2005,"n":"Hot Falls","ag":"BLM","ac":174.3,"c":14,"cl":"Unknown","ad":"2013-11-21","cd":"","st":"WA","se":3},"geometry":{"type":"Polygon","coordinates":[[[-117.91032,47.83747],[-117.9094,47.8393],[-117.90956,47.83993],[-117.90848,47.84088],[-117.90799,47.84246],[-117.90962,47.84352],[-117.90964,47.84485],[-117.90708,47.84468],[-117.90257,47.84599],[-117.90227,47.84521],[-117.89959,47.8467],[-117.89945,47.84724],[-117.89397,47.84679],[-117.89634,47.84481],[-117.89674,47.84215],[-117.90013,47.84011],[-117.90405,47.83855],[-117.91032,47.83747]]]},"bbox":[-117.91032,47.83747,-117.89397,47.84724]},{"type":"Feature","id":28078,"properties":{"y":2005,"n":"Shady Fire","ag":"BLM","ac":153.0,"c":14,"cl":"Unknown","ad":"2005-12-31","cd":"","st":"WA","se":4},"geometry":{"type":"Polygon","coordinates":[[[-120.85624,48.40996],[-120.85776,48.41002],[-120.85814,48.40905],[-120.86203,48.41101],[-120.86342,48.41274],[-120.86256,48.41385],[-120.86065,48.41431],[-120.85819,48.41593],[-120.8556,48.41551],[-120.85149,48.41581],[-120.84946,48.41547],[-120.84859,48.41469],[-120.84874,48.41352],[-120.84812,48.41147],[-120.84914,48.40977],[-120.85015,48.40988],[-120.85136,48.41089],[-120.85402,48.41031],[-120.85347,48.40926],[-120.85377,48.40894],[-120.85624,48.40996]]]},"bbox":[-120.86342,48.40894,-120.84812,48.41593]},{"type":"Feature","id":28080,"properties":{"y":2005,"n":"Martin Road","ag":"BLM","ac":876.9,"c":14,"cl":"Unknown","ad":"2005-12-31","cd":"","st":"WA","se":4},"geometry":{"type":"Polygon","coordinates":[[[-118.13451,48.29012],[-118.13398,48.29157],[-118.1329,48.29182],[-118.13129,48.29146],[-118.13074,48.29041],[-118.13043,48.29077],[-118.12906,48.28987],[-118.12711,48.29026],[-118.12682,48.28946],[-118.12614,48.28981],[-118.12497,48.28928],[-118.12313,48.29047],[-118.1224,48.28992],[-118.11974,48.29117],[-118.11854,48.29062],[-118.1179,48.29125],[-118.11827,48.29204],[-118.12074,48.29283],[-118.12088,48.29394],[-118.11834,48.29335],[-118.11672,48.29382],[-118.11638,48.29356],[-118.11683,48.29344],[-118.11588,48.29281],[-118.11577,48.29429],[-118.11487,48.29484],[-118.116,48.29565],[-118.11524,48.29568],[-118.11564,48.29594],[-118.11483,48.29623],[-118.11659,48.29885],[-118.11889,48.2998],[-118.1215,48.29945],[-118.12483,48.2982],[-118.12547,48.29857],[-118.12399,48.30003],[-118.12214,48.30058],[-118.11765,48.30069],[-118.11115,48.29882],[-118.10502,48.30031],[-118.10008,48.2993],[-118.09727,48.29745],[-118.09592,48.29593],[-118.09986,48.29298],[-118.10294,48.29226],[-118.10335,48.29114],[-118.10491,48.29058],[-118.10542,48.28751],[-118.1068,48.28643],[-118.10658,48.28498],[-118.11006,48.28256],[-118.10987,48.2821],[-118.11453,48.28128],[-118.11845,48.28142],[-118.12351,48.27944],[-118.12658,48.27883],[-118.13111,48.2793],[-118.13204,48.28129],[-118.13168,48.28359],[-118.13409,48.28814],[-118.13451,48.29012]]]},"bbox":[-118.13451,48.27883,-118.09592,48.30086]},{"type":"Feature","id":28082,"properties":{"y":2005,"n":"Lick Creek","ag":"BLM","ac":734.7,"c":14,"cl":"Unknown","ad":"2005-12-31","cd":"","st":"WA","se":4},"geometry":{"type":"Polygon","coordinates":[[[-120.89687,47.29599],[-120.89646,47.29311],[-120.90004,47.29343],[-120.90265,47.2919],[-120.90318,47.29313],[-120.90377,47.29336],[-120.90796,47.29307],[-120.90851,47.29363],[-120.90839,47.2948],[-120.91042,47.29951],[-120.90788,47.30159],[-120.90713,47.30346],[-120.90475,47.30371],[-120.90391,47.30446],[-120.90225,47.30394],[-120.90102,47.30462],[-120.89914,47.30453],[-120.89744,47.30511],[-120.89836,47.30681],[-120.89319,47.30913],[-120.89278,47.31105],[-120.88817,47.31049],[-120.88749,47.30879],[-120.88674,47.30818],[-120.87922,47.31025],[-120.87498,47.3096],[-120.87486,47.30679],[-120.87558,47.30541],[-120.8769,47.30512],[-120.87747,47.30543],[-120.87805,47.30475],[-120.88223,47.30298],[-120.88299,47.30141],[-120.8867,47.29881],[-120.8882,47.29838],[-120.89003,47.29497],[-120.89065,47.29523],[-120.89159,47.2943],[-120.89336,47.29439],[-120.89361,47.29499],[-120.8943,47.29508],[-120.8942,47.29547],[-120.89641,47.29639],[-120.89687,47.29599]]]},"bbox":[-120.91042,47.2919,-120.87485,47.31105]},{"type":"Feature","id":28084,"properties":{"y":2004,"n":"Bottle Two","ag":"BLM","ac":27.6,"c":14,"cl":"Unknown","ad":"2004-12-31","cd":"","st":"WA","se":4},"geometry":{"type":"Polygon","coordinates":[[[-119.91671,48.74407],[-119.91773,48.74409],[-119.91807,48.74457],[-119.91964,48.74435],[-119.92012,48.74609],[-119.92155,48.74704],[-119.92177,48.74843],[-119.92014,48.74907],[-119.92048,48.74854],[-119.9199,48.74832],[-119.91954,48.74942],[-119.91769,48.74736],[-119.91625,48.74678],[-119.91636,48.74594],[-119.91567,48.7457],[-119.91664,48.74493],[-119.91671,48.74407]]]},"bbox":[-119.92188,48.74407,-119.91567,48.74942]},{"type":"Feature","id":28085,"properties":{"y":2004,"n":"Dirty Face Peak","ag":"BLM","ac":295.3,"c":14,"cl":"Unknown","ad":"2004-12-31","cd":"","st":"WA","se":4},"geometry":{"type":"Polygon","coordinates":[[[-120.84654,47.87597],[-120.84613,47.87789],[-120.84166,47.88201],[-120.84095,47.88425],[-120.83949,47.88505],[-120.83796,47.88468],[-120.83377,47.88572],[-120.83457,47.88384],[-120.83271,47.88343],[-120.83238,47.8822],[-120.83013,47.88179],[-120.83137,47.87591],[-120.83276,47.8743],[-120.83457,47.87318],[-120.84132,47.87283],[-120.84355,47.87357],[-120.84654,47.87597]]]},"bbox":[-120.84654,47.87279,-120.83013,47.88573]},{"type":"Feature","id":28086,"properties":{"y":2004,"n":"Elk Heights","ag":"BLM","ac":301.8,"c":14,"cl":"Unknown","ad":"2004-12-31","cd":"","st":"WA","se":4},"geometry":{"type":"Polygon","coordinates":[[[-120.81294,47.1545],[-120.80996,47.15435],[-120.81085,47.15068],[-120.8063,47.14522],[-120.80308,47.14267],[-120.79759,47.14031],[-120.79618,47.13883],[-120.79593,47.13783],[-120.7981,47.13996],[-120.8003,47.14072],[-120.79824,47.13694],[-120.79864,47.13546],[-120.79754,47.13378],[-120.79903,47.13295],[-120.80109,47.13269],[-120.80159,47.13485],[-120.80241,47.13574],[-120.80336,47.13636],[-120.80571,47.13647],[-120.80744,47.13748],[-120.80579,47.13862],[-120.80574,47.141],[-120.80832,47.14324],[-120.81461,47.14667],[-120.8149,47.14846],[-120.81694,47.15067],[-120.82129,47.15404],[-120.82261,47.15595],[-120.82036,47.15642],[-120.81294,47.1545]]]},"bbox":[-120.82261,47.13259,-120.79581,47.15642]},{"type":"Feature","id":28088,"properties":{"y":2004,"n":"Lauderdale","ag":"BLM","ac":247.9,"c":14,"cl":"Unknown","ad":"2004-12-31","cd":"","st":"WA","se":4},"geometry":{"type":"Polygon","coordinates":[[[-120.70711,47.20011],[-120.70658,47.20047],[-120.7066,47.20112],[-120.70639,47.20082],[-120.70563,47.20133],[-120.70302,47.20062],[-120.70141,47.2009],[-120.70014,47.202],[-120.69827,47.20215],[-120.69806,47.20262],[-120.69396,47.20404],[-120.69201,47.20361],[-120.69115,47.20386],[-120.69036,47.20339],[-120.68997,47.20374],[-120.68918,47.20344],[-120.68868,47.20254],[-120.68772,47.20271],[-120.68808,47.20331],[-120.68756,47.2026],[-120.68606,47.20322],[-120.68478,47.20256],[-120.68267,47.20266],[-120.68152,47.20204],[-120.67982,47.2029],[-120.6781,47.20202],[-120.67452,47.20236],[-120.67334,47.20172],[-120.67542,47.20026],[-120.67414,47.19966],[-120.67407,47.19919],[-120.67681,47.19854],[-120.67984,47.19895],[-120.68218,47.20024],[-120.68505,47.19906],[-120.68799,47.1991],[-120.69203,47.19807],[-120.69478,47.19906],[-120.69632,47.19837],[-120.70036,47.19893],[-120.70196,47.19848],[-120.70452,47.19863],[-120.70604,47.19807],[-120.70647,47.19773],[-120.7066,47.19768],[-120.70688,47.19762],[-120.70711,47.20011]]]},"bbox":[-120.70711,47.19762,-120.67334,47.20404]},{"type":"Feature","id":28089,"properties":{"y":2004,"n":"Icicle","ag":"BLM","ac":696.8,"c":14,"cl":"Unknown","ad":"2004-12-31","cd":"","st":"WA","se":4},"geometry":{"type":"Polygon","coordinates":[[[-120.86296,47.59877],[-120.86121,47.60055],[-120.85831,47.60072],[-120.85353,47.6026],[-120.84562,47.60318],[-120.84373,47.60202],[-120.84285,47.60048],[-120.84127,47.60016],[-120.83989,47.60092],[-120.83946,47.60019],[-120.83658,47.60013],[-120.8343,47.59822],[-120.8326,47.59961],[-120.83051,47.59974],[-120.83,47.59936],[-120.83047,47.59868],[-120.83042,47.59723],[-120.82791,47.59647],[-120.82618,47.59444],[-120.82741,47.59443],[-120.82831,47.59329],[-120.83003,47.59289],[-120.83126,47.59312],[-120.83974,47.59063],[-120.84007,47.59021],[-120.83935,47.58897],[-120.84079,47.58797],[-120.84658,47.58683],[-120.84841,47.58687],[-120.84949,47.58728],[-120.85085,47.58911],[-120.8559,47.59242],[-120.85863,47.59638],[-120.86071,47.59644],[-120.86216,47.59707],[-120.86296,47.59877]]]},"bbox":[-120.86296,47.58679,-120.82618,47.60318]},{"type":"Feature","id":28091,"properties":{"y":2004,"n":"Bluehoo","ag":"BLM","ac":10.2,"c":14,"cl":"Unknown","ad":"2004-12-31","cd":"","st":"WA","se":4},"geometry":{"type":"Polygon","coordinates":[[[-119.49104,48.89172],[-119.49263,48.89156],[-119.49283,48.89322],[-119.49073,48.89365],[-119.48975,48.89335],[-119.48935,48.89259],[-119.49033,48.89185],[-119.49122,48.89206],[-119.49104,48.89172]]]},"bbox":[-119.49293,48.89156,-119.48933,48.89365]},{"type":"Feature","id":28095,"properties":{"y":2004,"n":"Rattlesnake Peak","ag":"BLM","ac":774.9,"c":14,"cl":"Unknown","ad":"2004-12-31","cd":"","st":"WA","se":4},"geometry":{"type":"Polygon","coordinates":[[[-121.25809,46.74114],[-121.26006,46.74174],[-121.25965,46.74195],[-121.26023,46.74266],[-121.2592,46.74375],[-121.25989,46.74505],[-121.2586,46.74577],[-121.26029,46.74591],[-121.26116,46.74505],[-121.26123,46.74541],[-121.26362,46.74605],[-121.26323,46.74787],[-121.26353,46.74938],[-121.26083,46.75285],[-121.26107,46.75332],[-121.26016,46.75403],[-121.26042,46.75467],[-121.25894,46.75652],[-121.25929,46.75712],[-121.25743,46.75833],[-121.25459,46.75766],[-121.25289,46.75817],[-121.25379,46.75946],[-121.2532,46.76013],[-121.25421,46.76072],[-121.25393,46.76244],[-121.25356,46.7627],[-121.25338,46.7622],[-121.25257,46.76281],[-121.25224,46.7625],[-121.25162,46.76344],[-121.25193,46.7639],[-121.24986,46.76368],[-121.25108,46.76224],[-121.25285,46.76152],[-121.25175,46.75972],[-121.25205,46.75896],[-121.25158,46.75845],[-121.25062,46.75847],[-121.25025,46.75892],[-121.24948,46.7582],[-121.24889,46.75888],[-121.24839,46.75813],[-121.24417,46.75831],[-121.24345,46.75869],[-121.24205,46.76088],[-121.23908,46.76263],[-121.23902,46.76396],[-121.23616,46.76497],[-121.23318,46.76802],[-121.23331,46.76844],[-121.23218,46.76872],[-121.22984,46.7709],[-121.22728,46.77148],[-121.22348,46.7712],[-121.21801,46.77386],[-121.21651,46.77411],[-121.21405,46.77165],[-121.2146,46.77065],[-121.22032,46.76631],[-121.22186,46.76409],[-121.22772,46.76108],[-121.23116,46.76003],[-121.23694,46.7592],[-121.23952,46.75936],[-121.24003,46.75852],[-121.24081,46.75866],[-121.2421,46.75782],[-121.24549,46.75784],[-121.24741,46.75713],[-121.2478,46.75637],[-121.2488,46.75661],[-121.24987,46.7562],[-121.25009,46.7552],[-121.25161,46.75431],[-121.25148,46.75368],[-121.2506,46.75313],[-121.24971,46.75351],[-121.24961,46.75318],[-121.25146,46.75232],[-121.24927,46.7503],[-121.24841,46.7503],[-121.24922,46.74989],[-121.24898,46.74888],[-121.25102,46.74878],[-121.25308,46.74805],[-121.25289,46.74416],[-121.25583,46.74171],[-121.25809,46.74114]]]},"bbox":[-121.26379,46.74114,-121.21402,46.77411]},{"type":"Feature","id":28097,"properties":{"y":2004,"n":"Mm4","ag":"BLM","ac":126.2,"c":14,"cl":"Unknown","ad":"2004-12-31","cd":"","st":"WA","se":4},"geometry":{"type":"MultiPolygon","coordinates":[[[[-120.78229,46.10343],[-120.78553,46.10342],[-120.7862,46.10268],[-120.78759,46.10277],[-120.78848,46.10229],[-120.78973,46.10299],[-120.79301,46.1017],[-120.79658,46.10215],[-120.79599,46.10237],[-120.79627,46.10396],[-120.79555,46.10386],[-120.79548,46.10448],[-120.79445,46.10529],[-120.79219,46.10624],[-120.79039,46.10603],[-120.78771,46.10697],[-120.78564,46.10673],[-120.78473,46.10747],[-120.78429,46.1068],[-120.78299,46.10707],[-120.78192,46.10646],[-120.78148,46.10683],[-120.78214,46.10736],[-120.78003,46.10785],[-120.779,46.10769],[-120.77899,46.10692],[-120.778,46.10714],[-120.77885,46.10647],[-120.77984,46.10658],[-120.78016,46.10604],[-120.78059,46.10593],[-120.78091,46.10555],[-120.78068,46.10438],[-120.78229,46.10343]],[[-120.78059,46.10593],[-120.78058,46.10594],[-120.78059,46.10594],[-120.78059,46.10593]],[[-120.78112,46.10415],[-120.78113,46.10415],[-120.78113,46.10414],[-120.78112,46.10415]],[[-120.78222,46.10351],[-120.78221,46.1035],[-120.78217,46.10354],[-120.78222,46.10351]]],[[[-120.78057,46.10592],[-120.78057,46.10592],[-120.78057,46.10592],[-120.78057,46.10592]]],[[[-120.78057,46.10592],[-120.78056,46.10592],[-120.78055,46.10591],[-120.78057,46.10592]]]]},"bbox":[-120.79658,46.1017,-120.77799,46.10785]},{"type":"Feature","id":28098,"properties":{"y":2004,"n":"Spring Creek","ag":"BLM","ac":707.5,"c":14,"cl":"Unknown","ad":"2004-12-31","cd":"","st":"WA","se":4},"geometry":{"type":"Polygon","coordinates":[[[-120.48762,46.1858],[-120.48895,46.18216],[-120.48895,46.17965],[-120.49198,46.17633],[-120.4964,46.1688],[-120.49883,46.16337],[-120.50205,46.16076],[-120.5028,46.1584],[-120.50403,46.15809],[-120.50624,46.15838],[-120.51108,46.16031],[-120.51811,46.16018],[-120.51926,46.16055],[-120.51708,46.16635],[-120.51554,46.16909],[-120.51072,46.16925],[-120.50463,46.17065],[-120.49559,46.18456],[-120.49239,46.18672],[-120.48762,46.1858]]]},"bbox":[-120.51935,46.15809,-120.48762,46.18673]},{"type":"Feature","id":28099,"properties":{"y":2007,"n":"Escure Ranch","ag":"BLM","ac":141.2,"c":14,"cl":"Unknown","ad":"2007-07-26","cd":"","st":"WA","se":2},"geometry":{"type":"Polygon","coordinates":[[[-117.95064,47.02713],[-117.9505,47.02555],[-117.94913,47.02364],[-117.94935,47.0228],[-117.95051,47.02338],[-117.95101,47.02318],[-117.94942,47.02182],[-117.94859,47.02022],[-117.94991,47.01988],[-117.94966,47.01846],[-117.95128,47.02022],[-117.95345,47.02078],[-117.95533,47.01974],[-117.95771,47.0206],[-117.95906,47.02068],[-117.95941,47.01973],[-117.96043,47.02005],[-117.96075,47.02247],[-117.95888,47.02278],[-117.9602,47.02482],[-117.95993,47.025],[-117.96079,47.02527],[-117.96122,47.02599],[-117.95886,47.02547],[-117.95859,47.02482],[-117.95772,47.02606],[-117.95651,47.02558],[-117.95611,47.02664],[-117.95233,47.02777],[-117.95116,47.02767],[-117.95064,47.02713]]]},"bbox":[-117.96125,47.01846,-117.94859,47.02782]},{"type":"Feature","id":28100,"properties":{"y":2007,"n":"Glory Fire","ag":"BLM","ac":105.0,"c":14,"cl":"Unknown","ad":"2007-06-26","cd":"","st":"WA","se":2},"geometry":{"type":"Polygon","coordinates":[[[-120.20797,48.38266],[-120.20907,48.37883],[-120.20842,48.37772],[-120.21357,48.37808],[-120.21425,48.37962],[-120.21641,48.38154],[-120.21655,48.38289],[-120.21555,48.38451],[-120.21589,48.38613],[-120.21714,48.38753],[-120.21692,48.38867],[-120.21518,48.38879],[-120.21397,48.38716],[-120.21325,48.38508],[-120.21367,48.38336],[-120.21294,48.38284],[-120.21218,48.38375],[-120.20828,48.3839],[-120.20797,48.38266]]]},"bbox":[-120.21714,48.37772,-120.20797,48.38882]},{"type":"Feature","id":28105,"properties":{"y":2007,"n":"Mccoy","ag":"BLM","ac":484.5,"c":14,"cl":"Unknown","ad":"2007-09-25","cd":"","st":"WA","se":3},"geometry":{"type":"Polygon","coordinates":[[[-119.92864,47.90271],[-119.92175,47.90193],[-119.91874,47.90236],[-119.91884,47.89942],[-119.91711,47.89486],[-119.9179,47.88738],[-119.91709,47.88428],[-119.91789,47.88029],[-119.91969,47.88034],[-119.92192,47.88123],[-119.92421,47.88456],[-119.92451,47.88786],[-119.92643,47.88845],[-119.92933,47.89091],[-119.93048,47.89453],[-119.93407,47.89735],[-119.93435,47.89929],[-119.93369,47.90111],[-119.93209,47.90236],[-119.92864,47.90271]]]},"bbox":[-119.93435,47.88029,-119.91709,47.90271]},{"type":"Feature","id":28106,"properties":{"y":2006,"n":"Spring Coulee Rd","ag":"BLM","ac":271.1,"c":14,"cl":"Unknown","ad":"2006-08-20","cd":"","st":"WA","se":2},"geometry":{"type":"Polygon","coordinates":[[[-119.63716,48.3828],[-119.63602,48.38303],[-119.63473,48.38262],[-119.63439,48.38061],[-119.63246,48.37828],[-119.63134,48.37537],[-119.63071,48.37478],[-119.63068,48.37317],[-119.63009,48.37327],[-119.62991,48.37215],[-119.62871,48.37109],[-119.6288,48.36935],[-119.63024,48.36566],[-119.63158,48.36486],[-119.63201,48.36369],[-119.63319,48.36314],[-119.63504,48.36402],[-119.63816,48.36942],[-119.63788,48.37104],[-119.63971,48.37964],[-119.63924,48.38098],[-119.63716,48.3828]]]},"bbox":[-119.63971,48.36314,-119.62869,48.38303]},{"type":"Feature","id":28107,"properties":{"y":2007,"n":"Whiskey Mtn Fire","ag":"BLM","ac":959.6,"c":14,"cl":"Unknown","ad":"2013-11-21","cd":"","st":"WA","se":3},"geometry":{"type":"Polygon","coordinates":[[[-119.43998,48.85684],[-119.43617,48.85283],[-119.43605,48.85082],[-119.43655,48.84977],[-119.43586,48.84929],[-119.43586,48.84792],[-119.43609,48.84734],[-119.4376,48.84678],[-119.43677,48.84631],[-119.4372,48.84637],[-119.43763,48.84549],[-119.43943,48.84518],[-119.4395,48.84467],[-119.43823,48.84394],[-119.43907,48.84243],[-119.44365,48.84205],[-119.44408,48.84168],[-119.44204,48.83934],[-119.44274,48.83776],[-119.44223,48.83717],[-119.44242,48.8353],[-119.44399,48.8337],[-119.44426,48.8318],[-119.44742,48.83105],[-119.44834,48.83001],[-119.44977,48.82973],[-119.45066,48.8309],[-119.44992,48.83187],[-119.45171,48.83201],[-119.4517,48.83256],[-119.45297,48.83278],[-119.45343,48.83408],[-119.45189,48.83576],[-119.45074,48.8359],[-119.44989,48.83796],[-119.45084,48.83817],[-119.45127,48.83935],[-119.45109,48.84069],[-119.45362,48.84304],[-119.45384,48.84425],[-119.45461,48.84439],[-119.45472,48.84563],[-119.45514,48.8458],[-119.4546,48.84634],[-119.45501,48.84751],[-119.4546,48.84805],[-119.45496,48.8497],[-119.45458,48.85021],[-119.45516,48.85143],[-119.45473,48.85192],[-119.45533,48.85219],[-119.45593,48.85372],[-119.45514,48.85451],[-119.45566,48.85511],[-119.45514,48.85594],[-119.45566,48.85612],[-119.45614,48.85804],[-119.45488,48.86126],[-119.45428,48.86148],[-119.45325,48.86314],[-119.45401,48.86368],[-119.45484,48.86216],[-119.45705,48.86211],[-119.45718,48.86318],[-119.4579,48.8644],[-119.45841,48.86446],[-119.45724,48.86472],[-119.45706,48.86555],[-119.45631,48.86612],[-119.45455,48.8663],[-119.4543,48.86786],[-119.45392,48.86744],[-119.45408,48.8679],[-119.45226,48.86845],[-119.45179,48.86813],[-119.45148,48.86862],[-119.45059,48.86787],[-119.44949,48.8681],[-119.44946,48.867],[-119.44912,48.86756],[-119.4492,48.86714],[-119.44831,48.86732],[-119.44788,48.86613],[-119.44674,48.86606],[-119.44505,48.86465],[-119.44567,48.86334],[-119.44396,48.86207],[-119.44379,48.85921],[-119.44138,48.85811],[-119.44164,48.85733],[-119.43998,48.85684]]]},"bbox":[-119.45841,48.82973,-119.43573,48.86862]},{"type":"Feature","id":28114,"properties":{"y":2008,"n":"Seven Springs Rd","ag":"BLM","ac":4.0,"c":14,"cl":"Unknown","ad":"2008-12-31","cd":"","st":"WA","se":4},"geometry":{"type":"Polygon","coordinates":[[[-118.49254,47.58182],[-118.49394,47.58296],[-118.49261,47.58246],[-118.49295,47.58316],[-118.49258,47.58347],[-118.49159,47.58261],[-118.49254,47.58182]]]},"bbox":[-118.4942,47.58182,-118.49159,47.58347]},{"type":"Feature","id":28115,"properties":{"y":2011,"n":"Conconully Spot","ag":"BLM","ac":0.0,"c":14,"cl":"Unknown","ad":"2017-01-27","cd":"","st":"WA","se":4},"geometry":{"type":"Polygon","coordinates":[[[-119.71557,48.56525],[-119.71548,48.56523],[-119.71553,48.56521],[-119.71557,48.56525]]]},"bbox":[-119.71557,48.56521,-119.71548,48.56527]},{"type":"Feature","id":28116,"properties":{"y":2011,"n":"Horse Lake","ag":"BLM","ac":0.2,"c":14,"cl":"Unknown","ad":"2017-01-27","cd":"","st":"WA","se":4},"geometry":{"type":"Polygon","coordinates":[[[-120.37767,47.46273],[-120.37855,47.46248],[-120.37767,47.46292],[-120.37767,47.46273]]]},"bbox":[-120.37855,47.46248,-120.37767,47.46292]},{"type":"Feature","id":28117,"properties":{"y":2001,"n":"Indian Dan","ag":"BLM","ac":584.4,"c":14,"cl":"Unknown","ad":"2001-12-31","cd":"","st":"WA","se":4},"geometry":{"type":"Polygon","coordinates":[[[-119.83192,48.11074],[-119.83244,48.10921],[-119.83411,48.10881],[-119.83494,48.10728],[-119.83717,48.10637],[-119.83823,48.10481],[-119.83894,48.10439],[-119.84042,48.10458],[-119.84213,48.10308],[-119.84163,48.10244],[-119.84197,48.10193],[-119.84618,48.09998],[-119.85453,48.10301],[-119.85547,48.10445],[-119.85581,48.10698],[-119.85772,48.1079],[-119.85577,48.11105],[-119.85395,48.11223],[-119.85133,48.11283],[-119.84657,48.11485],[-119.84589,48.11517],[-119.84596,48.11566],[-119.84464,48.1162],[-119.84421,48.11712],[-119.84087,48.11825],[-119.84003,48.11829],[-119.84039,48.11746],[-119.84,48.11644],[-119.83849,48.11644],[-119.83778,48.11531],[-119.83063,48.11525],[-119.83023,48.11477],[-119.83024,48.11251],[-119.82745,48.11142],[-119.82904,48.11077],[-119.83192,48.11074]]]},"bbox":[-119.85772,48.09998,-119.82745,48.11829]},{"type":"Feature","id":28118,"properties":{"y":2001,"n":"Windy Peak","ag":"BLM","ac":354.7,"c":14,"cl":"Unknown","ad":"2001-12-31","cd":"","st":"WA","se":4},"geometry":{"type":"Polygon","coordinates":[[[-119.95448,48.89254],[-119.95253,48.89275],[-119.95184,48.89235],[-119.94568,48.8938],[-119.944,48.89348],[-119.94316,48.89277],[-119.94256,48.89068],[-119.94502,48.89005],[-119.94699,48.88824],[-119.94871,48.88775],[-119.94959,48.88661],[-119.94973,48.88554],[-119.95312,48.8843],[-119.95438,48.88359],[-119.95442,48.8829],[-119.95698,48.88318],[-119.95488,48.8819],[-119.95466,48.88024],[-119.95577,48.87926],[-119.95812,48.87906],[-119.95915,48.87935],[-119.96145,48.88138],[-119.96001,48.88384],[-119.96185,48.8841],[-119.96278,48.88471],[-119.96211,48.88645],[-119.95928,48.88654],[-119.9589,48.88754],[-119.95916,48.88861],[-119.96076,48.88876],[-119.96237,48.89024],[-119.96614,48.89061],[-119.96774,48.89214],[-119.96712,48.89303],[-119.96842,48.89429],[-119.96756,48.89512],[-119.96626,48.89391],[-119.96596,48.89492],[-119.96298,48.89484],[-119.96265,48.8936],[-119.95893,48.89239],[-119.95821,48.88949],[-119.95648,48.89014],[-119.95601,48.89119],[-119.95606,48.89173],[-119.95808,48.89306],[-119.9581,48.89402],[-119.95592,48.89407],[-119.95452,48.89318],[-119.95448,48.89254]]]},"bbox":[-119.96842,48.87903,-119.94256,48.89514]},{"type":"Feature","id":28121,"properties":{"y":2001,"n":"Highland Flats","ag":"BLM","ac":128.7,"c":14,"cl":"Unknown","ad":"2001-12-31","cd":"","st":"WA","se":4},"geometry":{"type":"Polygon","coordinates":[[[-119.95926,47.95078],[-119.95941,47.95024],[-119.95822,47.94985],[-119.96017,47.94878],[-119.9607,47.94654],[-119.96671,47.94058],[-119.967,47.93919],[-119.96794,47.93833],[-119.96884,47.93832],[-119.96993,47.93947],[-119.97021,47.94224],[-119.96801,47.94588],[-119.96528,47.94734],[-119.96324,47.94731],[-119.96152,47.9481],[-119.96157,47.94845],[-119.96344,47.94801],[-119.96421,47.94931],[-119.96399,47.95031],[-119.9629,47.95093],[-119.96313,47.95173],[-119.96201,47.95329],[-119.95901,47.95203],[-119.9606,47.95098],[-119.95926,47.95078]]]},"bbox":[-119.97021,47.93832,-119.95822,47.95329]},{"type":"Feature","id":28123,"properties":{"y":2004,"n":"Sisi Ridge","ag":"BLM","ac":342.9,"c":14,"cl":"Unknown","ad":"2004-12-31","cd":"","st":"WA","se":4},"geometry":{"type":"MultiPolygon","coordinates":[[[[-120.80065,48.32863],[-120.79943,48.32891],[-120.79898,48.32692],[-120.79979,48.32595],[-120.80072,48.32569],[-120.80318,48.32569],[-120.80542,48.32773],[-120.80503,48.33009],[-120.80275,48.32988],[-120.80065,48.32863]]],[[[-120.81132,48.32732],[-120.81239,48.32505],[-120.81181,48.32372],[-120.81316,48.32282],[-120.81484,48.32323],[-120.81541,48.32292],[-120.81711,48.32385],[-120.81943,48.32694],[-120.81979,48.32646],[-120.82322,48.32797],[-120.8272,48.33045],[-120.82724,48.33412],[-120.82477,48.33664],[-120.82361,48.33711],[-120.81632,48.33614],[-120.81469,48.33507],[-120.81277,48.33204],[-120.81132,48.32732]]]]},"bbox":[-120.82724,48.32271,-120.79898,48.33711]},{"type":"Feature","id":28126,"properties":{"y":2004,"n":"Dirtyface","ag":"BLM","ac":237.9,"c":14,"cl":"Unknown","ad":"2004-12-31","cd":"","st":"WA","se":4},"geometry":{"type":"Polygon","coordinates":[[[-120.8438,47.87307],[-120.84773,47.87539],[-120.84677,47.87781],[-120.84044,47.8817],[-120.83786,47.88448],[-120.83633,47.88434],[-120.8313,47.87906],[-120.83275,47.87588],[-120.83449,47.87415],[-120.84018,47.87304],[-120.8438,47.87307]]]},"bbox":[-120.84773,47.87304,-120.8313,47.88462]},{"type":"Feature","id":28127,"properties":{"y":2009,"n":"Lake Entiat","ag":"BLM","ac":182.4,"c":14,"cl":"Unknown","ad":"2009-12-31","cd":"","st":"WA","se":4},"geometry":{"type":"Polygon","coordinates":[[[-120.24817,47.60306],[-120.24721,47.60552],[-120.24339,47.6052],[-120.24302,47.60488],[-120.24277,47.60162],[-120.2473,47.59343],[-120.24888,47.5884],[-120.25045,47.58754],[-120.25018,47.58786],[-120.25228,47.58859],[-120.25293,47.58995],[-120.25478,47.59092],[-120.2533,47.59247],[-120.24986,47.59432],[-120.24861,47.59577],[-120.24857,47.5971],[-120.25075,47.59685],[-120.25258,47.59786],[-120.25068,47.59987],[-120.24832,47.60095],[-120.24817,47.60306]]]},"bbox":[-120.25478,47.58754,-120.24275,47.60566]},{"type":"Feature","id":28128,"properties":{"y":2009,"n":"Sable","ag":"BLM","ac":542.0,"c":14,"cl":"Unknown","ad":"2009-12-31","cd":"","st":"WA","se":4},"geometry":{"type":"Polygon","coordinates":[[[-120.8255,48.26366],[-120.83342,48.26584],[-120.83516,48.26705],[-120.83616,48.27223],[-120.83518,48.27427],[-120.8256,48.27982],[-120.82243,48.28028],[-120.82186,48.28149],[-120.81943,48.28225],[-120.81862,48.28307],[-120.81501,48.28336],[-120.81662,48.28442],[-120.81593,48.28517],[-120.81496,48.28498],[-120.81206,48.28282],[-120.80963,48.27983],[-120.81041,48.27831],[-120.81538,48.27837],[-120.81659,48.27744],[-120.81651,48.27605],[-120.81864,48.27457],[-120.8182,48.2723],[-120.82146,48.26961],[-120.82341,48.26956],[-120.8227,48.26796],[-120.82056,48.26774],[-120.82032,48.26692],[-120.82201,48.26524],[-120.8255,48.26366]]]},"bbox":[-120.83616,48.26366,-120.80963,48.2852]},{"type":"Feature","id":28129,"properties":{"y":2009,"n":"Lemah","ag":"BLM","ac":649.3,"c":14,"cl":"Unknown","ad":"2009-12-31","cd":"","st":"WA","se":4},"geometry":{"type":"Polygon","coordinates":[[[-121.27027,47.47414],[-121.26428,47.47425],[-121.26124,47.47289],[-121.25899,47.4728],[-121.25581,47.47188],[-121.25389,47.46887],[-121.25485,47.46841],[-121.25393,47.46486],[-121.25986,47.46327],[-121.26299,47.46294],[-121.26468,47.46148],[-121.2662,47.45868],[-121.26684,47.45568],[-121.26923,47.45584],[-121.26995,47.45649],[-121.27064,47.4602],[-121.27199,47.46081],[-121.27231,47.46195],[-121.2735,47.46253],[-121.27442,47.46413],[-121.27594,47.46523],[-121.27961,47.4665],[-121.2819,47.46972],[-121.28225,47.47121],[-121.28231,47.47359],[-121.27875,47.47556],[-121.27499,47.47545],[-121.27027,47.47414]]]},"bbox":[-121.28235,47.45552,-121.25389,47.47569]},{"type":"Feature","id":28131,"properties":{"y":2009,"n":"Tripp Canyon","ag":"BLM","ac":522.6,"c":14,"cl":"Unknown","ad":"2009-12-31","cd":"","st":"WA","se":4},"geometry":{"type":"Polygon","coordinates":[[[-120.51828,47.48546],[-120.52899,47.48727],[-120.52892,47.49203],[-120.52729,47.49279],[-120.52126,47.49394],[-120.5182,47.49551],[-120.51588,47.49609],[-120.51082,47.49626],[-120.50924,47.49705],[-120.50732,47.49694],[-120.50532,47.49582],[-120.50219,47.49517],[-120.49908,47.49289],[-120.49866,47.49213],[-120.49879,47.49134],[-120.50282,47.48955],[-120.50202,47.48644],[-120.50389,47.48585],[-120.50704,47.48566],[-120.50931,47.48644],[-120.51536,47.48546],[-120.51828,47.48546]]]},"bbox":[-120.52927,47.48546,-120.49866,47.49705]},{"type":"Feature","id":28135,"properties":{"y":2007,"n":"Panther Creek","ag":"BLM","ac":213.7,"c":14,"cl":"Unknown","ad":"2007-12-31","cd":"","st":"WA","se":4},"geometry":{"type":"Polygon","coordinates":[[[-121.01495,47.92822],[-121.01422,47.92971],[-121.01232,47.92991],[-121.0089,47.92851],[-121.00245,47.92705],[-120.99791,47.92712],[-120.99168,47.92807],[-120.99017,47.92777],[-120.99179,47.92524],[-120.99653,47.92246],[-120.99981,47.92159],[-121.00457,47.92239],[-121.00843,47.9238],[-121.01324,47.92652],[-121.01495,47.92822]]]},"bbox":[-121.01495,47.92159,-120.99017,47.92991]},{"type":"Feature","id":28137,"properties":{"y":2001,"n":"Glory Mountain","ag":"BLM","ac":927.9,"c":14,"cl":"Unknown","ad":"2001-12-31","cd":"","st":"WA","se":4},"geometry":{"type":"Polygon","coordinates":[[[-120.96583,48.43052],[-120.96198,48.43258],[-120.95349,48.43323],[-120.94318,48.43328],[-120.93632,48.43048],[-120.93858,48.42736],[-120.94049,48.42668],[-120.94111,48.4256],[-120.94044,48.4239],[-120.94123,48.42255],[-120.94323,48.42171],[-120.94387,48.42025],[-120.94606,48.41876],[-120.95321,48.41718],[-120.9546,48.41613],[-120.95926,48.41447],[-120.96555,48.41709],[-120.96675,48.42186],[-120.97283,48.42355],[-120.97362,48.4264],[-120.97251,48.42949],[-120.9711,48.43006],[-120.96583,48.43052]]]},"bbox":[-120.97362,48.41447,-120.93632,48.43336]},{"type":"Feature","id":28138,"properties":{"y":2003,"n":"Sweetgrass","ag":"BLM","ac":181.1,"c":14,"cl":"Unknown","ad":"2003-12-31","cd":"","st":"WA","se":4},"geometry":{"type":"Polygon","coordinates":[[[-120.30765,48.6796],[-120.3099,48.68099],[-120.30998,48.68215],[-120.31132,48.68287],[-120.31157,48.68365],[-120.30758,48.68652],[-120.30749,48.68852],[-120.30335,48.68959],[-120.30101,48.6882],[-120.29767,48.68703],[-120.30015,48.68525],[-120.30055,48.68446],[-120.30025,48.6839],[-120.29884,48.68365],[-120.29731,48.6844],[-120.29666,48.68427],[-120.29636,48.68351],[-120.29722,48.68254],[-120.29803,48.68257],[-120.29836,48.68177],[-120.29995,48.68122],[-120.30325,48.68139],[-120.30447,48.67962],[-120.30765,48.6796]]]},"bbox":[-120.31157,48.67954,-120.29627,48.68965]},{"type":"Feature","id":28139,"properties":{"y":2005,"n":"Pearrygin Lake","ag":"BLM","ac":507.8,"c":14,"cl":"Unknown","ad":"2013-11-21","cd":"","st":"WA","se":3},"geometry":{"type":"Polygon","coordinates":[[[-120.14622,48.51206],[-120.14207,48.51486],[-120.14039,48.51457],[-120.13561,48.51192],[-120.13084,48.5127],[-120.12639,48.51119],[-120.11753,48.51241],[-120.1156,48.50976],[-120.11594,48.50804],[-120.11772,48.50598],[-120.11958,48.50563],[-120.12076,48.50606],[-120.1255,48.50407],[-120.13004,48.50314],[-120.13452,48.50064],[-120.14084,48.50245],[-120.14327,48.50382],[-120.14413,48.50523],[-120.14479,48.50818],[-120.14656,48.51086],[-120.14622,48.51206]]]},"bbox":[-120.14667,48.50064,-120.1156,48.51486]},{"type":"Feature","id":28140,"properties":{"y":2005,"n":"Shady","ag":"BLM","ac":153.0,"c":14,"cl":"Unknown","ad":"2005-12-31","cd":"","st":"WA","se":4},"geometry":{"type":"Polygon","coordinates":[[[-120.85623,48.40996],[-120.85776,48.41003],[-120.85814,48.40905],[-120.86203,48.41101],[-120.86342,48.41275],[-120.86256,48.41385],[-120.86064,48.41432],[-120.85819,48.41593],[-120.85559,48.41551],[-120.85149,48.41581],[-120.84946,48.41547],[-120.84858,48.41469],[-120.84874,48.41352],[-120.84812,48.41147],[-120.84914,48.40977],[-120.85015,48.40988],[-120.85136,48.41089],[-120.85402,48.41031],[-120.85347,48.40926],[-120.85377,48.40894],[-120.85623,48.40996]]]},"bbox":[-120.86342,48.40894,-120.84812,48.41593]},{"type":"Feature","id":28142,"properties":{"y":2006,"n":"Amabilis","ag":"BLM","ac":117.0,"c":14,"cl":"Unknown","ad":"2006-12-31","cd":"","st":"WA","se":4},"geometry":{"type":"Polygon","coordinates":[[[-121.26226,47.27121],[-121.26401,47.27144],[-121.26651,47.27264],[-121.26709,47.27407],[-121.26669,47.27548],[-121.26605,47.27582],[-121.2649,47.27556],[-121.26459,47.27643],[-121.26339,47.27698],[-121.26206,47.27892],[-121.26121,47.27895],[-121.25987,47.27798],[-121.25696,47.27751],[-121.25566,47.27519],[-121.25384,47.27413],[-121.25474,47.27273],[-121.25561,47.27291],[-121.25551,47.27328],[-121.25646,47.27265],[-121.25906,47.27369],[-121.26226,47.27121]]]},"bbox":[-121.26709,47.27116,-121.25384,47.27898]},{"type":"Feature","id":28145,"properties":{"y":2008,"n":"Foam Creek Wfu","ag":"BLM","ac":602.2,"c":14,"cl":"Unknown","ad":"2008-12-31","cd":"","st":"WA","se":4},"geometry":{"type":"Polygon","coordinates":[[[-121.09075,48.0438],[-121.08857,48.04153],[-121.08753,48.04227],[-121.08664,48.04219],[-121.08637,48.04158],[-121.08705,48.03934],[-121.08657,48.03784],[-121.08674,48.0353],[-121.09115,48.03385],[-121.09238,48.03411],[-121.09396,48.03482],[-121.09476,48.03781],[-121.0956,48.03478],[-121.0955,48.03191],[-121.10086,48.03201],[-121.10139,48.03307],[-121.10398,48.03318],[-121.10891,48.03144],[-121.11113,48.02996],[-121.11568,48.02968],[-121.11828,48.03313],[-121.11687,48.03469],[-121.11299,48.03721],[-121.11012,48.03987],[-121.10677,48.03947],[-121.10778,48.04267],[-121.10529,48.04427],[-121.10184,48.04345],[-121.10073,48.04276],[-121.09788,48.04476],[-121.0944,48.04572],[-121.09275,48.04676],[-121.09075,48.0438]]]},"bbox":[-121.11828,48.02968,-121.08637,48.04676]},{"type":"Feature","id":28146,"properties":{"y":2009,"n":"Twin Peaks","ag":"BLM","ac":666.5,"c":14,"cl":"Unknown","ad":"2009-12-31","cd":"","st":"WA","se":4},"geometry":{"type":"Polygon","coordinates":[[[-121.35394,46.63622],[-121.35226,46.63705],[-121.34952,46.63599],[-121.34289,46.63797],[-121.34213,46.63728],[-121.34121,46.63469],[-121.33885,46.63515],[-121.33657,46.63492],[-121.33321,46.63362],[-121.33139,46.63347],[-121.32963,46.63439],[-121.32681,46.63393],[-121.32498,46.63202],[-121.32468,46.63004],[-121.32163,46.62281],[-121.32331,46.62212],[-121.3259,46.62578],[-121.32834,46.62692],[-121.33032,46.62601],[-121.3339,46.62181],[-121.34198,46.62364],[-121.35409,46.6273],[-121.35287,46.6305],[-121.35173,46.63164],[-121.35401,46.63393],[-121.35394,46.63622]]]},"bbox":[-121.35409,46.62181,-121.32163,46.63797]},{"type":"Feature","id":28147,"properties":{"y":2001,"n":"Boundary","ag":"BLM","ac":361.2,"c":14,"cl":"Unknown","ad":"2001-12-31","cd":"","st":"WA","se":4},"geometry":{"type":"Polygon","coordinates":[[[-120.53267,48.99373],[-120.53067,48.99346],[-120.53185,48.99283],[-120.53171,48.99189],[-120.53044,48.99224],[-120.52952,48.99121],[-120.52921,48.99032],[-120.52952,48.98949],[-120.52873,48.9885],[-120.52768,48.98757],[-120.5262,48.98715],[-120.52629,48.98676],[-120.52473,48.98538],[-120.52518,48.98352],[-120.52432,48.9826],[-120.52445,48.98189],[-120.52358,48.98187],[-120.52565,48.98005],[-120.52609,48.98059],[-120.52674,48.98023],[-120.53047,48.98063],[-120.53176,48.98145],[-120.5327,48.98292],[-120.53389,48.98333],[-120.534,48.98395],[-120.53549,48.98372],[-120.54134,48.98437],[-120.5436,48.98583],[-120.54626,48.98624],[-120.54788,48.98751],[-120.54667,48.98786],[-120.54667,48.98878],[-120.54752,48.9891],[-120.54718,48.99025],[-120.54661,48.99109],[-120.54486,48.99207],[-120.54204,48.99168],[-120.53711,48.99292],[-120.53429,48.99274],[-120.53267,48.99373]]]},"bbox":[-120.54788,48.98005,-120.52358,48.99373]},{"type":"Feature","id":28149,"properties":{"y":2001,"n":"Dog Creek","ag":"BLM","ac":568.7,"c":14,"cl":"Unknown","ad":"2001-12-31","cd":"","st":"WA","se":4},"geometry":{"type":"Polygon","coordinates":[[[-121.22048,46.81498],[-121.22352,46.81596],[-121.22721,46.81831],[-121.22813,46.81968],[-121.22798,46.82087],[-121.22553,46.82224],[-121.21308,46.82347],[-121.21239,46.82327],[-121.2114,46.8209],[-121.21006,46.8197],[-121.20837,46.81918],[-121.20248,46.81977],[-121.19822,46.81718],[-121.19252,46.81614],[-121.19139,46.81552],[-121.18984,46.81355],[-121.18413,46.8131],[-121.18456,46.81215],[-121.18564,46.81178],[-121.18634,46.81016],[-121.19015,46.80886],[-121.19203,46.8088],[-121.19568,46.80939],[-121.19836,46.81137],[-121.1992,46.81288],[-121.20168,46.81235],[-121.20335,46.81263],[-121.20436,46.81202],[-121.2064,46.81181],[-121.20876,46.81269],[-121.21058,46.81522],[-121.21709,46.81565],[-121.21877,46.81491],[-121.22048,46.81498]]]},"bbox":[-121.22813,46.8088,-121.18413,46.82347]},{"type":"Feature","id":28150,"properties":{"y":2003,"n":"Wilcox","ag":"BLM","ac":439.9,"c":14,"cl":"Unknown","ad":"2003-12-31","cd":"","st":"WA","se":4},"geometry":{"type":"Polygon","coordinates":[[[-119.27149,48.85859],[-119.27263,48.85911],[-119.27291,48.86058],[-119.27341,48.86093],[-119.27313,48.86215],[-119.27119,48.86335],[-119.27013,48.86481],[-119.26984,48.8662],[-119.26875,48.86657],[-119.26768,48.86837],[-119.26647,48.86815],[-119.26532,48.86843],[-119.26505,48.86898],[-119.26282,48.86866],[-119.26101,48.8694],[-119.25969,48.86879],[-119.25846,48.86933],[-119.25851,48.86975],[-119.25741,48.87067],[-119.25757,48.87197],[-119.25679,48.87252],[-119.25621,48.87272],[-119.25463,48.8719],[-119.25179,48.87314],[-119.25149,48.87465],[-119.24669,48.88046],[-119.24418,48.88132],[-119.2413,48.88347],[-119.23884,48.88436],[-119.23748,48.88432],[-119.23717,48.88336],[-119.23774,48.88222],[-119.2369,48.88122],[-119.24083,48.87943],[-119.24115,48.878],[-119.24178,48.87739],[-119.24336,48.87715],[-119.24322,48.87553],[-119.24367,48.87461],[-119.24627,48.87405],[-119.24546,48.87311],[-119.24759,48.87246],[-119.24935,48.87096],[-119.24879,48.8702],[-119.2501,48.86912],[-119.24999,48.86836],[-119.2509,48.86756],[-119.25315,48.86687],[-119.25378,48.86709],[-119.25384,48.8676],[-119.25441,48.86756],[-119.25496,48.86596],[-119.2565,48.8659],[-119.26057,48.86395],[-119.2604,48.86299],[-119.26151,48.86182],[-119.26216,48.86161],[-119.26347,48.86285],[-119.26669,48.86145],[-119.26774,48.86041],[-119.26707,48.85909],[-119.27149,48.85859]]]},"bbox":[-119.27341,48.85859,-119.2369,48.88458]},{"type":"Feature","id":28152,"properties":{"y":2004,"n":"Reecer","ag":"BLM","ac":107.8,"c":14,"cl":"Unknown","ad":"2004-12-31","cd":"","st":"WA","se":4},"geometry":{"type":"Polygon","coordinates":[[[-120.58531,47.1848],[-120.58694,47.18941],[-120.58555,47.19097],[-120.58524,47.19207],[-120.58435,47.19259],[-120.5839,47.19266],[-120.58314,47.19141],[-120.58214,47.192],[-120.58077,47.19156],[-120.58021,47.19171],[-120.58004,47.19238],[-120.57876,47.19255],[-120.5777,47.19206],[-120.57829,47.19132],[-120.57778,47.19109],[-120.57697,47.18909],[-120.57613,47.18888],[-120.57649,47.18812],[-120.58119,47.18775],[-120.58288,47.18402],[-120.58531,47.1848]]]},"bbox":[-120.58694,47.18402,-120.57613,47.19266]},{"type":"Feature","id":28155,"properties":{"y":2007,"n":"Glory","ag":"BLM","ac":118.5,"c":14,"cl":"Unknown","ad":"2007-12-31","cd":"","st":"WA","se":4},"geometry":{"type":"Polygon","coordinates":[[[-120.21554,48.38628],[-120.21333,48.38421],[-120.21359,48.38361],[-120.21294,48.38326],[-120.21244,48.38379],[-120.2102,48.38426],[-120.20875,48.38279],[-120.2087,48.37907],[-120.20937,48.37842],[-120.20851,48.37846],[-120.20835,48.378],[-120.21315,48.37821],[-120.21463,48.38016],[-120.2169,48.38023],[-120.21742,48.38194],[-120.21869,48.38293],[-120.21842,48.38336],[-120.21796,48.3829],[-120.21706,48.38325],[-120.21758,48.38422],[-120.2197,48.38461],[-120.21968,48.38528],[-120.22111,48.38673],[-120.22003,48.38749],[-120.21854,48.38738],[-120.21554,48.38628]]]},"bbox":[-120.22111,48.37796,-120.20834,48.38749]},{"type":"Feature","id":28158,"properties":{"y":2006,"n":"Polallie","ag":"BLM","ac":962.4,"c":14,"cl":"Unknown","ad":"2006-12-31","cd":"","st":"WA","se":4},"geometry":{"type":"Polygon","coordinates":[[[-121.10236,47.43538],[-121.09916,47.4354],[-121.09841,47.436],[-121.09775,47.43854],[-121.09339,47.44315],[-121.08959,47.44311],[-121.08761,47.44387],[-121.08547,47.44338],[-121.08072,47.44071],[-121.08008,47.44007],[-121.08069,47.43849],[-121.07873,47.43743],[-121.07892,47.43695],[-121.08105,47.43682],[-121.07972,47.43605],[-121.08028,47.4352],[-121.08267,47.43506],[-121.08322,47.43409],[-121.08403,47.43372],[-121.08435,47.43291],[-121.08401,47.43212],[-121.08342,47.43197],[-121.08364,47.43129],[-121.08302,47.43043],[-121.08303,47.4295],[-121.08448,47.42933],[-121.08549,47.42846],[-121.09407,47.42894],[-121.09701,47.4278],[-121.09536,47.42633],[-121.09608,47.4255],[-121.09681,47.4263],[-121.09874,47.42637],[-121.10007,47.42713],[-121.10512,47.42659],[-121.10705,47.42704],[-121.10832,47.42626],[-121.11101,47.4257],[-121.11247,47.42642],[-121.11256,47.42721],[-121.11353,47.42788],[-121.11601,47.4277],[-121.11563,47.4268],[-121.11696,47.4271],[-121.11709,47.42785],[-121.12922,47.42845],[-121.13022,47.42926],[-121.13114,47.43156],[-121.13035,47.43542],[-121.12799,47.43285],[-121.12608,47.4328],[-121.12521,47.43337],[-121.12568,47.43776],[-121.12509,47.43897],[-121.12435,47.43936],[-121.1215,47.43752],[-121.12053,47.43556],[-121.11872,47.4358],[-121.11825,47.43512],[-121.11741,47.4351],[-121.11658,47.43431],[-121.11563,47.43424],[-121.11273,47.43273],[-121.1106,47.43246],[-121.10898,47.43293],[-121.10816,47.4326],[-121.10744,47.43321],[-121.10345,47.43382],[-121.10236,47.43538]]]},"bbox":[-121.13114,47.4255,-121.07873,47.44387]},{"type":"Feature","id":28159,"properties":{"y":2006,"n":"Trout","ag":"BLM","ac":140.0,"c":14,"cl":"Unknown","ad":"2006-12-31","cd":"","st":"WA","se":4},"geometry":{"type":"Polygon","coordinates":[[[-120.97645,46.66887],[-120.97386,46.6687],[-120.97153,46.66978],[-120.96899,46.66995],[-120.96805,46.67032],[-120.96713,46.6716],[-120.96351,46.67004],[-120.96229,46.66884],[-120.9623,46.6684],[-120.96367,46.66817],[-120.96596,46.66906],[-120.96746,46.6681],[-120.97128,46.66758],[-120.97012,46.66655],[-120.96781,46.66588],[-120.96753,46.66534],[-120.96818,46.66387],[-120.9719,46.66412],[-120.97175,46.66168],[-120.97214,46.66148],[-120.97448,46.662],[-120.97638,46.66337],[-120.97791,46.66717],[-120.97645,46.66887]]]},"bbox":[-120.97791,46.66148,-120.96229,46.6716]},{"type":"Feature","id":28160,"properties":{"y":2006,"n":"Day Creek","ag":"BLM","ac":131.0,"c":14,"cl":"Unknown","ad":"2006-12-31","cd":"","st":"WA","se":4},"geometry":{"type":"Polygon","coordinates":[[[-118.5372,48.93701],[-118.53986,48.93676],[-118.54005,48.93713],[-118.54501,48.93719],[-118.54696,48.93846],[-118.54816,48.94022],[-118.54767,48.94043],[-118.54771,48.94097],[-118.54673,48.94116],[-118.54479,48.94041],[-118.54488,48.94086],[-118.54411,48.94084],[-118.54372,48.94131],[-118.54224,48.94064],[-118.54158,48.9412],[-118.54067,48.94073],[-118.54001,48.9411],[-118.53975,48.94071],[-118.53934,48.94157],[-118.53869,48.94147],[-118.53831,48.94319],[-118.53765,48.94364],[-118.53506,48.94283],[-118.53321,48.9429],[-118.53293,48.93835],[-118.53435,48.93815],[-118.53515,48.93748],[-118.53673,48.93783],[-118.5372,48.93701]]]},"bbox":[-118.54816,48.93676,-118.5327,48.94365]},{"type":"Feature","id":28161,"properties":{"y":2008,"n":"Jack Creek","ag":"BLM","ac":235.8,"c":14,"cl":"Unknown","ad":"2008-12-31","cd":"","st":"WA","se":4},"geometry":{"type":"Polygon","coordinates":[[[-120.94227,47.50719],[-120.94165,47.51128],[-120.94056,47.51212],[-120.93733,47.5126],[-120.93644,47.51335],[-120.93291,47.51379],[-120.9305,47.51463],[-120.92807,47.51446],[-120.92628,47.50802],[-120.93457,47.50306],[-120.93587,47.50389],[-120.93922,47.50755],[-120.94227,47.50719]]]},"bbox":[-120.94241,47.50306,-120.92628,47.51463]},{"type":"Feature","id":28162,"properties":{"y":2001,"n":"Tommy Creek","ag":"BLM","ac":659.2,"c":14,"cl":"Unknown","ad":"2001-12-31","cd":"","st":"WA","se":4},"geometry":{"type":"Polygon","coordinates":[[[-120.55373,47.94222],[-120.55377,47.94173],[-120.55492,47.94164],[-120.55481,47.94219],[-120.55374,47.9424],[-120.55555,47.94263],[-120.55672,47.9418],[-120.55502,47.94108],[-120.55537,47.94034],[-120.55738,47.939],[-120.55909,47.93886],[-120.55993,47.93814],[-120.56123,47.93818],[-120.56145,47.93681],[-120.56209,47.93618],[-120.56564,47.93684],[-120.57048,47.93652],[-120.57057,47.93728],[-120.57627,47.93589],[-120.57782,47.93669],[-120.58116,47.93723],[-120.58181,47.93799],[-120.58387,47.9385],[-120.58339,47.93939],[-120.5864,47.9415],[-120.5868,47.94233],[-120.58562,47.94356],[-120.58007,47.94561],[-120.57937,47.94643],[-120.57898,47.94887],[-120.5781,47.94915],[-120.57788,47.94994],[-120.57356,47.95055],[-120.57255,47.95024],[-120.57254,47.949],[-120.57203,47.94818],[-120.57101,47.94777],[-120.57107,47.94683],[-120.56968,47.94713],[-120.56818,47.94604],[-120.56632,47.94585],[-120.56528,47.94639],[-120.56154,47.94655],[-120.55887,47.94598],[-120.55695,47.94498],[-120.55599,47.94565],[-120.55048,47.94574],[-120.54992,47.94623],[-120.54921,47.94638],[-120.549,47.94592],[-120.54701,47.94668],[-120.54665,47.94614],[-120.54551,47.94616],[-120.54432,47.94538],[-120.54426,47.94448],[-120.54505,47.94369],[-120.54496,47.94319],[-120.54896,47.94348],[-120.55014,47.94235],[-120.55189,47.94192],[-120.55373,47.94222]]]},"bbox":[-120.5868,47.93589,-120.54426,47.95055]},{"type":"Feature","id":28166,"properties":{"y":2007,"n":"Bulldog","ag":"BLM","ac":106.7,"c":14,"cl":"Unknown","ad":"2007-12-31","cd":"","st":"WA","se":4},"geometry":{"type":"Polygon","coordinates":[[[-118.31137,48.78759],[-118.31083,48.7888],[-118.31159,48.79159],[-118.31088,48.79198],[-118.30827,48.79157],[-118.30767,48.79049],[-118.30686,48.79033],[-118.30693,48.78945],[-118.30614,48.7887],[-118.3056,48.78869],[-118.30563,48.7892],[-118.30472,48.78911],[-118.30363,48.78821],[-118.30484,48.78721],[-118.30327,48.78544],[-118.30217,48.78298],[-118.30313,48.78263],[-118.30313,48.78156],[-118.30601,48.78156],[-118.30722,48.78392],[-118.30832,48.7845],[-118.3082,48.78525],[-118.30861,48.78565],[-118.30993,48.7846],[-118.31028,48.78469],[-118.30976,48.78501],[-118.31021,48.78545],[-118.31184,48.78644],[-118.31118,48.78685],[-118.31216,48.78746],[-118.31137,48.78759]]]},"bbox":[-118.31216,48.78149,-118.30217,48.79198]},{"type":"Feature","id":28169,"properties":{"y":2010,"n":"Eightmile","ag":"BLM","ac":189.9,"c":14,"cl":"Unknown","ad":"2010-12-31","cd":"","st":"WA","se":4},"geometry":{"type":"Polygon","coordinates":[[[-120.87579,47.52949],[-120.86995,47.5359],[-120.86579,47.53017],[-120.86576,47.52732],[-120.86447,47.52545],[-120.86599,47.52405],[-120.86776,47.52401],[-120.86884,47.52343],[-120.87132,47.52395],[-120.87183,47.52326],[-120.87311,47.5233],[-120.87552,47.52676],[-120.87579,47.52949]]]},"bbox":[-120.87579,47.52326,-120.86447,47.5359]},{"type":"Feature","id":28173,"properties":{"y":2007,"n":"Duck Lake Road","ag":"BLM","ac":118.1,"c":14,"cl":"Unknown","ad":"2007-12-31","cd":"","st":"WA","se":4},"geometry":{"type":"Polygon","coordinates":[[[-118.5929,47.38489],[-118.59298,47.38128],[-118.60886,47.38137],[-118.60875,47.38493],[-118.5929,47.38489]]]},"bbox":[-118.60886,47.38128,-118.5929,47.38493]},{"type":"Feature","id":28174,"properties":{"y":2011,"n":"Lakeview Loop","ag":"BLM","ac":8.0,"c":14,"cl":"Unknown","ad":"2017-01-27","cd":"","st":"WA","se":4},"geometry":{"type":"Polygon","coordinates":[[[-117.85477,47.36389],[-117.85134,47.36622],[-117.85363,47.36445],[-117.85037,47.36508],[-117.84994,47.36383],[-117.85477,47.36389]]]},"bbox":[-117.85479,47.36373,-117.84994,47.36622]},{"type":"Feature","id":28176,"properties":{"y":2011,"n":"Shooting Range","ag":"BLM","ac":113.4,"c":14,"cl":"Unknown","ad":"2017-01-27","cd":"","st":"WA","se":4},"geometry":{"type":"Polygon","coordinates":[[[-119.46869,46.35236],[-119.47186,46.35065],[-119.47139,46.35147],[-119.47183,46.35196],[-119.47257,46.35232],[-119.47318,46.3515],[-119.47354,46.352],[-119.47313,46.35281],[-119.47385,46.35398],[-119.4739,46.35539],[-119.47177,46.35702],[-119.47256,46.35744],[-119.47249,46.35836],[-119.46924,46.36018],[-119.46956,46.35884],[-119.46826,46.35754],[-119.46698,46.35739],[-119.46856,46.36057],[-119.46873,46.36116],[-119.46834,46.36122],[-119.46398,46.35726],[-119.46274,46.35705],[-119.46622,46.3549],[-119.46869,46.35236]]]},"bbox":[-119.47398,46.35055,-119.46274,46.36122]},{"type":"Feature","id":28177,"properties":{"y":1994,"n":"Hotlakes","ag":"BLM","ac":386.4,"c":14,"cl":"Unknown","ad":"2013-11-21","cd":"","st":"WA","se":3},"geometry":{"type":"Polygon","coordinates":[[[-119.49152,48.97874],[-119.49076,48.9836],[-119.49171,48.99121],[-119.49904,48.9974],[-119.49656,48.99949],[-119.48419,48.99616],[-119.48276,48.99388],[-119.48333,48.99188],[-119.48143,48.99226],[-119.47886,48.99007],[-119.47448,48.98398],[-119.47496,48.98217],[-119.47705,48.98093],[-119.47962,48.98122],[-119.47991,48.98322],[-119.47838,48.98531],[-119.47905,48.98655],[-119.48057,48.98626],[-119.48105,48.98797],[-119.48286,48.98797],[-119.48638,48.98455],[-119.48904,48.97988],[-119.49152,48.97874]]]},"bbox":[-119.49904,48.97874,-119.47448,48.99949]},{"type":"Feature","id":28179,"properties":{"y":2004,"n":"Enloe Dam","ag":"BLM","ac":3.4,"c":14,"cl":"Unknown","ad":"2013-11-21","cd":"","st":"WA","se":3},"geometry":{"type":"Polygon","coordinates":[[[-119.50118,48.96687],[-119.49984,48.96687],[-119.49984,48.9656],[-119.50118,48.9656],[-119.50118,48.96687]]]},"bbox":[-119.50118,48.9656,-119.49984,48.96687]},{"type":"Feature","id":28181,"properties":{"y":2010,"n":"Turtle Rock","ag":"BLM","ac":105.8,"c":14,"cl":"Unknown","ad":"2013-11-21","cd":"","st":"WA","se":3},"geometry":{"type":"Polygon","coordinates":[[[-120.27064,47.53801],[-120.26487,47.54032],[-120.26427,47.54007],[-120.26206,47.54072],[-120.26121,47.54062],[-120.26126,47.53977],[-120.26256,47.53816],[-120.26136,47.53771],[-120.25835,47.53856],[-120.25724,47.53796],[-120.25789,47.53701],[-120.26236,47.536],[-120.26151,47.53485],[-120.26487,47.53455],[-120.26602,47.53254],[-120.26738,47.53294],[-120.26768,47.53455],[-120.26738,47.53605],[-120.26919,47.53636],[-120.27074,47.5357],[-120.27129,47.53716],[-120.27064,47.53801]]]},"bbox":[-120.27129,47.53254,-120.25724,47.54072]},{"type":"Feature","id":28182,"properties":{"y":2010,"n":"Janis View","ag":"BLM","ac":0.7,"c":14,"cl":"Unknown","ad":"2013-11-21","cd":"","st":"WA","se":3},"geometry":{"type":"Polygon","coordinates":[[[-119.4564,48.59896],[-119.4558,48.59896],[-119.4558,48.59842],[-119.4564,48.59842],[-119.4564,48.59896]]]},"bbox":[-119.4564,48.59842,-119.4558,48.59896]},{"type":"Feature","id":28183,"properties":{"y":1989,"n":"Enloe","ag":"BLM","ac":13.4,"c":14,"cl":"Unknown","ad":"2013-11-21","cd":"","st":"WA","se":3},"geometry":{"type":"Polygon","coordinates":[[[-119.49762,48.9669],[-119.49712,48.96518],[-119.4974,48.96473],[-119.4979,48.96518],[-119.49796,48.96618],[-119.49896,48.96651],[-119.50006,48.9679],[-119.50018,48.96939],[-119.50145,48.97056],[-119.49995,48.97073],[-119.49762,48.9669]]]},"bbox":[-119.50145,48.96473,-119.49712,48.97095]},{"type":"Feature","id":28184,"properties":{"y":1985,"n":"Janis","ag":"BLM","ac":266.4,"c":14,"cl":"Unknown","ad":"2013-11-21","cd":"","st":"WA","se":3},"geometry":{"type":"Polygon","coordinates":[[[-119.46325,48.61075],[-119.46111,48.61204],[-119.45955,48.61531],[-119.45859,48.61633],[-119.45649,48.61703],[-119.45569,48.61826],[-119.45322,48.61976],[-119.44835,48.61944],[-119.44625,48.61869],[-119.44625,48.60931],[-119.44877,48.60995],[-119.45124,48.60984],[-119.45794,48.60818],[-119.46153,48.60834],[-119.46261,48.60893],[-119.46325,48.61006],[-119.46325,48.61075]]]},"bbox":[-119.46325,48.60813,-119.44625,48.61976]},{"type":"Feature","id":28186,"properties":{"y":2012,"n":"The Fish Trap","ag":"BLM","ac":274.2,"c":14,"cl":"Unknown","ad":"2017-01-27","cd":"","st":"WA","se":4},"geometry":{"type":"Polygon","coordinates":[[[-117.86884,47.31886],[-117.87123,47.31739],[-117.87136,47.31525],[-117.87236,47.31505],[-117.87176,47.31452],[-117.87181,47.31381],[-117.87503,47.31106],[-117.87574,47.31183],[-117.87635,47.31153],[-117.87609,47.31106],[-117.8763,47.31022],[-117.87708,47.31045],[-117.87781,47.31332],[-117.87717,47.31446],[-117.87859,47.31429],[-117.87846,47.3153],[-117.87705,47.31648],[-117.87706,47.31697],[-117.8775,47.3175],[-117.87815,47.31681],[-117.87902,47.31729],[-117.87823,47.31924],[-117.87618,47.31947],[-117.87757,47.32041],[-117.8769,47.32074],[-117.87735,47.32092],[-117.87714,47.32139],[-117.87577,47.32244],[-117.87546,47.32323],[-117.869,47.32363],[-117.86869,47.32495],[-117.86525,47.3265],[-117.85933,47.32612],[-117.85698,47.32523],[-117.85706,47.32461],[-117.85854,47.32353],[-117.85979,47.32296],[-117.86106,47.32362],[-117.8619,47.32307],[-117.86166,47.32241],[-117.86289,47.32147],[-117.86386,47.321],[-117.86586,47.32124],[-117.86846,47.31979],[-117.86772,47.31889],[-117.86884,47.31886]],[[-117.86887,47.31887],[-117.86887,47.31888],[-117.8689,47.31885],[-117.86887,47.31887]]]},"bbox":[-117.87902,47.31022,-117.85691,47.3265]},{"type":"Feature","id":28187,"properties":{"y":2012,"n":"Grant Road","ag":"BLM","ac":5.7,"c":14,"cl":"Unknown","ad":"2017-01-27","cd":"","st":"WA","se":4},"geometry":{"type":"Polygon","coordinates":[[[-118.45484,47.61938],[-118.45505,47.62052],[-118.45422,47.62087],[-118.45243,47.62095],[-118.45241,47.62043],[-118.45371,47.62012],[-118.4533,47.62004],[-118.45339,47.61942],[-118.45484,47.61938]]]},"bbox":[-118.45523,47.61936,-118.45241,47.62104]},{"type":"Feature","id":28188,"properties":{"y":2012,"n":"Smith Canyon","ag":"BLM","ac":172.1,"c":14,"cl":"Unknown","ad":"2017-01-27","cd":"","st":"WA","se":4},"geometry":{"type":"Polygon","coordinates":[[[-118.93136,46.3251],[-118.93104,46.32698],[-118.928,46.3289],[-118.92684,46.32916],[-118.92537,46.33079],[-118.92006,46.33283],[-118.91809,46.33473],[-118.91307,46.3374],[-118.91042,46.33739],[-118.91322,46.33542],[-118.9137,46.33292],[-118.91491,46.33165],[-118.91918,46.32995],[-118.92227,46.32705],[-118.92827,46.32447],[-118.92926,46.3247],[-118.93104,46.32319],[-118.93136,46.3251]]]},"bbox":[-118.93136,46.32319,-118.91042,46.33769]},{"type":"Feature","id":28189,"properties":{"y":2012,"n":"Twin Lakes","ag":"BLM","ac":29.9,"c":14,"cl":"Unknown","ad":"2017-01-27","cd":"","st":"WA","se":4},"geometry":{"type":"Polygon","coordinates":[[[-118.48802,47.54713],[-118.48377,47.54579],[-118.48288,47.5442],[-118.4832,47.54351],[-118.48383,47.54333],[-118.48572,47.54462],[-118.48684,47.54404],[-118.48789,47.54414],[-118.48924,47.54552],[-118.48918,47.54632],[-118.48802,47.54713]]]},"bbox":[-118.48933,47.54333,-118.48288,47.54713]},{"type":"Feature","id":28190,"properties":{"y":2012,"n":"Lone Pine","ag":"BLM","ac":5.5,"c":14,"cl":"Unknown","ad":"2017-01-27","cd":"","st":"WA","se":4},"geometry":{"type":"Polygon","coordinates":[[[-118.38073,47.65053],[-118.37954,47.65034],[-118.3797,47.64899],[-118.38097,47.6492],[-118.38185,47.65002],[-118.38073,47.65053]]]},"bbox":[-118.38185,47.64899,-118.37934,47.65053]},{"type":"Feature","id":28191,"properties":{"y":2012,"n":"I-90","ag":"BLM","ac":12.7,"c":14,"cl":"Unknown","ad":"2017-01-27","cd":"","st":"WA","se":4},"geometry":{"type":"Polygon","coordinates":[[[-120.25066,46.94865],[-120.25203,46.94869],[-120.25713,46.95039],[-120.25569,46.95027],[-120.25505,46.95099],[-120.25386,46.95031],[-120.25092,46.94988],[-120.25045,46.9492],[-120.25066,46.94865]]]},"bbox":[-120.25713,46.94844,-120.25045,46.95099]},{"type":"Feature","id":28192,"properties":{"y":2012,"n":"Cache Butte","ag":"BLM","ac":465.5,"c":14,"cl":"Unknown","ad":"2017-01-27","cd":"","st":"WA","se":4},"geometry":{"type":"Polygon","coordinates":[[[-119.11821,47.9473],[-119.11159,47.94672],[-119.1085,47.94537],[-119.10774,47.9441],[-119.10701,47.9405],[-119.1075,47.93928],[-119.10971,47.93728],[-119.1103,47.9361],[-119.11472,47.93394],[-119.11751,47.93171],[-119.11641,47.93049],[-119.11684,47.92988],[-119.11739,47.9303],[-119.11904,47.9297],[-119.12042,47.93008],[-119.12298,47.9298],[-119.12394,47.9303],[-119.12589,47.93305],[-119.1252,47.93517],[-119.12561,47.93687],[-119.12538,47.93824],[-119.1263,47.93891],[-119.12544,47.93928],[-119.12349,47.94153],[-119.12373,47.94312],[-119.12258,47.94382],[-119.12225,47.94496],[-119.12062,47.94593],[-119.1205,47.94705],[-119.11821,47.9473]]]},"bbox":[-119.1263,47.9297,-119.10701,47.9473]},{"type":"Feature","id":28193,"properties":{"y":2012,"n":"Miller Homestead","ag":"BLM","ac":350.9,"c":14,"cl":"Unknown","ad":"2017-01-27","cd":"","st":"WA","se":4},"geometry":{"type":"Polygon","coordinates":[[[-117.86494,47.33234],[-117.86461,47.33109],[-117.86586,47.33148],[-117.86992,47.32818],[-117.87836,47.32623],[-117.87948,47.3268],[-117.87898,47.32783],[-117.87463,47.33095],[-117.87284,47.33166],[-117.87255,47.33287],[-117.86974,47.33479],[-117.87001,47.33549],[-117.86807,47.33687],[-117.86687,47.33863],[-117.86543,47.33873],[-117.85643,47.34221],[-117.85513,47.34179],[-117.85415,47.34318],[-117.85171,47.34437],[-117.85182,47.34359],[-117.8488,47.34406],[-117.84964,47.34336],[-117.84936,47.34204],[-117.84991,47.34134],[-117.84999,47.34002],[-117.85138,47.33938],[-117.85218,47.33783],[-117.85329,47.33739],[-117.85343,47.33654],[-117.85453,47.33543],[-117.85525,47.33603],[-117.8563,47.33575],[-117.85719,47.33467],[-117.85845,47.33463],[-117.85877,47.33442],[-117.85848,47.33407],[-117.86038,47.33342],[-117.86353,47.33334],[-117.86447,47.33194],[-117.86494,47.33234]]]},"bbox":[-117.87956,47.32623,-117.84873,47.34439]},{"type":"Feature","id":28195,"properties":{"y":2012,"n":"Coulee View","ag":"BLM","ac":0.0,"c":14,"cl":"Unknown","ad":"2017-01-27","cd":"","st":"WA","se":4},"geometry":{"type":"Polygon","coordinates":[[[-119.07561,47.88382],[-119.07557,47.88396],[-119.07548,47.88385],[-119.07561,47.88382]]]},"bbox":[-119.07572,47.88381,-119.07548,47.88399]},{"type":"Feature","id":28196,"properties":{"y":1900,"n":"One Canyon","ag":"BLM","ac":34.2,"c":14,"cl":"Unknown","ad":"2017-01-27","cd":"","st":"WA","se":4},"geometry":{"type":"Polygon","coordinates":[[[-120.3653,47.44074],[-120.36044,47.43559],[-120.36089,47.43124],[-120.36311,47.42895],[-120.36664,47.42768],[-120.37062,47.42744],[-120.37283,47.42976],[-120.37238,47.43488],[-120.37282,47.43514],[-120.37282,47.43616],[-120.3737,47.43796],[-120.37502,47.4395],[-120.37502,47.44027],[-120.37635,47.4413],[-120.37634,47.44181],[-120.37943,47.44387],[-120.37943,47.44439],[-120.38252,47.44722],[-120.38208,47.45106],[-120.38119,47.45157],[-120.38119,47.45208],[-120.37765,47.45411],[-120.37456,47.45512],[-120.3719,47.45716],[-120.37058,47.45741],[-120.36969,47.45817],[-120.36837,47.45868],[-120.36616,47.45867],[-120.36527,47.45815],[-120.36484,47.45636],[-120.36572,47.45432],[-120.36529,47.44765],[-120.36573,47.44766],[-120.36618,47.44586],[-120.3653,47.44074]]]},"bbox":[-120.38252,47.42744,-120.36044,47.45868]},{"type":"Feature","id":28200,"properties":{"y":2010,"n":"Line","ag":"BLM","ac":693.4,"c":14,"cl":"Unknown","ad":"2013-11-21","cd":"","st":"WA","se":3},"geometry":{"type":"Polygon","coordinates":[[[-117.95121,47.84393],[-117.9489,47.84416],[-117.94724,47.8429],[-117.94506,47.84287],[-117.94473,47.84192],[-117.94516,47.84142],[-117.94396,47.84108],[-117.94229,47.84089],[-117.94073,47.84243],[-117.94019,47.84227],[-117.94012,47.84146],[-117.94066,47.84071],[-117.93892,47.84097],[-117.93814,47.83961],[-117.94067,47.83857],[-117.94182,47.83515],[-117.93453,47.83513],[-117.93603,47.83345],[-117.93498,47.8328],[-117.93572,47.83174],[-117.93501,47.83124],[-117.93176,47.83114],[-117.93231,47.82969],[-117.93629,47.82976],[-117.93711,47.82826],[-117.94663,47.8301],[-117.94833,47.82992],[-117.94826,47.82818],[-117.94952,47.82779],[-117.95563,47.82857],[-117.96139,47.83026],[-117.96405,47.83219],[-117.96616,47.83294],[-117.96794,47.83464],[-117.96472,47.83641],[-117.96425,47.83723],[-117.96376,47.83719],[-117.96385,47.83648],[-117.96476,47.83554],[-117.96168,47.83461],[-117.95684,47.8362],[-117.95748,47.83684],[-117.95644,47.83742],[-117.95685,47.83841],[-117.95795,47.83929],[-117.96031,47.83936],[-117.96047,47.83976],[-117.95926,47.8409],[-117.95873,47.84243],[-117.95884,47.84456],[-117.95608,47.84607],[-117.95468,47.84508],[-117.95121,47.84393]]]},"bbox":[-117.96794,47.82779,-117.93176,47.84607]},{"type":"Feature","id":28202,"properties":{"y":2010,"n":"Tripp Canyon","ag":"BLM","ac":69.2,"c":14,"cl":"Unknown","ad":"2010-07-29","cd":"","st":"WA","se":2},"geometry":{"type":"Polygon","coordinates":[[[-120.52547,47.48219],[-120.52874,47.48133],[-120.53057,47.48156],[-120.53044,47.48212],[-120.53124,47.48275],[-120.53129,47.48364],[-120.529,47.4853],[-120.53029,47.48609],[-120.52617,47.48736],[-120.52307,47.48673],[-120.5223,47.48458],[-120.52431,47.48375],[-120.52547,47.48219]]]},"bbox":[-120.53137,47.48133,-120.52227,47.48736]},{"type":"Feature","id":28203,"properties":{"y":2010,"n":"Yaxon","ag":"BLM","ac":6.7,"c":14,"cl":"Unknown","ad":"2010-07-29","cd":"","st":"WA","se":2},"geometry":{"type":"Polygon","coordinates":[[[-120.43866,47.46038],[-120.43876,47.46214],[-120.43612,47.46138],[-120.43692,47.4603],[-120.43866,47.46038]]]},"bbox":[-120.4388,47.46026,-120.43612,47.46217]},{"type":"Feature","id":28207,"properties":{"y":2010,"n":"Hopper","ag":"BLM","ac":385.0,"c":14,"cl":"Unknown","ad":"2010-08-05","cd":"","st":"WA","se":2},"geometry":{"type":"Polygon","coordinates":[[[-123.31717,47.62046],[-123.31914,47.6211],[-123.31914,47.62301],[-123.31743,47.6237],[-123.31545,47.62532],[-123.314,47.62532],[-123.31305,47.62682],[-123.31185,47.62648],[-123.3097,47.62463],[-123.30936,47.62347],[-123.30816,47.62399],[-123.30721,47.6222],[-123.30035,47.62179],[-123.29829,47.61977],[-123.29614,47.61925],[-123.294,47.61664],[-123.29331,47.61514],[-123.29322,47.61352],[-123.29099,47.61248],[-123.29073,47.61132],[-123.28919,47.6108],[-123.29271,47.61039],[-123.29194,47.61068],[-123.29588,47.6112],[-123.29872,47.61045],[-123.29657,47.6112],[-123.29949,47.61132],[-123.29872,47.61253],[-123.29897,47.61427],[-123.30309,47.61496],[-123.3037,47.61572],[-123.30644,47.61496],[-123.30653,47.61606],[-123.30842,47.61554],[-123.30842,47.61658],[-123.31022,47.61647],[-123.31108,47.61716],[-123.31485,47.61844],[-123.31717,47.61872],[-123.31717,47.62046]]]},"bbox":[-123.3194,47.61039,-123.28919,47.62682]},{"type":"Feature","id":28208,"properties":{"y":2010,"n":"Fish Hatchery","ag":"BLM","ac":628.7,"c":14,"cl":"Unknown","ad":"2013-11-21","cd":"","st":"WA","se":3},"geometry":{"type":"Polygon","coordinates":[[[-118.64334,48.69247],[-118.64206,48.69226],[-118.64192,48.69172],[-118.6408,48.69167],[-118.64091,48.69134],[-118.64035,48.69119],[-118.64074,48.69189],[-118.64021,48.69207],[-118.63901,48.6904],[-118.63789,48.69091],[-118.63662,48.68874],[-118.6331,48.69005],[-118.63138,48.69176],[-118.6291,48.69004],[-118.62211,48.69001],[-118.6248,48.68792],[-118.61924,48.68832],[-118.61754,48.6875],[-118.61701,48.68668],[-118.61758,48.68565],[-118.61746,48.68466],[-118.61843,48.68391],[-118.618,48.68326],[-118.6193,48.6826],[-118.62026,48.6831],[-118.61999,48.68364],[-118.6207,48.68399],[-118.62336,48.68238],[-118.62398,48.68248],[-118.62479,48.68501],[-118.62647,48.6858],[-118.62766,48.68575],[-118.63024,48.68396],[-118.63255,48.6841],[-118.63312,48.68461],[-118.63561,48.68406],[-118.63723,48.68325],[-118.63732,48.68237],[-118.63918,48.68171],[-118.63748,48.6816],[-118.63748,48.6806],[-118.64029,48.67961],[-118.6432,48.67997],[-118.64549,48.67816],[-118.64688,48.67854],[-118.64995,48.67464],[-118.65092,48.67667],[-118.65345,48.67812],[-118.65388,48.67912],[-118.65458,48.68292],[-118.65401,48.68559],[-118.65131,48.68788],[-118.65046,48.69065],[-118.64627,48.69144],[-118.64523,48.69244],[-118.64465,48.692],[-118.64334,48.69247]]]},"bbox":[-118.65458,48.67463,-118.61701,48.69249]},{"type":"Feature","id":28209,"properties":{"y":2010,"n":"Slide Creek","ag":"BLM","ac":983.3,"c":14,"cl":"Unknown","ad":"2010-08-26","cd":"","st":"WA","se":2},"geometry":{"type":"Polygon","coordinates":[[[-117.82251,48.42149],[-117.82441,48.42052],[-117.82586,48.42061],[-117.82598,48.41922],[-117.82838,48.41901],[-117.82808,48.41791],[-117.82965,48.41719],[-117.82981,48.41561],[-117.83538,48.41556],[-117.83735,48.41411],[-117.83945,48.41454],[-117.83955,48.41622],[-117.84048,48.41741],[-117.83941,48.41991],[-117.8375,48.42152],[-117.83575,48.42227],[-117.83526,48.42309],[-117.83558,48.42436],[-117.8341,48.42781],[-117.83553,48.43001],[-117.83548,48.43177],[-117.83488,48.43231],[-117.83145,48.43277],[-117.82966,48.43369],[-117.82163,48.43422],[-117.82035,48.43504],[-117.8157,48.43601],[-117.80871,48.43617],[-117.80663,48.43706],[-117.8058,48.43684],[-117.8054,48.43609],[-117.80408,48.43664],[-117.80343,48.43626],[-117.80038,48.43687],[-117.79863,48.43582],[-117.79855,48.43504],[-117.7966,48.43499],[-117.795,48.43437],[-117.79505,48.43332],[-117.79791,48.43266],[-117.7982,48.43199],[-117.79769,48.43165],[-117.7981,48.43108],[-117.79986,48.43154],[-117.80243,48.43026],[-117.80285,48.42912],[-117.8014,48.42867],[-117.80085,48.42764],[-117.80188,48.42631],[-117.80428,48.42584],[-117.807,48.42767],[-117.80841,48.42641],[-117.81148,48.42601],[-117.81211,48.42466],[-117.81446,48.42397],[-117.81513,48.42307],[-117.8169,48.42361],[-117.81985,48.42254],[-117.8221,48.42261],[-117.82262,48.4222],[-117.82251,48.42149]]]},"bbox":[-117.84048,48.41411,-117.7948,48.43706]},{"type":"Feature","id":28210,"properties":{"y":2010,"n":"Buffalo Lake","ag":"BLM","ac":407.8,"c":14,"cl":"Unknown","ad":"2010-08-27","cd":"","st":"WA","se":2},"geometry":{"type":"Polygon","coordinates":[[[-118.92002,48.05722],[-118.91607,48.05915],[-118.91593,48.05863],[-118.91345,48.0582],[-118.9132,48.05755],[-118.91399,48.05683],[-118.91233,48.05631],[-118.91382,48.05451],[-118.91321,48.05337],[-118.91366,48.05224],[-118.91445,48.05178],[-118.91442,48.05272],[-118.91531,48.05211],[-118.9151,48.05124],[-118.91426,48.05082],[-118.91281,48.05035],[-118.9105,48.0504],[-118.90674,48.05154],[-118.90241,48.05103],[-118.90986,48.04797],[-118.91255,48.04603],[-118.91569,48.04535],[-118.917,48.04279],[-118.91491,48.04062],[-118.91619,48.03979],[-118.91803,48.03983],[-118.92023,48.04117],[-118.92137,48.04107],[-118.92296,48.04186],[-118.9225,48.04234],[-118.9233,48.04378],[-118.92568,48.04554],[-118.92636,48.04667],[-118.92666,48.04946],[-118.92635,48.05091],[-118.92516,48.05171],[-118.92513,48.05227],[-118.92323,48.05273],[-118.92261,48.05519],[-118.92002,48.05722]]]},"bbox":[-118.92666,48.03976,-118.90241,48.05915]},{"type":"Feature","id":28213,"properties":{"y":2008,"n":"Rattlesnake Point Complex","ag":"BLM","ac":734.9,"c":14,"cl":"Unknown","ad":"2008-06-30","cd":"","st":"WA","se":2},"geometry":{"type":"Polygon","coordinates":[[[-119.75996,48.25053],[-119.76232,48.25449],[-119.76336,48.25776],[-119.76423,48.25852],[-119.76274,48.25965],[-119.76188,48.25862],[-119.7589,48.25982],[-119.75807,48.25974],[-119.75722,48.25868],[-119.75698,48.25937],[-119.75624,48.2597],[-119.75598,48.26128],[-119.75318,48.26398],[-119.75078,48.26442],[-119.74991,48.26405],[-119.75012,48.2634],[-119.75141,48.26334],[-119.75161,48.26294],[-119.74818,48.26168],[-119.74527,48.26185],[-119.74116,48.26326],[-119.73769,48.26215],[-119.73847,48.26184],[-119.7385,48.26087],[-119.73901,48.26049],[-119.73846,48.26012],[-119.73853,48.25938],[-119.73987,48.25561],[-119.74011,48.25021],[-119.74167,48.24499],[-119.74244,48.2444],[-119.74375,48.24419],[-119.74689,48.24488],[-119.7536,48.2448],[-119.75628,48.24545],[-119.75898,48.24736],[-119.75999,48.24959],[-119.75996,48.25053]]]},"bbox":[-119.76423,48.24419,-119.73769,48.26442]},{"type":"Feature","id":28216,"properties":{"y":2008,"n":"Camels Hump","ag":"BLM","ac":116.5,"c":14,"cl":"Unknown","ad":"2008-07-24","cd":"","st":"WA","se":2},"geometry":{"type":"Polygon","coordinates":[[[-120.5565,48.34092],[-120.55642,48.33987],[-120.56016,48.33809],[-120.56008,48.33749],[-120.56157,48.33699],[-120.56247,48.33735],[-120.56705,48.33552],[-120.57023,48.33592],[-120.57045,48.33687],[-120.57149,48.33751],[-120.57155,48.33827],[-120.57275,48.33896],[-120.57002,48.33928],[-120.56903,48.34058],[-120.56598,48.34197],[-120.56456,48.34138],[-120.56056,48.34145],[-120.55905,48.34001],[-120.5565,48.34092]]]},"bbox":[-120.57275,48.33552,-120.55639,48.34197]},{"type":"Feature","id":28217,"properties":{"y":2008,"n":"Wilmont","ag":"BLM","ac":148.7,"c":14,"cl":"Unknown","ad":"2008-07-13","cd":"","st":"WA","se":2},"geometry":{"type":"Polygon","coordinates":[[[-118.3041,48.0871],[-118.30421,48.08587],[-118.30536,48.08458],[-118.30468,48.08403],[-118.3055,48.08348],[-118.30603,48.0838],[-118.30696,48.08343],[-118.30621,48.08337],[-118.30648,48.08269],[-118.30851,48.08246],[-118.30955,48.08284],[-118.30916,48.08338],[-118.31135,48.08328],[-118.3111,48.08285],[-118.31205,48.08336],[-118.3127,48.08285],[-118.31705,48.08198],[-118.32194,48.0818],[-118.3244,48.08284],[-118.32402,48.08538],[-118.32165,48.08627],[-118.32078,48.08645],[-118.31775,48.08548],[-118.3147,48.08541],[-118.31261,48.086],[-118.31133,48.08705],[-118.30792,48.08713],[-118.30693,48.08671],[-118.30505,48.08739],[-118.3041,48.0871]]]},"bbox":[-118.32441,48.0818,-118.3041,48.08739]},{"type":"Feature","id":28218,"properties":{"y":2007,"n":"Broughton Mill","ag":"BLM","ac":138.0,"c":14,"cl":"Unknown","ad":"2007-09-20","cd":"","st":"WA","se":3},"geometry":{"type":"Polygon","coordinates":[[[-121.56966,45.72673],[-121.56921,45.72743],[-121.56662,45.72852],[-121.56463,45.73091],[-121.56409,45.72965],[-121.56013,45.73087],[-121.55852,45.73077],[-121.55458,45.72737],[-121.55831,45.72636],[-121.56055,45.72639],[-121.56083,45.72572],[-121.56427,45.72452],[-121.56484,45.72337],[-121.56663,45.72301],[-121.56941,45.72372],[-121.5691,45.72636],[-121.56966,45.72673]]]},"bbox":[-121.56966,45.72301,-121.55458,45.73093]},{"type":"Feature","id":28219,"properties":{"y":2006,"n":"Dewatto Ii","ag":"BLM","ac":61.3,"c":14,"cl":"Unknown","ad":"2006-09-02","cd":"","st":"WA","se":3},"geometry":{"type":"Polygon","coordinates":[[[-123.06243,47.4424],[-123.06252,47.44137],[-123.06367,47.44064],[-123.06247,47.43993],[-123.06194,47.43831],[-123.06262,47.43787],[-123.06218,47.43769],[-123.06239,47.43724],[-123.06387,47.4371],[-123.06433,47.43665],[-123.06385,47.43588],[-123.06446,47.43558],[-123.06533,47.43639],[-123.06675,47.43652],[-123.0659,47.43829],[-123.06697,47.4393],[-123.06728,47.44079],[-123.0665,47.44129],[-123.06644,47.44237],[-123.06526,47.44353],[-123.06288,47.44441],[-123.062,47.44389],[-123.06179,47.44255],[-123.06243,47.4424]]]},"bbox":[-123.06728,47.43557,-123.06178,47.44441]},{"type":"Feature","id":28220,"properties":{"y":2006,"n":"Bear Gulch Ii","ag":"BLM","ac":797.5,"c":14,"cl":"Unknown","ad":"2006-07-25","cd":"","st":"WA","se":2},"geometry":{"type":"Polygon","coordinates":[[[-123.31471,47.50473],[-123.31233,47.50598],[-123.30558,47.50746],[-123.29853,47.51006],[-123.29603,47.51023],[-123.29618,47.50914],[-123.29538,47.50769],[-123.29399,47.50691],[-123.29487,47.50673],[-123.29478,47.5061],[-123.29793,47.5019],[-123.29459,47.50179],[-123.29354,47.50132],[-123.29051,47.50263],[-123.28833,47.50242],[-123.28768,47.50063],[-123.28667,47.50058],[-123.28484,47.50227],[-123.28344,47.50233],[-123.28343,47.50373],[-123.28305,47.50445],[-123.28248,47.50442],[-123.28055,47.50341],[-123.27761,47.50325],[-123.27681,47.50248],[-123.27473,47.50242],[-123.27455,47.50168],[-123.27253,47.50002],[-123.26916,47.49968],[-123.26714,47.49803],[-123.26838,47.49798],[-123.26931,47.49663],[-123.2725,47.49581],[-123.277,47.49558],[-123.28577,47.493],[-123.29229,47.49263],[-123.29469,47.49303],[-123.29559,47.49378],[-123.30355,47.49622],[-123.30525,47.49818],[-123.31108,47.50139],[-123.31313,47.50383],[-123.31471,47.50473]]]},"bbox":[-123.31471,47.49263,-123.26714,47.51023]},{"type":"Feature","id":28221,"properties":{"y":2006,"n":"Carbon Copy","ag":"BLM","ac":277.0,"c":14,"cl":"Unknown","ad":"2006-08-20","cd":"","st":"WA","se":2},"geometry":{"type":"Polygon","coordinates":[[[-121.91825,47.01425],[-121.91673,47.01436],[-121.91632,47.01337],[-121.9179,47.01274],[-121.91837,47.01202],[-121.91608,47.01265],[-121.91441,47.01144],[-121.91322,47.01033],[-121.91174,47.00661],[-121.91053,47.00606],[-121.91006,47.00408],[-121.9121,47.00334],[-121.91088,47.00218],[-121.91144,47.00165],[-121.91106,47.00134],[-121.91321,47.0],[-121.92014,46.99929],[-121.92236,47.0021],[-121.92241,47.00432],[-121.92174,47.00482],[-121.92238,47.00582],[-121.9233,47.00606],[-121.92332,47.00655],[-121.92263,47.00671],[-121.92315,47.00775],[-121.92264,47.0093],[-121.92303,47.01045],[-121.9226,47.01149],[-121.92055,47.01176],[-121.91948,47.01349],[-121.91825,47.01425]]]},"bbox":[-121.92337,46.99929,-121.91006,47.01436]},{"type":"Feature","id":28222,"properties":{"y":2004,"n":"Mebee","ag":"BLM","ac":234.1,"c":14,"cl":"Unknown","ad":"2004-08-10","cd":"","st":"WA","se":2},"geometry":{"type":"Polygon","coordinates":[[[-120.80744,48.61525],[-120.80656,48.61616],[-120.80257,48.61781],[-120.80621,48.61829],[-120.803,48.62195],[-120.80203,48.62242],[-120.7972,48.62195],[-120.79432,48.62067],[-120.78868,48.62082],[-120.79091,48.61901],[-120.79157,48.61716],[-120.79362,48.61515],[-120.79743,48.61361],[-120.7986,48.61371],[-120.80461,48.61174],[-120.80463,48.61232],[-120.80661,48.61262],[-120.8076,48.61363],[-120.80744,48.61525]]]},"bbox":[-120.80771,48.61174,-120.78868,48.62242]},{"type":"Feature","id":28223,"properties":{"y":2004,"n":"Fathers Day","ag":"BLM","ac":20.5,"c":14,"cl":"Unknown","ad":"2004-06-19","cd":"","st":"WA","se":2},"geometry":{"type":"Polygon","coordinates":[[[-121.60421,47.01115],[-121.60282,47.01179],[-121.60191,47.01129],[-121.60126,47.01006],[-121.60187,47.00883],[-121.6032,47.00779],[-121.60412,47.00793],[-121.60512,47.00971],[-121.60421,47.01115]]]},"bbox":[-121.60512,47.00779,-121.60126,47.01179]},{"type":"Feature","id":28224,"properties":{"y":2004,"n":"Swift Creek","ag":"BLM","ac":172.7,"c":14,"cl":"Unknown","ad":"2004-07-17","cd":"","st":"WA","se":2},"geometry":{"type":"Polygon","coordinates":[[[-121.65298,48.78029],[-121.65142,48.77778],[-121.65252,48.7771],[-121.6621,48.77548],[-121.66407,48.777],[-121.66367,48.7779],[-121.66393,48.77906],[-121.66303,48.78009],[-121.66376,48.78098],[-121.66337,48.7816],[-121.66056,48.78404],[-121.65653,48.78579],[-121.65635,48.78713],[-121.65488,48.78657],[-121.65431,48.78481],[-121.65475,48.7818],[-121.65298,48.78029]]]},"bbox":[-121.66407,48.77548,-121.65142,48.78713]},{"type":"Feature","id":28225,"properties":{"y":2004,"n":"Survey Point","ag":"BLM","ac":68.1,"c":14,"cl":"Unknown","ad":"2004-08-14","cd":"","st":"WA","se":2},"geometry":{"type":"Polygon","coordinates":[[[-121.84333,48.70887],[-121.83835,48.70753],[-121.8366,48.70626],[-121.83794,48.70523],[-121.8381,48.70394],[-121.84175,48.70264],[-121.84237,48.70368],[-121.84516,48.70451],[-121.84503,48.70617],[-121.84396,48.70737],[-121.84399,48.70841],[-121.84333,48.70887]]]},"bbox":[-121.84527,48.70264,-121.8366,48.70887]},{"type":"Feature","id":28226,"properties":{"y":2011,"n":"Tumwater Canyon","ag":"BLM","ac":458.0,"c":14,"cl":"Unknown","ad":"2011-08-18","cd":"","st":"WA","se":2},"geometry":{"type":"Polygon","coordinates":[[[-120.71606,47.66523],[-120.71121,47.66204],[-120.71229,47.66048],[-120.71489,47.6594],[-120.72046,47.65949],[-120.72152,47.65716],[-120.7245,47.655],[-120.72478,47.65385],[-120.72404,47.65355],[-120.72635,47.65269],[-120.72951,47.65508],[-120.72975,47.65633],[-120.72907,47.65922],[-120.72944,47.65995],[-120.73154,47.66206],[-120.73544,47.66396],[-120.73652,47.6659],[-120.73545,47.67095],[-120.72796,47.66781],[-120.72666,47.6678],[-120.72582,47.66947],[-120.7241,47.66876],[-120.72364,47.66801],[-120.72175,47.66839],[-120.72145,47.66792],[-120.72084,47.66846],[-120.72042,47.66736],[-120.71707,47.66813],[-120.71708,47.66756],[-120.71627,47.66705],[-120.71697,47.66601],[-120.71581,47.6655],[-120.71606,47.66523]]]},"bbox":[-120.73652,47.65269,-120.71121,47.67095]},{"type":"Feature","id":28227,"properties":{"y":2009,"n":"Fish Hatchery","ag":"BLM","ac":237.0,"c":14,"cl":"Unknown","ad":"2009-07-23","cd":"","st":"WA","se":2},"geometry":{"type":"Polygon","coordinates":[[[-118.86691,48.23511],[-118.86613,48.2396],[-118.86474,48.2396],[-118.86227,48.24142],[-118.85911,48.24162],[-118.85949,48.24012],[-118.85884,48.23933],[-118.85982,48.23796],[-118.85898,48.23713],[-118.85955,48.23238],[-118.86225,48.23072],[-118.86244,48.22895],[-118.87223,48.22373],[-118.87166,48.2259],[-118.86976,48.22931],[-118.87015,48.23147],[-118.86927,48.23281],[-118.86773,48.23305],[-118.86828,48.23373],[-118.86691,48.23511]]]},"bbox":[-118.87223,48.22373,-118.85884,48.24183]},{"type":"Feature","id":28228,"properties":{"y":2009,"n":"Johnson Lake","ag":"BLM","ac":711.5,"c":14,"cl":"Unknown","ad":"2009-07-23","cd":"","st":"WA","se":2},"geometry":{"type":"Polygon","coordinates":[[[-118.94309,48.23802],[-118.94484,48.23605],[-118.94637,48.23555],[-118.94725,48.23423],[-118.94509,48.23215],[-118.94348,48.2317],[-118.94487,48.23088],[-118.94458,48.2303],[-118.94515,48.2291],[-118.94499,48.22828],[-118.94564,48.22784],[-118.94666,48.22454],[-118.9481,48.22422],[-118.94799,48.2236],[-118.94949,48.2234],[-118.94879,48.22253],[-118.94919,48.22152],[-118.94833,48.22092],[-118.94854,48.22056],[-118.95006,48.21977],[-118.9511,48.21692],[-118.95318,48.21598],[-118.95369,48.2167],[-118.95381,48.21874],[-118.95317,48.22155],[-118.95669,48.22238],[-118.95857,48.22193],[-118.96233,48.22311],[-118.96213,48.22722],[-118.96277,48.22883],[-118.96183,48.23075],[-118.96095,48.23103],[-118.96248,48.23168],[-118.96214,48.23213],[-118.96252,48.23283],[-118.96145,48.23359],[-118.96109,48.23351],[-118.96134,48.23309],[-118.96042,48.23331],[-118.95988,48.23406],[-118.95966,48.23533],[-118.96022,48.23719],[-118.95908,48.23748],[-118.95984,48.23876],[-118.95916,48.23969],[-118.95504,48.24032],[-118.95431,48.23971],[-118.95359,48.24032],[-118.95423,48.24127],[-118.95269,48.24083],[-118.95207,48.24122],[-118.95288,48.24212],[-118.95192,48.24186],[-118.95057,48.24273],[-118.95014,48.2425],[-118.94819,48.24317],[-118.94849,48.24369],[-118.94658,48.24355],[-118.94502,48.24452],[-118.94451,48.24583],[-118.94278,48.2461],[-118.94066,48.24472],[-118.94013,48.24376],[-118.94065,48.24351],[-118.9406,48.24219],[-118.94306,48.24007],[-118.94309,48.23802]]]},"bbox":[-118.96277,48.21598,-118.9401,48.2461]},{"type":"Feature","id":28229,"properties":{"y":2009,"n":"Milepost 281","ag":"BLM","ac":309.8,"c":14,"cl":"Unknown","ad":"2009-09-01","cd":"","st":"WA","se":3},"geometry":{"type":"Polygon","coordinates":[[[-119.6427,48.29103],[-119.64582,48.28963],[-119.64718,48.28844],[-119.64821,48.28835],[-119.65077,48.29044],[-119.65046,48.29215],[-119.65338,48.29251],[-119.65783,48.29587],[-119.65747,48.29667],[-119.656,48.29714],[-119.64218,48.30025],[-119.63828,48.29897],[-119.63763,48.29778],[-119.6384,48.29656],[-119.63617,48.2942],[-119.63599,48.29238],[-119.6384,48.2909],[-119.6402,48.2904],[-119.6427,48.29103]]]},"bbox":[-119.65783,48.28835,-119.6359,48.30025]},{"type":"Feature","id":28230,"properties":{"y":2009,"n":"Buffalo Lake","ag":"BLM","ac":328.5,"c":14,"cl":"Unknown","ad":"2009-08-21","cd":"","st":"WA","se":2},"geometry":{"type":"Polygon","coordinates":[[[-118.92831,48.08985],[-118.92366,48.09153],[-118.92336,48.09511],[-118.92199,48.09732],[-118.92077,48.09763],[-118.91879,48.09724],[-118.91475,48.09168],[-118.91452,48.09069],[-118.91513,48.08742],[-118.91673,48.0846],[-118.91879,48.0833],[-118.92221,48.08322],[-118.9242,48.08056],[-118.92572,48.07949],[-118.9293,48.08414],[-118.92938,48.08574],[-118.93067,48.08787],[-118.92831,48.08985]]]},"bbox":[-118.93067,48.07949,-118.91452,48.09763]},{"type":"Feature","id":28231,"properties":{"y":2009,"n":"High Hill","ag":"BLM","ac":98.6,"c":14,"cl":"Unknown","ad":"2009-08-20","cd":"","st":"WA","se":2},"geometry":{"type":"Polygon","coordinates":[[[-119.49098,47.47018],[-119.49245,47.46877],[-119.49118,47.46804],[-119.49166,47.46735],[-119.48911,47.46672],[-119.49119,47.46685],[-119.49084,47.46601],[-119.49155,47.46579],[-119.49328,47.46659],[-119.49551,47.46672],[-119.49492,47.46487],[-119.49572,47.46459],[-119.49573,47.46405],[-119.49675,47.46317],[-119.49849,47.46399],[-119.49841,47.46552],[-119.49905,47.46646],[-119.49875,47.46684],[-119.49642,47.46652],[-119.49841,47.4678],[-119.49795,47.46835],[-119.50263,47.46894],[-119.50055,47.46958],[-119.50077,47.47048],[-119.49733,47.4699],[-119.49431,47.47189],[-119.49142,47.47167],[-119.49021,47.47031],[-119.49098,47.47018]]]},"bbox":[-119.50263,47.46317,-119.48911,47.47189]},{"type":"Feature","id":28233,"properties":{"y":2009,"n":"Ransier Road","ag":"BLM","ac":354.2,"c":14,"cl":"Unknown","ad":"2009-06-29","cd":"","st":"WA","se":2},"geometry":{"type":"Polygon","coordinates":[[[-120.74396,46.36062],[-120.74553,46.35909],[-120.75038,46.35892],[-120.75094,46.358],[-120.75083,46.35711],[-120.75588,46.35723],[-120.7595,46.35496],[-120.76069,46.35527],[-120.75966,46.35667],[-120.75974,46.35718],[-120.76069,46.35755],[-120.75975,46.35819],[-120.76243,46.35865],[-120.76351,46.35748],[-120.76533,46.35678],[-120.76611,46.35684],[-120.76637,46.3574],[-120.76606,46.35918],[-120.7665,46.36012],[-120.76584,46.36119],[-120.75451,46.36403],[-120.75431,46.36319],[-120.75259,46.36304],[-120.74568,46.36486],[-120.74446,46.36459],[-120.7439,46.36395],[-120.74323,46.36418],[-120.74331,46.36484],[-120.73884,46.36615],[-120.73784,46.36492],[-120.73453,46.36481],[-120.73336,46.36241],[-120.73467,46.36079],[-120.73813,46.36076],[-120.73968,46.36022],[-120.73899,46.36075],[-120.74396,46.36062]]]},"bbox":[-120.76652,46.35496,-120.73336,46.36615]},{"type":"Feature","id":28234,"properties":{"y":2009,"n":"Forrest","ag":"BLM","ac":255.4,"c":14,"cl":"Unknown","ad":"2009-07-11","cd":"","st":"WA","se":2},"geometry":{"type":"Polygon","coordinates":[[[-121.1703,46.55087],[-121.173,46.5521],[-121.1732,46.55144],[-121.17402,46.55175],[-121.17482,46.55128],[-121.17836,46.55292],[-121.17866,46.55366],[-121.18165,46.55523],[-121.18266,46.55513],[-121.18319,46.55594],[-121.17959,46.55699],[-121.1788,46.55661],[-121.17513,46.55667],[-121.17218,46.55439],[-121.16683,46.55444],[-121.16609,46.55412],[-121.16597,46.55323],[-121.16479,46.5527],[-121.15932,46.55251],[-121.15832,46.55187],[-121.1573,46.55009],[-121.15387,46.54937],[-121.15257,46.54827],[-121.15238,46.54724],[-121.15334,46.54649],[-121.15589,46.54726],[-121.15823,46.5469],[-121.16041,46.54716],[-121.16301,46.54827],[-121.16705,46.54808],[-121.16975,46.54922],[-121.1703,46.55087]]]},"bbox":[-121.18319,46.54649,-121.15238,46.55699]},{"type":"Feature","id":28235,"properties":{"y":2009,"n":"Langille","ag":"BLM","ac":471.1,"c":14,"cl":"Unknown","ad":"2009-07-27","cd":"","st":"WA","se":2},"geometry":{"type":"Polygon","coordinates":[[[-121.83952,46.32387],[-121.84029,46.32816],[-121.83986,46.32953],[-121.83776,46.33176],[-121.83609,46.3316],[-121.83418,46.32883],[-121.832,46.32732],[-121.83066,46.32747],[-121.82971,46.32882],[-121.82962,46.32998],[-121.8269,46.33019],[-121.82678,46.33071],[-121.82533,46.33085],[-121.82447,46.33029],[-121.8256,46.32874],[-121.82312,46.32879],[-121.82216,46.32782],[-121.82026,46.32716],[-121.82074,46.32652],[-121.82236,46.32653],[-121.82243,46.32255],[-121.82193,46.32095],[-121.82021,46.31897],[-121.82079,46.31777],[-121.82061,46.31576],[-121.8283,46.31554],[-121.83249,46.31687],[-121.83765,46.32067],[-121.83952,46.32387]]]},"bbox":[-121.84029,46.31554,-121.82021,46.33181]},{"type":"Feature","id":28236,"properties":{"y":2009,"n":"Trail","ag":"BLM","ac":63.3,"c":14,"cl":"Unknown","ad":"2009-12-31","cd":"","st":"WA","se":4},"geometry":{"type":"Polygon","coordinates":[[[-120.66082,46.96348],[-120.66133,46.96414],[-120.66007,46.96343],[-120.6586,46.96392],[-120.65687,46.96354],[-120.6543,46.96385],[-120.65398,46.96295],[-120.65291,46.9635],[-120.65184,46.96249],[-120.65256,46.96166],[-120.65216,46.9607],[-120.65323,46.96085],[-120.65342,46.95997],[-120.65751,46.95956],[-120.66147,46.96186],[-120.66082,46.96348]]]},"bbox":[-120.66147,46.95956,-120.65184,46.96418]},{"type":"Feature","id":28237,"properties":{"y":2009,"n":"Oak Creek","ag":"BLM","ac":150.4,"c":14,"cl":"Unknown","ad":"2009-07-15","cd":"","st":"WA","se":2},"geometry":{"type":"Polygon","coordinates":[[[-120.82233,46.7191],[-120.82041,46.72027],[-120.8213,46.72117],[-120.82223,46.72125],[-120.82229,46.72187],[-120.8202,46.72131],[-120.81852,46.71946],[-120.81617,46.7214],[-120.81581,46.72121],[-120.81615,46.71873],[-120.81708,46.71768],[-120.81418,46.71453],[-120.81994,46.7138],[-120.8215,46.713],[-120.82243,46.71383],[-120.82391,46.71322],[-120.82411,46.71475],[-120.82915,46.7176],[-120.82905,46.71894],[-120.82527,46.71995],[-120.8242,46.71998],[-120.82233,46.7191]]]},"bbox":[-120.82915,46.713,-120.81418,46.72187]},{"type":"Feature","id":28238,"properties":{"y":2009,"n":"Hale Storm","ag":"BLM","ac":54.8,"c":14,"cl":"Unknown","ad":"2009-07-31","cd":"","st":"WA","se":2},"geometry":{"type":"Polygon","coordinates":[[[-120.91477,46.82425],[-120.91562,46.82423],[-120.91575,46.82439],[-120.91518,46.82532],[-120.9157,46.82806],[-120.9149,46.82893],[-120.91345,46.82932],[-120.91377,46.82976],[-120.91346,46.8306],[-120.91245,46.83047],[-120.91206,46.83102],[-120.91098,46.82891],[-120.91054,46.82603],[-120.91201,46.82422],[-120.91293,46.8241],[-120.91467,46.82278],[-120.91504,46.82369],[-120.91439,46.82421],[-120.91463,46.82426],[-120.91477,46.82425]]]},"bbox":[-120.91575,46.82278,-120.91054,46.83102]},{"type":"Feature","id":28239,"properties":{"y":2009,"n":"Deer 1","ag":"BLM","ac":0.5,"c":14,"cl":"Unknown","ad":"2009-07-30","cd":"","st":"WA","se":2},"geometry":{"type":"Polygon","coordinates":[[[-121.7362,48.36342],[-121.73686,48.36294],[-121.73668,48.36353],[-121.7362,48.36342]]]},"bbox":[-121.73687,48.36274,-121.7362,48.36353]},{"type":"Feature","id":28240,"properties":{"y":2009,"n":"Gold Hill","ag":"BLM","ac":18.9,"c":14,"cl":"Unknown","ad":"2009-07-30","cd":"","st":"WA","se":2},"geometry":{"type":"Polygon","coordinates":[[[-121.53844,48.21888],[-121.54136,48.21856],[-121.54218,48.219],[-121.54284,48.21814],[-121.5434,48.21818],[-121.54319,48.21954],[-121.54226,48.2197],[-121.54106,48.22085],[-121.53967,48.22105],[-121.53974,48.22148],[-121.53942,48.22083],[-121.53922,48.22147],[-121.53773,48.21958],[-121.53858,48.2193],[-121.53844,48.21888]]]},"bbox":[-121.54341,48.21809,-121.53773,48.22148]},{"type":"Feature","id":28241,"properties":{"y":2009,"n":"Sr-17","ag":"BLM","ac":897.5,"c":14,"cl":"Unknown","ad":"2009-08-20","cd":"","st":"WA","se":2},"geometry":{"type":"Polygon","coordinates":[[[-119.48702,47.34309],[-119.48039,47.34281],[-119.47789,47.34212],[-119.48145,47.32842],[-119.48182,47.32841],[-119.48298,47.32589],[-119.4979,47.3258],[-119.5011,47.32692],[-119.50224,47.32789],[-119.50471,47.32856],[-119.50588,47.32965],[-119.50991,47.33169],[-119.51125,47.33327],[-119.51097,47.33551],[-119.50981,47.33718],[-119.50924,47.33735],[-119.50911,47.33698],[-119.50926,47.33761],[-119.50719,47.33749],[-119.50754,47.33891],[-119.50709,47.34033],[-119.50416,47.34005],[-119.50028,47.34052],[-119.49959,47.34104],[-119.49906,47.34048],[-119.49744,47.34043],[-119.49672,47.33996],[-119.49499,47.34046],[-119.49459,47.34123],[-119.49383,47.34124],[-119.4926,47.34224],[-119.48702,47.34309]]]},"bbox":[-119.51136,47.32567,-119.47789,47.34313]},{"type":"Feature","id":28245,"properties":{"y":2009,"n":"Union Valley","ag":"BLM","ac":522.2,"c":14,"cl":"Unknown","ad":"2009-07-29","cd":"","st":"WA","se":2},"geometry":{"type":"Polygon","coordinates":[[[-120.03798,47.87759],[-120.03449,47.87403],[-120.03435,47.87565],[-120.03516,47.87694],[-120.0345,47.87801],[-120.03703,47.87871],[-120.0368,47.87934],[-120.03503,47.87918],[-120.03363,47.88015],[-120.03133,47.88041],[-120.02977,47.88271],[-120.02851,47.88242],[-120.02741,47.87967],[-120.02613,47.8789],[-120.02685,47.87819],[-120.02621,47.87701],[-120.02585,47.87452],[-120.02625,47.87323],[-120.02714,47.87242],[-120.02661,47.87154],[-120.02874,47.87136],[-120.02947,47.87038],[-120.02742,47.86928],[-120.02572,47.86737],[-120.02607,47.86577],[-120.03442,47.86611],[-120.04015,47.86912],[-120.04723,47.87036],[-120.05046,47.87436],[-120.05101,47.87574],[-120.05099,47.87798],[-120.05087,47.87839],[-120.04721,47.87938],[-120.04489,47.87926],[-120.04097,47.87734],[-120.04059,47.87671],[-120.03798,47.87759]]]},"bbox":[-120.05101,47.86552,-120.02568,47.88282]},{"type":"Feature","id":28247,"properties":{"y":2012,"n":"Navarre","ag":"BLM","ac":602.0,"c":14,"cl":"Unknown","ad":"2012-07-05","cd":"","st":"WA","se":2},"geometry":{"type":"Polygon","coordinates":[[[-120.20175,47.80823],[-120.20112,47.80506],[-120.20207,47.80442],[-120.20429,47.80442],[-120.20524,47.80252],[-120.21191,47.79871],[-120.21572,47.79871],[-120.21953,47.79998],[-120.2208,47.80125],[-120.22302,47.8076],[-120.2227,47.81014],[-120.22143,47.81331],[-120.21508,47.81585],[-120.21096,47.81617],[-120.20429,47.81617],[-120.20366,47.813],[-120.20175,47.80823]]]},"bbox":[-120.22302,47.79871,-120.20112,47.81617]},{"type":"Feature","id":28251,"properties":{"y":2012,"n":"Diamond Butte","ag":"BLM","ac":284.5,"c":14,"cl":"Unknown","ad":"2012-08-19","cd":"","st":"WA","se":2},"geometry":{"type":"Polygon","coordinates":[[[-121.23405,46.43823],[-121.23472,46.43673],[-121.23649,46.43763],[-121.23646,46.43829],[-121.23708,46.43872],[-121.24013,46.43849],[-121.24066,46.43886],[-121.24048,46.43947],[-121.24207,46.44002],[-121.24302,46.43968],[-121.24322,46.43859],[-121.24512,46.43775],[-121.24584,46.4377],[-121.24583,46.43823],[-121.24679,46.43875],[-121.25023,46.43824],[-121.25063,46.43881],[-121.25184,46.43884],[-121.25254,46.43985],[-121.25323,46.43999],[-121.25336,46.43948],[-121.25424,46.4392],[-121.25432,46.43999],[-121.25672,46.44157],[-121.25507,46.44231],[-121.25391,46.44202],[-121.2533,46.44259],[-121.25172,46.44269],[-121.2507,46.4436],[-121.24825,46.44449],[-121.24773,46.44531],[-121.24554,46.44515],[-121.24443,46.44621],[-121.24276,46.44607],[-121.24205,46.44533],[-121.24025,46.44581],[-121.23898,46.44538],[-121.23975,46.44498],[-121.24076,46.44541],[-121.24178,46.44516],[-121.24125,46.44421],[-121.23993,46.44407],[-121.23931,46.44338],[-121.23869,46.44332],[-121.23696,46.44507],[-121.23624,46.44484],[-121.23548,46.44366],[-121.23416,46.44316],[-121.23269,46.44323],[-121.23288,46.44367],[-121.23252,46.44374],[-121.23264,46.44314],[-121.23098,46.44302],[-121.2316,46.44258],[-121.23138,46.442],[-121.22982,46.44095],[-121.23088,46.43974],[-121.2303,46.43865],[-121.23174,46.4383],[-121.23373,46.43865],[-121.23371,46.43822],[-121.23401,46.43825],[-121.23405,46.43823]],[[-121.2341,46.43821],[-121.23405,46.43823],[-121.23405,46.43825],[-121.2341,46.43821]]]},"bbox":[-121.25672,46.43673,-121.22982,46.44621]},{"type":"Feature","id":28254,"properties":{"y":2012,"n":"Little Jim Creek","ag":"BLM","ac":26.1,"c":14,"cl":"Unknown","ad":"2012-09-08","cd":"","st":"WA","se":3},"geometry":{"type":"Polygon","coordinates":[[[-118.21356,48.37722],[-118.21433,48.37589],[-118.21607,48.37679],[-118.21744,48.37692],[-118.21839,48.3781],[-118.22033,48.37887],[-118.21972,48.37958],[-118.21783,48.38022],[-118.21356,48.37722]]]},"bbox":[-118.22033,48.37589,-118.21349,48.38022]},{"type":"Feature","id":28257,"properties":{"y":2012,"n":"Hunter","ag":"BLM","ac":200.3,"c":14,"cl":"Unknown","ad":"2012-09-09","cd":"","st":"WA","se":3},"geometry":{"type":"Polygon","coordinates":[[[-120.04577,48.1141],[-120.0448,48.11355],[-120.045,48.11288],[-120.04623,48.11185],[-120.04607,48.11139],[-120.04662,48.11163],[-120.04739,48.11064],[-120.04672,48.10975],[-120.04378,48.10873],[-120.04384,48.10831],[-120.04424,48.10779],[-120.0455,48.10809],[-120.04913,48.10682],[-120.04881,48.10628],[-120.04935,48.10583],[-120.0491,48.10503],[-120.04947,48.10423],[-120.05184,48.10379],[-120.05161,48.10343],[-120.05229,48.10286],[-120.05375,48.10407],[-120.05443,48.10402],[-120.05424,48.10549],[-120.05623,48.10529],[-120.05727,48.10629],[-120.06013,48.10551],[-120.06132,48.10643],[-120.06064,48.10801],[-120.06174,48.10875],[-120.0611,48.10884],[-120.06045,48.10969],[-120.06099,48.11072],[-120.06,48.11141],[-120.0577,48.11156],[-120.05647,48.11077],[-120.05511,48.11085],[-120.05348,48.11319],[-120.05258,48.1118],[-120.05059,48.11167],[-120.05034,48.11123],[-120.05041,48.11215],[-120.0518,48.11293],[-120.05157,48.11357],[-120.04991,48.11398],[-120.04884,48.11326],[-120.04738,48.11312],[-120.04724,48.11361],[-120.04604,48.11332],[-120.04577,48.1141]]]},"bbox":[-120.06174,48.10286,-120.04377,48.1141]},{"type":"Feature","id":28260,"properties":{"y":2012,"n":"Powerline #2","ag":"BLM","ac":229.5,"c":14,"cl":"Unknown","ad":"2012-10-04","cd":"","st":"WA","se":3},"geometry":{"type":"Polygon","coordinates":[[[-123.07935,47.2494],[-123.07944,47.25176],[-123.07726,47.25234],[-123.07713,47.25285],[-123.07084,47.25618],[-123.06799,47.25902],[-123.06578,47.25993],[-123.06581,47.26045],[-123.0651,47.26091],[-123.06433,47.26076],[-123.06448,47.26174],[-123.0604,47.26397],[-123.0592,47.26367],[-123.05855,47.26233],[-123.05667,47.26103],[-123.06061,47.25889],[-123.06059,47.25779],[-123.0599,47.25724],[-123.0602,47.25664],[-123.05961,47.25593],[-123.06052,47.25417],[-123.06235,47.25459],[-123.06386,47.25427],[-123.0648,47.25398],[-123.06535,47.25311],[-123.0695,47.25269],[-123.07014,47.25177],[-123.07151,47.2524],[-123.0746,47.25137],[-123.07532,47.24996],[-123.07844,47.25039],[-123.07935,47.2494]]]},"bbox":[-123.07958,47.2494,-123.05667,47.26397]},{"type":"Feature","id":28261,"properties":{"y":2012,"n":"Radio","ag":"BLM","ac":42.5,"c":14,"cl":"Unknown","ad":"2012-09-09","cd":"","st":"WA","se":3},"geometry":{"type":"Polygon","coordinates":[[[-118.23722,48.97954],[-118.23752,48.98106],[-118.23432,48.98099],[-118.23226,48.9787],[-118.22998,48.97718],[-118.23036,48.97657],[-118.2315,48.97634],[-118.23524,48.97665],[-118.23722,48.97954]]]},"bbox":[-118.23752,48.97626,-118.22998,48.98114]},{"type":"Feature","id":28262,"properties":{"y":2012,"n":"South Point","ag":"BLM","ac":336.9,"c":14,"cl":"Unknown","ad":"2012-09-19","cd":"","st":"WA","se":3},"geometry":{"type":"Polygon","coordinates":[[[-121.65415,46.53881],[-121.65074,46.54088],[-121.64882,46.5407],[-121.64486,46.53841],[-121.64358,46.53914],[-121.64087,46.53957],[-121.63462,46.53982],[-121.63294,46.54233],[-121.63117,46.5433],[-121.62849,46.5424],[-121.62731,46.54152],[-121.62692,46.54056],[-121.62706,46.53982],[-121.63378,46.5348],[-121.63973,46.53222],[-121.64372,46.53107],[-121.64508,46.532],[-121.64687,46.5321],[-121.65047,46.53463],[-121.65097,46.53641],[-121.65357,46.53802],[-121.65415,46.53881]]]},"bbox":[-121.65415,46.53107,-121.62692,46.5433]},{"type":"Feature","id":28264,"properties":{"y":2012,"n":"Quilomene","ag":"BLM","ac":157.0,"c":14,"cl":"Unknown","ad":"2012-07-13","cd":"","st":"WA","se":2},"geometry":{"type":"Polygon","coordinates":[[[-120.10635,47.16141],[-120.10825,47.1621],[-120.10486,47.16294],[-120.10458,47.16332],[-120.10495,47.16383],[-120.10317,47.16387],[-120.10296,47.16432],[-120.10359,47.16435],[-120.10325,47.16459],[-120.10421,47.1655],[-120.10154,47.16519],[-120.09934,47.16405],[-120.09755,47.16376],[-120.09724,47.16536],[-120.09607,47.1664],[-120.09302,47.16582],[-120.09434,47.16758],[-120.09159,47.16654],[-120.09062,47.16529],[-120.09253,47.16423],[-120.0926,47.16367],[-120.09098,47.1632],[-120.09305,47.1625],[-120.09277,47.16229],[-120.09315,47.16169],[-120.09246,47.16182],[-120.09318,47.16091],[-120.09198,47.16115],[-120.08928,47.16035],[-120.08918,47.15955],[-120.09101,47.15877],[-120.09286,47.15924],[-120.09616,47.15865],[-120.09694,47.15907],[-120.09704,47.15986],[-120.09807,47.15951],[-120.10241,47.16017],[-120.10252,47.16049],[-120.10047,47.1607],[-120.10342,47.16236],[-120.10635,47.16141]]]},"bbox":[-120.10825,47.15865,-120.08918,47.16758]},{"type":"Feature","id":28265,"properties":{"y":2012,"n":"Litttle Parke Creek","ag":"BLM","ac":693.0,"c":14,"cl":"Unknown","ad":"2012-09-06","cd":"","st":"WA","se":3},"geometry":{"type":"Polygon","coordinates":[[[-120.30775,47.04014],[-120.31163,47.03983],[-120.31375,47.04084],[-120.31356,47.04172],[-120.30532,47.04733],[-120.29903,47.04898],[-120.29745,47.05086],[-120.29823,47.05418],[-120.2964,47.05787],[-120.29325,47.06007],[-120.29501,47.06096],[-120.28843,47.06379],[-120.28612,47.06442],[-120.28159,47.06462],[-120.27267,47.07311],[-120.26999,47.07387],[-120.26666,47.07342],[-120.26695,47.07171],[-120.26927,47.06875],[-120.27669,47.06257],[-120.28068,47.05999],[-120.2857,47.05349],[-120.29904,47.04461],[-120.30477,47.04392],[-120.30775,47.04014]]]},"bbox":[-120.31375,47.03983,-120.26657,47.07393]},{"type":"Feature","id":28267,"properties":{"y":2009,"n":"Shull Ridge","ag":"BLM","ac":211.4,"c":14,"cl":"Unknown","ad":"2009-12-31","cd":"","st":"WA","se":4},"geometry":{"type":"Polygon","coordinates":[[[-120.81794,48.88464],[-120.81672,48.88282],[-120.81518,48.88197],[-120.811,48.88129],[-120.81057,48.88058],[-120.80869,48.87962],[-120.80476,48.87899],[-120.80236,48.87771],[-120.7997,48.87742],[-120.80018,48.87717],[-120.79829,48.87576],[-120.82105,48.87704],[-120.82263,48.8773],[-120.82372,48.87871],[-120.8247,48.87873],[-120.82248,48.88082],[-120.82171,48.88254],[-120.81954,48.8838],[-120.8187,48.88494],[-120.81794,48.88464]]]},"bbox":[-120.8247,48.87571,-120.79829,48.88499]},{"type":"Feature","id":28268,"properties":{"y":2009,"n":"Spring","ag":"BLM","ac":219.5,"c":14,"cl":"Unknown","ad":"2009-12-31","cd":"","st":"WA","se":4},"geometry":{"type":"Polygon","coordinates":[[[-121.3405,48.13081],[-121.33856,48.13219],[-121.33899,48.13399],[-121.34061,48.13509],[-121.33762,48.1361],[-121.33752,48.13692],[-121.33591,48.13738],[-121.33526,48.13945],[-121.33064,48.14027],[-121.32604,48.13882],[-121.32503,48.13817],[-121.32429,48.13674],[-121.32707,48.13462],[-121.32666,48.1338],[-121.32932,48.13271],[-121.32982,48.13172],[-121.33392,48.13045],[-121.33619,48.12844],[-121.3374,48.12864],[-121.33906,48.13031],[-121.3405,48.13081]]]},"bbox":[-121.34061,48.12844,-121.32429,48.14027]},{"type":"Feature","id":28269,"properties":{"y":2009,"n":"Powder Mountain","ag":"BLM","ac":194.2,"c":14,"cl":"Unknown","ad":"2009-12-31","cd":"","st":"WA","se":4},"geometry":{"type":"Polygon","coordinates":[[[-120.78824,48.89193],[-120.78595,48.8913],[-120.78386,48.88985],[-120.78036,48.88649],[-120.77843,48.88531],[-120.77448,48.88339],[-120.77101,48.88261],[-120.77093,48.88118],[-120.77474,48.87987],[-120.78045,48.88052],[-120.78196,48.88021],[-120.78186,48.87924],[-120.78003,48.87812],[-120.7745,48.8768],[-120.77396,48.87634],[-120.77454,48.87583],[-120.78087,48.87603],[-120.78284,48.87812],[-120.78505,48.88155],[-120.78492,48.88541],[-120.78554,48.88928],[-120.78824,48.89193]]]},"bbox":[-120.78824,48.87573,-120.77082,48.89193]},{"type":"Feature","id":28270,"properties":{"y":2003,"n":"Gold Hill","ag":"BLM","ac":169.7,"c":14,"cl":"Unknown","ad":"2003-12-31","cd":"","st":"WA","se":4},"geometry":{"type":"Polygon","coordinates":[[[-121.50399,48.19497],[-121.50531,48.19598],[-121.5051,48.19649],[-121.50888,48.19957],[-121.50819,48.2006],[-121.50733,48.20019],[-121.50443,48.2008],[-121.50284,48.19945],[-121.50099,48.19996],[-121.50027,48.19908],[-121.49876,48.19859],[-121.49746,48.201],[-121.49347,48.19906],[-121.49143,48.19932],[-121.48947,48.19847],[-121.48841,48.19937],[-121.48688,48.19916],[-121.48593,48.19789],[-121.48621,48.19498],[-121.48955,48.19507],[-121.492,48.19599],[-121.49502,48.19635],[-121.49935,48.19556],[-121.5022,48.19575],[-121.50399,48.19497]]]},"bbox":[-121.50888,48.19497,-121.48593,48.201]},{"type":"Feature","id":28274,"properties":{"y":2008,"n":"Juniper","ag":"BLM","ac":768.7,"c":14,"cl":"Unknown","ad":"2008-12-31","cd":"","st":"WA","se":4},"geometry":{"type":"Polygon","coordinates":[[[-118.92258,46.41933],[-118.92213,46.41634],[-118.92408,46.41457],[-118.92348,46.41379],[-118.92439,46.41257],[-118.92698,46.41167],[-118.92837,46.40996],[-118.92821,46.40879],[-118.92605,46.40901],[-118.92704,46.40793],[-118.93068,46.40739],[-118.93115,46.40752],[-118.93094,46.40815],[-118.9316,46.40799],[-118.93299,46.40891],[-118.93633,46.40793],[-118.93754,46.4081],[-118.93799,46.40702],[-118.93987,46.40605],[-118.94374,46.4062],[-118.94424,46.40639],[-118.9442,46.40695],[-118.95021,46.40905],[-118.95407,46.41368],[-118.95379,46.41435],[-118.95494,46.41472],[-118.95538,46.41605],[-118.96209,46.41619],[-118.96114,46.42],[-118.96135,46.42161],[-118.96375,46.42341],[-118.96197,46.42465],[-118.96011,46.4239],[-118.9585,46.42405],[-118.95654,46.42346],[-118.95465,46.42237],[-118.95349,46.42265],[-118.95094,46.41952],[-118.95128,46.41789],[-118.95035,46.4167],[-118.94884,46.41601],[-118.94386,46.41608],[-118.94232,46.41681],[-118.94106,46.41827],[-118.93859,46.41619],[-118.93471,46.41559],[-118.9321,46.41642],[-118.9308,46.41825],[-118.93095,46.41739],[-118.93055,46.41795],[-118.93033,46.42007],[-118.93185,46.42204],[-118.93139,46.42375],[-118.92992,46.42555],[-118.92624,46.42257],[-118.92575,46.42131],[-118.92258,46.41933]]]},"bbox":[-118.96375,46.40604,-118.92211,46.42557]},{"type":"Feature","id":28278,"properties":{"y":2001,"n":"Spruce Springs","ag":"BLM","ac":270.4,"c":14,"cl":"Unknown","ad":"2001-12-31","cd":"","st":"WA","se":4},"geometry":{"type":"Polygon","coordinates":[[[-121.16851,46.57896],[-121.16833,46.57731],[-121.17331,46.57503],[-121.17487,46.57344],[-121.17683,46.57403],[-121.17864,46.57367],[-121.17858,46.57265],[-121.17955,46.57144],[-121.18054,46.57139],[-121.18129,46.57002],[-121.18289,46.57047],[-121.18414,46.5723],[-121.18591,46.57306],[-121.18681,46.57428],[-121.18643,46.57494],[-121.18299,46.57608],[-121.18034,46.57546],[-121.17943,46.57636],[-121.17952,46.57692],[-121.18084,46.57771],[-121.1802,46.5794],[-121.1822,46.58032],[-121.18466,46.58247],[-121.18464,46.58361],[-121.18574,46.5855],[-121.185,46.58589],[-121.18323,46.58571],[-121.1821,46.58486],[-121.18063,46.58499],[-121.18033,46.58454],[-121.18079,46.58344],[-121.17533,46.58325],[-121.17501,46.58299],[-121.17616,46.58218],[-121.17605,46.58154],[-121.17491,46.58098],[-121.17364,46.58108],[-121.17327,46.58042],[-121.17185,46.58071],[-121.17061,46.58037],[-121.17001,46.57943],[-121.16851,46.57896]]]},"bbox":[-121.18684,46.57,-121.16819,46.58593]},{"type":"Feature","id":28284,"properties":{"y":2012,"n":"Washout","ag":"BLM","ac":595.8,"c":14,"cl":"Unknown","ad":"2017-01-27","cd":"","st":"WA","se":4},"geometry":{"type":"Polygon","coordinates":[[[-119.97789,46.43625],[-119.97805,46.43675],[-119.97691,46.43809],[-119.97671,46.43986],[-119.97568,46.44071],[-119.97622,46.4411],[-119.97641,46.44142],[-119.97473,46.44101],[-119.97356,46.44159],[-119.97306,46.44168],[-119.97268,46.44171],[-119.97468,46.43859],[-119.97283,46.43847],[-119.97537,46.43742],[-119.97627,46.43606],[-119.97576,46.4357],[-119.97652,46.43558],[-119.97787,46.43327],[-119.97668,46.43303],[-119.97588,46.4299],[-119.97637,46.42921],[-119.97579,46.42825],[-119.97883,46.42587],[-119.97959,46.42332],[-119.98116,46.4213],[-119.98275,46.42008],[-119.98378,46.42011],[-119.98422,46.41769],[-119.98475,46.41762],[-119.98525,46.41888],[-119.9844,46.42018],[-119.98707,46.41962],[-119.99007,46.42188],[-119.99056,46.42084],[-119.99217,46.41998],[-119.99226,46.42056],[-119.99046,46.42287],[-119.99123,46.42358],[-119.99255,46.42721],[-119.99594,46.42921],[-119.99354,46.43274],[-119.99542,46.43657],[-119.99446,46.43991],[-119.99231,46.43903],[-119.991,46.43774],[-119.99192,46.43651],[-119.98815,46.4351],[-119.98759,46.43677],[-119.98732,46.43612],[-119.98648,46.43601],[-119.98717,46.43736],[-119.98562,46.43652],[-119.98388,46.43839],[-119.98083,46.44042],[-119.98197,46.44108],[-119.98131,46.44394],[-119.98053,46.44193],[-119.98067,46.439],[-119.9798,46.43811],[-119.98037,46.43629],[-119.97986,46.43517],[-119.98048,46.43405],[-119.97903,46.43456],[-119.97789,46.43625]],[[-119.97468,46.43859],[-119.97471,46.43855],[-119.9747,46.43855],[-119.97468,46.43859]],[[-119.9747,46.43855],[-119.9747,46.43854],[-119.97469,46.43854],[-119.9747,46.43855]],[[-119.9747,46.43854],[-119.97472,46.43855],[-119.9747,46.43849],[-119.9747,46.43854]],[[-119.97377,46.44144],[-119.97377,46.44144],[-119.97377,46.44144],[-119.97377,46.44144]],[[-119.97635,46.43102],[-119.97635,46.43102],[-119.97635,46.43102],[-119.97635,46.43102]],[[-119.97775,46.43619],[-119.97774,46.43618],[-119.97774,46.43619],[-119.97775,46.43619]],[[-119.97774,46.43619],[-119.97749,46.43641],[-119.97703,46.43667],[-119.97748,46.43645],[-119.97774,46.43619]]]},"bbox":[-119.99594,46.41749,-119.97268,46.44394]},{"type":"Feature","id":28285,"properties":{"y":1900,"n":"Horse Lake","ag":"BLM","ac":33.8,"c":14,"cl":"Unknown","ad":"2017-01-27","cd":"","st":"WA","se":4},"geometry":{"type":"Polygon","coordinates":[[[-120.36486,47.44022],[-120.3706,47.44307],[-120.37148,47.44435],[-120.37103,47.4464],[-120.36838,47.44767],[-120.36175,47.44764],[-120.35778,47.44685],[-120.35557,47.44479],[-120.35469,47.44223],[-120.35602,47.44096],[-120.35779,47.44019],[-120.36486,47.44022]]]},"bbox":[-120.37148,47.43994,-120.35469,47.44767]},{"type":"Feature","id":28286,"properties":{"y":2009,"n":"Owhi Tree","ag":"BLM","ac":10.4,"c":14,"cl":"Unknown","ad":"2009-07-23","cd":"","st":"WA","se":2},"geometry":{"type":"Polygon","coordinates":[[[-118.88839,48.2451],[-118.88841,48.24656],[-118.88741,48.2467],[-118.88723,48.24718],[-118.88606,48.24722],[-118.88529,48.24638],[-118.88607,48.24524],[-118.88839,48.2451]]]},"bbox":[-118.88845,48.24496,-118.88529,48.24724]},{"type":"Feature","id":28287,"properties":{"y":2009,"n":"B.5","ag":"BLM","ac":282.1,"c":14,"cl":"Unknown","ad":"2009-08-20","cd":"","st":"WA","se":2},"geometry":{"type":"Polygon","coordinates":[[[-119.4457,47.33347],[-119.4465,47.33314],[-119.44596,47.33201],[-119.4464,47.33184],[-119.44877,47.33267],[-119.45013,47.33229],[-119.45083,47.33142],[-119.45174,47.33158],[-119.45227,47.33236],[-119.45337,47.33238],[-119.45545,47.33392],[-119.45421,47.33388],[-119.4561,47.33524],[-119.4567,47.33654],[-119.46004,47.33699],[-119.46156,47.33871],[-119.46168,47.34029],[-119.4612,47.3406],[-119.46169,47.3423],[-119.46107,47.34245],[-119.46133,47.34313],[-119.46085,47.34413],[-119.45812,47.34568],[-119.45569,47.34572],[-119.45471,47.34333],[-119.45508,47.34293],[-119.45392,47.34246],[-119.45251,47.34268],[-119.44994,47.34053],[-119.45037,47.34011],[-119.44836,47.33864],[-119.44586,47.3376],[-119.44514,47.33654],[-119.44526,47.33539],[-119.44339,47.3346],[-119.44305,47.33285],[-119.44341,47.33207],[-119.4457,47.33347]]]},"bbox":[-119.46169,47.33142,-119.44305,47.34592]},{"type":"Feature","id":28290,"properties":{"y":2012,"n":"Death Wind Canyon","ag":"BLM","ac":824.0,"c":14,"cl":"Unknown","ad":"2017-01-27","cd":"","st":"WA","se":4},"geometry":{"type":"Polygon","coordinates":[[[-120.11164,47.42839],[-120.10932,47.42902],[-120.10689,47.42854],[-120.10723,47.42977],[-120.10499,47.42979],[-120.10377,47.43051],[-120.10356,47.43123],[-120.09887,47.43076],[-120.09766,47.4293],[-120.09461,47.42775],[-120.09389,47.42654],[-120.09027,47.42383],[-120.08987,47.42203],[-120.08699,47.42218],[-120.08855,47.42021],[-120.08693,47.41803],[-120.08803,47.41512],[-120.08646,47.41237],[-120.08745,47.41087],[-120.08675,47.40901],[-120.0889,47.4073],[-120.09055,47.40693],[-120.09186,47.40568],[-120.09315,47.40537],[-120.09278,47.40499],[-120.0933,47.40415],[-120.09316,47.40342],[-120.09595,47.40193],[-120.09599,47.40106],[-120.09485,47.40077],[-120.09703,47.40056],[-120.09808,47.39983],[-120.09977,47.40006],[-120.10027,47.39942],[-120.1012,47.3996],[-120.10269,47.40113],[-120.10343,47.40285],[-120.10337,47.40618],[-120.10054,47.41563],[-120.10035,47.42071],[-120.10124,47.42151],[-120.10198,47.42109],[-120.10321,47.4228],[-120.10768,47.4237],[-120.10789,47.42437],[-120.11141,47.42776],[-120.11164,47.42839]],[[-120.10345,47.43118],[-120.10346,47.43118],[-120.10346,47.43118],[-120.10345,47.43118]],[[-120.11056,47.4286],[-120.11056,47.4286],[-120.11056,47.4286],[-120.11056,47.4286]],[[-120.11056,47.4286],[-120.11056,47.42862],[-120.11056,47.42861],[-120.11056,47.4286]]]},"bbox":[-120.11164,47.39942,-120.08642,47.43123]},{"type":"Feature","id":28292,"properties":{"y":2007,"n":"Rocky Hull","ag":"BLM","ac":12.8,"c":14,"cl":"Unknown","ad":"2013-11-21","cd":"","st":"WA","se":3},"geometry":{"type":"Polygon","coordinates":[[[-119.39758,48.86483],[-119.39941,48.86346],[-119.40007,48.86428],[-119.39952,48.86485],[-119.40024,48.86876],[-119.39867,48.86771],[-119.39884,48.86604],[-119.39758,48.86483]],[[-119.39905,48.86767],[-119.39903,48.86765],[-119.39902,48.86767],[-119.39905,48.86767]],[[-119.39909,48.86394],[-119.39909,48.86393],[-119.39908,48.86393],[-119.39909,48.86394]],[[-119.39911,48.8639],[-119.3991,48.86392],[-119.39914,48.86388],[-119.39911,48.8639]],[[-119.3991,48.86392],[-119.39909,48.86394],[-119.3991,48.86393],[-119.3991,48.86392]]]},"bbox":[-119.40038,48.86346,-119.39758,48.86876]},{"type":"Feature","id":28297,"properties":{"y":2008,"n":"Abraham Canyon","ag":"BLM","ac":372.0,"c":14,"cl":"Unknown","ad":"2008-07-10","cd":"","st":"WA","se":2},"geometry":{"type":"Polygon","coordinates":[[[-118.27772,48.3889],[-118.27656,48.38484],[-118.27793,48.38328],[-118.27721,48.38223],[-118.27566,48.38236],[-118.27521,48.38122],[-118.27589,48.38039],[-118.27812,48.38072],[-118.27903,48.37988],[-118.27971,48.38088],[-118.28313,48.38103],[-118.28749,48.37818],[-118.28946,48.37921],[-118.28948,48.38049],[-118.29081,48.38139],[-118.29092,48.38035],[-118.29328,48.38065],[-118.29589,48.38294],[-118.29653,48.38642],[-118.2963,48.38807],[-118.29547,48.38835],[-118.29417,48.38985],[-118.29073,48.39136],[-118.29009,48.39157],[-118.29124,48.39014],[-118.29144,48.38889],[-118.28953,48.38932],[-118.28786,48.38866],[-118.28542,48.38851],[-118.28275,48.38998],[-118.28193,48.39148],[-118.27973,48.3925],[-118.27772,48.3889]],[[-118.29143,48.38131],[-118.29139,48.3813],[-118.29132,48.38137],[-118.29143,48.38131]]]},"bbox":[-118.29653,48.37818,-118.27521,48.3925]},{"type":"Feature","id":28298,"properties":{"y":2011,"n":"Big Hump","ag":"BLM","ac":810.4,"c":14,"cl":"Unknown","ad":"2011-09-01","cd":"","st":"WA","se":3},"geometry":{"type":"Polygon","coordinates":[[[-123.10244,47.70781],[-123.10159,47.70688],[-123.10229,47.70631],[-123.10226,47.70569],[-123.10088,47.70434],[-123.10109,47.70327],[-123.10183,47.7032],[-123.10146,47.70167],[-123.10008,47.70194],[-123.09968,47.70246],[-123.09902,47.70201],[-123.09633,47.70313],[-123.09323,47.70192],[-123.09195,47.69994],[-123.09245,47.69911],[-123.09393,47.69955],[-123.09328,47.69822],[-123.09124,47.69787],[-123.09176,47.69737],[-123.09065,47.69672],[-123.09024,47.69576],[-123.09335,47.69368],[-123.09243,47.69296],[-123.0912,47.69289],[-123.09035,47.69112],[-123.09278,47.69082],[-123.09373,47.69023],[-123.09186,47.68978],[-123.09088,47.69009],[-123.09055,47.68924],[-123.08938,47.6888],[-123.08945,47.68811],[-123.09059,47.68684],[-123.08922,47.68556],[-123.09043,47.68425],[-123.09367,47.68432],[-123.09537,47.68625],[-123.09735,47.68644],[-123.09964,47.68772],[-123.10299,47.68834],[-123.10401,47.68896],[-123.10441,47.68984],[-123.10553,47.6901],[-123.10569,47.69085],[-123.10753,47.69228],[-123.11185,47.69248],[-123.11283,47.69208],[-123.1158,47.69283],[-123.11724,47.69258],[-123.11958,47.69321],[-123.11941,47.69466],[-123.12268,47.6952],[-123.123,47.69632],[-123.12247,47.6966],[-123.12289,47.69691],[-123.1224,47.69759],[-123.12339,47.69803],[-123.12346,47.69893],[-123.12223,47.6994],[-123.12096,47.7012],[-123.11699,47.70273],[-123.1154,47.70469],[-123.11304,47.70464],[-123.11318,47.70409],[-123.11404,47.70419],[-123.11529,47.7035],[-123.11563,47.70235],[-123.11562,47.7015],[-123.11493,47.70122],[-123.11512,47.70036],[-123.11437,47.70037],[-123.11432,47.69971],[-123.11359,47.70017],[-123.11322,47.69974],[-123.11181,47.70083],[-123.1113,47.69981],[-123.11045,47.6995],[-123.11064,47.6986],[-123.10961,47.69838],[-123.10953,47.69791],[-123.10846,47.69768],[-123.10725,47.69828],[-123.10691,47.69869],[-123.1078,47.69903],[-123.10744,47.69963],[-123.10853,47.70243],[-123.10941,47.70202],[-123.11054,47.70252],[-123.11132,47.70411],[-123.11037,47.70509],[-123.10731,47.70616],[-123.10681,47.70678],[-123.10487,47.70629],[-123.10399,47.70731],[-123.10254,47.70712],[-123.10244,47.70781]],[[-123.10292,47.70264],[-123.10429,47.70293],[-123.10407,47.70202],[-123.10307,47.70199],[-123.10292,47.70264]],[[-123.10777,47.7028],[-123.10571,47.7019],[-123.105,47.70273],[-123.10522,47.70355],[-123.10602,47.70393],[-123.10761,47.70371],[-123.10777,47.7028]]]},"bbox":[-123.12349,47.68399,-123.08922,47.70786]},{"type":"Feature","id":28300,"properties":{"y":2013,"n":"Ione","ag":"BLM","ac":338.6,"c":14,"cl":"Unknown","ad":"2017-01-27","cd":"","st":"WA","se":4},"geometry":{"type":"Polygon","coordinates":[[[-119.05481,46.41558],[-119.05766,46.41495],[-119.05973,46.41009],[-119.06191,46.41051],[-119.06249,46.4119],[-119.06368,46.4125],[-119.06187,46.41515],[-119.06288,46.41544],[-119.06342,46.41627],[-119.06305,46.41934],[-119.06151,46.41962],[-119.0625,46.42014],[-119.0613,46.42168],[-119.06196,46.42343],[-119.06179,46.42447],[-119.06119,46.42363],[-119.05086,46.42382],[-119.05075,46.42736],[-119.04049,46.4274],[-119.04249,46.42607],[-119.05021,46.41828],[-119.0523,46.41793],[-119.05481,46.41558]]]},"bbox":[-119.06368,46.40998,-119.04049,46.42745]},{"type":"Feature","id":28302,"properties":{"y":2013,"n":"Burbank","ag":"BLM","ac":199.7,"c":14,"cl":"Unknown","ad":"2017-01-27","cd":"","st":"WA","se":4},"geometry":{"type":"Polygon","coordinates":[[[-120.38995,46.74402],[-120.38584,46.7363],[-120.38545,46.7335],[-120.38613,46.73123],[-120.38788,46.7289],[-120.39144,46.72707],[-120.39096,46.72768],[-120.39213,46.72832],[-120.3912,46.72811],[-120.39063,46.72861],[-120.39175,46.72992],[-120.39137,46.73021],[-120.39163,46.73085],[-120.38894,46.73185],[-120.38759,46.73157],[-120.38707,46.73321],[-120.38654,46.73312],[-120.38663,46.73366],[-120.3885,46.73395],[-120.39052,46.73493],[-120.39281,46.73514],[-120.39358,46.73624],[-120.39484,46.73676],[-120.39494,46.7378],[-120.39579,46.73871],[-120.39898,46.73992],[-120.39898,46.74055],[-120.39845,46.74072],[-120.39879,46.74103],[-120.398,46.74084],[-120.3966,46.74236],[-120.39497,46.7424],[-120.39118,46.74415],[-120.38995,46.74402]]]},"bbox":[-120.39898,46.72707,-120.38542,46.74423]},{"type":"Feature","id":28305,"properties":{"y":2014,"n":"Burton Draw","ag":"BLM","ac":121.0,"c":14,"cl":"Unknown","ad":"2017-01-27","cd":"","st":"WA","se":4},"geometry":{"type":"Polygon","coordinates":[[[-119.578,47.66339],[-119.57725,47.66349],[-119.57735,47.66309],[-119.57685,47.663],[-119.57485,47.66326],[-119.57432,47.66238],[-119.57134,47.66207],[-119.57501,47.66122],[-119.57605,47.66157],[-119.57754,47.66123],[-119.57635,47.66034],[-119.57238,47.65986],[-119.57145,47.65936],[-119.5768,47.65976],[-119.57572,47.65921],[-119.57671,47.65873],[-119.57667,47.65813],[-119.57589,47.65757],[-119.57774,47.65784],[-119.58302,47.6568],[-119.58419,47.65699],[-119.5849,47.65646],[-119.58565,47.6566],[-119.58531,47.65602],[-119.58607,47.65581],[-119.58654,47.65633],[-119.58748,47.65624],[-119.58746,47.65704],[-119.58897,47.65853],[-119.58854,47.65858],[-119.58864,47.65903],[-119.5867,47.65904],[-119.58491,47.66159],[-119.58371,47.66197],[-119.58137,47.66122],[-119.57971,47.66143],[-119.57851,47.66215],[-119.57909,47.66229],[-119.57805,47.66392],[-119.578,47.66339]]]},"bbox":[-119.58897,47.65581,-119.57134,47.66392]},{"type":"Feature","id":28306,"properties":{"y":2014,"n":"Highland","ag":"BLM","ac":109.1,"c":14,"cl":"Unknown","ad":"2017-01-27","cd":"","st":"WA","se":4},"geometry":{"type":"Polygon","coordinates":[[[-119.52261,48.05348],[-119.52124,48.05321],[-119.52026,48.05327],[-119.51983,48.05311],[-119.51893,48.0535],[-119.51907,48.05425],[-119.5185,48.05431],[-119.51692,48.0535],[-119.51659,48.05273],[-119.51699,48.05222],[-119.52132,48.05196],[-119.51791,48.05024],[-119.51731,48.0495],[-119.51441,48.04919],[-119.51368,48.04817],[-119.51609,48.04909],[-119.51766,48.04893],[-119.51991,48.04989],[-119.52044,48.04936],[-119.51755,48.04718],[-119.51869,48.04799],[-119.5211,48.04865],[-119.52239,48.04736],[-119.52249,48.04605],[-119.52251,48.04684],[-119.52373,48.04737],[-119.52484,48.04864],[-119.52613,48.04805],[-119.52665,48.04826],[-119.52928,48.05096],[-119.52921,48.05172],[-119.52782,48.05254],[-119.52674,48.05253],[-119.52541,48.05404],[-119.52471,48.05425],[-119.52385,48.05344],[-119.52261,48.05348]],[[-119.5226,48.05347],[-119.5226,48.05347],[-119.5226,48.05347],[-119.5226,48.05347]]]},"bbox":[-119.52928,48.04605,-119.51368,48.05431]},{"type":"Feature","id":28307,"properties":{"y":2014,"n":"Highway 243","ag":"BLM","ac":68.1,"c":14,"cl":"Unknown","ad":"2017-01-27","cd":"","st":"WA","se":4},"geometry":{"type":"Polygon","coordinates":[[[-119.92425,46.78975],[-119.92487,46.79147],[-119.92412,46.79342],[-119.92407,46.79608],[-119.92484,46.79934],[-119.92313,46.80142],[-119.92105,46.80214],[-119.92063,46.80177],[-119.92051,46.80006],[-119.92211,46.79857],[-119.92045,46.79557],[-119.92257,46.79544],[-119.92289,46.79482],[-119.92264,46.79394],[-119.9211,46.79326],[-119.9219,46.79278],[-119.92069,46.79188],[-119.92225,46.79193],[-119.9223,46.79149],[-119.92115,46.79067],[-119.92285,46.79089],[-119.92425,46.78975]]]},"bbox":[-119.9249,46.78974,-119.92045,46.80215]},{"type":"Feature","id":28308,"properties":{"y":2014,"n":"Fishtrap Shoot Pit","ag":"BLM","ac":37.5,"c":14,"cl":"Unknown","ad":"2017-01-27","cd":"","st":"WA","se":4},"geometry":{"type":"Polygon","coordinates":[[[-117.85738,47.36004],[-117.8505,47.36204],[-117.84704,47.36163],[-117.85126,47.35993],[-117.85667,47.3589],[-117.85392,47.35823],[-117.85434,47.35814],[-117.85402,47.35775],[-117.85625,47.35838],[-117.85914,47.35845],[-117.85693,47.35975],[-117.85686,47.36016],[-117.85738,47.36004]]]},"bbox":[-117.85914,47.35774,-117.84704,47.36204]},{"type":"Feature","id":28311,"properties":{"y":2014,"n":"Bighorn","ag":"BLM","ac":266.0,"c":14,"cl":"Unknown","ad":"2017-01-27","cd":"","st":"WA","se":4},"geometry":{"type":"Polygon","coordinates":[[[-120.50391,46.89714],[-120.50411,46.89774],[-120.5038,46.89757],[-120.50343,46.89854],[-120.5028,46.89848],[-120.49532,46.89505],[-120.48651,46.89259],[-120.48577,46.8919],[-120.48594,46.89118],[-120.48541,46.8903],[-120.4854,46.88856],[-120.4859,46.88767],[-120.48348,46.88547],[-120.48804,46.88345],[-120.48998,46.88343],[-120.49218,46.88411],[-120.49347,46.88512],[-120.49586,46.88839],[-120.49851,46.89293],[-120.50391,46.89714]]]},"bbox":[-120.50413,46.88337,-120.48348,46.89854]},{"type":"Feature","id":28319,"properties":{"y":2014,"n":"Box Canyon","ag":"BLM","ac":54.7,"c":14,"cl":"Unknown","ad":"2017-01-27","cd":"","st":"WA","se":4},"geometry":{"type":"Polygon","coordinates":[[[-120.55021,45.94447],[-120.55005,45.94585],[-120.54881,45.94634],[-120.54401,45.94422],[-120.54184,45.9448],[-120.54103,45.94456],[-120.54038,45.94407],[-120.54041,45.94317],[-120.54107,45.94236],[-120.54717,45.94184],[-120.55021,45.94447]]]},"bbox":[-120.55024,45.94181,-120.54038,45.94634]},{"type":"Feature","id":28321,"properties":{"y":2015,"n":"Chopaka","ag":"BLM","ac":213.3,"c":14,"cl":"Unknown","ad":"2017-01-27","cd":"","st":"WA","se":4},"geometry":{"type":"Polygon","coordinates":[[[-119.73561,49.01681],[-119.73236,49.01615],[-119.73119,49.01542],[-119.73205,49.01366],[-119.73067,49.01167],[-119.73279,49.01128],[-119.7312,49.00899],[-119.73093,49.00672],[-119.7294,49.00676],[-119.72932,49.00524],[-119.73108,49.00453],[-119.73044,49.0029],[-119.72906,49.00203],[-119.72904,49.00088],[-119.7295,49.00078],[-119.72898,49.00012],[-119.73435,49.00013],[-119.73589,48.9991],[-119.73746,49.00014],[-119.73933,49.00009],[-119.73905,49.00096],[-119.73958,49.001],[-119.74221,48.99961],[-119.74132,49.00076],[-119.73927,49.00169],[-119.73879,49.00252],[-119.73902,49.00291],[-119.74067,49.00305],[-119.73824,49.00318],[-119.73527,49.00429],[-119.73666,49.00702],[-119.73641,49.01066],[-119.73819,49.01335],[-119.73561,49.01681]]]},"bbox":[-119.74221,48.9991,-119.7289,49.01681]},{"type":"Feature","id":28322,"properties":{"y":2015,"n":"Mp 30.5","ag":"BLM","ac":57.1,"c":14,"cl":"Unknown","ad":"2015-06-05","cd":"","st":"WA","se":4},"geometry":{"type":"Polygon","coordinates":[[[-119.87737,46.53398],[-119.87798,46.53229],[-119.88055,46.53332],[-119.88007,46.53429],[-119.87834,46.53485],[-119.87676,46.53641],[-119.87672,46.53736],[-119.8749,46.53812],[-119.87465,46.53938],[-119.87374,46.53992],[-119.8728,46.53949],[-119.8723,46.53975],[-119.87137,46.53898],[-119.87146,46.53803],[-119.87091,46.53754],[-119.87215,46.53764],[-119.87264,46.53723],[-119.87235,46.53692],[-119.86987,46.5372],[-119.87737,46.53398]]]},"bbox":[-119.88055,46.53229,-119.86986,46.53992]},{"type":"Feature","id":28323,"properties":{"y":2015,"n":"South Sulphur","ag":"BLM","ac":763.7,"c":14,"cl":"Unknown","ad":"2017-01-27","cd":"","st":"WA","se":4},"geometry":{"type":"Polygon","coordinates":[[[-119.65977,47.60664],[-119.64211,47.60624],[-119.63966,47.60543],[-119.63952,47.60492],[-119.6412,47.6042],[-119.63942,47.6026],[-119.63788,47.60194],[-119.62886,47.60066],[-119.62408,47.60108],[-119.62194,47.60056],[-119.62156,47.6001],[-119.62184,47.59966],[-119.62452,47.59946],[-119.62492,47.59456],[-119.6226,47.59421],[-119.62014,47.59238],[-119.63022,47.59251],[-119.63074,47.59219],[-119.63032,47.59093],[-119.63216,47.59093],[-119.63372,47.59002],[-119.63469,47.58525],[-119.63546,47.58493],[-119.63606,47.58727],[-119.63584,47.592],[-119.63615,47.5924],[-119.64139,47.59261],[-119.64188,47.59161],[-119.64151,47.58957],[-119.64176,47.58563],[-119.64525,47.5859],[-119.64673,47.58493],[-119.64812,47.5853],[-119.64901,47.58578],[-119.64807,47.58875],[-119.64858,47.58989],[-119.64807,47.59123],[-119.64861,47.59452],[-119.64635,47.59609],[-119.64698,47.59656],[-119.64832,47.59649],[-119.64836,47.59728],[-119.6505,47.59768],[-119.65088,47.59825],[-119.64937,47.59962],[-119.64983,47.60025],[-119.64959,47.60149],[-119.65053,47.60248],[-119.65167,47.60161],[-119.65365,47.60183],[-119.65374,47.60308],[-119.65259,47.60417],[-119.65349,47.60448],[-119.65835,47.60412],[-119.65989,47.60478],[-119.65977,47.60664]]]},"bbox":[-119.66006,47.58493,-119.62014,47.60668]},{"type":"Feature","id":28324,"properties":{"y":2015,"n":"Les Blair","ag":"BLM","ac":865.6,"c":14,"cl":"Unknown","ad":"2017-01-27","cd":"","st":"WA","se":4},"geometry":{"type":"Polygon","coordinates":[[[-119.10872,45.94592],[-119.10858,45.95134],[-119.10463,45.95082],[-119.10205,45.95247],[-119.09934,45.95306],[-119.09854,45.95444],[-119.09711,45.95495],[-119.09539,45.95468],[-119.08831,45.95939],[-119.08482,45.95952],[-119.0846,45.96053],[-119.08353,45.96168],[-119.07525,45.9638],[-119.07513,45.96529],[-119.07114,45.96584],[-119.06902,45.96844],[-119.06492,45.97089],[-119.06369,45.97216],[-119.0619,45.97226],[-119.06069,45.9718],[-119.05739,45.97275],[-119.05316,45.97593],[-119.05194,45.97773],[-119.05133,45.97745],[-119.05244,45.97493],[-119.05269,45.97248],[-119.051,45.97305],[-119.04976,45.97408],[-119.04823,45.97423],[-119.04853,45.97327],[-119.04492,45.97476],[-119.04366,45.9755],[-119.04287,45.97718],[-119.04166,45.97667],[-119.0397,45.97682],[-119.03872,45.97809],[-119.03611,45.97921],[-119.03478,45.98251],[-119.03245,45.98422],[-119.03029,45.98342],[-119.02974,45.9823],[-119.02882,45.98285],[-119.02777,45.98216],[-119.02823,45.9809],[-119.02951,45.98081],[-119.0305,45.97978],[-119.02971,45.97932],[-119.02742,45.97966],[-119.02665,45.97723],[-119.03109,45.97501],[-119.0369,45.97282],[-119.05568,45.96808],[-119.06061,45.96728],[-119.06151,45.96637],[-119.06406,45.96603],[-119.06767,45.96441],[-119.06799,45.96369],[-119.06754,45.96317],[-119.07132,45.96161],[-119.07178,45.96243],[-119.07338,45.96181],[-119.0975,45.94958],[-119.10069,45.94815],[-119.10872,45.94592]]]},"bbox":[-119.10882,45.94592,-119.02665,45.98422]},{"type":"Feature","id":28325,"properties":{"y":2015,"n":"Berrian","ag":"BLM","ac":876.8,"c":14,"cl":"Unknown","ad":"2017-01-27","cd":"","st":"WA","se":4},"geometry":{"type":"Polygon","coordinates":[[[-119.21207,45.93749],[-119.21117,45.94104],[-119.21035,45.94216],[-119.2066,45.94263],[-119.20565,45.94326],[-119.20496,45.94529],[-119.2023,45.94458],[-119.19913,45.94515],[-119.19732,45.94612],[-119.19531,45.945],[-119.19226,45.94452],[-119.18919,45.94523],[-119.18803,45.9462],[-119.18692,45.94373],[-119.185,45.94276],[-119.18278,45.94251],[-119.18067,45.94307],[-119.17835,45.94495],[-119.17839,45.9468],[-119.17907,45.94841],[-119.18128,45.94958],[-119.18022,45.95018],[-119.17723,45.94891],[-119.17502,45.94884],[-119.17299,45.94974],[-119.17187,45.94679],[-119.17053,45.9462],[-119.17291,45.94511],[-119.17381,45.94418],[-119.17401,45.94297],[-119.17635,45.94357],[-119.1788,45.94298],[-119.18087,45.94133],[-119.1811,45.9394],[-119.17941,45.93812],[-119.1771,45.93773],[-119.17546,45.93798],[-119.17395,45.93876],[-119.17324,45.93994],[-119.17181,45.93866],[-119.16942,45.93814],[-119.16616,45.93849],[-119.16315,45.94041],[-119.1629,45.93933],[-119.16111,45.9384],[-119.15899,45.93822],[-119.15685,45.93869],[-119.15563,45.9396],[-119.15496,45.94178],[-119.15353,45.94221],[-119.15262,45.94687],[-119.15043,45.94719],[-119.14829,45.94888],[-119.14647,45.94846],[-119.14694,45.94565],[-119.14902,45.94394],[-119.14995,45.94149],[-119.15112,45.9399],[-119.15115,45.93808],[-119.16963,45.93528],[-119.17854,45.93465],[-119.20425,45.93644],[-119.21207,45.93749]]]},"bbox":[-119.21207,45.93465,-119.14647,45.95018]},{"type":"Feature","id":28326,"properties":{"y":2015,"n":"Saddle Mountain","ag":"BLM","ac":446.7,"c":14,"cl":"Unknown","ad":"2017-01-27","cd":"","st":"WA","se":4},"geometry":{"type":"Polygon","coordinates":[[[-119.51012,46.81684],[-119.50362,46.81755],[-119.50014,46.81826],[-119.49824,46.81948],[-119.49616,46.81962],[-119.49461,46.81923],[-119.49464,46.8188],[-119.49564,46.81872],[-119.49521,46.81825],[-119.49314,46.81825],[-119.49086,46.8171],[-119.48247,46.81687],[-119.48032,46.81629],[-119.47936,46.81578],[-119.47939,46.81538],[-119.47413,46.81479],[-119.47338,46.81412],[-119.4742,46.81247],[-119.47671,46.812],[-119.47606,46.81059],[-119.47679,46.80951],[-119.48028,46.80995],[-119.48083,46.8104],[-119.48353,46.81025],[-119.48343,46.81107],[-119.48411,46.81075],[-119.48424,46.81005],[-119.48583,46.80981],[-119.48978,46.81016],[-119.49069,46.81081],[-119.49145,46.81058],[-119.49133,46.80984],[-119.49278,46.80991],[-119.4946,46.81218],[-119.49627,46.81216],[-119.49697,46.81144],[-119.49604,46.8103],[-119.49621,46.80985],[-119.50132,46.80966],[-119.50274,46.81002],[-119.5026,46.81131],[-119.5013,46.8122],[-119.49815,46.81318],[-119.49799,46.81399],[-119.49905,46.81514],[-119.50231,46.81469],[-119.50353,46.8151],[-119.50472,46.81465],[-119.50552,46.81314],[-119.50749,46.81332],[-119.50739,46.81241],[-119.50801,46.81228],[-119.51079,46.81356],[-119.50826,46.81556],[-119.50971,46.81608],[-119.51012,46.81684]]]},"bbox":[-119.51079,46.80951,-119.47338,46.81962]},{"type":"Feature","id":28329,"properties":{"y":2015,"n":"Willow Springs","ag":"BLM","ac":486.1,"c":14,"cl":"Unknown","ad":"2017-01-27","cd":"","st":"WA","se":4},"geometry":{"type":"Polygon","coordinates":[[[-119.94659,47.28455],[-119.93502,47.28385],[-119.931,47.28051],[-119.92972,47.27854],[-119.9307,47.27694],[-119.93848,47.27612],[-119.93862,47.27473],[-119.93725,47.27442],[-119.93796,47.27379],[-119.93793,47.27305],[-119.93969,47.27002],[-119.9409,47.27055],[-119.94173,47.27008],[-119.94176,47.26889],[-119.94075,47.26884],[-119.94073,47.26678],[-119.94244,47.26321],[-119.94345,47.26347],[-119.94745,47.26282],[-119.94943,47.26366],[-119.94955,47.26414],[-119.94697,47.26812],[-119.94611,47.27067],[-119.94683,47.27148],[-119.94969,47.2728],[-119.94819,47.27427],[-119.94556,47.2754],[-119.94539,47.27723],[-119.95455,47.27725],[-119.94978,47.27948],[-119.94881,47.28167],[-119.94659,47.28455]]]},"bbox":[-119.95455,47.26275,-119.92971,47.28455]},{"type":"Feature","id":28331,"properties":{"y":2015,"n":"Rimrock","ag":"BLM","ac":812.1,"c":14,"cl":"Unknown","ad":"2017-01-27","cd":"","st":"WA","se":4},"geometry":{"type":"Polygon","coordinates":[[[-119.83305,47.52118],[-119.83243,47.52309],[-119.8293,47.52472],[-119.83044,47.52605],[-119.8292,47.527],[-119.82873,47.53027],[-119.83055,47.53076],[-119.83147,47.5319],[-119.83072,47.5326],[-119.83093,47.53381],[-119.8291,47.53434],[-119.829,47.53395],[-119.82811,47.53465],[-119.82672,47.53411],[-119.82313,47.53536],[-119.82251,47.53591],[-119.82352,47.53992],[-119.81664,47.54018],[-119.8189,47.54217],[-119.81896,47.54318],[-119.81832,47.54335],[-119.81822,47.54544],[-119.81729,47.54687],[-119.81621,47.54675],[-119.81593,47.54428],[-119.81435,47.54412],[-119.81461,47.54368],[-119.81674,47.54334],[-119.81635,47.54281],[-119.81432,47.54238],[-119.81199,47.54297],[-119.81195,47.54229],[-119.81285,47.54168],[-119.81162,47.54142],[-119.81177,47.53753],[-119.81098,47.53755],[-119.81084,47.53624],[-119.81177,47.53613],[-119.8117,47.53486],[-119.81077,47.53498],[-119.81172,47.53394],[-119.81092,47.53367],[-119.81095,47.53294],[-119.81175,47.53185],[-119.81195,47.53015],[-119.81435,47.52955],[-119.81422,47.52703],[-119.81492,47.52672],[-119.81618,47.52747],[-119.81702,47.52721],[-119.81698,47.52638],[-119.81828,47.52518],[-119.81842,47.52372],[-119.81623,47.52436],[-119.81559,47.52326],[-119.81614,47.52276],[-119.81594,47.52174],[-119.81753,47.522],[-119.81868,47.52056],[-119.8198,47.5201],[-119.81984,47.51946],[-119.81878,47.51847],[-119.81563,47.51728],[-119.8128,47.51789],[-119.81227,47.51732],[-119.81303,47.5155],[-119.81148,47.51471],[-119.81086,47.51381],[-119.81219,47.51319],[-119.81215,47.51246],[-119.81382,47.51286],[-119.81475,47.51157],[-119.81549,47.51185],[-119.8156,47.51257],[-119.81843,47.51333],[-119.8248,47.51312],[-119.82398,47.51382],[-119.82361,47.51626],[-119.82254,47.51639],[-119.82427,47.51921],[-119.82296,47.52021],[-119.82334,47.52205],[-119.82274,47.52289],[-119.8268,47.52225],[-119.82591,47.52174],[-119.82572,47.52092],[-119.82744,47.52093],[-119.82735,47.51787],[-119.83205,47.51736],[-119.83215,47.51523],[-119.83321,47.51496],[-119.8334,47.51835],[-119.83405,47.51984],[-119.83305,47.52118]]]},"bbox":[-119.83405,47.51157,-119.81077,47.54687]},{"type":"Feature","id":28337,"properties":{"y":2015,"n":"Gold Hill","ag":"BLM","ac":410.5,"c":14,"cl":"Unknown","ad":"2017-01-27","cd":"","st":"WA","se":4},"geometry":{"type":"Polygon","coordinates":[[[-118.01528,48.64538],[-118.01414,48.64529],[-118.01305,48.64457],[-118.01208,48.63881],[-118.01128,48.63815],[-118.01198,48.63726],[-118.00878,48.63607],[-118.00902,48.63445],[-118.00852,48.63261],[-118.0104,48.6318],[-118.01072,48.63086],[-118.01302,48.62958],[-118.01158,48.62922],[-118.01236,48.62622],[-118.01431,48.62563],[-118.01658,48.62636],[-118.01507,48.62843],[-118.01483,48.62806],[-118.01493,48.62867],[-118.01425,48.62932],[-118.01665,48.62943],[-118.018,48.62884],[-118.0194,48.62919],[-118.01966,48.62967],[-118.02099,48.62914],[-118.02574,48.62956],[-118.02529,48.62997],[-118.02598,48.6304],[-118.02718,48.62994],[-118.02762,48.63067],[-118.02846,48.6308],[-118.02876,48.63302],[-118.0264,48.63396],[-118.02578,48.63468],[-118.0249,48.63464],[-118.02399,48.63393],[-118.02253,48.63457],[-118.02304,48.63744],[-118.02113,48.64046],[-118.02177,48.64111],[-118.021,48.64321],[-118.01786,48.64392],[-118.01559,48.64378],[-118.01528,48.64538]]]},"bbox":[-118.02876,48.62563,-118.00852,48.64538]},{"type":"Feature","id":28339,"properties":{"y":2015,"n":"Seven Springs","ag":"BLM","ac":542.1,"c":14,"cl":"Unknown","ad":"2017-01-27","cd":"","st":"WA","se":4},"geometry":{"type":"Polygon","coordinates":[[[-118.53575,47.58692],[-118.53053,47.58937],[-118.52916,47.59133],[-118.52815,47.59197],[-118.52773,47.59176],[-118.52785,47.59258],[-118.52568,47.5925],[-118.52616,47.59307],[-118.52638,47.594],[-118.52514,47.595],[-118.52614,47.59561],[-118.52625,47.5962],[-118.52524,47.59688],[-118.5274,47.59772],[-118.52719,47.59839],[-118.52822,47.59867],[-118.52789,47.5995],[-118.52622,47.59905],[-118.52352,47.59739],[-118.52276,47.5958],[-118.52175,47.59514],[-118.52157,47.59437],[-118.52169,47.59413],[-118.52084,47.59318],[-118.52089,47.5928],[-118.52105,47.59258],[-118.52124,47.59241],[-118.52139,47.591],[-118.52081,47.58925],[-118.5214,47.58841],[-118.52133,47.58726],[-118.52188,47.5869],[-118.5218,47.58534],[-118.52412,47.58088],[-118.52356,47.58038],[-118.52408,47.57975],[-118.52404,47.57883],[-118.52503,47.57801],[-118.52534,47.57644],[-118.52694,47.57514],[-118.52688,47.57442],[-118.52859,47.57322],[-118.53122,47.57234],[-118.53515,47.57273],[-118.53416,47.5738],[-118.53472,47.57425],[-118.5331,47.57578],[-118.53484,47.57608],[-118.5386,47.57807],[-118.53847,47.5786],[-118.53935,47.5792],[-118.53942,47.58018],[-118.54029,47.58071],[-118.53951,47.58138],[-118.53934,47.58257],[-118.53763,47.58501],[-118.53616,47.58652],[-118.53696,47.58666],[-118.53722,47.58717],[-118.53666,47.58743],[-118.53575,47.58692]],[[-118.52095,47.59273],[-118.52096,47.59273],[-118.52096,47.59272],[-118.52095,47.59273]],[[-118.52139,47.59058],[-118.52134,47.59058],[-118.52135,47.59058],[-118.52139,47.59058]],[[-118.52159,47.59391],[-118.52158,47.5939],[-118.52158,47.59391],[-118.52159,47.59391]],[[-118.5216,47.59444],[-118.5216,47.59444],[-118.5216,47.59444],[-118.5216,47.59444]],[[-118.5216,47.59444],[-118.5216,47.59443],[-118.5216,47.59443],[-118.5216,47.59444]],[[-118.52271,47.58394],[-118.52268,47.58395],[-118.52273,47.58394],[-118.52271,47.58394]],[[-118.52609,47.59314],[-118.52609,47.59314],[-118.52609,47.59314],[-118.52609,47.59314]],[[-118.52609,47.59314],[-118.52609,47.59314],[-118.52609,47.59314],[-118.52609,47.59314]],[[-118.5261,47.59313],[-118.5261,47.59314],[-118.5261,47.59314],[-118.5261,47.59313]],[[-118.52848,47.59156],[-118.52853,47.59153],[-118.52851,47.59153],[-118.52848,47.59156]],[[-118.52849,47.59154],[-118.52849,47.59154],[-118.52848,47.59154],[-118.52849,47.59154]],[[-118.53576,47.5869],[-118.53575,47.58691],[-118.53576,47.5869],[-118.53576,47.5869]]]},"bbox":[-118.54029,47.57233,-118.52081,47.59953]},{"type":"Feature","id":28341,"properties":{"y":2015,"n":"Deep Lake","ag":"BLM","ac":42.1,"c":14,"cl":"Unknown","ad":"2017-01-27","cd":"","st":"WA","se":4},"geometry":{"type":"Polygon","coordinates":[[[-117.59698,48.88112],[-117.59658,48.88072],[-117.59704,48.88034],[-117.59512,48.87984],[-117.59571,48.87666],[-117.59486,48.87608],[-117.59438,48.87438],[-117.59481,48.87326],[-117.5932,48.87232],[-117.59335,48.87094],[-117.59512,48.87033],[-117.5963,48.87025],[-117.5952,48.87246],[-117.59656,48.87662],[-117.59946,48.87854],[-117.59698,48.88112]]]},"bbox":[-117.59946,48.87025,-117.5932,48.88121]},{"type":"Feature","id":28343,"properties":{"y":2016,"n":"Juniper Dunes","ag":"BLM","ac":14.6,"c":14,"cl":"Unknown","ad":"2017-01-27","cd":"","st":"WA","se":4},"geometry":{"type":"Polygon","coordinates":[[[-118.90737,46.39373],[-118.90436,46.39327],[-118.9033,46.39332],[-118.90584,46.3924],[-118.90824,46.39087],[-118.90857,46.39285],[-118.90737,46.39373]]]},"bbox":[-118.90857,46.39087,-118.9033,46.39373]},{"type":"Feature","id":28344,"properties":{"y":2016,"n":"Ribbon Cliff","ag":"BLM","ac":24.4,"c":14,"cl":"Unknown","ad":"2017-01-27","cd":"","st":"WA","se":4},"geometry":{"type":"Polygon","coordinates":[[[-120.2151,47.69824],[-120.21364,47.69829],[-120.21291,47.69744],[-120.21285,47.69655],[-120.21471,47.69557],[-120.21481,47.69419],[-120.21668,47.69403],[-120.21766,47.69509],[-120.21723,47.69586],[-120.21789,47.6962],[-120.21697,47.6964],[-120.21665,47.69698],[-120.21555,47.69683],[-120.2151,47.69824]]]},"bbox":[-120.2179,47.69402,-120.21285,47.69842]},{"type":"Feature","id":28345,"properties":{"y":2016,"n":"Webber Canyon","ag":"BLM","ac":503.5,"c":14,"cl":"Unknown","ad":"2017-01-27","cd":"","st":"WA","se":4},"geometry":{"type":"Polygon","coordinates":[[[-119.45388,46.218],[-119.45028,46.21859],[-119.44905,46.22011],[-119.44621,46.22005],[-119.44406,46.21806],[-119.44288,46.21811],[-119.44029,46.21973],[-119.43845,46.22193],[-119.43674,46.22122],[-119.43635,46.22033],[-119.43731,46.2183],[-119.43976,46.21563],[-119.4461,46.21088],[-119.44812,46.20878],[-119.45335,46.20828],[-119.455,46.20743],[-119.45692,46.20236],[-119.45719,46.20029],[-119.45902,46.19996],[-119.45964,46.20068],[-119.45795,46.20461],[-119.4583,46.20545],[-119.46068,46.20542],[-119.46512,46.20326],[-119.46123,46.20725],[-119.45833,46.20884],[-119.45757,46.20994],[-119.45971,46.21285],[-119.46341,46.21369],[-119.46508,46.21463],[-119.46622,46.21686],[-119.46586,46.21924],[-119.45584,46.2163],[-119.45388,46.218]]]},"bbox":[-119.46623,46.19989,-119.43635,46.22193]},{"type":"Feature","id":28346,"properties":{"y":2016,"n":"Hwy 24 Mp 29 Command","ag":"BLM","ac":61.3,"c":14,"cl":"Unknown","ad":"2017-01-27","cd":"","st":"WA","se":4},"geometry":{"type":"Polygon","coordinates":[[[-119.89459,46.53529],[-119.8961,46.53552],[-119.89439,46.53578],[-119.8942,46.537],[-119.89127,46.53806],[-119.88934,46.53736],[-119.88829,46.53737],[-119.88767,46.53788],[-119.88351,46.53599],[-119.88193,46.53588],[-119.88118,46.53495],[-119.88287,46.53428],[-119.89492,46.53502],[-119.89537,46.53512],[-119.89459,46.53529]]]},"bbox":[-119.8961,46.53427,-119.88118,46.53806]},{"type":"Feature","id":28347,"properties":{"y":2016,"n":"Crescent","ag":"BLM","ac":41.4,"c":14,"cl":"Unknown","ad":"2017-01-27","cd":"","st":"WA","se":4},"geometry":{"type":"Polygon","coordinates":[[[-119.98964,47.21981],[-119.9872,47.2209],[-119.98093,47.22177],[-119.98152,47.22107],[-119.98105,47.22053],[-119.98183,47.21986],[-119.98286,47.2201],[-119.98407,47.21952],[-119.98396,47.22048],[-119.98471,47.2204],[-119.98581,47.21867],[-119.98518,47.21792],[-119.98663,47.21805],[-119.98835,47.21697],[-119.98905,47.21549],[-119.98896,47.21311],[-119.98951,47.21414],[-119.98954,47.216],[-119.98905,47.21717],[-119.98964,47.21981]]]},"bbox":[-119.98964,47.21311,-119.98093,47.22177]},{"type":"Feature","id":28348,"properties":{"y":2016,"n":"Crab Creek Strike","ag":"BLM","ac":31.1,"c":14,"cl":"Unknown","ad":"2017-01-27","cd":"","st":"WA","se":4},"geometry":{"type":"Polygon","coordinates":[[[-118.72982,47.34941],[-118.73809,47.34404],[-118.7377,47.34389],[-118.73789,47.34351],[-118.74026,47.34243],[-118.73909,47.34432],[-118.73456,47.34821],[-118.73228,47.34972],[-118.72982,47.34941]]]},"bbox":[-118.74034,47.34232,-118.72982,47.34985]},{"type":"Feature","id":28349,"properties":{"y":2016,"n":"Milepost 20 Command","ag":"BLM","ac":178.5,"c":14,"cl":"Unknown","ad":"2017-01-27","cd":"","st":"WA","se":4},"geometry":{"type":"Polygon","coordinates":[[[-119.91576,46.48921],[-119.91147,46.49095],[-119.91264,46.48987],[-119.91297,46.4888],[-119.91514,46.48782],[-119.91433,46.48773],[-119.91505,46.48702],[-119.91354,46.48688],[-119.91315,46.48673],[-119.91322,46.4866],[-119.91459,46.48654],[-119.91625,46.48573],[-119.9205,46.48214],[-119.92355,46.48068],[-119.92946,46.47607],[-119.92998,46.47633],[-119.9295,46.47694],[-119.92992,46.47735],[-119.92905,46.47988],[-119.93294,46.48123],[-119.933,46.48188],[-119.93247,46.48202],[-119.93277,46.483],[-119.93075,46.48308],[-119.92695,46.48521],[-119.9255,46.48423],[-119.92594,46.48504],[-119.92382,46.48588],[-119.92058,46.48601],[-119.91737,46.48815],[-119.91557,46.4887],[-119.91611,46.48895],[-119.91576,46.48921]]]},"bbox":[-119.93308,46.47601,-119.91147,46.49095]},{"type":"Feature","id":28350,"properties":{"y":2016,"n":"Rock Island","ag":"BLM","ac":21.0,"c":14,"cl":"Unknown","ad":"2017-01-27","cd":"","st":"WA","se":4},"geometry":{"type":"Polygon","coordinates":[[[-120.07587,47.33099],[-120.07294,47.33331],[-120.07207,47.3332],[-120.07099,47.33224],[-120.07265,47.33077],[-120.0724,47.32956],[-120.07461,47.3296],[-120.07552,47.33008],[-120.07587,47.33099]]]},"bbox":[-120.07587,47.32949,-120.07099,47.33333]},{"type":"Feature","id":28352,"properties":{"y":2016,"n":"Rock Island Grade","ag":"BLM","ac":148.4,"c":14,"cl":"Unknown","ad":"2017-01-27","cd":"","st":"WA","se":4},"geometry":{"type":"Polygon","coordinates":[[[-120.0845,47.35888],[-120.0854,47.3572],[-120.08659,47.35638],[-120.08885,47.35584],[-120.09113,47.35435],[-120.09163,47.3537],[-120.09171,47.35196],[-120.09273,47.3509],[-120.09237,47.35051],[-120.09276,47.35002],[-120.0922,47.34934],[-120.09297,47.34964],[-120.09454,47.35304],[-120.0945,47.3562],[-120.09265,47.35683],[-120.09147,47.35887],[-120.08758,47.3606],[-120.08678,47.36237],[-120.08384,47.3652],[-120.0801,47.36637],[-120.07675,47.36922],[-120.07702,47.36809],[-120.08067,47.36401],[-120.08066,47.36278],[-120.08193,47.36192],[-120.08394,47.3622],[-120.08425,47.36155],[-120.0851,47.36157],[-120.08532,47.36072],[-120.0845,47.35888]]]},"bbox":[-120.09471,47.34927,-120.07663,47.36922]},{"type":"Feature","id":28355,"properties":{"y":2016,"n":"Peterson Road","ag":"BLM","ac":266.0,"c":14,"cl":"Unknown","ad":"2017-01-27","cd":"","st":"WA","se":4},"geometry":{"type":"Polygon","coordinates":[[[-118.95214,46.32761],[-118.95349,46.32868],[-118.95608,46.32887],[-118.95842,46.33027],[-118.9597,46.33174],[-118.95979,46.33254],[-118.96078,46.33333],[-118.96266,46.33273],[-118.96515,46.33619],[-118.96305,46.33929],[-118.96113,46.33901],[-118.96108,46.33978],[-118.95691,46.34119],[-118.95557,46.34344],[-118.95196,46.34335],[-118.95231,46.33922],[-118.95193,46.33567],[-118.95214,46.32761]]]},"bbox":[-118.96515,46.32753,-118.95193,46.34345]},{"type":"Feature","id":28356,"properties":{"y":2016,"n":"Johnson Road","ag":"BLM","ac":79.4,"c":14,"cl":"Unknown","ad":"2017-01-27","cd":"","st":"WA","se":4},"geometry":{"type":"Polygon","coordinates":[[[-118.88203,47.63545],[-118.88267,47.63583],[-118.87974,47.63582],[-118.87923,47.63492],[-118.87546,47.63324],[-118.87146,47.63283],[-118.87086,47.63268],[-118.87087,47.63221],[-118.87367,47.63118],[-118.87529,47.63167],[-118.87565,47.63102],[-118.87665,47.6309],[-118.87771,47.63102],[-118.87918,47.63249],[-118.88732,47.63145],[-118.88871,47.63185],[-118.88592,47.63288],[-118.88551,47.63365],[-118.88371,47.63364],[-118.88333,47.63502],[-118.88203,47.63545]]]},"bbox":[-118.88871,47.6309,-118.87086,47.63609]},{"type":"Feature","id":28358,"properties":{"y":2016,"n":"Black Rock","ag":"BLM","ac":20.9,"c":14,"cl":"Unknown","ad":"2017-01-27","cd":"","st":"WA","se":4},"geometry":{"type":"Polygon","coordinates":[[[-120.04112,46.51449],[-120.02702,46.51705],[-120.03058,46.51597],[-120.03065,46.51557],[-120.03237,46.51491],[-120.03657,46.51422],[-120.04112,46.51449]]]},"bbox":[-120.04112,46.51419,-120.02702,46.51705]},{"type":"Feature","id":28359,"properties":{"y":2016,"n":"Beezley South","ag":"BLM","ac":331.4,"c":14,"cl":"Unknown","ad":"2017-01-27","cd":"","st":"WA","se":4},"geometry":{"type":"Polygon","coordinates":[[[-119.82502,47.31714],[-119.82419,47.3186],[-119.82289,47.31932],[-119.82089,47.31902],[-119.8161,47.31724],[-119.81797,47.31691],[-119.81976,47.31563],[-119.82043,47.31441],[-119.81973,47.31325],[-119.82232,47.3126],[-119.82544,47.31017],[-119.82556,47.30831],[-119.82405,47.30782],[-119.82601,47.30627],[-119.82759,47.30378],[-119.83275,47.29289],[-119.83334,47.28941],[-119.83437,47.28923],[-119.8357,47.28661],[-119.83656,47.2876],[-119.83562,47.29112],[-119.83588,47.29439],[-119.83513,47.29697],[-119.83542,47.29802],[-119.83395,47.30014],[-119.83205,47.30134],[-119.8325,47.30208],[-119.83188,47.30332],[-119.83317,47.30536],[-119.83055,47.3063],[-119.83199,47.30736],[-119.83155,47.30902],[-119.83198,47.31174],[-119.83106,47.31224],[-119.83112,47.3128],[-119.82983,47.31276],[-119.82993,47.31195],[-119.8293,47.31198],[-119.82707,47.314],[-119.82712,47.31509],[-119.82502,47.31714]]]},"bbox":[-119.83656,47.28661,-119.8161,47.31932]},{"type":"Feature","id":28360,"properties":{"y":2016,"n":"Monument","ag":"BLM","ac":0.9,"c":14,"cl":"Unknown","ad":"2017-01-27","cd":"","st":"WA","se":4},"geometry":{"type":"Polygon","coordinates":[[[-119.76916,47.32714],[-119.76869,47.32663],[-119.76885,47.32609],[-119.76936,47.32646],[-119.76916,47.32714]]]},"bbox":[-119.76937,47.32609,-119.76868,47.32715]},{"type":"Feature","id":28361,"properties":{"y":2016,"n":"Beezley North","ag":"BLM","ac":96.2,"c":14,"cl":"Unknown","ad":"2017-01-27","cd":"","st":"WA","se":4},"geometry":{"type":"Polygon","coordinates":[[[-119.8268,47.32581],[-119.82559,47.32626],[-119.82406,47.32591],[-119.82303,47.32491],[-119.82158,47.32509],[-119.82139,47.3235],[-119.82013,47.32156],[-119.8205,47.31995],[-119.82104,47.3195],[-119.82306,47.31979],[-119.8232,47.32032],[-119.82745,47.32027],[-119.82905,47.31965],[-119.83003,47.32004],[-119.83006,47.32071],[-119.82889,47.32181],[-119.82907,47.32412],[-119.82811,47.32521],[-119.82716,47.32514],[-119.8268,47.32581]]]},"bbox":[-119.83015,47.3195,-119.8201,47.3263]},{"type":"Feature","id":28365,"properties":{"y":2016,"n":"Fish Trap","ag":"BLM","ac":65.1,"c":14,"cl":"Unknown","ad":"2017-01-27","cd":"","st":"WA","se":4},"geometry":{"type":"Polygon","coordinates":[[[-117.84773,47.36305],[-117.84755,47.36257],[-117.84848,47.36165],[-117.84725,47.36152],[-117.85038,47.35857],[-117.85404,47.35722],[-117.85774,47.35745],[-117.85778,47.35823],[-117.85656,47.36057],[-117.85061,47.36204],[-117.84909,47.36164],[-117.84773,47.36305]]]},"bbox":[-117.85783,47.3571,-117.84723,47.36312]},{"type":"Feature","id":28367,"properties":{"y":2016,"n":"Palmer Mountain","ag":"BLM","ac":0.2,"c":14,"cl":"Unknown","ad":"2017-01-27","cd":"","st":"WA","se":4},"geometry":{"type":"Polygon","coordinates":[[[-119.60004,48.87081],[-119.59973,48.87059],[-119.59985,48.87057],[-119.59995,48.87059],[-119.60004,48.87081]]]},"bbox":[-119.60004,48.87057,-119.59946,48.87084]},{"type":"Feature","id":28368,"properties":{"y":2016,"n":"Fishtrap Lake","ag":"BLM","ac":10.2,"c":14,"cl":"Unknown","ad":"2017-01-27","cd":"","st":"WA","se":4},"geometry":{"type":"Polygon","coordinates":[[[-117.85774,47.35745],[-117.85589,47.3571],[-117.8538,47.35729],[-117.85606,47.3562],[-117.85888,47.35608],[-117.85865,47.35683],[-117.85774,47.35745]]]},"bbox":[-117.85898,47.35596,-117.8538,47.35749]},{"type":"Feature","id":28369,"properties":{"y":2016,"n":"Coyote","ag":"BLM","ac":3.0,"c":14,"cl":"Unknown","ad":"2017-01-27","cd":"","st":"WA","se":4},"geometry":{"type":"Polygon","coordinates":[[[-120.1416,45.78218],[-120.13904,45.78294],[-120.13893,45.78278],[-120.13988,45.7819],[-120.14131,45.78167],[-120.1416,45.78218]]]},"bbox":[-120.14163,45.78167,-120.13893,45.78294]},{"type":"Feature","id":28370,"properties":{"y":2016,"n":"Hwy 14 Mp130","ag":"BLM","ac":1.0,"c":14,"cl":"Unknown","ad":"2017-01-27","cd":"","st":"WA","se":4},"geometry":{"type":"Polygon","coordinates":[[[-120.29106,45.72548],[-120.28558,45.72673],[-120.28546,45.72666],[-120.28704,45.726],[-120.29106,45.72548]]]},"bbox":[-120.29108,45.72548,-120.28546,45.72673]},{"type":"Feature","id":28372,"properties":{"y":2016,"n":"Wilson Creek","ag":"BLM","ac":246.5,"c":14,"cl":"Unknown","ad":"2017-01-27","cd":"","st":"WA","se":4},"geometry":{"type":"Polygon","coordinates":[[[-119.07288,47.43241],[-119.07251,47.43321],[-119.07036,47.43305],[-119.06994,47.43325],[-119.07019,47.43385],[-119.06928,47.43437],[-119.05838,47.43424],[-119.05466,47.43462],[-119.05406,47.43424],[-119.05685,47.4321],[-119.0611,47.42986],[-119.06181,47.43079],[-119.06317,47.43065],[-119.06278,47.43011],[-119.06317,47.42964],[-119.07011,47.4271],[-119.07509,47.42732],[-119.07571,47.42672],[-119.07804,47.4267],[-119.07817,47.42788],[-119.07957,47.428],[-119.07971,47.42842],[-119.07889,47.42937],[-119.08073,47.42949],[-119.08306,47.42852],[-119.0837,47.4291],[-119.08209,47.4311],[-119.08025,47.43199],[-119.07773,47.43212],[-119.07742,47.43193],[-119.07785,47.43104],[-119.07738,47.43092],[-119.0767,47.43137],[-119.07682,47.4321],[-119.07633,47.4322],[-119.07496,47.43178],[-119.07476,47.43073],[-119.0742,47.43073],[-119.07079,47.43205],[-119.07122,47.43251],[-119.07288,47.43241]]]},"bbox":[-119.0837,47.42664,-119.05406,47.43462]},{"type":"Feature","id":28373,"properties":{"y":2016,"n":"Rock Island Creek","ag":"BLM","ac":12.4,"c":14,"cl":"Unknown","ad":"2017-01-27","cd":"","st":"WA","se":4},"geometry":{"type":"Polygon","coordinates":[[[-120.08567,47.36855],[-120.08233,47.36994],[-120.08142,47.36938],[-120.08138,47.36852],[-120.08331,47.36842],[-120.08582,47.36694],[-120.0866,47.36705],[-120.08567,47.36855]]]},"bbox":[-120.08661,47.36691,-120.08138,47.36994]},{"type":"Feature","id":28374,"properties":{"y":2011,"n":"Silver Dollar","ag":"BLM","ac":23.0,"c":14,"cl":"Unknown","ad":"2017-01-27","cd":"","st":"WA","se":4},"geometry":{"type":"Polygon","coordinates":[[[-119.91039,46.53753],[-119.90791,46.53948],[-119.90734,46.54046],[-119.90597,46.54065],[-119.90622,46.53984],[-119.90723,46.53915],[-119.90698,46.53751],[-119.90596,46.5374],[-119.90698,46.53636],[-119.91106,46.53648],[-119.91159,46.53781],[-119.91039,46.53753]]]},"bbox":[-119.91159,46.53636,-119.90596,46.54077]},{"type":"Feature","id":28375,"properties":{"y":2011,"n":"Highway 17","ag":"BLM","ac":613.1,"c":14,"cl":"Unknown","ad":"2017-01-27","cd":"","st":"WA","se":4},"geometry":{"type":"Polygon","coordinates":[[[-119.37158,47.67673],[-119.37021,47.67573],[-119.37156,47.67502],[-119.37155,47.67413],[-119.36969,47.67369],[-119.3702,47.67331],[-119.36971,47.67267],[-119.36784,47.67355],[-119.36883,47.67237],[-119.36813,47.6726],[-119.36757,47.67148],[-119.36771,47.67047],[-119.36701,47.67089],[-119.3668,47.6703],[-119.36628,47.67057],[-119.36688,47.67158],[-119.36501,47.67267],[-119.36627,47.67384],[-119.36615,47.6748],[-119.3671,47.67744],[-119.36645,47.67807],[-119.36642,47.6774],[-119.36546,47.67737],[-119.36522,47.6755],[-119.3637,47.6753],[-119.36366,47.6759],[-119.3633,47.67585],[-119.36361,47.67388],[-119.36296,47.67351],[-119.3638,47.67221],[-119.36299,47.67205],[-119.36296,47.66964],[-119.36147,47.66712],[-119.36109,47.66434],[-119.36201,47.66359],[-119.36284,47.6638],[-119.36287,47.66333],[-119.36018,47.6628],[-119.35676,47.65876],[-119.357,47.65794],[-119.35633,47.65624],[-119.35682,47.65346],[-119.35781,47.65263],[-119.35851,47.65285],[-119.35974,47.65176],[-119.35959,47.65094],[-119.36077,47.65085],[-119.36227,47.64964],[-119.364,47.64742],[-119.36444,47.64807],[-119.36584,47.64827],[-119.36601,47.64898],[-119.3678,47.65043],[-119.36805,47.65204],[-119.37016,47.6527],[-119.37078,47.65335],[-119.37107,47.65572],[-119.37196,47.65628],[-119.37307,47.6597],[-119.37396,47.66096],[-119.37415,47.66226],[-119.37343,47.66238],[-119.37327,47.663],[-119.37153,47.66277],[-119.37027,47.66152],[-119.37005,47.66288],[-119.36803,47.66412],[-119.37156,47.66411],[-119.37036,47.66448],[-119.37006,47.66531],[-119.37305,47.66888],[-119.37052,47.66886],[-119.37223,47.67168],[-119.37204,47.67216],[-119.37043,47.67241],[-119.37367,47.67394],[-119.37486,47.67569],[-119.37397,47.6797],[-119.37092,47.68096],[-119.37174,47.67826],[-119.37158,47.67673]]]},"bbox":[-119.37486,47.64742,-119.35633,47.68096]},{"type":"Feature","id":28376,"properties":{"y":2011,"n":"Eagle Rock","ag":"BLM","ac":3.9,"c":14,"cl":"Unknown","ad":"2011-08-09","cd":"","st":"WA","se":2},"geometry":{"type":"Polygon","coordinates":[[[-118.69968,47.33995],[-118.69897,47.33986],[-118.69918,47.33873],[-118.70013,47.33818],[-118.70042,47.33904],[-118.69968,47.33995]]]},"bbox":[-118.70042,47.33817,-118.69897,47.34015]},{"type":"Feature","id":28378,"properties":{"y":2011,"n":"Barber Mountain","ag":"BLM","ac":480.1,"c":14,"cl":"Unknown","ad":"2017-01-27","cd":"","st":"WA","se":4},"geometry":{"type":"Polygon","coordinates":[[[-119.6977,49.00451],[-119.69553,49.00563],[-119.69055,49.00584],[-119.68998,49.00482],[-119.68849,49.00443],[-119.68766,49.0034],[-119.68838,48.999],[-119.68767,48.99842],[-119.6872,48.99678],[-119.68525,48.99753],[-119.6825,48.99595],[-119.68082,48.99394],[-119.68317,48.99113],[-119.68546,48.98953],[-119.69117,48.98762],[-119.69457,48.98772],[-119.69879,48.98715],[-119.69972,48.98953],[-119.70131,48.99123],[-119.70192,48.9933],[-119.70134,48.9948],[-119.70127,49.00001],[-119.69934,49.00013],[-119.6977,49.00451]]]},"bbox":[-119.70192,48.98711,-119.68075,49.00594]},{"type":"Feature","id":28379,"properties":{"y":2012,"n":"Williams Lake","ag":"BLM","ac":221.3,"c":14,"cl":"Unknown","ad":"2017-01-27","cd":"","st":"WA","se":4},"geometry":{"type":"Polygon","coordinates":[[[-117.87457,47.31165],[-117.87441,47.31109],[-117.87333,47.31098],[-117.87336,47.31058],[-117.87453,47.30855],[-117.87598,47.30728],[-117.88013,47.30637],[-117.8808,47.30512],[-117.88571,47.30283],[-117.88892,47.30313],[-117.88893,47.30438],[-117.88792,47.3071],[-117.88659,47.30852],[-117.88512,47.30914],[-117.88542,47.311],[-117.88406,47.31239],[-117.88432,47.31331],[-117.87923,47.31676],[-117.879,47.31733],[-117.87806,47.31683],[-117.8776,47.31748],[-117.87704,47.31696],[-117.87703,47.31648],[-117.87845,47.3153],[-117.87827,47.31446],[-117.87722,47.3145],[-117.8778,47.31331],[-117.87707,47.31044],[-117.87617,47.31046],[-117.8762,47.31161],[-117.87564,47.31177],[-117.87494,47.31112],[-117.87457,47.31165]]]},"bbox":[-117.88902,47.3027,-117.87333,47.31748]},{"type":"Feature","id":28380,"properties":{"y":2012,"n":"Jameson Lake","ag":"BLM","ac":64.7,"c":14,"cl":"Unknown","ad":"2017-01-27","cd":"","st":"WA","se":4},"geometry":{"type":"Polygon","coordinates":[[[-119.61371,47.69719],[-119.61076,47.69615],[-119.61157,47.69559],[-119.61142,47.69446],[-119.61064,47.69425],[-119.61151,47.69304],[-119.61034,47.69247],[-119.60916,47.69297],[-119.60667,47.69143],[-119.60688,47.69058],[-119.60796,47.68974],[-119.60996,47.69053],[-119.61033,47.69145],[-119.61139,47.69146],[-119.61201,47.69046],[-119.61274,47.69034],[-119.6135,47.6913],[-119.61349,47.69333],[-119.61434,47.69356],[-119.61545,47.69596],[-119.61625,47.69659],[-119.61628,47.69819],[-119.6155,47.69782],[-119.61503,47.69815],[-119.61485,47.69756],[-119.61403,47.69854],[-119.61291,47.69834],[-119.61371,47.69719]]]},"bbox":[-119.61633,47.68965,-119.60667,47.69854]},{"type":"Feature","id":28381,"properties":{"y":2012,"n":"Highland Orchard","ag":"BLM","ac":43.7,"c":14,"cl":"Unknown","ad":"2012-09-04","cd":"","st":"WA","se":3},"geometry":{"type":"Polygon","coordinates":[[[-119.59031,48.01708],[-119.58553,48.01907],[-119.58206,48.02066],[-119.58512,48.01786],[-119.58596,48.01547],[-119.58528,48.0139],[-119.58802,48.01418],[-119.59038,48.0154],[-119.59031,48.01708]]]},"bbox":[-119.59038,48.01375,-119.58206,48.02068]},{"type":"Feature","id":28382,"properties":{"y":2012,"n":"Highway 14 Command","ag":"BLM","ac":527.9,"c":14,"cl":"Unknown","ad":"2017-01-27","cd":"","st":"WA","se":4},"geometry":{"type":"Polygon","coordinates":[[[-119.81582,45.88054],[-119.81573,45.87972],[-119.81761,45.87626],[-119.81651,45.87521],[-119.80469,45.87648],[-119.80067,45.87558],[-119.79715,45.87411],[-119.7956,45.87216],[-119.79634,45.8679],[-119.79488,45.86576],[-119.80108,45.86528],[-119.80621,45.86584],[-119.82108,45.8694],[-119.82241,45.87144],[-119.82216,45.87283],[-119.82299,45.87557],[-119.81941,45.87967],[-119.81582,45.88054]]]},"bbox":[-119.82299,45.86528,-119.79487,45.88054]},{"type":"Feature","id":28383,"properties":{"y":2012,"n":"Antoine Creek","ag":"BLM","ac":11.4,"c":14,"cl":"Unknown","ad":"2017-01-27","cd":"","st":"WA","se":4},"geometry":{"type":"Polygon","coordinates":[[[-119.94538,47.95769],[-119.94593,47.95836],[-119.94621,47.95985],[-119.94586,47.96042],[-119.94622,47.96078],[-119.94382,47.96283],[-119.94366,47.96238],[-119.94507,47.96109],[-119.9448,47.9604],[-119.94565,47.95944],[-119.94505,47.95891],[-119.94366,47.96013],[-119.94332,47.9598],[-119.94538,47.95769]]]},"bbox":[-119.94622,47.95769,-119.94328,47.96286]},{"type":"Feature","id":28384,"properties":{"y":2012,"n":"Roza Dam","ag":"BLM","ac":0.0,"c":14,"cl":"Unknown","ad":"2012-05-26","cd":"","st":"WA","se":1},"geometry":{"type":"Polygon","coordinates":[[[-120.46869,46.74699],[-120.46862,46.74687],[-120.46878,46.74692],[-120.46869,46.74699]]]},"bbox":[-120.46878,46.74687,-120.46859,46.74699]},{"type":"Feature","id":28385,"properties":{"y":2012,"n":"Red Mountain","ag":"BLM","ac":15.4,"c":14,"cl":"Unknown","ad":"2017-01-27","cd":"","st":"WA","se":4},"geometry":{"type":"Polygon","coordinates":[[[-119.41474,46.28029],[-119.41557,46.27966],[-119.4158,46.28108],[-119.41103,46.28298],[-119.41141,46.28123],[-119.41474,46.28029]]]},"bbox":[-119.4158,46.27962,-119.41103,46.28298]},{"type":"Feature","id":28386,"properties":{"y":2012,"n":"Vantage Road","ag":"BLM","ac":116.4,"c":14,"cl":"Unknown","ad":"2017-01-27","cd":"","st":"WA","se":4},"geometry":{"type":"Polygon","coordinates":[[[-120.12377,46.94008],[-120.12652,46.93926],[-120.12874,46.93922],[-120.1405,46.94169],[-120.14877,46.94398],[-120.16114,46.94516],[-120.15319,46.94515],[-120.15297,46.94608],[-120.15153,46.94486],[-120.1474,46.94475],[-120.14647,46.94517],[-120.14452,46.94466],[-120.14403,46.94347],[-120.14218,46.94304],[-120.1434,46.94406],[-120.1437,46.94482],[-120.14334,46.94506],[-120.14158,46.9438],[-120.14139,46.94283],[-120.14085,46.94446],[-120.13986,46.94429],[-120.13981,46.94362],[-120.14059,46.94299],[-120.1399,46.9421],[-120.13418,46.94237],[-120.13247,46.94161],[-120.13222,46.94058],[-120.13075,46.94029],[-120.13092,46.94108],[-120.12931,46.94063],[-120.1288,46.94094],[-120.13009,46.94224],[-120.12862,46.94205],[-120.12992,46.94321],[-120.12733,46.94332],[-120.12673,46.94265],[-120.12565,46.94283],[-120.12506,46.94241],[-120.12597,46.94218],[-120.12539,46.94172],[-120.12594,46.94145],[-120.1254,46.94115],[-120.12341,46.9418],[-120.12399,46.94324],[-120.12351,46.94332],[-120.12236,46.94269],[-120.12212,46.94134],[-120.12398,46.94036],[-120.12377,46.94008]]]},"bbox":[-120.16114,46.93917,-120.1221,46.94608]},{"type":"Feature","id":28387,"properties":{"y":2012,"n":"Skookumchuck","ag":"BLM","ac":110.3,"c":14,"cl":"Unknown","ad":"2017-01-27","cd":"","st":"WA","se":4},"geometry":{"type":"Polygon","coordinates":[[[-119.92549,47.44881],[-119.92417,47.44893],[-119.92298,47.44803],[-119.91998,47.44748],[-119.91981,47.44698],[-119.92062,47.44628],[-119.91966,47.44589],[-119.91898,47.44485],[-119.91986,47.44339],[-119.92133,47.4432],[-119.9217,47.44259],[-119.92022,47.44191],[-119.91988,47.44114],[-119.92228,47.44044],[-119.92323,47.44083],[-119.92473,47.43975],[-119.92474,47.43916],[-119.92643,47.43896],[-119.92723,47.43961],[-119.92754,47.44118],[-119.92622,47.44185],[-119.92697,47.44347],[-119.92619,47.4445],[-119.92605,47.44802],[-119.92549,47.44881]]]},"bbox":[-119.92754,47.43895,-119.91898,47.44897]},{"type":"Feature","id":28389,"properties":{"y":2012,"n":"Rye Grass","ag":"BLM","ac":135.1,"c":14,"cl":"Unknown","ad":"2017-01-27","cd":"","st":"WA","se":4},"geometry":{"type":"Polygon","coordinates":[[[-120.16407,46.95267],[-120.16155,46.9527],[-120.15989,46.95124],[-120.16066,46.94964],[-120.16177,46.94931],[-120.16123,46.94756],[-120.16227,46.94761],[-120.1633,46.94861],[-120.16325,46.94919],[-120.16385,46.94906],[-120.16322,46.94759],[-120.16354,46.94748],[-120.16131,46.9456],[-120.16152,46.94522],[-120.16243,46.94519],[-120.16262,46.94571],[-120.16485,46.94682],[-120.16666,46.94564],[-120.16858,46.94542],[-120.16853,46.94655],[-120.16762,46.94747],[-120.16782,46.94798],[-120.16942,46.94831],[-120.16908,46.94904],[-120.17171,46.94876],[-120.17184,46.94923],[-120.17291,46.94965],[-120.17211,46.95025],[-120.17273,46.95102],[-120.17195,46.9517],[-120.17058,46.95167],[-120.1698,46.95365],[-120.16806,46.95402],[-120.16407,46.95267]]]},"bbox":[-120.17291,46.94519,-120.15989,46.95402]},{"type":"Feature","id":28390,"properties":{"y":2012,"n":"Chelan Butte","ag":"BLM","ac":106.9,"c":14,"cl":"Unknown","ad":"2017-01-27","cd":"","st":"WA","se":4},"geometry":{"type":"Polygon","coordinates":[[[-119.99754,47.80707],[-119.99951,47.80514],[-119.9987,47.8046],[-119.99742,47.80548],[-119.99738,47.8051],[-119.99515,47.80583],[-119.99604,47.80526],[-119.99587,47.80484],[-119.99691,47.80474],[-119.99522,47.80468],[-119.99566,47.80412],[-119.99708,47.80323],[-119.99774,47.80221],[-119.99819,47.80228],[-119.99967,47.79999],[-120.00191,47.79853],[-120.00387,47.79811],[-120.00544,47.79873],[-120.00465,47.79994],[-120.00497,47.8007],[-120.00403,47.80161],[-120.00413,47.80205],[-120.00364,47.80214],[-120.00301,47.80461],[-120.00259,47.80481],[-120.00284,47.80557],[-120.00211,47.80592],[-120.00224,47.80656],[-120.00109,47.8086],[-120.00045,47.80853],[-120.00031,47.80938],[-119.99895,47.81005],[-119.99831,47.80908],[-120.00019,47.80733],[-119.99954,47.80714],[-119.99777,47.80812],[-119.99754,47.80707]]]},"bbox":[-120.00544,47.79811,-119.99512,47.81005]},{"type":"Feature","id":28391,"properties":{"y":2012,"n":"Burch Mountain","ag":"BLM","ac":6.6,"c":14,"cl":"Unknown","ad":"2017-01-27","cd":"","st":"WA","se":4},"geometry":{"type":"Polygon","coordinates":[[[-120.35196,47.52052],[-120.35169,47.51846],[-120.35413,47.51947],[-120.35196,47.52052]]]},"bbox":[-120.35413,47.51846,-120.35155,47.52052]},{"type":"Feature","id":28392,"properties":{"y":2012,"n":"Burch","ag":"BLM","ac":22.8,"c":14,"cl":"Unknown","ad":"2017-01-27","cd":"","st":"WA","se":4},"geometry":{"type":"Polygon","coordinates":[[[-120.33029,47.50429],[-120.33176,47.50417],[-120.33269,47.50482],[-120.33318,47.50822],[-120.33199,47.50826],[-120.32941,47.5071],[-120.33017,47.50671],[-120.33021,47.50561],[-120.32967,47.50513],[-120.33029,47.50429]]]},"bbox":[-120.33318,47.50411,-120.32941,47.50836]},{"type":"Feature","id":28393,"properties":{"y":2013,"n":"Republic Track","ag":"BLM","ac":51.8,"c":14,"cl":"Unknown","ad":"2017-01-27","cd":"","st":"WA","se":4},"geometry":{"type":"Polygon","coordinates":[[[-118.73733,48.63333],[-118.73702,48.63128],[-118.73851,48.6308],[-118.74194,48.63144],[-118.7423,48.63246],[-118.74337,48.63335],[-118.74357,48.63431],[-118.74253,48.63432],[-118.74167,48.63749],[-118.74104,48.63753],[-118.74063,48.63626],[-118.73892,48.63559],[-118.73883,48.63494],[-118.73705,48.63399],[-118.73733,48.63333]]]},"bbox":[-118.74357,48.6308,-118.73695,48.63764]},{"type":"Feature","id":28394,"properties":{"y":2013,"n":"Road 0","ag":"BLM","ac":145.9,"c":14,"cl":"Unknown","ad":"2017-01-27","cd":"","st":"WA","se":4},"geometry":{"type":"Polygon","coordinates":[[[-119.79801,46.64851],[-119.7967,46.64845],[-119.79495,46.64634],[-119.79519,46.64328],[-119.79445,46.64235],[-119.79451,46.64035],[-119.79921,46.6405],[-119.80052,46.6398],[-119.80198,46.6405],[-119.80263,46.64034],[-119.80377,46.64197],[-119.80522,46.64232],[-119.80527,46.64296],[-119.80586,46.64313],[-119.80553,46.64434],[-119.80405,46.6463],[-119.80165,46.64733],[-119.80019,46.64737],[-119.79801,46.64851]]]},"bbox":[-119.80586,46.6398,-119.79426,46.64857]},{"type":"Feature","id":28395,"properties":{"y":2013,"n":"Pine Canyon","ag":"BLM","ac":2.2,"c":14,"cl":"Unknown","ad":"2017-01-27","cd":"","st":"WA","se":4},"geometry":{"type":"Polygon","coordinates":[[[-120.16753,47.6374],[-120.16651,47.637],[-120.16673,47.63664],[-120.1664,47.63704],[-120.16617,47.63702],[-120.16653,47.63623],[-120.16777,47.63655],[-120.16753,47.6374]]]},"bbox":[-120.16779,47.63621,-120.16615,47.63741]},{"type":"Feature","id":28396,"properties":{"y":2013,"n":"Milepost 34","ag":"BLM","ac":190.6,"c":14,"cl":"Unknown","ad":"2017-01-27","cd":"","st":"WA","se":4},"geometry":{"type":"Polygon","coordinates":[[[-119.03083,46.42826],[-119.03343,46.42746],[-119.03411,46.42792],[-119.03469,46.42664],[-119.03455,46.42593],[-119.03247,46.42358],[-119.04265,46.41894],[-119.0502,46.40965],[-119.05362,46.40893],[-119.04835,46.41718],[-119.04615,46.41909],[-119.04533,46.42061],[-119.03913,46.42609],[-119.03728,46.42762],[-119.03468,46.4288],[-119.03493,46.42818],[-119.03015,46.42893],[-119.03083,46.42826]]]},"bbox":[-119.05365,46.40893,-119.03015,46.42894]},{"type":"Feature","id":28397,"properties":{"y":2013,"n":"Shooting Range","ag":"BLM","ac":25.2,"c":14,"cl":"Unknown","ad":"2017-01-27","cd":"","st":"WA","se":4},"geometry":{"type":"Polygon","coordinates":[[[-119.4706,46.34989],[-119.47172,46.34905],[-119.47164,46.34862],[-119.47286,46.34821],[-119.47252,46.3478],[-119.47298,46.34728],[-119.4753,46.34593],[-119.47489,46.34555],[-119.47554,46.34511],[-119.47742,46.34736],[-119.47676,46.34783],[-119.47643,46.34888],[-119.47453,46.34981],[-119.47289,46.35038],[-119.4706,46.34989]]]},"bbox":[-119.47742,46.34511,-119.4706,46.35038]},{"type":"Feature","id":28398,"properties":{"y":2013,"n":"Dennis Command","ag":"BLM","ac":332.9,"c":14,"cl":"Unknown","ad":"2017-01-27","cd":"","st":"WA","se":4},"geometry":{"type":"Polygon","coordinates":[[[-119.43226,46.22302],[-119.42401,46.22234],[-119.42293,46.22303],[-119.42187,46.22209],[-119.42013,46.22251],[-119.41832,46.22114],[-119.41666,46.22099],[-119.41756,46.21845],[-119.41665,46.21471],[-119.41899,46.21069],[-119.42011,46.21058],[-119.42048,46.20975],[-119.42128,46.21025],[-119.42016,46.21137],[-119.41967,46.21318],[-119.42545,46.21339],[-119.42595,46.21275],[-119.42545,46.21201],[-119.42611,46.21239],[-119.42755,46.21195],[-119.4337,46.20721],[-119.43316,46.20891],[-119.43,46.21117],[-119.42952,46.21317],[-119.43279,46.21405],[-119.4336,46.21216],[-119.43339,46.21152],[-119.4342,46.21136],[-119.4352,46.21272],[-119.43442,46.21396],[-119.43295,46.21416],[-119.43217,46.21543],[-119.43244,46.21762],[-119.43176,46.21816],[-119.43108,46.21992],[-119.43294,46.22041],[-119.4331,46.22104],[-119.43281,46.22193],[-119.43186,46.22257],[-119.43226,46.22302]]]},"bbox":[-119.4352,46.20721,-119.41665,46.22303]},{"type":"Feature","id":28399,"properties":{"y":2013,"n":"Blenz","ag":"BLM","ac":53.1,"c":14,"cl":"Unknown","ad":"2017-01-27","cd":"","st":"WA","se":4},"geometry":{"type":"Polygon","coordinates":[[[-118.59594,47.66624],[-118.59517,47.6669],[-118.59235,47.66711],[-118.59223,47.66576],[-118.58914,47.66536],[-118.58486,47.66588],[-118.58239,47.66537],[-118.57911,47.66544],[-118.57925,47.66489],[-118.57846,47.66395],[-118.58249,47.66384],[-118.58567,47.66446],[-118.59323,47.66435],[-118.59594,47.66624]]]},"bbox":[-118.59594,47.66379,-118.57845,47.66711]},{"type":"Feature","id":28400,"properties":{"y":2013,"n":"K Sw","ag":"BLM","ac":8.0,"c":14,"cl":"Unknown","ad":"2017-01-27","cd":"","st":"WA","se":4},"geometry":{"type":"Polygon","coordinates":[[[-119.72734,46.76788],[-119.72497,46.76601],[-119.72518,46.76441],[-119.726,46.76429],[-119.72584,46.76589],[-119.7274,46.76699],[-119.72734,46.76788]]]},"bbox":[-119.7276,46.76429,-119.72492,46.76788]},{"type":"Feature","id":28403,"properties":{"y":2013,"n":"Rock Island Grade","ag":"BLM","ac":19.8,"c":14,"cl":"Unknown","ad":"2017-01-27","cd":"","st":"WA","se":4},"geometry":{"type":"Polygon","coordinates":[[[-120.07515,47.37207],[-120.07465,47.37169],[-120.07495,47.37112],[-120.07282,47.37066],[-120.07332,47.3698],[-120.07651,47.37013],[-120.07792,47.3693],[-120.07737,47.36908],[-120.07764,47.36887],[-120.07914,47.36867],[-120.07973,47.36903],[-120.07955,47.36992],[-120.07515,47.37207]]]},"bbox":[-120.07986,47.36867,-120.07275,47.37214]},{"type":"Feature","id":28404,"properties":{"y":2013,"n":"Lower Crab Creek North","ag":"BLM","ac":46.2,"c":14,"cl":"Unknown","ad":"2017-01-27","cd":"","st":"WA","se":4},"geometry":{"type":"Polygon","coordinates":[[[-119.5032,46.82453],[-119.50863,46.82613],[-119.50743,46.827],[-119.50268,46.82633],[-119.49535,46.82319],[-119.49489,46.82245],[-119.49945,46.82273],[-119.5032,46.82453]]]},"bbox":[-119.50863,46.8223,-119.49489,46.82701]},{"type":"Feature","id":28405,"properties":{"y":2013,"n":"Scooteney","ag":"BLM","ac":13.9,"c":14,"cl":"Unknown","ad":"2017-01-27","cd":"","st":"WA","se":4},"geometry":{"type":"Polygon","coordinates":[[[-119.02691,46.7167],[-119.02627,46.71621],[-119.02584,46.71458],[-119.02634,46.71442],[-119.02637,46.7135],[-119.02411,46.7144],[-119.02438,46.71508],[-119.02323,46.71464],[-119.02736,46.71215],[-119.02778,46.71256],[-119.02784,46.71415],[-119.02715,46.71556],[-119.02646,46.71581],[-119.02691,46.7167]]]},"bbox":[-119.0279,46.71215,-119.02323,46.7167]},{"type":"Feature","id":28407,"properties":{"y":2013,"n":"Keystone North","ag":"BLM","ac":458.8,"c":14,"cl":"Unknown","ad":"2017-01-27","cd":"","st":"WA","se":4},"geometry":{"type":"Polygon","coordinates":[[[-119.47696,48.5645],[-119.47586,48.56545],[-119.4778,48.56526],[-119.47907,48.56622],[-119.48053,48.56636],[-119.48049,48.56863],[-119.47724,48.57154],[-119.47795,48.5733],[-119.47563,48.57428],[-119.46554,48.57214],[-119.46269,48.57106],[-119.4607,48.57133],[-119.45647,48.57035],[-119.455,48.57047],[-119.45046,48.56896],[-119.45049,48.56846],[-119.44882,48.56782],[-119.45153,48.56609],[-119.45342,48.56598],[-119.45355,48.5665],[-119.45616,48.56577],[-119.45682,48.56431],[-119.46127,48.56319],[-119.46361,48.56131],[-119.46899,48.56321],[-119.47474,48.56399],[-119.47554,48.56485],[-119.47696,48.5645]]]},"bbox":[-119.48053,48.56131,-119.44882,48.57431]},{"type":"Feature","id":28408,"properties":{"y":2013,"n":"Whiskey","ag":"BLM","ac":558.6,"c":14,"cl":"Unknown","ad":"2017-01-27","cd":"","st":"WA","se":4},"geometry":{"type":"Polygon","coordinates":[[[-119.95283,47.44719],[-119.94909,47.44601],[-119.94777,47.44514],[-119.94901,47.44465],[-119.94713,47.44329],[-119.9464,47.44159],[-119.94729,47.44132],[-119.94818,47.44168],[-119.94823,47.44263],[-119.949,47.44329],[-119.9496,47.44319],[-119.94911,47.44027],[-119.9484,47.43977],[-119.94881,47.43871],[-119.94725,47.43707],[-119.94465,47.43595],[-119.94336,47.43601],[-119.94314,47.43549],[-119.94245,47.43572],[-119.93806,47.43427],[-119.93615,47.42996],[-119.93633,47.42841],[-119.9382,47.42709],[-119.94114,47.42702],[-119.94286,47.42915],[-119.94494,47.42932],[-119.94582,47.43057],[-119.94787,47.43138],[-119.94842,47.43055],[-119.94822,47.42933],[-119.94696,47.42954],[-119.94576,47.42844],[-119.94251,47.42762],[-119.94253,47.42689],[-119.94423,47.42612],[-119.93451,47.42342],[-119.93156,47.42199],[-119.93204,47.42098],[-119.93298,47.42101],[-119.93452,47.42237],[-119.93819,47.42332],[-119.94083,47.42276],[-119.943,47.42324],[-119.94917,47.42599],[-119.95047,47.42882],[-119.95264,47.42935],[-119.95312,47.43075],[-119.95218,47.43318],[-119.95579,47.43089],[-119.95608,47.42981],[-119.95909,47.42982],[-119.95771,47.43216],[-119.95767,47.43322],[-119.95535,47.43364],[-119.95495,47.43505],[-119.95661,47.43447],[-119.95711,47.4364],[-119.95713,47.43909],[-119.95632,47.44124],[-119.95914,47.44262],[-119.95756,47.44433],[-119.95637,47.44518],[-119.95569,47.44511],[-119.95537,47.4459],[-119.95413,47.44608],[-119.95399,47.4466],[-119.95283,47.44719]]]},"bbox":[-119.95914,47.42098,-119.93156,47.44719]},{"type":"Feature","id":28409,"properties":{"y":2013,"n":"Wagon","ag":"BLM","ac":0.1,"c":14,"cl":"Unknown","ad":"2017-01-27","cd":"","st":"WA","se":4},"geometry":{"type":"Polygon","coordinates":[[[-119.8797,47.45628],[-119.87974,47.45596],[-119.87984,47.45601],[-119.8797,47.45628]]]},"bbox":[-119.87984,47.45596,-119.87957,47.45628]},{"type":"Feature","id":28411,"properties":{"y":2013,"n":"Mile Marker 58","ag":"BLM","ac":138.2,"c":14,"cl":"Unknown","ad":"2017-01-27","cd":"","st":"WA","se":4},"geometry":{"type":"Polygon","coordinates":[[[-118.83892,46.68872],[-118.83853,46.68967],[-118.83712,46.69071],[-118.83433,46.69078],[-118.82711,46.68833],[-118.82391,46.68837],[-118.82008,46.68631],[-118.82243,46.68506],[-118.83546,46.68498],[-118.83612,46.68588],[-118.83634,46.68842],[-118.83892,46.68872]]]},"bbox":[-118.83892,46.68498,-118.82008,46.69079]},{"type":"Feature","id":28413,"properties":{"y":2013,"n":"Highline","ag":"BLM","ac":12.4,"c":14,"cl":"Unknown","ad":"2017-01-27","cd":"","st":"WA","se":4},"geometry":{"type":"Polygon","coordinates":[[[-119.59256,48.014],[-119.59056,48.0141],[-119.58901,48.01318],[-119.59008,48.01232],[-119.59238,48.01171],[-119.5927,48.01195],[-119.59256,48.014]]]},"bbox":[-119.59271,48.01171,-119.58901,48.01432]},{"type":"Feature","id":28414,"properties":{"y":2013,"n":"Webber","ag":"BLM","ac":681.3,"c":14,"cl":"Unknown","ad":"2017-01-27","cd":"","st":"WA","se":4},"geometry":{"type":"Polygon","coordinates":[[[-119.44865,46.22719],[-119.44681,46.22642],[-119.44753,46.22544],[-119.44707,46.22486],[-119.44305,46.22542],[-119.44118,46.225],[-119.43751,46.22286],[-119.43634,46.22086],[-119.43666,46.21926],[-119.43862,46.21668],[-119.44138,46.21411],[-119.44555,46.21135],[-119.4475,46.20888],[-119.4491,46.20829],[-119.45389,46.20831],[-119.45449,46.20773],[-119.45652,46.20824],[-119.45785,46.20955],[-119.45783,46.21059],[-119.46022,46.21311],[-119.46276,46.2122],[-119.46361,46.21281],[-119.46529,46.21294],[-119.47051,46.21142],[-119.47099,46.21201],[-119.47088,46.21248],[-119.46921,46.21282],[-119.4689,46.21398],[-119.46757,46.21365],[-119.46524,46.21463],[-119.46447,46.21413],[-119.46354,46.21452],[-119.46345,46.21602],[-119.46233,46.2163],[-119.46236,46.21832],[-119.45992,46.21758],[-119.45752,46.21844],[-119.45544,46.21983],[-119.45483,46.22079],[-119.45495,46.2215],[-119.45594,46.22227],[-119.45492,46.22346],[-119.45274,46.22476],[-119.45324,46.22518],[-119.45308,46.22566],[-119.4513,46.22706],[-119.44865,46.22719]]]},"bbox":[-119.47106,46.20773,-119.43633,46.22719]},{"type":"Feature","id":28415,"properties":{"y":2014,"n":"Square Butte","ag":"BLM","ac":11.3,"c":14,"cl":"Unknown","ad":"2017-01-27","cd":"","st":"WA","se":4},"geometry":{"type":"Polygon","coordinates":[[[-117.8567,47.35891],[-117.85252,47.35985],[-117.85318,47.35902],[-117.85103,47.35939],[-117.85126,47.35892],[-117.85064,47.35875],[-117.85192,47.35785],[-117.8567,47.35891]]]},"bbox":[-117.8567,47.35785,-117.85064,47.35985]},{"type":"Feature","id":28416,"properties":{"y":2014,"n":"Corral","ag":"BLM","ac":147.2,"c":14,"cl":"Unknown","ad":"2017-01-27","cd":"","st":"WA","se":4},"geometry":{"type":"Polygon","coordinates":[[[-120.17273,46.96849],[-120.17158,46.96861],[-120.1689,46.96708],[-120.16692,46.96718],[-120.16616,46.96801],[-120.16631,46.9701],[-120.16297,46.97147],[-120.16172,46.9699],[-120.16196,46.96871],[-120.16163,46.96825],[-120.15774,46.96972],[-120.15621,46.96895],[-120.16091,46.96726],[-120.16168,46.96622],[-120.16128,46.96521],[-120.16058,46.96519],[-120.15921,46.96613],[-120.15885,46.96574],[-120.1595,46.96439],[-120.15889,46.96382],[-120.15126,46.96267],[-120.15044,46.9631],[-120.15075,46.96484],[-120.15011,46.96512],[-120.14838,46.96361],[-120.1482,46.96183],[-120.14507,46.96021],[-120.1582,46.9631],[-120.16252,46.96455],[-120.17381,46.96626],[-120.17298,46.9672],[-120.17273,46.96849]]]},"bbox":[-120.17385,46.96021,-120.14507,46.97147]},{"type":"Feature","id":28417,"properties":{"y":2014,"n":"Division Road","ag":"BLM","ac":20.1,"c":14,"cl":"Unknown","ad":"2017-01-27","cd":"","st":"WA","se":4},"geometry":{"type":"Polygon","coordinates":[[[-119.7159,47.60802],[-119.71564,47.60597],[-119.71388,47.60575],[-119.71323,47.60528],[-119.71326,47.60467],[-119.71174,47.60452],[-119.7132,47.6028],[-119.7172,47.60586],[-119.71709,47.60673],[-119.7159,47.60802]]]},"bbox":[-119.71722,47.6028,-119.71172,47.60802]},{"type":"Feature","id":28418,"properties":{"y":2014,"n":"Jack Brown","ag":"BLM","ac":0.8,"c":14,"cl":"Unknown","ad":"2017-01-27","cd":"","st":"WA","se":4},"geometry":{"type":"Polygon","coordinates":[[[-117.82391,47.39688],[-117.8232,47.39685],[-117.82374,47.39604],[-117.82391,47.39688]]]},"bbox":[-117.82391,47.39604,-117.8232,47.39715]},{"type":"Feature","id":28419,"properties":{"y":2014,"n":"Railroad","ag":"BLM","ac":0.6,"c":14,"cl":"Unknown","ad":"2017-01-27","cd":"","st":"WA","se":4},"geometry":{"type":"Polygon","coordinates":[[[-119.94909,47.85807],[-119.94956,47.85776],[-119.95057,47.85795],[-119.95055,47.85803],[-119.94909,47.85807]]]},"bbox":[-119.95057,47.85776,-119.94906,47.85807]},{"type":"Feature","id":28420,"properties":{"y":2014,"n":"Miller Ranch","ag":"BLM","ac":4.5,"c":14,"cl":"Unknown","ad":"2017-01-27","cd":"","st":"WA","se":4},"geometry":{"type":"Polygon","coordinates":[[[-117.881,47.32793],[-117.87911,47.32781],[-117.87866,47.32706],[-117.88067,47.32673],[-117.88173,47.32751],[-117.881,47.32793]]]},"bbox":[-117.88173,47.32673,-117.87866,47.32795]},{"type":"Feature","id":28421,"properties":{"y":2014,"n":"Dry Falls Junction","ag":"BLM","ac":6.1,"c":14,"cl":"Unknown","ad":"2017-01-27","cd":"","st":"WA","se":4},"geometry":{"type":"Polygon","coordinates":[[[-119.33047,47.62597],[-119.32892,47.62551],[-119.32917,47.62519],[-119.32828,47.62532],[-119.32877,47.62501],[-119.32863,47.62496],[-119.32791,47.62516],[-119.32826,47.62479],[-119.32766,47.62516],[-119.32728,47.62508],[-119.32761,47.62465],[-119.32688,47.62481],[-119.32784,47.62446],[-119.329,47.62453],[-119.33023,47.62541],[-119.33217,47.62509],[-119.33252,47.62528],[-119.33047,47.62597]]]},"bbox":[-119.33252,47.62446,-119.32687,47.62598]},{"type":"Feature","id":28422,"properties":{"y":2014,"n":"Highland 2","ag":"BLM","ac":449.4,"c":14,"cl":"Unknown","ad":"2017-01-27","cd":"","st":"WA","se":4},"geometry":{"type":"Polygon","coordinates":[[[-119.56021,48.02939],[-119.56106,48.02919],[-119.5567,48.03288],[-119.55085,48.03292],[-119.54981,48.03362],[-119.54986,48.02886],[-119.54943,48.02844],[-119.54987,48.02816],[-119.54984,48.02717],[-119.54792,48.02661],[-119.54456,48.02662],[-119.54409,48.02824],[-119.5383,48.02829],[-119.53561,48.02771],[-119.53611,48.02663],[-119.53555,48.0262],[-119.53381,48.02642],[-119.53323,48.02613],[-119.53332,48.02522],[-119.53055,48.02424],[-119.53325,48.02272],[-119.53454,48.02311],[-119.53512,48.02438],[-119.53775,48.0243],[-119.53739,48.02369],[-119.53868,48.02344],[-119.53583,48.01995],[-119.53787,48.01957],[-119.53865,48.02084],[-119.53884,48.02508],[-119.53899,48.02478],[-119.54011,48.02519],[-119.54258,48.02325],[-119.54177,48.02314],[-119.54348,48.02178],[-119.54311,48.02136],[-119.54201,48.02202],[-119.54129,48.02055],[-119.54346,48.01899],[-119.5444,48.01654],[-119.54229,48.01725],[-119.54554,48.01536],[-119.54877,48.01728],[-119.54865,48.01835],[-119.54992,48.01805],[-119.55352,48.01957],[-119.55508,48.02147],[-119.55535,48.02236],[-119.55486,48.02308],[-119.55559,48.02363],[-119.55628,48.0253],[-119.55742,48.02539],[-119.55919,48.02691],[-119.55915,48.02789],[-119.56021,48.02939]],[[-119.56001,48.02949],[-119.56003,48.02951],[-119.56009,48.02947],[-119.56001,48.02949]]]},"bbox":[-119.56106,48.01536,-119.53055,48.03362]},{"type":"Feature","id":28423,"properties":{"y":2014,"n":"Trinidad","ag":"BLM","ac":618.5,"c":14,"cl":"Unknown","ad":"2017-01-27","cd":"","st":"WA","se":4},"geometry":{"type":"Polygon","coordinates":[[[-119.98149,47.25512],[-119.97461,47.26025],[-119.97503,47.25827],[-119.97706,47.25696],[-119.97251,47.25749],[-119.97086,47.25868],[-119.97107,47.25816],[-119.9699,47.2577],[-119.96949,47.25693],[-119.96837,47.25707],[-119.96865,47.25527],[-119.96824,47.25457],[-119.96742,47.25506],[-119.96641,47.25451],[-119.96444,47.25507],[-119.96312,47.25472],[-119.96355,47.25575],[-119.96267,47.25597],[-119.96092,47.25488],[-119.96063,47.25133],[-119.96148,47.25126],[-119.96055,47.25028],[-119.95564,47.24927],[-119.94891,47.24665],[-119.94586,47.24484],[-119.94522,47.24511],[-119.94403,47.24426],[-119.94241,47.24394],[-119.93953,47.24198],[-119.93968,47.24139],[-119.94275,47.24081],[-119.95576,47.24564],[-119.97163,47.24675],[-119.9724,47.24672],[-119.97255,47.24629],[-119.97142,47.24603],[-119.97051,47.24481],[-119.97074,47.24415],[-119.97147,47.2439],[-119.97069,47.24379],[-119.96983,47.24263],[-119.97059,47.24221],[-119.97028,47.24151],[-119.97149,47.24185],[-119.97238,47.24154],[-119.97763,47.24326],[-119.98173,47.24266],[-119.97814,47.24489],[-119.97802,47.24609],[-119.97754,47.24669],[-119.97632,47.24695],[-119.97618,47.24777],[-119.97866,47.24821],[-119.97961,47.25046],[-119.9801,47.25354],[-119.9809,47.25378],[-119.98149,47.25512]]]},"bbox":[-119.98173,47.24081,-119.93953,47.26025]},{"type":"Feature","id":28425,"properties":{"y":2014,"n":"Lincoln Rock","ag":"BLM","ac":38.8,"c":14,"cl":"Unknown","ad":"2017-01-27","cd":"","st":"WA","se":4},"geometry":{"type":"Polygon","coordinates":[[[-120.27331,47.54302],[-120.26902,47.54149],[-120.26996,47.54076],[-120.26944,47.53917],[-120.27457,47.53723],[-120.27576,47.53739],[-120.27506,47.53849],[-120.27657,47.53988],[-120.27581,47.54077],[-120.27195,47.54014],[-120.27069,47.54041],[-120.27095,47.54101],[-120.27313,47.54226],[-120.27331,47.54302]]]},"bbox":[-120.27657,47.53721,-120.26902,47.54302]},{"type":"Feature","id":28428,"properties":{"y":2014,"n":"Boundary","ag":"BLM","ac":20.8,"c":14,"cl":"Unknown","ad":"2017-01-27","cd":"","st":"WA","se":4},"geometry":{"type":"Polygon","coordinates":[[[-118.0891,48.00777],[-118.09056,48.00844],[-118.09071,48.01134],[-118.08806,48.01233],[-118.08731,48.0117],[-118.08718,48.01053],[-118.08877,48.00939],[-118.0891,48.00777]]]},"bbox":[-118.09085,48.00777,-118.08718,48.01235]},{"type":"Feature","id":28429,"properties":{"y":2014,"n":"Little Boundary","ag":"BLM","ac":0.1,"c":14,"cl":"Unknown","ad":"2017-01-27","cd":"","st":"WA","se":4},"geometry":{"type":"Polygon","coordinates":[[[-118.07839,48.00738],[-118.07812,48.00735],[-118.07839,48.00718],[-118.07839,48.00738]]]},"bbox":[-118.0784,48.00718,-118.07805,48.00748]},{"type":"Feature","id":28430,"properties":{"y":2014,"n":"Turk","ag":"BLM","ac":0.3,"c":14,"cl":"Unknown","ad":"2017-01-27","cd":"","st":"WA","se":4},"geometry":{"type":"Polygon","coordinates":[[[-118.10441,48.04955],[-118.10441,48.04916],[-118.10475,48.04958],[-118.10441,48.04955]]]},"bbox":[-118.10475,48.04915,-118.10419,48.04962]},{"type":"Feature","id":28431,"properties":{"y":2014,"n":"Martindale","ag":"BLM","ac":19.0,"c":14,"cl":"Unknown","ad":"2017-01-27","cd":"","st":"WA","se":4},"geometry":{"type":"Polygon","coordinates":[[[-118.96467,46.24584],[-118.95631,46.24444],[-118.96475,46.24433],[-118.96578,46.24459],[-118.96618,46.24548],[-118.96467,46.24584]]]},"bbox":[-118.96619,46.24432,-118.95631,46.24586]},{"type":"Feature","id":28432,"properties":{"y":2014,"n":"Lower Crab Creek","ag":"BLM","ac":194.0,"c":14,"cl":"Unknown","ad":"2017-01-27","cd":"","st":"WA","se":4},"geometry":{"type":"Polygon","coordinates":[[[-119.49677,46.82735],[-119.49494,46.82733],[-119.49439,46.8298],[-119.49175,46.83049],[-119.48319,46.83079],[-119.48092,46.83021],[-119.47897,46.8314],[-119.477,46.83184],[-119.47474,46.83177],[-119.47379,46.83094],[-119.4751,46.83045],[-119.47843,46.83038],[-119.48006,46.8296],[-119.48027,46.8288],[-119.47885,46.82871],[-119.47831,46.82775],[-119.48358,46.8265],[-119.48593,46.82519],[-119.49264,46.82441],[-119.49597,46.82257],[-119.49677,46.82735]]]},"bbox":[-119.49677,46.82257,-119.47379,46.83184]},{"type":"Feature","id":28433,"properties":{"y":2015,"n":"Zonal Loop","ag":"BLM","ac":4.9,"c":14,"cl":"Unknown","ad":"2017-01-27","cd":"","st":"WA","se":4},"geometry":{"type":"Polygon","coordinates":[[[-120.21306,47.62776],[-120.21385,47.62814],[-120.21331,47.62904],[-120.21404,47.6295],[-120.21272,47.62949],[-120.21262,47.62871],[-120.21105,47.62818],[-120.21306,47.62776]]]},"bbox":[-120.21415,47.62776,-120.21105,47.62956]},{"type":"Feature","id":28434,"properties":{"y":2015,"n":"Umtanum","ag":"BLM","ac":0.3,"c":14,"cl":"Unknown","ad":"2017-01-27","cd":"","st":"WA","se":4},"geometry":{"type":"Polygon","coordinates":[[[-120.47573,46.85949],[-120.47522,46.85965],[-120.47614,46.85934],[-120.47573,46.85949]]]},"bbox":[-120.47615,46.8593,-120.47522,46.85976]},{"type":"Feature","id":28437,"properties":{"y":2015,"n":"Sr 14 Mp 164","ag":"BLM","ac":13.6,"c":14,"cl":"Unknown","ad":"2017-01-27","cd":"","st":"WA","se":4},"geometry":{"type":"Polygon","coordinates":[[[-119.66684,45.91116],[-119.66994,45.90914],[-119.67052,45.90979],[-119.66962,45.91189],[-119.66961,45.91125],[-119.66819,45.91244],[-119.66701,45.91246],[-119.66684,45.91116]]]},"bbox":[-119.67052,45.90914,-119.66678,45.91251]},{"type":"Feature","id":28438,"properties":{"y":2015,"n":"Sam Knack","ag":"BLM","ac":0.1,"c":14,"cl":"Unknown","ad":"2017-01-27","cd":"","st":"WA","se":4},"geometry":{"type":"Polygon","coordinates":[[[-118.33403,47.66207],[-118.33406,47.66239],[-118.33366,47.66236],[-118.33403,47.66207]]]},"bbox":[-118.33411,47.66207,-118.33366,47.66242]},{"type":"Feature","id":28440,"properties":{"y":2015,"n":"Stayman","ag":"BLM","ac":195.0,"c":14,"cl":"Unknown","ad":"2017-01-27","cd":"","st":"WA","se":4},"geometry":{"type":"Polygon","coordinates":[[[-120.1185,47.7942],[-120.11799,47.79371],[-120.11823,47.79313],[-120.11703,47.79262],[-120.11894,47.79246],[-120.11896,47.79158],[-120.11817,47.79095],[-120.11861,47.79058],[-120.11832,47.78976],[-120.11741,47.7892],[-120.11734,47.78838],[-120.11639,47.78893],[-120.11484,47.78862],[-120.11353,47.78993],[-120.11279,47.78976],[-120.11217,47.79087],[-120.11315,47.79102],[-120.11268,47.79164],[-120.11188,47.79171],[-120.11237,47.79264],[-120.11142,47.79326],[-120.1121,47.79357],[-120.1125,47.79542],[-120.11492,47.79517],[-120.11555,47.79553],[-120.11484,47.79619],[-120.11501,47.7965],[-120.11577,47.79666],[-120.11654,47.7959],[-120.11646,47.7965],[-120.11524,47.79726],[-120.11282,47.79617],[-120.11195,47.79622],[-120.11097,47.79542],[-120.11042,47.79584],[-120.11119,47.7965],[-120.10953,47.79595],[-120.10733,47.79351],[-120.10613,47.79364],[-120.10593,47.79178],[-120.10522,47.7912],[-120.10538,47.78889],[-120.104,47.78742],[-120.10593,47.78714],[-120.10562,47.78598],[-120.1072,47.7856],[-120.10915,47.78578],[-120.11246,47.78782],[-120.11328,47.78776],[-120.1121,47.78374],[-120.11526,47.78174],[-120.11652,47.78356],[-120.11524,47.78492],[-120.11583,47.78569],[-120.1171,47.78585],[-120.11699,47.78687],[-120.11919,47.79075],[-120.11954,47.79251],[-120.11872,47.79315],[-120.1185,47.7942]]]},"bbox":[-120.11954,47.78165,-120.104,47.79726]},{"type":"Feature","id":28446,"properties":{"y":2012,"n":"Trail Creek","ag":"BLM","ac":24.1,"c":14,"cl":"Unknown","ad":"2018-01-26","cd":"","st":"WA","se":4},"geometry":{"type":"Polygon","coordinates":[[[-121.12831,47.49959],[-121.1289,47.49891],[-121.12906,47.49933],[-121.12951,47.49908],[-121.12915,47.49967],[-121.12985,47.49982],[-121.13018,47.50045],[-121.13248,47.49994],[-121.13453,47.50061],[-121.13458,47.50109],[-121.13439,47.50164],[-121.13359,47.50134],[-121.13371,47.50247],[-121.13271,47.50275],[-121.13106,47.50146],[-121.13042,47.50167],[-121.13037,47.50102],[-121.12993,47.5009],[-121.12904,47.50123],[-121.12879,47.50307],[-121.12806,47.50182],[-121.12844,47.50137],[-121.12757,47.5],[-121.12793,47.49961],[-121.12864,47.50048],[-121.12831,47.49959]]]},"bbox":[-121.13458,47.49891,-121.12756,47.50308]},{"type":"Feature","id":28447,"properties":{"y":2012,"n":"Stafford Creek","ag":"BLM","ac":33.8,"c":14,"cl":"Unknown","ad":"2018-01-26","cd":"","st":"WA","se":4},"geometry":{"type":"Polygon","coordinates":[[[-120.78382,47.36413],[-120.78381,47.36322],[-120.78274,47.36349],[-120.78237,47.36273],[-120.78189,47.3632],[-120.78092,47.36313],[-120.78064,47.36231],[-120.77989,47.36275],[-120.77934,47.36203],[-120.78126,47.3611],[-120.78153,47.36154],[-120.78208,47.36114],[-120.7828,47.36144],[-120.7835,47.36089],[-120.78396,47.36139],[-120.78669,47.36131],[-120.78784,47.36198],[-120.78782,47.36322],[-120.78684,47.36375],[-120.78573,47.36407],[-120.78545,47.3636],[-120.78523,47.36397],[-120.7847,47.36366],[-120.78382,47.36413]]]},"bbox":[-120.78788,47.36089,-120.77929,47.36414]},{"type":"Feature","id":28448,"properties":{"y":2012,"n":"Gold Creek Springs","ag":"BLM","ac":31.5,"c":14,"cl":"Unknown","ad":"2018-01-26","cd":"","st":"WA","se":4},"geometry":{"type":"MultiPolygon","coordinates":[[[[-120.9648,46.96176],[-120.9669,46.96109],[-120.96874,46.96177],[-120.97041,46.96389],[-120.96905,46.96432],[-120.96825,46.96505],[-120.96613,46.96441],[-120.96467,46.96258],[-120.9648,46.96176]]],[[[-120.96942,46.96431],[-120.97045,46.96423],[-120.96938,46.96449],[-120.96942,46.96431]]]]},"bbox":[-120.97049,46.96105,-120.96467,46.96505]},{"type":"Feature","id":28449,"properties":{"y":2012,"n":"Jack Creek Pass","ag":"BLM","ac":7.3,"c":14,"cl":"Unknown","ad":"2018-01-26","cd":"","st":"WA","se":4},"geometry":{"type":"Polygon","coordinates":[[[-120.73755,47.34979],[-120.73562,47.35005],[-120.73297,47.34948],[-120.73527,47.3486],[-120.73667,47.34895],[-120.73755,47.34979]]]},"bbox":[-120.73755,47.3486,-120.73297,47.35006]},{"type":"Feature","id":28451,"properties":{"y":2012,"n":"Timber Creek","ag":"BLM","ac":153.0,"c":14,"cl":"Unknown","ad":"2018-01-26","cd":"","st":"WA","se":4},"geometry":{"type":"Polygon","coordinates":[[[-121.35939,46.90383],[-121.35716,46.90463],[-121.35011,46.90301],[-121.35336,46.90221],[-121.35346,46.90093],[-121.35234,46.89998],[-121.35522,46.89952],[-121.3549,46.89884],[-121.35783,46.89757],[-121.35834,46.89554],[-121.36086,46.89388],[-121.36272,46.89634],[-121.36247,46.89733],[-121.36452,46.89737],[-121.36668,46.89982],[-121.36639,46.90045],[-121.3643,46.90038],[-121.36371,46.90104],[-121.36015,46.90185],[-121.35904,46.90287],[-121.35939,46.90383]]]},"bbox":[-121.36668,46.89388,-121.35011,46.90463]},{"type":"Feature","id":28452,"properties":{"y":2012,"n":"French Cabin Creek","ag":"BLM","ac":42.7,"c":14,"cl":"Unknown","ad":"2018-01-26","cd":"","st":"WA","se":4},"geometry":{"type":"Polygon","coordinates":[[[-121.18701,47.34133],[-121.18714,47.33915],[-121.18808,47.33747],[-121.18855,47.3377],[-121.18984,47.33668],[-121.19105,47.33663],[-121.19285,47.33771],[-121.19243,47.33866],[-121.19297,47.33933],[-121.19238,47.3403],[-121.18974,47.34067],[-121.18904,47.34167],[-121.18751,47.34189],[-121.18701,47.34133]]]},"bbox":[-121.19297,47.33663,-121.18699,47.34189]},{"type":"Feature","id":28454,"properties":{"y":2012,"n":"Maverick Peak","ag":"BLM","ac":20.5,"c":14,"cl":"Unknown","ad":"2018-01-26","cd":"","st":"WA","se":4},"geometry":{"type":"Polygon","coordinates":[[[-120.61189,47.84512],[-120.61214,47.84617],[-120.61067,47.84698],[-120.60759,47.84404],[-120.60914,47.84316],[-120.61266,47.84391],[-120.61189,47.84512]]]},"bbox":[-120.61266,47.84316,-120.60759,47.84698]},{"type":"Feature","id":28456,"properties":{"y":2012,"n":"Whitepine","ag":"BLM","ac":60.8,"c":14,"cl":"Unknown","ad":"2018-01-26","cd":"","st":"WA","se":4},"geometry":{"type":"Polygon","coordinates":[[[-121.02125,47.68007],[-121.02021,47.67885],[-121.02095,47.67809],[-121.02223,47.67789],[-121.02458,47.67802],[-121.02723,47.67883],[-121.02758,47.67973],[-121.02882,47.67985],[-121.02931,47.68044],[-121.02769,47.68148],[-121.02803,47.68234],[-121.02706,47.68312],[-121.02504,47.68343],[-121.02333,47.68259],[-121.02295,47.68074],[-121.02125,47.68007]]]},"bbox":[-121.02931,47.67789,-121.02021,47.68344]},{"type":"Feature","id":28460,"properties":{"y":2012,"n":"Sears Creek","ag":"BLM","ac":656.0,"c":14,"cl":"Unknown","ad":"2018-01-26","cd":"","st":"WA","se":4},"geometry":{"type":"Polygon","coordinates":[[[-120.90042,47.88806],[-120.90556,47.88765],[-120.90662,47.8869],[-120.90786,47.88722],[-120.90905,47.88908],[-120.91028,47.88952],[-120.91402,47.88762],[-120.91499,47.88783],[-120.91652,47.88957],[-120.9164,47.89025],[-120.91834,47.89101],[-120.9183,47.89156],[-120.91964,47.89265],[-120.91992,47.89385],[-120.91909,47.89606],[-120.91923,47.89717],[-120.91876,47.89777],[-120.91799,47.89783],[-120.91784,47.89889],[-120.91557,47.90055],[-120.91533,47.90154],[-120.91396,47.9028],[-120.91268,47.90312],[-120.91198,47.90352],[-120.9118,47.90435],[-120.9109,47.90448],[-120.90797,47.90293],[-120.90827,47.90093],[-120.90714,47.90047],[-120.90693,47.89965],[-120.90511,47.90081],[-120.9035,47.8994],[-120.90192,47.89947],[-120.90143,47.90005],[-120.90098,47.89956],[-120.89848,47.89891],[-120.89791,47.89941],[-120.89849,47.89983],[-120.89849,47.90082],[-120.89615,47.90058],[-120.89465,47.89956],[-120.89427,47.89794],[-120.89137,47.89644],[-120.8899,47.89524],[-120.88899,47.89375],[-120.88834,47.89366],[-120.8885,47.89307],[-120.89016,47.89265],[-120.89286,47.89263],[-120.89382,47.89315],[-120.89389,47.8925],[-120.89558,47.89225],[-120.89489,47.89082],[-120.89518,47.89022],[-120.89721,47.8903],[-120.89769,47.88884],[-120.89857,47.88828],[-120.90016,47.88866],[-120.90042,47.88806]]]},"bbox":[-120.91992,47.8869,-120.88831,47.90449]},{"type":"Feature","id":28463,"properties":{"y":2001,"n":"Long Swamp","ag":"BLM","ac":336.3,"c":14,"cl":"Unknown","ad":"2018-01-26","cd":"","st":"WA","se":4},"geometry":{"type":"MultiPolygon","coordinates":[[[[-119.99831,48.86855],[-119.99663,48.86681],[-119.99472,48.86644],[-119.99246,48.86505],[-119.99067,48.86527],[-119.99047,48.86462],[-119.98883,48.86378],[-119.98953,48.86141],[-119.99255,48.86223],[-119.99164,48.8612],[-119.99722,48.86102],[-119.99774,48.86055],[-119.99771,48.85965],[-119.9989,48.85867],[-120.00032,48.85775],[-120.00253,48.85733],[-120.00266,48.85648],[-120.00332,48.85617],[-120.00256,48.85551],[-120.00256,48.85408],[-120.00365,48.85341],[-120.00636,48.85587],[-120.00991,48.85666],[-120.0114,48.85878],[-120.01162,48.86054],[-120.01315,48.86181],[-120.01278,48.86265],[-120.01348,48.86453],[-120.0131,48.86542],[-120.01117,48.86394],[-120.01032,48.86461],[-120.00903,48.86463],[-120.00871,48.86324],[-120.00729,48.86134],[-120.00603,48.86088],[-120.00511,48.86138],[-120.00565,48.86316],[-120.00445,48.86574],[-120.00555,48.86619],[-120.00525,48.86719],[-120.00426,48.86748],[-120.00246,48.86659],[-120.0003,48.86754],[-119.99894,48.8674],[-119.99948,48.86779],[-119.99831,48.86855]]],[[[-119.98938,48.86805],[-119.99034,48.86819],[-119.99077,48.8691],[-119.98916,48.8689],[-119.98895,48.86847],[-119.98938,48.86805]]],[[[-119.99445,48.86952],[-119.99566,48.86955],[-119.9962,48.86994],[-119.99608,48.87068],[-119.99511,48.87071],[-119.9941,48.8701],[-119.99445,48.86952]]]]},"bbox":[-120.01348,48.85341,-119.98883,48.87078]},{"type":"Feature","id":28465,"properties":{"y":2001,"n":"Johnny Jay","ag":"BLM","ac":327.2,"c":14,"cl":"Unknown","ad":"2018-01-26","cd":"","st":"WA","se":4},"geometry":{"type":"Polygon","coordinates":[[[-120.79392,47.62533],[-120.79353,47.62252],[-120.79474,47.62249],[-120.79646,47.62372],[-120.79997,47.62158],[-120.80281,47.62118],[-120.80778,47.62135],[-120.81353,47.6223],[-120.81451,47.62347],[-120.81239,47.62709],[-120.81082,47.63107],[-120.80952,47.63129],[-120.80818,47.63087],[-120.80675,47.62933],[-120.80465,47.62816],[-120.80399,47.6283],[-120.80288,47.62983],[-120.79837,47.63042],[-120.79417,47.6295],[-120.79544,47.62954],[-120.79581,47.62895],[-120.79549,47.62822],[-120.79285,47.62853],[-120.79076,47.62813],[-120.79076,47.62734],[-120.79392,47.62533]]]},"bbox":[-120.81451,47.62118,-120.79073,47.63129]},{"type":"Feature","id":28466,"properties":{"y":2001,"n":"Trout Creek","ag":"BLM","ac":185.2,"c":14,"cl":"Unknown","ad":"2018-01-26","cd":"","st":"WA","se":4},"geometry":{"type":"Polygon","coordinates":[[[-120.86768,47.56602],[-120.86818,47.56387],[-120.87069,47.56283],[-120.87789,47.56388],[-120.88205,47.56593],[-120.88368,47.56879],[-120.88701,47.56908],[-120.88762,47.56974],[-120.88779,47.57108],[-120.88562,47.57486],[-120.87982,47.57767],[-120.87878,47.57698],[-120.87798,47.57515],[-120.87896,47.57389],[-120.88103,47.57311],[-120.8794,47.57181],[-120.87841,47.57179],[-120.87835,47.57085],[-120.87985,47.56862],[-120.87812,47.56629],[-120.87545,47.56477],[-120.86988,47.56454],[-120.86877,47.56599],[-120.86768,47.56602]]]},"bbox":[-120.88782,47.56278,-120.86765,47.57767]},{"type":"Feature","id":28467,"properties":{"y":2001,"n":"Snow Creek","ag":"BLM","ac":45.6,"c":14,"cl":"Unknown","ad":"2018-01-26","cd":"","st":"WA","se":4},"geometry":{"type":"Polygon","coordinates":[[[-120.71688,47.49467],[-120.7221,47.49034],[-120.72403,47.48999],[-120.72486,47.49041],[-120.72481,47.49128],[-120.72088,47.4957],[-120.7179,47.49559],[-120.71688,47.49467]]]},"bbox":[-120.72499,47.48998,-120.71688,47.49584]},{"type":"Feature","id":28468,"properties":{"y":2001,"n":"Fall Creek","ag":"BLM","ac":27.9,"c":14,"cl":"Unknown","ad":"2018-01-26","cd":"","st":"WA","se":4},"geometry":{"type":"Polygon","coordinates":[[[-120.78911,47.64384],[-120.78645,47.64303],[-120.78507,47.64217],[-120.78568,47.64152],[-120.78745,47.64161],[-120.79231,47.64304],[-120.79312,47.64371],[-120.79243,47.64489],[-120.79131,47.64517],[-120.78911,47.64384]]]},"bbox":[-120.79312,47.64145,-120.78507,47.64517]},{"type":"Feature","id":28469,"properties":{"y":2001,"n":"Chatter Creek","ag":"BLM","ac":56.1,"c":14,"cl":"Unknown","ad":"2018-01-26","cd":"","st":"WA","se":4},"geometry":{"type":"MultiPolygon","coordinates":[[[[-120.86662,47.63075],[-120.86789,47.62826],[-120.86845,47.62827],[-120.86946,47.62958],[-120.86949,47.62866],[-120.87065,47.62813],[-120.87197,47.62836],[-120.87241,47.62899],[-120.87147,47.63044],[-120.86786,47.63168],[-120.86662,47.63075]]],[[[-120.87333,47.62051],[-120.8772,47.62059],[-120.87785,47.62121],[-120.87785,47.62193],[-120.87525,47.6235],[-120.87419,47.62313],[-120.87322,47.62234],[-120.8728,47.62128],[-120.87333,47.62051]]],[[[-120.87366,47.63225],[-120.87451,47.6316],[-120.87557,47.63216],[-120.87514,47.63277],[-120.87412,47.63276],[-120.87366,47.63225]]]]},"bbox":[-120.87795,47.62024,-120.86662,47.63277]},{"type":"Feature","id":28470,"properties":{"y":2001,"n":"Cape Labelle","ag":"BLM","ac":260.0,"c":14,"cl":"Unknown","ad":"2018-01-26","cd":"","st":"WA","se":4},"geometry":{"type":"MultiPolygon","coordinates":[[[[-118.98736,48.69082],[-118.98778,48.68849],[-118.99271,48.68866],[-118.99461,48.69146],[-118.99453,48.69404],[-118.99383,48.69541],[-118.99427,48.69722],[-118.99388,48.69916],[-118.99518,48.70217],[-118.99348,48.70718],[-118.99197,48.70838],[-118.98771,48.70706],[-118.98627,48.70451],[-118.98582,48.70122],[-118.98869,48.69921],[-118.98924,48.69674],[-118.98893,48.6947],[-118.98736,48.69082]]],[[[-118.99566,48.69758],[-118.99745,48.69733],[-118.99779,48.69891],[-118.99579,48.69892],[-118.99566,48.69758]]]]},"bbox":[-118.99779,48.68849,-118.98582,48.70838]},{"type":"Feature","id":28471,"properties":{"y":2004,"n":"Freezeout","ag":"BLM","ac":706.8,"c":14,"cl":"Unknown","ad":"2018-01-26","cd":"","st":"WA","se":4},"geometry":{"type":"MultiPolygon","coordinates":[[[[-120.94123,48.96925],[-120.9409,48.96884],[-120.93927,48.96893],[-120.93838,48.96845],[-120.9395,48.96698],[-120.94029,48.96754],[-120.94363,48.96697],[-120.94687,48.96746],[-120.94895,48.96722],[-120.94842,48.96819],[-120.9498,48.96887],[-120.94123,48.96925]]],[[[-120.94608,48.97345],[-120.9435,48.97369],[-120.94357,48.97325],[-120.94228,48.97306],[-120.94258,48.97334],[-120.94199,48.97408],[-120.942,48.97325],[-120.9412,48.97342],[-120.94072,48.97471],[-120.93966,48.97478],[-120.93947,48.97439],[-120.93993,48.97399],[-120.93998,48.97292],[-120.94197,48.97288],[-120.9427,48.97203],[-120.94608,48.9705],[-120.95179,48.96986],[-120.95561,48.9683],[-120.95542,48.96969],[-120.95413,48.97177],[-120.95458,48.97319],[-120.9536,48.97482],[-120.95013,48.97518],[-120.94608,48.97345]]],[[[-120.95122,48.98305],[-120.94751,48.98205],[-120.94348,48.98234],[-120.94161,48.98133],[-120.94077,48.98149],[-120.94138,48.98057],[-120.94139,48.9787],[-120.94039,48.97765],[-120.94297,48.97649],[-120.94332,48.9771],[-120.94423,48.97728],[-120.94543,48.97679],[-120.9511,48.97662],[-120.94754,48.98183],[-120.9494,48.98076],[-120.94993,48.9796],[-120.95174,48.97843],[-120.95313,48.97622],[-120.95549,48.97583],[-120.9537,48.97809],[-120.95356,48.97847],[-120.95426,48.97876],[-120.95418,48.97949],[-120.95325,48.98082],[-120.95232,48.98148],[-120.95183,48.98099],[-120.95172,48.98198],[-120.95086,48.98205],[-120.95122,48.98305]]],[[[-120.94108,48.97114],[-120.94459,48.9703],[-120.94557,48.97036],[-120.94312,48.97111],[-120.94108,48.97114]]],[[[-120.9414,48.97031],[-120.94208,48.96974],[-120.9484,48.96899],[-120.94928,48.96923],[-120.94642,48.97015],[-120.9414,48.97031]]],[[[-120.94706,48.97596],[-120.94242,48.97549],[-120.94641,48.97511],[-120.9484,48.97567],[-120.94663,48.97538],[-120.94639,48.97561],[-120.94706,48.97596]]],[[[-120.95677,48.98737],[-120.95371,48.98596],[-120.95312,48.98494],[-120.95602,48.98594],[-120.95575,48.98668],[-120.95628,48.98669],[-120.95896,48.98329],[-120.96117,48.98208],[-120.96184,48.98228],[-120.96375,48.98089],[-120.96732,48.98107],[-120.96894,48.97932],[-120.97008,48.97933],[-120.973,48.97823],[-120.97492,48.97945],[-120.97515,48.98165],[-120.97261,48.98287],[-120.97006,48.98273],[-120.96797,48.98472],[-120.96848,48.98518],[-120.96691,48.98587],[-120.96547,48.98783],[-120.96576,48.9869],[-120.96785,48.98462],[-120.96724,48.98294],[-120.9642,48.98454],[-120.9604,48.98531],[-120.95816,48.98693],[-120.95797,48.9884],[-120.95711,48.98843],[-120.95677,48.98737]]],[[[-120.95663,48.98371],[-120.95589,48.98295],[-120.95488,48.98304],[-120.95436,48.98233],[-120.95347,48.98223],[-120.95313,48.98137],[-120.95485,48.9792],[-120.95484,48.98003],[-120.95561,48.97967],[-120.95518,48.97843],[-120.95645,48.97499],[-120.9601,48.97308],[-120.96226,48.97121],[-120.96596,48.97049],[-120.96827,48.97319],[-120.97202,48.97524],[-120.97204,48.97579],[-120.97045,48.9774],[-120.97104,48.97803],[-120.97057,48.97857],[-120.9686,48.97898],[-120.96699,48.98045],[-120.96436,48.98033],[-120.96155,48.98093],[-120.9606,48.98201],[-120.9572,48.9841],[-120.95532,48.98443],[-120.95663,48.98371]]],[[[-120.9685,48.9854],[-120.97052,48.9851],[-120.96811,48.98558],[-120.9685,48.9854]]],[[[-120.97261,48.98685],[-120.97702,48.98548],[-120.97632,48.98622],[-120.97398,48.98694],[-120.97261,48.98685]]],[[[-120.97289,48.9776],[-120.97427,48.97767],[-120.97439,48.97798],[-120.97281,48.97796],[-120.97289,48.9776]]],[[[-120.97332,48.98443],[-120.97506,48.98322],[-120.97564,48.98329],[-120.97473,48.98383],[-120.97474,48.98428],[-120.97332,48.98443]]],[[[-120.97635,48.98117],[-120.97568,48.98075],[-120.9753,48.9799],[-120.97644,48.98079],[-120.97635,48.98117]]],[[[-120.97727,48.9849],[-120.97803,48.98459],[-120.97835,48.9847],[-120.97766,48.98518],[-120.97727,48.9849]]]]},"bbox":[-120.97835,48.96697,-120.93838,48.98845]},{"type":"Feature","id":28472,"properties":{"y":2009,"n":"Brush Creek","ag":"BLM","ac":390.9,"c":14,"cl":"Unknown","ad":"2018-01-26","cd":"","st":"WA","se":4},"geometry":{"type":"MultiPolygon","coordinates":[[[[-121.39757,48.88188],[-121.39877,48.87996],[-121.39654,48.87996],[-121.39448,48.87906],[-121.39568,48.87556],[-121.40031,48.87488],[-121.40546,48.8759],[-121.40804,48.88075],[-121.41061,48.8829],[-121.40838,48.89215],[-121.40684,48.89272],[-121.4022,48.89204],[-121.40134,48.89057],[-121.39774,48.89001],[-121.39585,48.88538],[-121.39877,48.88301],[-121.39757,48.88188]]],[[[-121.39928,48.89351],[-121.3974,48.8934],[-121.39722,48.89351],[-121.3974,48.89328],[-121.39928,48.89351]]],[[[-121.39928,48.8943],[-121.40117,48.89407],[-121.40066,48.89464],[-121.39928,48.8943]]],[[[-121.39963,48.8934],[-121.40083,48.89294],[-121.40169,48.89306],[-121.40152,48.8934],[-121.39963,48.8934]]],[[[-121.41981,48.9113],[-121.41995,48.91115],[-121.41995,48.9113],[-121.41981,48.9113]]]]},"bbox":[-121.41998,48.87488,-121.39448,48.91132]},{"type":"Feature","id":28474,"properties":{"y":2012,"n":"Old Blewett Pass","ag":"BLM","ac":22.4,"c":14,"cl":"Unknown","ad":"2018-01-26","cd":"","st":"WA","se":4},"geometry":{"type":"MultiPolygon","coordinates":[[[[-120.6685,47.33702],[-120.66715,47.33754],[-120.66704,47.33753],[-120.66691,47.33788],[-120.66634,47.33799],[-120.66661,47.33849],[-120.66589,47.33884],[-120.66597,47.33886],[-120.66596,47.3389],[-120.66604,47.33901],[-120.6661,47.33913],[-120.66611,47.33937],[-120.66557,47.33995],[-120.66432,47.33995],[-120.66375,47.33943],[-120.66477,47.33872],[-120.66431,47.3381],[-120.66518,47.33777],[-120.66599,47.33543],[-120.66689,47.33556],[-120.66693,47.33496],[-120.66817,47.33518],[-120.66831,47.33474],[-120.66864,47.33513],[-120.6695,47.33487],[-120.66809,47.33618],[-120.6685,47.33702]]],[[[-120.66604,47.33901],[-120.66603,47.33899],[-120.66605,47.33898],[-120.66604,47.33901]]],[[[-120.66713,47.33756],[-120.66713,47.33762],[-120.66709,47.3376],[-120.66713,47.33756]]]]},"bbox":[-120.66957,47.33474,-120.66375,47.34003]},{"type":"Feature","id":28475,"properties":{"y":2012,"n":"Moon Beam","ag":"BLM","ac":0.3,"c":14,"cl":"Unknown","ad":"2018-01-26","cd":"","st":"WA","se":4},"geometry":{"type":"MultiPolygon","coordinates":[[[[-120.78468,47.34375],[-120.78465,47.34404],[-120.78431,47.34375],[-120.78486,47.34355],[-120.78468,47.34375]]],[[[-120.78496,47.34378],[-120.78473,47.34382],[-120.78494,47.34374],[-120.78496,47.34378]]],[[[-120.78473,47.34382],[-120.78467,47.34385],[-120.78471,47.34382],[-120.78473,47.34382]]]]},"bbox":[-120.78496,47.34352,-120.78431,47.34404]},{"type":"Feature","id":28478,"properties":{"y":2012,"n":"Cuitin Lake","ag":"BLM","ac":309.1,"c":14,"cl":"Unknown","ad":"2018-01-26","cd":"","st":"WA","se":4},"geometry":{"type":"MultiPolygon","coordinates":[[[[-121.03558,47.64866],[-121.03535,47.6475],[-121.03293,47.64693],[-121.03109,47.64582],[-121.03133,47.64385],[-121.03462,47.64009],[-121.03436,47.6383],[-121.03532,47.63804],[-121.03772,47.63553],[-121.03947,47.6345],[-121.04124,47.63458],[-121.04383,47.63373],[-121.04512,47.63489],[-121.04618,47.63513],[-121.04762,47.63801],[-121.04554,47.639],[-121.04596,47.64043],[-121.04383,47.64097],[-121.04399,47.6417],[-121.04215,47.64279],[-121.04199,47.64364],[-121.04126,47.64385],[-121.04095,47.64451],[-121.03986,47.64469],[-121.03918,47.64557],[-121.03883,47.64772],[-121.03772,47.6477],[-121.03753,47.6484],[-121.03661,47.64873],[-121.03558,47.64866]]],[[[-121.04445,47.63221],[-121.04521,47.63249],[-121.04442,47.63286],[-121.04445,47.63221]]],[[[-121.04848,47.63517],[-121.04701,47.63382],[-121.04767,47.63273],[-121.05136,47.63184],[-121.0518,47.63211],[-121.05124,47.6334],[-121.05226,47.63422],[-121.05314,47.63418],[-121.05427,47.63367],[-121.05575,47.63176],[-121.05683,47.63155],[-121.05738,47.6319],[-121.05603,47.63344],[-121.05601,47.63534],[-121.05175,47.63481],[-121.04959,47.63553],[-121.04848,47.63517]]]]},"bbox":[-121.05738,47.63155,-121.03109,47.64873]},{"type":"Feature","id":28485,"properties":{"y":2018,"n":"Mm 81","ag":"BLM","ac":848.6,"c":14,"cl":"Unknown","ad":"2018-12-21","cd":"","st":"WA","se":4},"geometry":{"type":"Polygon","coordinates":[[[-119.5102,47.46612],[-119.51112,47.4653],[-119.51042,47.46338],[-119.50769,47.46239],[-119.50833,47.46155],[-119.50802,47.46063],[-119.507,47.45991],[-119.50595,47.46],[-119.50689,47.45924],[-119.50697,47.45773],[-119.50611,47.45834],[-119.50611,47.45784],[-119.50557,47.45785],[-119.50448,47.45451],[-119.50242,47.45289],[-119.50111,47.45103],[-119.49885,47.45077],[-119.49721,47.44983],[-119.49703,47.44848],[-119.49799,47.44513],[-119.49709,47.4414],[-119.49825,47.43966],[-119.49846,47.43849],[-119.49698,47.43672],[-119.49714,47.43435],[-119.49654,47.43426],[-119.49657,47.43329],[-119.49745,47.43241],[-119.50186,47.43235],[-119.50134,47.4313],[-119.50311,47.42968],[-119.50281,47.42812],[-119.5031,47.4253],[-119.50349,47.42522],[-119.50485,47.42521],[-119.50703,47.42861],[-119.50626,47.43075],[-119.50671,47.43157],[-119.50901,47.43165],[-119.5128,47.43521],[-119.51196,47.43692],[-119.50932,47.43751],[-119.50785,47.44019],[-119.51069,47.44375],[-119.5108,47.44474],[-119.50915,47.44651],[-119.50896,47.44746],[-119.51241,47.45475],[-119.51718,47.45513],[-119.51762,47.45481],[-119.51661,47.45401],[-119.51662,47.45298],[-119.51822,47.45382],[-119.51919,47.45499],[-119.51786,47.45712],[-119.51814,47.45963],[-119.51948,47.46018],[-119.51908,47.46081],[-119.51935,47.46169],[-119.51865,47.46285],[-119.5152,47.46392],[-119.51514,47.46605],[-119.5102,47.46612]]]},"bbox":[-119.51948,47.42521,-119.49654,47.46635]},{"type":"Feature","id":28487,"properties":{"y":2017,"n":"Crab Creek","ag":"BLM","ac":591.4,"c":14,"cl":"Unknown","ad":"2018-12-21","cd":"","st":"WA","se":4},"geometry":{"type":"Polygon","coordinates":[[[-118.79732,47.3333],[-118.79712,47.33404],[-118.79607,47.33604],[-118.79302,47.33639],[-118.7932,47.33701],[-118.79349,47.33666],[-118.79421,47.33713],[-118.79408,47.33754],[-118.79185,47.33779],[-118.792,47.33748],[-118.7903,47.3368],[-118.79024,47.3361],[-118.7881,47.33594],[-118.78593,47.33746],[-118.78673,47.33804],[-118.78887,47.33781],[-118.79122,47.33857],[-118.79184,47.33965],[-118.79233,47.33964],[-118.79232,47.34223],[-118.7927,47.34256],[-118.792,47.34283],[-118.79188,47.34464],[-118.79,47.34692],[-118.78825,47.34813],[-118.78739,47.34793],[-118.78673,47.3481],[-118.78821,47.34834],[-118.78759,47.3486],[-118.78812,47.34883],[-118.7847,47.34934],[-118.78556,47.35008],[-118.78483,47.35033],[-118.78183,47.35058],[-118.78237,47.35124],[-118.78377,47.35134],[-118.78505,47.35228],[-118.78034,47.35357],[-118.78021,47.35319],[-118.77809,47.35303],[-118.77761,47.35245],[-118.77672,47.35271],[-118.77581,47.35085],[-118.77412,47.35155],[-118.77186,47.35127],[-118.77039,47.35212],[-118.76844,47.35202],[-118.76732,47.35262],[-118.76701,47.35163],[-118.7683,47.34898],[-118.76813,47.34822],[-118.76888,47.34739],[-118.76848,47.34766],[-118.76851,47.34735],[-118.78906,47.33318],[-118.7915,47.33216],[-118.79362,47.33199],[-118.79659,47.33267],[-118.79732,47.3333]]]},"bbox":[-118.79732,47.33197,-118.76701,47.35359]},{"type":"Feature","id":28488,"properties":{"y":2018,"n":"Buckshot","ag":"BLM","ac":908.6,"c":14,"cl":"Unknown","ad":"2018-12-21","cd":"","st":"WA","se":4},"geometry":{"type":"Polygon","coordinates":[[[-119.95425,46.72431],[-119.94969,46.72296],[-119.93834,46.7232],[-119.93759,46.72268],[-119.93745,46.71682],[-119.93785,46.71531],[-119.93675,46.71516],[-119.93503,46.71682],[-119.93295,46.71727],[-119.93177,46.70836],[-119.93696,46.70832],[-119.93759,46.70775],[-119.93823,46.7042],[-119.93642,46.70405],[-119.93668,46.70021],[-119.93529,46.70001],[-119.93529,46.69779],[-119.93362,46.69761],[-119.93266,46.69632],[-119.93362,46.69494],[-119.93691,46.69408],[-119.93893,46.69423],[-119.93958,46.69504],[-119.93986,46.69769],[-119.94149,46.69887],[-119.94155,46.70118],[-119.94257,46.70174],[-119.94747,46.70192],[-119.94917,46.70256],[-119.94959,46.70337],[-119.94925,46.70445],[-119.95044,46.70521],[-119.95136,46.70805],[-119.95073,46.70985],[-119.94926,46.7114],[-119.95068,46.71086],[-119.95245,46.70608],[-119.95179,46.70533],[-119.95212,46.70444],[-119.95159,46.70163],[-119.95653,46.70766],[-119.95489,46.70867],[-119.95319,46.71089],[-119.95389,46.71094],[-119.95717,46.70926],[-119.95976,46.71129],[-119.95992,46.71263],[-119.95888,46.71312],[-119.95612,46.71156],[-119.95441,46.71183],[-119.95362,46.71493],[-119.95251,46.71661],[-119.9529,46.71738],[-119.95257,46.72012],[-119.95365,46.72183],[-119.95431,46.72189],[-119.95453,46.72371],[-119.95425,46.72431]]]},"bbox":[-119.95999,46.69404,-119.93177,46.72431]},{"type":"Feature","id":28489,"properties":{"y":2018,"n":"Salmon Hole","ag":"BLM","ac":21.3,"c":14,"cl":"Unknown","ad":"2018-12-21","cd":"","st":"WA","se":4},"geometry":{"type":"Polygon","coordinates":[[[-119.80168,46.63313],[-119.80233,46.63222],[-119.80979,46.63137],[-119.81057,46.6321],[-119.81053,46.63299],[-119.80168,46.63313]],[[-119.80242,46.63225],[-119.80242,46.63225],[-119.80245,46.63225],[-119.80242,46.63225]]]},"bbox":[-119.81057,46.63137,-119.80168,46.63313]},{"type":"Feature","id":28490,"properties":{"y":2018,"n":"Sage Land","ag":"BLM","ac":0.2,"c":14,"cl":"Unknown","ad":"2018-12-21","cd":"","st":"WA","se":4},"geometry":{"type":"Polygon","coordinates":[[[-120.12473,47.3964],[-120.12465,47.39672],[-120.12421,47.39649],[-120.12473,47.3964]]]},"bbox":[-120.12486,47.39636,-120.1242,47.39672]},{"type":"Feature","id":28491,"properties":{"y":2018,"n":"Petrified 2","ag":"BLM","ac":26.9,"c":14,"cl":"Unknown","ad":"2018-12-21","cd":"","st":"WA","se":4},"geometry":{"type":"Polygon","coordinates":[[[-119.91205,47.41114],[-119.91113,47.41054],[-119.91283,47.40954],[-119.91479,47.40703],[-119.91541,47.40687],[-119.91503,47.40756],[-119.91528,47.40871],[-119.91695,47.41127],[-119.91667,47.41255],[-119.91456,47.41132],[-119.91205,47.41114]]]},"bbox":[-119.91695,47.4068,-119.91113,47.41255]},{"type":"Feature","id":28492,"properties":{"y":2018,"n":"Turtle Rock","ag":"BLM","ac":716.6,"c":14,"cl":"Unknown","ad":"2018-12-21","cd":"","st":"WA","se":4},"geometry":{"type":"Polygon","coordinates":[[[-120.23543,47.53054],[-120.23682,47.53049],[-120.2411,47.53228],[-120.2473,47.53352],[-120.25343,47.53602],[-120.25651,47.53835],[-120.25835,47.54282],[-120.25741,47.54427],[-120.25336,47.54715],[-120.25222,47.54977],[-120.24859,47.54951],[-120.24702,47.54777],[-120.24624,47.54756],[-120.2443,47.5493],[-120.2414,47.55003],[-120.23738,47.5491],[-120.23479,47.54736],[-120.23526,47.54523],[-120.23461,47.54195],[-120.23484,47.53901],[-120.23275,47.53658],[-120.23423,47.53143],[-120.23543,47.53054]]]},"bbox":[-120.25835,47.53049,-120.23275,47.55005]},{"type":"Feature","id":28493,"properties":{"y":2018,"n":"Odessa","ag":"BLM","ac":5.7,"c":14,"cl":"Unknown","ad":"2018-12-21","cd":"","st":"WA","se":4},"geometry":{"type":"Polygon","coordinates":[[[-118.73445,47.32503],[-118.73341,47.32696],[-118.73241,47.32581],[-118.734,47.32445],[-118.73445,47.32503]]]},"bbox":[-118.73445,47.32445,-118.73241,47.32696]},{"type":"Feature","id":28494,"properties":{"y":2017,"n":"Lake Valley","ag":"BLM","ac":0.7,"c":14,"cl":"Unknown","ad":"2018-12-21","cd":"","st":"WA","se":4},"geometry":{"type":"Polygon","coordinates":[[[-117.8546,47.36323],[-117.85426,47.36371],[-117.85363,47.36365],[-117.85409,47.36329],[-117.85353,47.36336],[-117.85391,47.36315],[-117.8546,47.36323]]]},"bbox":[-117.85468,47.36315,-117.85353,47.36371]},{"type":"Feature","id":28495,"properties":{"y":2018,"n":"Sprague Highway","ag":"BLM","ac":5.4,"c":14,"cl":"Unknown","ad":"2018-12-21","cd":"","st":"WA","se":4},"geometry":{"type":"Polygon","coordinates":[[[-117.87669,47.32304],[-117.87513,47.32298],[-117.87475,47.32229],[-117.87545,47.32174],[-117.87669,47.32165],[-117.87712,47.32225],[-117.87784,47.32213],[-117.87669,47.32304]]]},"bbox":[-117.87784,47.32165,-117.87473,47.32306]},{"type":"Feature","id":28496,"properties":{"y":2018,"n":"Lakeview","ag":"BLM","ac":14.0,"c":14,"cl":"Unknown","ad":"2018-12-21","cd":"","st":"WA","se":4},"geometry":{"type":"Polygon","coordinates":[[[-118.76775,47.41631],[-118.76281,47.42045],[-118.76153,47.42106],[-118.76098,47.42077],[-118.76286,47.41882],[-118.76775,47.41631]]]},"bbox":[-118.76777,47.41627,-118.76097,47.42106]},{"type":"Feature","id":28498,"properties":{"y":2018,"n":"Hog Canyon","ag":"BLM","ac":6.9,"c":14,"cl":"Unknown","ad":"2018-12-21","cd":"","st":"WA","se":4},"geometry":{"type":"Polygon","coordinates":[[[-117.81144,47.3809],[-117.81059,47.3795],[-117.81132,47.37854],[-117.81198,47.37847],[-117.81255,47.38004],[-117.81144,47.3809]]]},"bbox":[-117.81258,47.37847,-117.81059,47.3809]},{"type":"Feature","id":28500,"properties":{"y":2017,"n":"Poison Spring","ag":"BLM","ac":93.4,"c":14,"cl":"Unknown","ad":"2018-12-21","cd":"","st":"WA","se":4},"geometry":{"type":"Polygon","coordinates":[[[-120.24076,46.96281],[-120.24078,46.95657],[-120.24495,46.95665],[-120.24549,46.95757],[-120.24448,46.95822],[-120.24506,46.95912],[-120.24715,46.95836],[-120.24915,46.95672],[-120.25034,46.95696],[-120.25108,46.95659],[-120.25045,46.95757],[-120.25214,46.95798],[-120.2516,46.96001],[-120.25064,46.96082],[-120.24964,46.9605],[-120.25108,46.95966],[-120.25103,46.95906],[-120.24983,46.95939],[-120.2491,46.9602],[-120.24654,46.9605],[-120.24398,46.96329],[-120.24076,46.96281]]]},"bbox":[-120.25219,46.95657,-120.24076,46.96341]},{"type":"Feature","id":28502,"properties":{"y":2017,"n":"Pine Creek","ag":"BLM","ac":244.0,"c":14,"cl":"Unknown","ad":"2018-12-21","cd":"","st":"WA","se":4},"geometry":{"type":"Polygon","coordinates":[[[-120.07888,45.79187],[-120.08047,45.79184],[-120.08063,45.79306],[-120.0793,45.79409],[-120.07797,45.79412],[-120.07397,45.79569],[-120.07401,45.79627],[-120.07301,45.79701],[-120.07027,45.79752],[-120.07137,45.79967],[-120.07028,45.8],[-120.06561,45.80348],[-120.05916,45.80598],[-120.05703,45.80583],[-120.05201,45.80678],[-120.05393,45.80458],[-120.05575,45.80429],[-120.0554,45.80394],[-120.05563,45.80344],[-120.05728,45.80279],[-120.05669,45.80272],[-120.05695,45.80224],[-120.0548,45.80314],[-120.05426,45.80264],[-120.05504,45.80205],[-120.06452,45.79785],[-120.06962,45.79496],[-120.07888,45.79187]]]},"bbox":[-120.08064,45.79173,-120.05201,45.80688]},{"type":"Feature","id":28504,"properties":{"y":2017,"n":"Brown","ag":"BLM","ac":2.2,"c":14,"cl":"Unknown","ad":"2018-12-21","cd":"","st":"WA","se":4},"geometry":{"type":"Polygon","coordinates":[[[-117.88356,47.32508],[-117.88195,47.32543],[-117.88169,47.3255],[-117.88287,47.32442],[-117.88356,47.32508]]]},"bbox":[-117.88359,47.32442,-117.88168,47.3255]},{"type":"Feature","id":28505,"properties":{"y":2018,"n":"Scorpion Coulee","ag":"BLM","ac":142.7,"c":14,"cl":"Unknown","ad":"2018-12-21","cd":"","st":"WA","se":4},"geometry":{"type":"Polygon","coordinates":[[[-120.45455,46.84252],[-120.45687,46.84162],[-120.45768,46.84181],[-120.46235,46.84395],[-120.46293,46.84528],[-120.45949,46.84741],[-120.45806,46.84637],[-120.45742,46.84727],[-120.45652,46.84785],[-120.4563,46.84792],[-120.45604,46.84786],[-120.45651,46.84577],[-120.45514,46.84563],[-120.45524,46.84517],[-120.45414,46.84417],[-120.45326,46.84507],[-120.45175,46.84467],[-120.45162,46.84374],[-120.45069,46.84373],[-120.44875,46.84154],[-120.44827,46.83769],[-120.45168,46.836],[-120.45446,46.8354],[-120.45473,46.83572],[-120.45327,46.83693],[-120.45295,46.83807],[-120.45325,46.83862],[-120.4522,46.83918],[-120.45319,46.83981],[-120.45455,46.84252]]]},"bbox":[-120.46293,46.83538,-120.44815,46.84792]},{"type":"Feature","id":28506,"properties":{"y":2017,"n":"Cole Ranch","ag":"BLM","ac":43.1,"c":14,"cl":"Unknown","ad":"2018-12-21","cd":"","st":"WA","se":4},"geometry":{"type":"Polygon","coordinates":[[[-118.45243,47.64444],[-118.45214,47.64524],[-118.45085,47.64616],[-118.4465,47.64757],[-118.44627,47.64695],[-118.44812,47.64531],[-118.44797,47.64496],[-118.44571,47.64565],[-118.44521,47.64506],[-118.44856,47.64287],[-118.45067,47.64232],[-118.45165,47.64297],[-118.45243,47.64444]]]},"bbox":[-118.45244,47.64232,-118.44521,47.64757]},{"type":"Feature","id":28507,"properties":{"y":2018,"n":"Overen","ag":"BLM","ac":206.8,"c":14,"cl":"Unknown","ad":"2018-12-21","cd":"","st":"WA","se":4},"geometry":{"type":"Polygon","coordinates":[[[-119.84839,47.30305],[-119.84937,47.30112],[-119.85273,47.2998],[-119.85415,47.29547],[-119.85316,47.29565],[-119.85472,47.29378],[-119.85521,47.2899],[-119.85706,47.29152],[-119.85734,47.29293],[-119.85665,47.29369],[-119.85811,47.29444],[-119.85818,47.29669],[-119.85973,47.29866],[-119.85866,47.30042],[-119.85943,47.30193],[-119.85926,47.30321],[-119.85771,47.30427],[-119.85665,47.30435],[-119.85708,47.30493],[-119.85629,47.30607],[-119.85452,47.30729],[-119.85492,47.30819],[-119.8525,47.30877],[-119.85163,47.30777],[-119.84948,47.30676],[-119.84934,47.30615],[-119.85085,47.30602],[-119.85129,47.30544],[-119.85042,47.30427],[-119.84937,47.30407],[-119.84839,47.30305]]]},"bbox":[-119.85973,47.28986,-119.84831,47.30877]},{"type":"Feature","id":28509,"properties":{"y":2018,"n":"Road 15","ag":"BLM","ac":4.3,"c":14,"cl":"Unknown","ad":"2018-12-21","cd":"","st":"WA","se":4},"geometry":{"type":"Polygon","coordinates":[[[-119.83645,46.86138],[-119.83427,46.86153],[-119.83355,46.86122],[-119.83412,46.86083],[-119.83507,46.86111],[-119.83577,46.86022],[-119.8366,46.86081],[-119.83645,46.86138]]]},"bbox":[-119.83664,46.86022,-119.83355,46.86155]},{"type":"Feature","id":28510,"properties":{"y":2018,"n":"Wilson Creek","ag":"BLM","ac":0.3,"c":14,"cl":"Unknown","ad":"2018-12-21","cd":"","st":"WA","se":4},"geometry":{"type":"Polygon","coordinates":[[[-119.16133,47.41967],[-119.15981,47.41932],[-119.15967,47.41926],[-119.16093,47.41946],[-119.16133,47.41967]]]},"bbox":[-119.16133,47.41921,-119.15967,47.41968]},{"type":"Feature","id":28511,"properties":{"y":2018,"n":"Shooting Range","ag":"BLM","ac":206.4,"c":14,"cl":"Unknown","ad":"2018-12-21","cd":"","st":"WA","se":4},"geometry":{"type":"Polygon","coordinates":[[[-119.47802,46.35965],[-119.47485,46.36016],[-119.47429,46.35986],[-119.47445,46.35906],[-119.47167,46.35649],[-119.47036,46.35393],[-119.47099,46.3507],[-119.47378,46.3495],[-119.47657,46.34921],[-119.48473,46.35087],[-119.48435,46.35205],[-119.48283,46.35315],[-119.47788,46.35868],[-119.47802,46.35965]]]},"bbox":[-119.48479,46.34921,-119.4703,46.36016]},{"type":"Feature","id":28512,"properties":{"y":2018,"n":"Mcbee","ag":"BLM","ac":3.2,"c":14,"cl":"Unknown","ad":"2018-12-21","cd":"","st":"WA","se":4},"geometry":{"type":"Polygon","coordinates":[[[-119.50901,46.23848],[-119.51009,46.23955],[-119.51106,46.24025],[-119.5098,46.24041],[-119.50901,46.23848]]]},"bbox":[-119.51106,46.23843,-119.50901,46.24047]},{"type":"Feature","id":28513,"properties":{"y":2018,"n":"South Frontage","ag":"BLM","ac":29.5,"c":14,"cl":"Unknown","ad":"2018-12-21","cd":"","st":"WA","se":4},"geometry":{"type":"Polygon","coordinates":[[[-119.38146,47.08791],[-119.38005,47.08757],[-119.37229,47.08806],[-119.37327,47.08724],[-119.3813,47.08599],[-119.38351,47.08589],[-119.38428,47.08664],[-119.3839,47.08715],[-119.38146,47.08791]]]},"bbox":[-119.38428,47.08589,-119.37229,47.08833]},{"type":"Feature","id":28515,"properties":{"y":2018,"n":"Irby","ag":"BLM","ac":0.7,"c":14,"cl":"Unknown","ad":"2018-12-21","cd":"","st":"WA","se":4},"geometry":{"type":"Polygon","coordinates":[[[-118.84158,47.34836],[-118.84101,47.34849],[-118.84063,47.34827],[-118.84139,47.34802],[-118.84158,47.34836]]]},"bbox":[-118.84169,47.34802,-118.84063,47.34849]},{"type":"Feature","id":28517,"properties":{"y":2018,"n":"South Jameson Lake","ag":"BLM","ac":47.5,"c":14,"cl":"Unknown","ad":"2018-12-21","cd":"","st":"WA","se":4},"geometry":{"type":"Polygon","coordinates":[[[-119.66989,47.59945],[-119.66903,47.5988],[-119.66712,47.59878],[-119.66782,47.59758],[-119.66844,47.59399],[-119.66921,47.59383],[-119.67095,47.59492],[-119.67262,47.59466],[-119.67513,47.59529],[-119.66989,47.59945]]]},"bbox":[-119.67513,47.59383,-119.66712,47.59945]},{"type":"Feature","id":28520,"properties":{"y":2018,"n":"Rd L Nw","ag":"BLM","ac":268.7,"c":14,"cl":"Unknown","ad":"2018-12-21","cd":"","st":"WA","se":4},"geometry":{"type":"Polygon","coordinates":[[[-119.76329,47.39549],[-119.7505,47.39577],[-119.74935,47.39676],[-119.74873,47.39673],[-119.74856,47.3959],[-119.74062,47.3959],[-119.73814,47.39327],[-119.73774,47.39187],[-119.73836,47.39058],[-119.74032,47.39039],[-119.74275,47.38868],[-119.74331,47.38578],[-119.74798,47.38393],[-119.74862,47.38413],[-119.74779,47.38482],[-119.74756,47.38594],[-119.74776,47.3886],[-119.74965,47.3886],[-119.74951,47.3891],[-119.74761,47.38977],[-119.74758,47.39086],[-119.75077,47.39139],[-119.75136,47.39019],[-119.75281,47.39098],[-119.75206,47.39173],[-119.75603,47.39221],[-119.76318,47.39503],[-119.76329,47.39549]]]},"bbox":[-119.76329,47.38393,-119.73774,47.39676]},{"type":"Feature","id":28522,"properties":{"y":2018,"n":"Fruitstand","ag":"BLM","ac":0.7,"c":14,"cl":"Unknown","ad":"2018-12-21","cd":"","st":"WA","se":4},"geometry":{"type":"Polygon","coordinates":[[[-118.07757,48.04469],[-118.07694,48.04486],[-118.07658,48.04453],[-118.07724,48.04434],[-118.07757,48.04469]]]},"bbox":[-118.07757,48.04433,-118.07658,48.04487]},{"type":"Feature","id":28524,"properties":{"y":2018,"n":"Indian Camp","ag":"BLM","ac":1.4,"c":14,"cl":"Unknown","ad":"2018-12-21","cd":"","st":"WA","se":4},"geometry":{"type":"Polygon","coordinates":[[[-120.16084,47.53792],[-120.16076,47.53869],[-120.15986,47.53826],[-120.15992,47.53804],[-120.16084,47.53792]]]},"bbox":[-120.16107,47.5379,-120.15986,47.53876]},{"type":"Feature","id":28525,"properties":{"y":2018,"n":"Overlook","ag":"BLM","ac":0.4,"c":14,"cl":"Unknown","ad":"2018-12-21","cd":"","st":"WA","se":4},"geometry":{"type":"Polygon","coordinates":[[[-119.97067,46.97262],[-119.96989,46.97236],[-119.97031,46.97225],[-119.97067,46.97262]]]},"bbox":[-119.97067,46.97225,-119.96986,46.97269]},{"type":"Feature","id":28526,"properties":{"y":2017,"n":"Loop","ag":"BLM","ac":7.8,"c":14,"cl":"Unknown","ad":"2018-12-21","cd":"","st":"WA","se":4},"geometry":{"type":"Polygon","coordinates":[[[-117.85848,47.36037],[-117.8565,47.36229],[-117.85586,47.36251],[-117.85525,47.36206],[-117.85579,47.36098],[-117.85848,47.36037]]]},"bbox":[-117.85848,47.36026,-117.85517,47.36251]},{"type":"Feature","id":28527,"properties":{"y":2017,"n":"Lamona Kramer","ag":"BLM","ac":303.2,"c":14,"cl":"Unknown","ad":"2018-12-21","cd":"","st":"WA","se":4},"geometry":{"type":"Polygon","coordinates":[[[-118.43857,47.3045],[-118.43694,47.30594],[-118.43435,47.3069],[-118.43221,47.30768],[-118.43069,47.30677],[-118.42412,47.30936],[-118.42262,47.3104],[-118.41944,47.30872],[-118.41484,47.3071],[-118.41146,47.30749],[-118.40857,47.3069],[-118.40662,47.3057],[-118.41116,47.30388],[-118.4141,47.30215],[-118.41613,47.30308],[-118.42412,47.30316],[-118.42804,47.3018],[-118.43381,47.3034],[-118.43534,47.30284],[-118.4375,47.303],[-118.43865,47.30375],[-118.43857,47.3045]]]},"bbox":[-118.43865,47.3018,-118.40662,47.3104]},{"type":"Feature","id":28528,"properties":{"y":2018,"n":"Washington Flats","ag":"BLM","ac":384.9,"c":14,"cl":"Unknown","ad":"2018-12-21","cd":"","st":"WA","se":4},"geometry":{"type":"Polygon","coordinates":[[[-118.96269,48.0254],[-118.9572,48.02289],[-118.95258,48.01831],[-118.95235,48.01591],[-118.95327,48.01006],[-118.95445,48.00825],[-118.95584,48.0073],[-118.95818,48.00824],[-118.95815,48.00921],[-118.95917,48.01013],[-118.95901,48.0106],[-118.95752,48.0112],[-118.9574,48.01172],[-118.96186,48.01057],[-118.96165,48.01],[-118.96234,48.00886],[-118.96205,48.00748],[-118.96288,48.00677],[-118.96438,48.00758],[-118.9653,48.0091],[-118.96626,48.00971],[-118.96588,48.0108],[-118.96402,48.01251],[-118.96464,48.01395],[-118.96363,48.01507],[-118.9658,48.01645],[-118.96804,48.02163],[-118.96698,48.02321],[-118.96269,48.0254]]]},"bbox":[-118.96806,48.00677,-118.95235,48.0254]},{"type":"Feature","id":28530,"properties":{"y":2018,"n":"O Road","ag":"BLM","ac":73.2,"c":14,"cl":"Unknown","ad":"2018-12-21","cd":"","st":"WA","se":4},"geometry":{"type":"Polygon","coordinates":[[[-119.81057,46.75829],[-119.80877,46.75836],[-119.80551,46.75625],[-119.80218,46.75625],[-119.80134,46.75517],[-119.79999,46.75511],[-119.79546,46.75252],[-119.79978,46.75251],[-119.8032,46.75449],[-119.81075,46.75431],[-119.81057,46.75829]]]},"bbox":[-119.81075,46.75223,-119.79546,46.75857]},{"type":"Feature","id":28531,"properties":{"y":2018,"n":"Highway 243","ag":"BLM","ac":401.5,"c":14,"cl":"Unknown","ad":"2018-12-21","cd":"","st":"WA","se":4},"geometry":{"type":"Polygon","coordinates":[[[-119.8743,46.64668],[-119.87425,46.64568],[-119.87153,46.64551],[-119.87425,46.64505],[-119.8742,46.64301],[-119.87294,46.643],[-119.87334,46.64246],[-119.87192,46.6415],[-119.87058,46.64157],[-119.87119,46.64036],[-119.86895,46.64095],[-119.8676,46.64046],[-119.8667,46.64084],[-119.86615,46.64034],[-119.86647,46.63975],[-119.86546,46.6391],[-119.86463,46.64068],[-119.85842,46.63635],[-119.86374,46.62952],[-119.86698,46.63026],[-119.86892,46.62967],[-119.8687,46.62927],[-119.87197,46.63006],[-119.87636,46.63839],[-119.87981,46.64094],[-119.87932,46.64199],[-119.88174,46.64336],[-119.87911,46.6465],[-119.8743,46.64668]]]},"bbox":[-119.88174,46.62927,-119.85842,46.64689]},{"type":"Feature","id":28533,"properties":{"y":2018,"n":"Castle Rock","ag":"BLM","ac":20.1,"c":14,"cl":"Unknown","ad":"2018-12-21","cd":"","st":"WA","se":4},"geometry":{"type":"Polygon","coordinates":[[[-119.27451,48.1014],[-119.27644,48.10162],[-119.2766,48.10209],[-119.27744,48.10193],[-119.27817,48.10265],[-119.27806,48.10491],[-119.27609,48.10529],[-119.27591,48.1047],[-119.27511,48.10446],[-119.27534,48.10327],[-119.27451,48.1014]]]},"bbox":[-119.27832,48.10132,-119.27451,48.10529]},{"type":"Feature","id":28534,"properties":{"y":2018,"n":"Les Blair","ag":"BLM","ac":905.8,"c":14,"cl":"Unknown","ad":"2018-12-21","cd":"","st":"WA","se":4},"geometry":{"type":"Polygon","coordinates":[[[-119.003,45.99451],[-119.00784,45.99428],[-119.00958,45.99377],[-119.0105,45.99449],[-119.01043,45.99591],[-119.01112,45.9968],[-119.00918,45.99882],[-119.00964,46.00216],[-119.00755,46.00153],[-119.00687,46.00176],[-119.00388,46.00592],[-119.0044,46.00733],[-119.00414,46.00823],[-119.00198,46.01127],[-119.00224,46.0129],[-119.00185,46.01527],[-119.00231,46.01866],[-119.00188,46.01965],[-118.99885,46.02148],[-118.99657,46.02153],[-118.99274,46.02295],[-118.98949,46.02338],[-118.98878,46.02627],[-118.98652,46.02822],[-118.98457,46.02753],[-118.98113,46.02423],[-118.9752,46.02174],[-118.97531,46.02057],[-118.97711,46.02027],[-118.97817,46.02085],[-118.9802,46.02071],[-118.98268,46.01683],[-118.98308,46.01486],[-118.99433,46.00657],[-118.99795,46.00498],[-118.99725,46.00311],[-118.99777,46.00122],[-119.003,45.99451]]]},"bbox":[-119.01112,45.99377,-118.97512,46.02822]},{"type":"Feature","id":28535,"properties":{"y":2018,"n":"Potholes Island","ag":"BLM","ac":8.4,"c":14,"cl":"Unknown","ad":"2018-12-21","cd":"","st":"WA","se":4},"geometry":{"type":"Polygon","coordinates":[[[-119.37654,47.03438],[-119.37622,47.03492],[-119.37461,47.03482],[-119.37375,47.03367],[-119.37439,47.03327],[-119.37409,47.03248],[-119.37601,47.03337],[-119.37654,47.03438]]]},"bbox":[-119.37666,47.03238,-119.37375,47.03492]},{"type":"Feature","id":28536,"properties":{"y":2018,"n":"Brownhill","ag":"BLM","ac":17.6,"c":14,"cl":"Unknown","ad":"2018-12-21","cd":"","st":"WA","se":4},"geometry":{"type":"Polygon","coordinates":[[[-117.86941,47.3216],[-117.86887,47.32287],[-117.86742,47.32278],[-117.86841,47.32303],[-117.86722,47.32332],[-117.86757,47.3237],[-117.86534,47.32341],[-117.86577,47.3231],[-117.86533,47.32262],[-117.86574,47.32164],[-117.86624,47.32136],[-117.86983,47.32073],[-117.86959,47.32125],[-117.87022,47.32095],[-117.86994,47.32124],[-117.87063,47.32134],[-117.86941,47.3216]]]},"bbox":[-117.87063,47.32073,-117.86533,47.3237]},{"type":"Feature","id":28538,"properties":{"y":2018,"n":"Road X","ag":"BLM","ac":34.9,"c":14,"cl":"Unknown","ad":"2018-12-21","cd":"","st":"WA","se":4},"geometry":{"type":"Polygon","coordinates":[[[-118.96144,47.3696],[-118.95763,47.37039],[-118.95537,47.37017],[-118.95323,47.36898],[-118.95388,47.36756],[-118.95548,47.36719],[-118.96038,47.3688],[-118.96144,47.3696]]]},"bbox":[-118.96144,47.36718,-118.95323,47.37039]},{"type":"Feature","id":28541,"properties":{"y":2017,"n":"Number 2 Canyon","ag":"BLM","ac":1.9,"c":14,"cl":"Unknown","ad":"2018-12-21","cd":"","st":"WA","se":4},"geometry":{"type":"Polygon","coordinates":[[[-120.39763,47.40473],[-120.39622,47.40404],[-120.39658,47.40358],[-120.39755,47.40371],[-120.39796,47.40441],[-120.39763,47.40473]]]},"bbox":[-120.39796,47.40358,-120.39622,47.40473]},{"type":"Feature","id":28542,"properties":{"y":2018,"n":"Slab","ag":"BLM","ac":90.0,"c":14,"cl":"Unknown","ad":"2018-12-21","cd":"","st":"WA","se":4},"geometry":{"type":"Polygon","coordinates":[[[-120.45093,46.78472],[-120.4502,46.78469],[-120.44957,46.78528],[-120.44984,46.78584],[-120.44843,46.78689],[-120.44582,46.78771],[-120.44533,46.78767],[-120.44595,46.78652],[-120.4454,46.78642],[-120.44527,46.78736],[-120.44335,46.78767],[-120.4438,46.78739],[-120.44023,46.78527],[-120.44161,46.78452],[-120.44538,46.78412],[-120.44627,46.78281],[-120.45033,46.78047],[-120.45241,46.78086],[-120.45283,46.78064],[-120.45347,46.7805],[-120.45093,46.78472]]]},"bbox":[-120.45347,46.78042,-120.44023,46.78771]},{"type":"Feature","id":28543,"properties":{"y":2018,"n":"Ancient Lakes","ag":"BLM","ac":73.5,"c":14,"cl":"Unknown","ad":"2018-12-21","cd":"","st":"WA","se":4},"geometry":{"type":"Polygon","coordinates":[[[-119.97131,47.1601],[-119.97213,47.15891],[-119.97181,47.15866],[-119.96414,47.15857],[-119.96421,47.1567],[-119.96667,47.15563],[-119.96957,47.15675],[-119.97262,47.15549],[-119.97552,47.15556],[-119.97745,47.15725],[-119.97674,47.15785],[-119.97564,47.15784],[-119.97616,47.15846],[-119.9758,47.15868],[-119.97131,47.1601]]]},"bbox":[-119.97745,47.15549,-119.96392,47.1601]},{"type":"Feature","id":28544,"properties":{"y":2018,"n":"Johnson Canyon","ag":"BLM","ac":242.5,"c":14,"cl":"Unknown","ad":"2018-12-21","cd":"","st":"WA","se":4},"geometry":{"type":"Polygon","coordinates":[[[-120.26183,46.95065],[-120.27307,46.95115],[-120.27426,46.95222],[-120.27245,46.95441],[-120.27021,46.95542],[-120.27043,46.9563],[-120.26957,46.95707],[-120.26507,46.95868],[-120.26316,46.95988],[-120.26223,46.95958],[-120.26105,46.96091],[-120.25977,46.96049],[-120.25796,46.96084],[-120.25758,46.96035],[-120.25715,46.96058],[-120.25403,46.95968],[-120.25322,46.96017],[-120.25241,46.9599],[-120.25185,46.95773],[-120.2566,46.95642],[-120.2579,46.95522],[-120.25778,46.9541],[-120.26183,46.95065]]]},"bbox":[-120.27426,46.95065,-120.25184,46.96096]},{"type":"Feature","id":28547,"properties":{"y":2018,"n":"Weber Canyon","ag":"BLM","ac":543.9,"c":14,"cl":"Unknown","ad":"2018-12-21","cd":"","st":"WA","se":4},"geometry":{"type":"Polygon","coordinates":[[[-119.45942,46.20223],[-119.45897,46.20306],[-119.45841,46.20354],[-119.45787,46.20533],[-119.4601,46.20553],[-119.46126,46.20517],[-119.46609,46.20269],[-119.46094,46.20753],[-119.45819,46.20893],[-119.4578,46.21037],[-119.45965,46.21283],[-119.46102,46.21296],[-119.46274,46.21217],[-119.4635,46.21281],[-119.46576,46.21286],[-119.46999,46.21149],[-119.47096,46.21208],[-119.46903,46.21284],[-119.46925,46.21349],[-119.46887,46.21399],[-119.4677,46.21358],[-119.4653,46.21446],[-119.46616,46.21667],[-119.46623,46.21908],[-119.46554,46.21945],[-119.45644,46.21643],[-119.45432,46.21466],[-119.45329,46.21449],[-119.44975,46.2162],[-119.44171,46.22138],[-119.44139,46.22203],[-119.44183,46.22347],[-119.44098,46.22436],[-119.44107,46.22486],[-119.43696,46.22217],[-119.43636,46.2202],[-119.4376,46.21789],[-119.44145,46.21408],[-119.44581,46.21118],[-119.44747,46.20885],[-119.44916,46.20823],[-119.45333,46.20825],[-119.45466,46.2077],[-119.45673,46.20305],[-119.45735,46.19643],[-119.45913,46.19573],[-119.46009,46.1964],[-119.45925,46.19692],[-119.45935,46.1989],[-119.45856,46.20035],[-119.4599,46.20059],[-119.45942,46.20223]],[[-119.45939,46.20224],[-119.45941,46.20225],[-119.45941,46.20225],[-119.45939,46.20224]]]},"bbox":[-119.47096,46.19573,-119.43636,46.22486]},{"type":"Feature","id":28548,"properties":{"y":2018,"n":"Pateros Hill","ag":"BLM","ac":60.5,"c":14,"cl":"Unknown","ad":"2018-12-21","cd":"","st":"WA","se":4},"geometry":{"type":"Polygon","coordinates":[[[-119.86338,48.07124],[-119.86215,48.07136],[-119.86319,48.07099],[-119.86333,48.07042],[-119.86464,48.07142],[-119.86453,48.07251],[-119.86255,48.07384],[-119.86261,48.07415],[-119.86383,48.07352],[-119.86422,48.07419],[-119.86321,48.07473],[-119.86256,48.07427],[-119.86185,48.07462],[-119.86151,48.07496],[-119.86215,48.07526],[-119.8619,48.07562],[-119.86128,48.07507],[-119.86129,48.07563],[-119.85911,48.07673],[-119.85752,48.07827],[-119.85721,48.0781],[-119.85727,48.07868],[-119.85665,48.07903],[-119.85635,48.07988],[-119.85672,48.08024],[-119.85718,48.08016],[-119.85687,48.07984],[-119.85764,48.07988],[-119.85758,48.08033],[-119.85716,48.08027],[-119.85749,48.08123],[-119.85708,48.08073],[-119.85683,48.08129],[-119.85841,48.08172],[-119.85864,48.08225],[-119.85713,48.08215],[-119.85581,48.08086],[-119.85595,48.08134],[-119.8553,48.08175],[-119.85538,48.07998],[-119.85712,48.07731],[-119.85678,48.07697],[-119.85653,48.07736],[-119.85661,48.07672],[-119.85691,48.07643],[-119.85711,48.07686],[-119.85768,48.07557],[-119.85842,48.07547],[-119.85746,48.07541],[-119.85798,48.07382],[-119.8587,48.07368],[-119.85846,48.07322],[-119.85888,48.07272],[-119.86073,48.07159],[-119.86197,48.07171],[-119.86311,48.07244],[-119.86316,48.07162],[-119.8628,48.0716],[-119.86338,48.07124]]]},"bbox":[-119.86483,48.07042,-119.85524,48.08232]},{"type":"Feature","id":28553,"properties":{"y":2018,"n":"Central Harris","ag":"BLM","ac":22.5,"c":14,"cl":"Unknown","ad":"2018-12-21","cd":"","st":"WA","se":4},"geometry":{"type":"Polygon","coordinates":[[[-119.66337,48.32911],[-119.66234,48.32971],[-119.66342,48.33008],[-119.66149,48.33064],[-119.66241,48.33093],[-119.66164,48.33096],[-119.66237,48.3312],[-119.66219,48.33193],[-119.66207,48.33126],[-119.66161,48.33115],[-119.66184,48.33156],[-119.66044,48.33159],[-119.66052,48.33201],[-119.65995,48.33108],[-119.66033,48.3293],[-119.6582,48.32707],[-119.66131,48.32773],[-119.66337,48.32911]]]},"bbox":[-119.66343,48.32694,-119.6582,48.33201]},{"type":"Feature","id":28555,"properties":{"y":2017,"n":"Mitchell","ag":"BLM","ac":634.3,"c":14,"cl":"Unknown","ad":"2018-12-21","cd":"","st":"WA","se":4},"geometry":{"type":"Polygon","coordinates":[[[-120.23413,47.58587],[-120.22869,47.58741],[-120.22379,47.59041],[-120.22266,47.58948],[-120.21381,47.58765],[-120.20978,47.58534],[-120.20854,47.58698],[-120.20736,47.58734],[-120.2035,47.58624],[-120.20464,47.58368],[-120.20778,47.58102],[-120.20749,47.58001],[-120.20582,47.57972],[-120.20605,47.57908],[-120.20723,47.57859],[-120.20946,47.57856],[-120.21097,47.57701],[-120.2151,47.57457],[-120.22147,47.57515],[-120.23564,47.58208],[-120.23413,47.58587]]]},"bbox":[-120.23564,47.57457,-120.2035,47.59041]},{"type":"Feature","id":28556,"properties":{"y":2018,"n":"Harris Mountain","ag":"BLM","ac":6.8,"c":14,"cl":"Unknown","ad":"2018-12-21","cd":"","st":"WA","se":4},"geometry":{"type":"Polygon","coordinates":[[[-119.66599,48.32603],[-119.6678,48.32631],[-119.66789,48.32659],[-119.66764,48.32712],[-119.66775,48.32741],[-119.66689,48.32801],[-119.6662,48.32787],[-119.66655,48.32755],[-119.66467,48.32822],[-119.66393,48.32807],[-119.66682,48.32657],[-119.66599,48.32603]]]},"bbox":[-119.66789,48.32597,-119.6639,48.32822]},{"type":"Feature","id":28558,"properties":{"y":2018,"n":"Petrified Canyon","ag":"BLM","ac":214.6,"c":14,"cl":"Unknown","ad":"2018-12-21","cd":"","st":"WA","se":4},"geometry":{"type":"Polygon","coordinates":[[[-119.916,47.4155],[-119.91418,47.41768],[-119.91069,47.41998],[-119.90847,47.42078],[-119.90851,47.4216],[-119.90759,47.42289],[-119.9076,47.42426],[-119.90666,47.42466],[-119.90246,47.42483],[-119.90319,47.42242],[-119.90062,47.42149],[-119.89882,47.42025],[-119.89826,47.41921],[-119.90236,47.41763],[-119.90393,47.41632],[-119.90477,47.41668],[-119.9058,47.41849],[-119.90822,47.4178],[-119.90911,47.41718],[-119.90981,47.41114],[-119.91113,47.41054],[-119.91181,47.41107],[-119.91529,47.41156],[-119.91657,47.41241],[-119.916,47.4155]]]},"bbox":[-119.91667,47.41054,-119.89826,47.42487]},{"type":"Feature","id":28559,"properties":{"y":2017,"n":"Washburn","ag":"BLM","ac":18.6,"c":14,"cl":"Unknown","ad":"2018-12-21","cd":"","st":"WA","se":4},"geometry":{"type":"Polygon","coordinates":[[[-119.59578,48.82251],[-119.59375,48.82204],[-119.59198,48.82237],[-119.59119,48.82104],[-119.59196,48.82],[-119.59478,48.82032],[-119.5965,48.82174],[-119.59578,48.82251]]]},"bbox":[-119.59654,48.82,-119.59119,48.82251]},{"type":"Feature","id":28560,"properties":{"y":2018,"n":"Trinidad","ag":"BLM","ac":49.3,"c":14,"cl":"Unknown","ad":"2018-12-21","cd":"","st":"WA","se":4},"geometry":{"type":"Polygon","coordinates":[[[-120.03954,47.2358],[-120.03704,47.23645],[-120.03364,47.23643],[-120.03127,47.23497],[-120.03114,47.23448],[-120.03181,47.23413],[-120.03187,47.23344],[-120.03143,47.23338],[-120.03127,47.23394],[-120.02957,47.23401],[-120.0287,47.23347],[-120.03512,47.23283],[-120.03415,47.23363],[-120.03647,47.23303],[-120.0386,47.23437],[-120.03954,47.2358]]]},"bbox":[-120.03959,47.23281,-120.0287,47.23645]},{"type":"Feature","id":28561,"properties":{"y":2018,"n":"Kennewick","ag":"BLM","ac":355.9,"c":14,"cl":"Unknown","ad":"2018-12-21","cd":"","st":"WA","se":4},"geometry":{"type":"Polygon","coordinates":[[[-119.41719,46.21329],[-119.41831,46.21245],[-119.41934,46.2106],[-119.4205,46.21095],[-119.4199,46.21323],[-119.425,46.21333],[-119.42594,46.21238],[-119.42898,46.21162],[-119.4298,46.2134],[-119.43191,46.21373],[-119.43148,46.21441],[-119.42964,46.21447],[-119.42949,46.21554],[-119.42685,46.21653],[-119.42526,46.2202],[-119.42223,46.22102],[-119.42185,46.22205],[-119.42019,46.2225],[-119.41818,46.22115],[-119.41545,46.22058],[-119.41331,46.22083],[-119.41285,46.22024],[-119.41131,46.22036],[-119.41057,46.21978],[-119.4081,46.21925],[-119.4071,46.21981],[-119.40638,46.21914],[-119.40539,46.21909],[-119.40446,46.21981],[-119.4037,46.21978],[-119.40352,46.21875],[-119.40549,46.21837],[-119.40713,46.21643],[-119.40597,46.21437],[-119.40632,46.21385],[-119.40796,46.21319],[-119.41719,46.21329]]]},"bbox":[-119.43191,46.2106,-119.40351,46.2225]},{"type":"Feature","id":28563,"properties":{"y":2018,"n":"Pendall Road","ag":"BLM","ac":220.7,"c":14,"cl":"Unknown","ad":"2018-12-21","cd":"","st":"WA","se":4},"geometry":{"type":"Polygon","coordinates":[[[-119.01592,47.98935],[-119.01434,47.98948],[-119.01263,47.99054],[-119.00538,47.99014],[-119.00656,47.98856],[-119.00142,47.98448],[-119.00037,47.98303],[-119.0009,47.98158],[-119.00564,47.97854],[-119.00854,47.97907],[-119.01039,47.98237],[-119.01197,47.9825],[-119.01263,47.98342],[-119.01302,47.98553],[-119.01645,47.98711],[-119.01592,47.98935]]]},"bbox":[-119.01645,47.97854,-119.00037,47.99054]},{"type":"Feature","id":28564,"properties":{"y":2018,"n":"Babcock Station","ag":"BLM","ac":8.4,"c":14,"cl":"Unknown","ad":"2018-12-21","cd":"","st":"WA","se":4},"geometry":{"type":"Polygon","coordinates":[[[-119.98796,47.06145],[-119.98686,47.06131],[-119.98617,47.06032],[-119.98673,47.05992],[-119.98629,47.05916],[-119.98785,47.05859],[-119.98796,47.06145]]]},"bbox":[-119.98803,47.05859,-119.98617,47.06157]},{"type":"Feature","id":28567,"properties":{"y":2017,"n":"Juniper Ranch","ag":"BLM","ac":100.0,"c":14,"cl":"Unknown","ad":"2018-12-21","cd":"","st":"WA","se":4},"geometry":{"type":"Polygon","coordinates":[[[-118.84882,46.41897],[-118.84323,46.42175],[-118.84239,46.42271],[-118.84108,46.42298],[-118.84091,46.42357],[-118.83954,46.42419],[-118.83853,46.42402],[-118.83726,46.42476],[-118.8359,46.42458],[-118.83317,46.4255],[-118.82997,46.42558],[-118.83279,46.42414],[-118.83516,46.42361],[-118.83511,46.42269],[-118.83598,46.42237],[-118.83564,46.42208],[-118.83759,46.42166],[-118.83823,46.4209],[-118.84115,46.42032],[-118.84063,46.42146],[-118.84243,46.42107],[-118.84184,46.42099],[-118.84199,46.42062],[-118.84623,46.41865],[-118.84558,46.41825],[-118.84311,46.41865],[-118.84271,46.41832],[-118.84462,46.41768],[-118.84427,46.41657],[-118.84695,46.41524],[-118.84967,46.41545],[-118.84926,46.41626],[-118.84979,46.41651],[-118.84891,46.41683],[-118.84844,46.41825],[-118.84896,46.41837],[-118.84882,46.41897]]]},"bbox":[-118.84979,46.41524,-118.82995,46.42573]},{"type":"Feature","id":28568,"properties":{"y":2017,"n":"Whitaker","ag":"BLM","ac":174.2,"c":14,"cl":"Unknown","ad":"2018-12-21","cd":"","st":"WA","se":4},"geometry":{"type":"Polygon","coordinates":[[[-118.43007,47.61326],[-118.4288,47.61275],[-118.4273,47.61043],[-118.42662,47.61071],[-118.42602,47.61228],[-118.42475,47.60925],[-118.42331,47.60825],[-118.42443,47.60828],[-118.42528,47.60766],[-118.42493,47.60697],[-118.42573,47.60585],[-118.42558,47.60483],[-118.4304,47.60421],[-118.43269,47.60591],[-118.43516,47.6061],[-118.43804,47.60752],[-118.43737,47.60931],[-118.43792,47.60986],[-118.4377,47.6108],[-118.43743,47.61045],[-118.4351,47.61052],[-118.43518,47.61112],[-118.43438,47.61144],[-118.43478,47.61187],[-118.43443,47.61279],[-118.43285,47.61358],[-118.43142,47.61349],[-118.43157,47.61229],[-118.43081,47.61238],[-118.43007,47.61326]]]},"bbox":[-118.43807,47.60412,-118.42331,47.61371]},{"type":"Feature","id":28570,"properties":{"y":2018,"n":"Yakitat","ag":"BLM","ac":31.6,"c":14,"cl":"Unknown","ad":"2018-12-21","cd":"","st":"WA","se":4},"geometry":{"type":"Polygon","coordinates":[[[-119.5315,46.26254],[-119.52963,46.26245],[-119.51693,46.26007],[-119.51983,46.26032],[-119.5232,46.25961],[-119.52453,46.25986],[-119.52449,46.26047],[-119.52624,46.26104],[-119.52678,46.26035],[-119.5274,46.26054],[-119.52759,46.2612],[-119.52871,46.2608],[-119.52954,46.2614],[-119.53017,46.26104],[-119.53188,46.26195],[-119.53209,46.26145],[-119.53278,46.26152],[-119.53271,46.2621],[-119.5315,46.26254]]]},"bbox":[-119.5328,46.25961,-119.51693,46.26254]},{"type":"Feature","id":28571,"properties":{"y":2018,"n":"Lake Valley Loop One","ag":"BLM","ac":2.6,"c":14,"cl":"Unknown","ad":"2018-12-21","cd":"","st":"WA","se":4},"geometry":{"type":"Polygon","coordinates":[[[-117.85874,47.35799],[-117.85723,47.35798],[-117.85411,47.3592],[-117.85362,47.35918],[-117.85852,47.35735],[-117.85874,47.35799]]]},"bbox":[-117.85884,47.35734,-117.85362,47.35922]},{"type":"Feature","id":28572,"properties":{"y":2018,"n":"Burbank Creek","ag":"BLM","ac":32.2,"c":14,"cl":"Unknown","ad":"2018-12-21","cd":"","st":"WA","se":4},"geometry":{"type":"Polygon","coordinates":[[[-120.42589,46.77097],[-120.42542,46.77141],[-120.42564,46.77172],[-120.4251,46.77146],[-120.42507,46.77212],[-120.42557,46.77234],[-120.42501,46.77281],[-120.42374,46.77154],[-120.42171,46.77111],[-120.42138,46.77036],[-120.42199,46.76852],[-120.4204,46.7679],[-120.42058,46.76731],[-120.42019,46.76719],[-120.41931,46.7682],[-120.41858,46.7679],[-120.41897,46.76655],[-120.42196,46.76729],[-120.42243,46.76814],[-120.42366,46.76822],[-120.42419,46.76775],[-120.42482,46.76885],[-120.4244,46.76899],[-120.42458,46.76952],[-120.42589,46.77097]]]},"bbox":[-120.42607,46.76652,-120.41858,46.77281]},{"type":"Feature","id":28573,"properties":{"y":2018,"n":"Luma Creek","ag":"BLM","ac":0.2,"c":14,"cl":"Unknown","ad":"2018-12-21","cd":"","st":"WA","se":4},"geometry":{"type":"Polygon","coordinates":[[[-120.45477,46.83788],[-120.45444,46.83779],[-120.45482,46.83774],[-120.45477,46.83788]]]},"bbox":[-120.45482,46.83774,-120.45444,46.83807]},{"type":"Feature","id":28575,"properties":{"y":2017,"n":"Spanish Castle","ag":"BLM","ac":58.2,"c":14,"cl":"Unknown","ad":"2018-12-21","cd":"","st":"WA","se":4},"geometry":{"type":"Polygon","coordinates":[[[-120.08571,47.26165],[-120.08406,47.26093],[-120.08396,47.25969],[-120.08159,47.25922],[-120.08172,47.25714],[-120.08245,47.25604],[-120.08468,47.25517],[-120.08495,47.2568],[-120.08673,47.25663],[-120.0872,47.25713],[-120.08751,47.2565],[-120.08787,47.25675],[-120.08809,47.25867],[-120.08812,47.26092],[-120.08571,47.26165]]]},"bbox":[-120.08824,47.25517,-120.08159,47.26165]},{"type":"Feature","id":28576,"properties":{"y":2019,"n":"Wildhorse","ag":"BLM","ac":49.6,"c":14,"cl":"Unknown","ad":"2020-01-08","cd":"","st":"WA","se":4},"geometry":{"type":"Polygon","coordinates":[[[-119.94844,46.9713],[-119.94803,46.96992],[-119.95248,46.96946],[-119.95934,46.96638],[-119.96073,46.96516],[-119.96116,46.96506],[-119.96176,46.96578],[-119.9593,46.96854],[-119.95495,46.96998],[-119.95465,46.97085],[-119.94844,46.9713]]]},"bbox":[-119.96176,46.96506,-119.94803,46.9713]},{"type":"Feature","id":28577,"properties":{"y":2019,"n":"Mcbee","ag":"BLM","ac":56.0,"c":14,"cl":"Unknown","ad":"2020-01-08","cd":"","st":"WA","se":4},"geometry":{"type":"Polygon","coordinates":[[[-119.53668,46.24396],[-119.53684,46.24558],[-119.534,46.24926],[-119.5313,46.2507],[-119.52982,46.25006],[-119.53077,46.24561],[-119.53668,46.24396]]]},"bbox":[-119.53697,46.24396,-119.52982,46.25071]},{"type":"Feature","id":28578,"properties":{"y":2019,"n":"Mile Marker 5","ag":"BLM","ac":0.8,"c":14,"cl":"Unknown","ad":"2020-01-08","cd":"","st":"WA","se":4},"geometry":{"type":"Polygon","coordinates":[[[-119.82695,46.63269],[-119.82654,46.63308],[-119.82634,46.63309],[-119.82634,46.63249],[-119.82695,46.63269]]]},"bbox":[-119.82695,46.63235,-119.82623,46.63309]},{"type":"Feature","id":28579,"properties":{"y":2019,"n":"Hog Lake","ag":"BLM","ac":1.5,"c":14,"cl":"Unknown","ad":"2020-01-08","cd":"","st":"WA","se":4},"geometry":{"type":"Polygon","coordinates":[[[-117.81318,47.37543],[-117.81265,47.37539],[-117.81229,47.37448],[-117.81317,47.37475],[-117.81318,47.37543]]]},"bbox":[-117.81334,47.37429,-117.81218,47.37544]},{"type":"Feature","id":28580,"properties":{"y":2019,"n":"Esquatzel","ag":"BLM","ac":467.4,"c":14,"cl":"Unknown","ad":"2020-01-08","cd":"","st":"WA","se":4},"geometry":{"type":"Polygon","coordinates":[[[-118.98528,46.47321],[-118.98761,46.47484],[-118.98768,46.47539],[-118.98863,46.47561],[-118.99043,46.4771],[-118.99936,46.48157],[-119.00222,46.48371],[-119.00416,46.48426],[-119.00427,46.48509],[-119.00522,46.48616],[-119.01154,46.48949],[-119.01058,46.48983],[-119.01189,46.49075],[-119.01242,46.49061],[-119.0133,46.49228],[-119.01217,46.49248],[-119.00861,46.49082],[-119.00712,46.49197],[-119.00635,46.49168],[-119.00557,46.49221],[-119.00321,46.49199],[-119.00176,46.49124],[-119.00045,46.49143],[-118.99922,46.49029],[-118.99784,46.49007],[-118.99795,46.48971],[-118.9971,46.48973],[-118.99213,46.48723],[-118.98704,46.4838],[-118.98683,46.48431],[-118.98556,46.48402],[-118.9856,46.48322],[-118.98426,46.48181],[-118.98644,46.48025],[-118.98337,46.47943],[-118.9802,46.47756],[-118.98101,46.47676],[-118.98115,46.47588],[-118.9827,46.47598],[-118.98362,46.47508],[-118.98397,46.47391],[-118.98528,46.47321]]]},"bbox":[-119.0133,46.47321,-118.9802,46.49257]},{"type":"Feature","id":28582,"properties":{"y":2019,"n":"Dodson Road","ag":"BLM","ac":131.2,"c":14,"cl":"Unknown","ad":"2020-01-08","cd":"","st":"WA","se":4},"geometry":{"type":"Polygon","coordinates":[[[-119.57786,47.07203],[-119.57747,47.07224],[-119.57739,47.06941],[-119.57373,47.06983],[-119.57261,47.06707],[-119.5775,47.06631],[-119.5775,47.06473],[-119.57904,47.06486],[-119.5828,47.06397],[-119.57979,47.06329],[-119.58282,47.06201],[-119.58224,47.0612],[-119.58749,47.06121],[-119.58699,47.0619],[-119.58419,47.062],[-119.58439,47.06305],[-119.58782,47.06335],[-119.58303,47.06735],[-119.58224,47.06905],[-119.58024,47.06993],[-119.5795,47.07106],[-119.57766,47.07151],[-119.57786,47.07203]]]},"bbox":[-119.58782,47.0612,-119.57261,47.07224]},{"type":"Feature","id":28583,"properties":{"y":2019,"n":"Washington Creek","ag":"BLM","ac":9.5,"c":14,"cl":"Unknown","ad":"2020-01-08","cd":"","st":"WA","se":4},"geometry":{"type":"Polygon","coordinates":[[[-119.93777,47.92354],[-119.93755,47.92406],[-119.93797,47.92446],[-119.93874,47.92418],[-119.93822,47.92475],[-119.93899,47.92483],[-119.9385,47.92574],[-119.93686,47.92572],[-119.93557,47.925],[-119.93644,47.92504],[-119.93576,47.92408],[-119.93599,47.92357],[-119.93777,47.92354]]]},"bbox":[-119.939,47.92344,-119.93556,47.92574]},{"type":"Feature","id":28584,"properties":{"y":2019,"n":"Saddle Mountain","ag":"BLM","ac":123.9,"c":14,"cl":"Unknown","ad":"2020-01-08","cd":"","st":"WA","se":4},"geometry":{"type":"Polygon","coordinates":[[[-119.89655,46.79268],[-119.89542,46.78992],[-119.89373,46.78771],[-119.89335,46.78383],[-119.89632,46.77801],[-119.89647,46.77516],[-119.89707,46.77805],[-119.89927,46.78183],[-119.89938,46.78423],[-119.90005,46.78515],[-119.89978,46.78715],[-119.89892,46.78787],[-119.89758,46.79138],[-119.89655,46.79268]]]},"bbox":[-119.90005,46.77516,-119.89335,46.79268]},{"type":"Feature","id":28585,"properties":{"y":2019,"n":"Milepost 5","ag":"BLM","ac":33.0,"c":14,"cl":"Unknown","ad":"2020-01-08","cd":"","st":"WA","se":4},"geometry":{"type":"Polygon","coordinates":[[[-119.83791,46.62906],[-119.83929,46.62921],[-119.83929,46.63265],[-119.83866,46.63326],[-119.83473,46.63317],[-119.83543,46.63035],[-119.83791,46.62906]]]},"bbox":[-119.83939,46.62897,-119.83468,46.63326]},{"type":"Feature","id":28586,"properties":{"y":2019,"n":"Cliff","ag":"BLM","ac":62.8,"c":14,"cl":"Unknown","ad":"2020-01-08","cd":"","st":"WA","se":4},"geometry":{"type":"Polygon","coordinates":[[[-119.94649,46.91322],[-119.93938,46.91329],[-119.93867,46.90885],[-119.93934,46.90875],[-119.93939,46.90823],[-119.9465,46.91052],[-119.94649,46.91322]]]},"bbox":[-119.9465,46.90823,-119.93867,46.91335]},{"type":"Feature","id":28588,"properties":{"y":2019,"n":"Lower Goose","ag":"BLM","ac":47.8,"c":14,"cl":"Unknown","ad":"2020-01-08","cd":"","st":"WA","se":4},"geometry":{"type":"Polygon","coordinates":[[[-119.29416,46.91994],[-119.29166,46.91963],[-119.29074,46.91879],[-119.29049,46.91714],[-119.29289,46.91726],[-119.29271,46.91674],[-119.2934,46.91661],[-119.29352,46.91594],[-119.29592,46.91583],[-119.29716,46.91845],[-119.2987,46.91847],[-119.29924,46.91895],[-119.29887,46.92012],[-119.29828,46.91999],[-119.29808,46.91937],[-119.29755,46.91991],[-119.29716,46.91955],[-119.29416,46.91994]]]},"bbox":[-119.29924,46.91569,-119.29048,46.92012]},{"type":"Feature","id":28591,"properties":{"y":2021,"n":"Dennis Rd","ag":"BLM","ac":3.9,"c":14,"cl":"Unknown","ad":"2023-03-14","cd":"","st":"WA","se":1},"geometry":{"type":"Polygon","coordinates":[[[-119.43262,46.21479],[-119.43298,46.21423],[-119.43545,46.21396],[-119.43442,46.21483],[-119.43262,46.21479]]]},"bbox":[-119.43545,46.21391,-119.43252,46.21498]},{"type":"Feature","id":28592,"properties":{"y":2021,"n":"Mcbee Grade","ag":"BLM","ac":87.7,"c":14,"cl":"Unknown","ad":"2023-03-14","cd":"","st":"WA","se":1},"geometry":{"type":"Polygon","coordinates":[[[-119.52081,46.24531],[-119.51663,46.2451],[-119.5146,46.24422],[-119.5136,46.24321],[-119.51116,46.2437],[-119.50964,46.2431],[-119.50739,46.24359],[-119.50623,46.24312],[-119.50093,46.24297],[-119.50038,46.24258],[-119.50666,46.24084],[-119.51201,46.2407],[-119.51613,46.2422],[-119.51961,46.24459],[-119.52102,46.2446],[-119.52081,46.24531]]]},"bbox":[-119.52102,46.24052,-119.50038,46.24531]},{"type":"Feature","id":28593,"properties":{"y":2022,"n":"Punch Bowl","ag":"BLM","ac":0.0,"c":14,"cl":"Unknown","ad":"2023-03-14","cd":"","st":"WA","se":1},"geometry":{"type":"Polygon","coordinates":[[[-119.13043,47.85997],[-119.13027,47.85987],[-119.13056,47.85992],[-119.13043,47.85997]]]},"bbox":[-119.13056,47.85984,-119.13027,47.85997]},{"type":"Feature","id":28594,"properties":{"y":2023,"n":"Sentinal Gap","ag":"BLM","ac":0.0,"c":14,"cl":"Unknown","ad":"2023-11-09","cd":"","st":"WA","se":3},"geometry":{"type":"Polygon","coordinates":[[[-119.92139,46.80682],[-119.92149,46.80683],[-119.92139,46.80685],[-119.92139,46.80682]]]},"bbox":[-119.92152,46.80672,-119.92139,46.80686]},{"type":"Feature","id":28595,"properties":{"y":2024,"n":"Smith Canyon","ag":"BLM","ac":26.4,"c":14,"cl":"Unknown","ad":"2024-12-09","cd":"","st":"WA","se":4},"geometry":{"type":"Polygon","coordinates":[[[-118.9439,46.47236],[-118.94428,46.47365],[-118.94389,46.47516],[-118.94266,46.47668],[-118.94033,46.4779],[-118.94088,46.47695],[-118.94173,46.47246],[-118.94325,46.47181],[-118.9439,46.47236]]]},"bbox":[-118.94428,46.47181,-118.94031,46.47793]},{"type":"Feature","id":28596,"properties":{"y":2022,"n":"Hiawatha West","ag":"BLM","ac":1.5,"c":14,"cl":"Unknown","ad":"2023-03-14","cd":"","st":"WA","se":1},"geometry":{"type":"Polygon","coordinates":[[[-119.46985,47.10974],[-119.46952,47.10954],[-119.46939,47.10898],[-119.4705,47.10942],[-119.47023,47.10997],[-119.46959,47.10985],[-119.46932,47.10966],[-119.46985,47.10974]]]},"bbox":[-119.47051,47.10898,-119.4693,47.10997]},{"type":"Feature","id":28597,"properties":{"y":2022,"n":"Erickson Road","ag":"BLM","ac":6.3,"c":14,"cl":"Unknown","ad":"2023-03-14","cd":"","st":"WA","se":1},"geometry":{"type":"Polygon","coordinates":[[[-118.9467,47.41467],[-118.94814,47.41542],[-118.94672,47.41531],[-118.94629,47.41626],[-118.94464,47.41677],[-118.94382,47.41656],[-118.9467,47.41467]]]},"bbox":[-118.94821,47.41467,-118.94382,47.41677]},{"type":"Feature","id":28598,"properties":{"y":2022,"n":"Sillusi Butte","ag":"BLM","ac":0.7,"c":14,"cl":"Unknown","ad":"2023-03-14","cd":"","st":"WA","se":1},"geometry":{"type":"Polygon","coordinates":[[[-119.32279,45.94231],[-119.32196,45.94223],[-119.32115,45.94187],[-119.32188,45.94183],[-119.32279,45.94231]]]},"bbox":[-119.32281,45.94182,-119.32115,45.94233]},{"type":"Feature","id":28599,"properties":{"y":2022,"n":"Grandview","ag":"BLM","ac":2.7,"c":14,"cl":"Unknown","ad":"2023-03-14","cd":"","st":"WA","se":1},"geometry":{"type":"Polygon","coordinates":[[[-119.66185,48.88572],[-119.66087,48.88496],[-119.66137,48.88452],[-119.66278,48.88505],[-119.66233,48.88602],[-119.66209,48.88534],[-119.66185,48.88572]]]},"bbox":[-119.66279,48.88451,-119.66087,48.88602]},{"type":"Feature","id":28600,"properties":{"y":2021,"n":"Beezley","ag":"BLM","ac":388.0,"c":14,"cl":"Unknown","ad":"2023-03-14","cd":"","st":"WA","se":1},"geometry":{"type":"Polygon","coordinates":[[[-119.76593,47.31548],[-119.76729,47.31495],[-119.76802,47.31383],[-119.77008,47.31421],[-119.76846,47.31335],[-119.76875,47.31293],[-119.76824,47.31257],[-119.76776,47.3127],[-119.76786,47.31324],[-119.76714,47.31404],[-119.76597,47.31431],[-119.76388,47.31265],[-119.76493,47.31164],[-119.76381,47.3113],[-119.76404,47.30985],[-119.76497,47.30925],[-119.76443,47.30879],[-119.76493,47.30824],[-119.76634,47.30854],[-119.76596,47.3081],[-119.76803,47.30643],[-119.76793,47.30589],[-119.7673,47.30532],[-119.76667,47.30608],[-119.76676,47.30526],[-119.76625,47.30487],[-119.76653,47.30441],[-119.76498,47.30383],[-119.76542,47.30238],[-119.76464,47.30326],[-119.76399,47.30317],[-119.76092,47.30077],[-119.76187,47.30062],[-119.75452,47.29346],[-119.76003,47.2933],[-119.76381,47.29748],[-119.76413,47.3],[-119.76364,47.30069],[-119.76644,47.30084],[-119.767,47.30335],[-119.76997,47.3045],[-119.76935,47.30477],[-119.77031,47.30593],[-119.77028,47.30735],[-119.77112,47.30789],[-119.77101,47.30694],[-119.77488,47.3091],[-119.77469,47.31087],[-119.77628,47.3115],[-119.776,47.31223],[-119.77487,47.31238],[-119.77603,47.31286],[-119.77565,47.31428],[-119.7764,47.31447],[-119.77656,47.31511],[-119.77547,47.31587],[-119.77635,47.31621],[-119.77551,47.3175],[-119.7744,47.31729],[-119.77428,47.31783],[-119.773,47.31793],[-119.77503,47.31796],[-119.7767,47.32011],[-119.77734,47.32196],[-119.77653,47.32216],[-119.7761,47.32299],[-119.77479,47.32243],[-119.77458,47.32287],[-119.77423,47.3222],[-119.7727,47.32245],[-119.77166,47.32097],[-119.76971,47.31984],[-119.76912,47.31899],[-119.76769,47.31844],[-119.76754,47.31782],[-119.76874,47.31826],[-119.76877,47.3182],[-119.76741,47.31737],[-119.76747,47.31699],[-119.7654,47.3166],[-119.76653,47.31614],[-119.76593,47.31548]]]},"bbox":[-119.77736,47.29328,-119.75452,47.32299]},{"type":"Feature","id":28601,"properties":{"y":2023,"n":"Burbank Valley","ag":"BLM","ac":54.4,"c":14,"cl":"Unknown","ad":"2023-10-31","cd":"","st":"WA","se":3},"geometry":{"type":"Polygon","coordinates":[[[-120.38909,46.72804],[-120.39021,46.72879],[-120.39249,46.73201],[-120.39242,46.73377],[-120.3914,46.73379],[-120.39191,46.73494],[-120.39087,46.73485],[-120.39053,46.73448],[-120.39081,46.73387],[-120.38987,46.73383],[-120.38926,46.73244],[-120.38877,46.73322],[-120.38803,46.73297],[-120.38738,46.73384],[-120.38644,46.73347],[-120.38609,46.73271],[-120.38564,46.73287],[-120.38637,46.73078],[-120.38909,46.72804]]]},"bbox":[-120.39255,46.72804,-120.38564,46.73498]},{"type":"Feature","id":28602,"properties":{"y":2024,"n":"Square Butte","ag":"BLM","ac":12.6,"c":14,"cl":"Unknown","ad":"2024-12-03","cd":"","st":"WA","se":4},"geometry":{"type":"Polygon","coordinates":[[[-117.85343,47.36364],[-117.85073,47.36383],[-117.84999,47.36312],[-117.85099,47.36217],[-117.85315,47.36207],[-117.85453,47.36293],[-117.85343,47.36364]]]},"bbox":[-117.85454,47.36207,-117.84999,47.36383]},{"type":"Feature","id":28603,"properties":{"y":2024,"n":"Wanapum Cliff","ag":"BLM","ac":0.9,"c":14,"cl":"Unknown","ad":"2024-12-09","cd":"","st":"WA","se":4},"geometry":{"type":"Polygon","coordinates":[[[-119.95185,46.90461],[-119.95219,46.90375],[-119.95194,46.90286],[-119.95236,46.90421],[-119.95185,46.90461]]]},"bbox":[-119.95236,46.90286,-119.95178,46.90461]},{"type":"Feature","id":28604,"properties":{"y":2022,"n":"Little Rocky","ag":"BLM","ac":7.2,"c":14,"cl":"Unknown","ad":"2023-03-14","cd":"","st":"WA","se":1},"geometry":{"type":"Polygon","coordinates":[[[-119.45881,47.26404],[-119.46012,47.26491],[-119.45876,47.26728],[-119.45762,47.26807],[-119.45881,47.26404]]]},"bbox":[-119.46012,47.26404,-119.45762,47.26807]},{"type":"Feature","id":28605,"properties":{"y":2022,"n":"Bailey","ag":"BLM","ac":106.0,"c":14,"cl":"Unknown","ad":"2023-03-14","cd":"","st":"WA","se":1},"geometry":{"type":"Polygon","coordinates":[[[-120.21725,46.45366],[-120.21558,46.45209],[-120.22311,46.44855],[-120.22374,46.44856],[-120.22377,46.44957],[-120.22437,46.45017],[-120.2258,46.44992],[-120.22679,46.45125],[-120.22569,46.45383],[-120.22486,46.45377],[-120.22039,46.45565],[-120.21737,46.45581],[-120.2163,46.45527],[-120.21725,46.45366]],[[-120.21664,46.45282],[-120.21663,46.45281],[-120.21668,46.45284],[-120.21664,46.45282]],[[-120.21663,46.45281],[-120.21657,46.45277],[-120.2166,46.45279],[-120.21663,46.45281]]]},"bbox":[-120.22679,46.44853,-120.21556,46.45581]},{"type":"Feature","id":28606,"properties":{"y":2023,"n":"Bonnie Lake","ag":"BLM","ac":6.8,"c":14,"cl":"Unknown","ad":"2023-10-31","cd":"","st":"WA","se":3},"geometry":{"type":"Polygon","coordinates":[[[-117.57294,47.27023],[-117.57238,47.26785],[-117.57344,47.26785],[-117.57419,47.26828],[-117.57435,47.26938],[-117.57294,47.27023]]]},"bbox":[-117.57437,47.26773,-117.57231,47.27023]},{"type":"Feature","id":28607,"properties":{"y":2023,"n":"Sentinal Bluff","ag":"BLM","ac":0.0,"c":14,"cl":"Unknown","ad":"2023-10-31","cd":"","st":"WA","se":3},"geometry":{"type":"Polygon","coordinates":[[[-119.92191,46.80555],[-119.92187,46.80548],[-119.92192,46.80549],[-119.92191,46.80555]]]},"bbox":[-119.92192,46.80547,-119.92186,46.80557]},{"type":"Feature","id":28608,"properties":{"y":2024,"n":"Roza","ag":"BLM","ac":69.4,"c":14,"cl":"Unknown","ad":"2024-12-03","cd":"","st":"WA","se":4},"geometry":{"type":"Polygon","coordinates":[[[-120.45523,46.73312],[-120.45719,46.73326],[-120.45718,46.73426],[-120.4557,46.7351],[-120.45537,46.736],[-120.45547,46.73683],[-120.45736,46.73813],[-120.45581,46.73811],[-120.45367,46.73663],[-120.45258,46.73685],[-120.45263,46.73785],[-120.45606,46.74011],[-120.45665,46.74073],[-120.45648,46.74131],[-120.45256,46.74186],[-120.45002,46.74171],[-120.44957,46.74088],[-120.44976,46.73885],[-120.45094,46.73733],[-120.45337,46.73559],[-120.45523,46.73312]]]},"bbox":[-120.45736,46.73312,-120.44957,46.74189]},{"type":"Feature","id":28609,"properties":{"y":2024,"n":"Juniper","ag":"BLM","ac":1.7,"c":14,"cl":"Unknown","ad":"2024-12-03","cd":"","st":"WA","se":4},"geometry":{"type":"Polygon","coordinates":[[[-118.93702,46.34318],[-118.93774,46.34327],[-118.9389,46.34326],[-118.93662,46.34368],[-118.93702,46.34318]]]},"bbox":[-118.9389,46.34318,-118.93655,46.34375]},{"type":"Feature","id":28610,"properties":{"y":2022,"n":"Ruppert Road","ag":"BLM","ac":4.6,"c":14,"cl":"Unknown","ad":"2023-03-14","cd":"","st":"WA","se":1},"geometry":{"type":"Polygon","coordinates":[[[-119.42583,46.30892],[-119.42779,46.30903],[-119.42763,46.30943],[-119.42593,46.31018],[-119.4251,46.30952],[-119.42583,46.30892]]]},"bbox":[-119.42779,46.30876,-119.42509,46.31018]},{"type":"Feature","id":28611,"properties":{"y":2022,"n":"Frenchman Coulee","ag":"BLM","ac":2.0,"c":14,"cl":"Unknown","ad":"2023-03-14","cd":"","st":"WA","se":1},"geometry":{"type":"Polygon","coordinates":[[[-119.96771,47.02835],[-119.96628,47.02928],[-119.96574,47.02885],[-119.96676,47.02835],[-119.96771,47.02835]]]},"bbox":[-119.9678,47.02833,-119.96574,47.02928]},{"type":"Feature","id":28612,"properties":{"y":2022,"n":"Lind Coulee","ag":"BLM","ac":61.0,"c":14,"cl":"Unknown","ad":"2023-03-14","cd":"","st":"WA","se":1},"geometry":{"type":"Polygon","coordinates":[[[-119.15904,46.99418],[-119.15956,46.99471],[-119.15856,46.99528],[-119.15467,47.00035],[-119.15569,46.99792],[-119.15555,46.9972],[-119.15715,46.99526],[-119.15635,46.99503],[-119.15638,46.99411],[-119.15498,46.99386],[-119.15584,46.99325],[-119.15592,46.99186],[-119.15656,46.99166],[-119.15696,46.98948],[-119.15801,46.9888],[-119.15966,46.98909],[-119.16084,46.99087],[-119.1605,46.99329],[-119.15904,46.99418]]]},"bbox":[-119.16084,46.98875,-119.15461,47.00041]},{"type":"Feature","id":28613,"properties":{"y":2024,"n":"Wildhorse","ag":"BLM","ac":0.4,"c":14,"cl":"Unknown","ad":"2024-12-09","cd":"","st":"WA","se":4},"geometry":{"type":"Polygon","coordinates":[[[-119.96835,46.97379],[-119.96895,46.97371],[-119.96883,46.97391],[-119.96835,46.97379]]]},"bbox":[-119.96895,46.97343,-119.96832,46.97392]},{"type":"Feature","id":28614,"properties":{"y":2023,"n":"Mcbee Grade","ag":"BLM","ac":19.1,"c":14,"cl":"Unknown","ad":"2023-10-31","cd":"","st":"WA","se":3},"geometry":{"type":"Polygon","coordinates":[[[-119.51451,46.24115],[-119.51448,46.24114],[-119.51451,46.24107],[-119.51468,46.24106],[-119.51445,46.2409],[-119.51367,46.24089],[-119.51342,46.24],[-119.51399,46.23911],[-119.51591,46.23987],[-119.51931,46.24327],[-119.51887,46.24411],[-119.51517,46.24129],[-119.51458,46.24127],[-119.51452,46.24121],[-119.51451,46.24115]],[[-119.51451,46.24116],[-119.51452,46.24119],[-119.51451,46.24116],[-119.51451,46.24116]],[[-119.51451,46.24116],[-119.51451,46.24114],[-119.51451,46.24115],[-119.51451,46.24116]]]},"bbox":[-119.51936,46.23894,-119.51342,46.24413]},{"type":"Feature","id":28615,"properties":{"y":2023,"n":"Saddle Dune","ag":"BLM","ac":1.1,"c":14,"cl":"Unknown","ad":"2023-12-07","cd":"","st":"WA","se":4},"geometry":{"type":"Polygon","coordinates":[[[-119.91787,46.81063],[-119.91964,46.81103],[-119.91846,46.81105],[-119.91787,46.81063]]]},"bbox":[-119.91969,46.81042,-119.91787,46.81105]},{"type":"Feature","id":28616,"properties":{"y":2022,"n":"Juniper Wilderness","ag":"BLM","ac":39.9,"c":14,"cl":"Unknown","ad":"2023-03-14","cd":"","st":"WA","se":1},"geometry":{"type":"Polygon","coordinates":[[[-118.8817,46.39359],[-118.88257,46.39404],[-118.88115,46.39492],[-118.87998,46.3966],[-118.87874,46.39663],[-118.87914,46.39703],[-118.87872,46.39799],[-118.87694,46.39886],[-118.87386,46.40189],[-118.87332,46.40187],[-118.87375,46.40017],[-118.87597,46.39837],[-118.87604,46.39801],[-118.87523,46.39805],[-118.87546,46.39723],[-118.87698,46.39598],[-118.87811,46.39586],[-118.87839,46.39534],[-118.87798,46.39528],[-118.87872,46.39487],[-118.87816,46.39478],[-118.87941,46.39387],[-118.88061,46.39383],[-118.88013,46.39453],[-118.8817,46.39359]]]},"bbox":[-118.88257,46.39359,-118.87327,46.40201]},{"type":"Feature","id":28617,"properties":{"y":2024,"n":"Umtanum","ag":"BLM","ac":412.0,"c":14,"cl":"Unknown","ad":"2024-12-09","cd":"","st":"WA","se":4},"geometry":{"type":"MultiPolygon","coordinates":[[[[-120.46812,46.89574],[-120.46836,46.8943],[-120.46744,46.89322],[-120.46795,46.89202],[-120.47051,46.89039],[-120.46998,46.88904],[-120.47296,46.88675],[-120.47466,46.88674],[-120.47526,46.88748],[-120.47708,46.88545],[-120.4819,46.88579],[-120.48354,46.88549],[-120.48673,46.88381],[-120.49026,46.88354],[-120.49243,46.88436],[-120.4948,46.88702],[-120.49318,46.88752],[-120.48934,46.89191],[-120.48884,46.89303],[-120.48568,46.89243],[-120.48515,46.89349],[-120.48155,46.89326],[-120.48131,46.89418],[-120.47932,46.89519],[-120.47765,46.89521],[-120.47621,46.89441],[-120.47539,46.89456],[-120.47493,46.89548],[-120.47266,46.89503],[-120.47157,46.89574],[-120.47076,46.89556],[-120.47045,46.89449],[-120.46951,46.89431],[-120.46882,46.8947],[-120.46869,46.89591],[-120.46812,46.89574]]],[[[-120.49562,46.88781],[-120.49376,46.88556],[-120.49454,46.88583],[-120.49562,46.88781]]]]},"bbox":[-120.49564,46.88349,-120.46744,46.89591]},{"type":"Feature","id":28618,"properties":{"y":2021,"n":"Mcbee","ag":"BLM","ac":7.5,"c":14,"cl":"Unknown","ad":"2023-03-14","cd":"","st":"WA","se":1},"geometry":{"type":"Polygon","coordinates":[[[-119.55673,46.25145],[-119.55521,46.25114],[-119.55504,46.25038],[-119.55754,46.24986],[-119.55795,46.25099],[-119.55673,46.25145]]]},"bbox":[-119.55795,46.24972,-119.5549,46.25153]},{"type":"Feature","id":28619,"properties":{"y":2021,"n":"Lenore Range","ag":"BLM","ac":16.8,"c":14,"cl":"Unknown","ad":"2023-03-14","cd":"","st":"WA","se":1},"geometry":{"type":"Polygon","coordinates":[[[-119.50789,47.46321],[-119.51111,47.46623],[-119.51065,47.46645],[-119.50785,47.46622],[-119.50803,47.46565],[-119.5073,47.46428],[-119.50583,47.46308],[-119.50789,47.46321]]]},"bbox":[-119.51111,47.46307,-119.50583,47.46659]},{"type":"Feature","id":28620,"properties":{"y":2022,"n":"North Mcnary","ag":"BLM","ac":2.1,"c":14,"cl":"Unknown","ad":"2023-03-14","cd":"","st":"WA","se":1},"geometry":{"type":"Polygon","coordinates":[[[-119.32517,45.93926],[-119.32526,45.94052],[-119.32469,45.94064],[-119.32445,45.93964],[-119.32517,45.93926]]]},"bbox":[-119.32541,45.93926,-119.32431,45.94066]},{"type":"Feature","id":28621,"properties":{"y":2021,"n":"Lenore North","ag":"BLM","ac":13.0,"c":14,"cl":"Unknown","ad":"2023-03-14","cd":"","st":"WA","se":1},"geometry":{"type":"Polygon","coordinates":[[[-119.50098,47.51834],[-119.5017,47.51817],[-119.50338,47.51627],[-119.50289,47.5187],[-119.50146,47.52075],[-119.49969,47.52049],[-119.50098,47.51834]]]},"bbox":[-119.50346,47.51627,-119.49969,47.52075]},{"type":"Feature","id":28622,"properties":{"y":2023,"n":"Crab Creek","ag":"BLM","ac":291.4,"c":14,"cl":"Unknown","ad":"2023-10-31","cd":"","st":"WA","se":3},"geometry":{"type":"Polygon","coordinates":[[[-119.77513,46.82661],[-119.77576,46.82525],[-119.78848,46.82481],[-119.78932,46.8257],[-119.79081,46.82585],[-119.80032,46.8248],[-119.80328,46.8254],[-119.80735,46.82521],[-119.80727,46.82701],[-119.80564,46.82802],[-119.80555,46.82852],[-119.80472,46.82845],[-119.80358,46.82924],[-119.7878,46.83066],[-119.78259,46.83057],[-119.77513,46.82661]]]},"bbox":[-119.80735,46.8248,-119.77513,46.83066]},{"type":"Feature","id":28623,"properties":{"y":2023,"n":"Ione Road","ag":"BLM","ac":108.7,"c":14,"cl":"Unknown","ad":"2023-11-03","cd":"","st":"WA","se":3},"geometry":{"type":"Polygon","coordinates":[[[-119.06854,46.40189],[-119.07139,46.40237],[-119.07132,46.40401],[-119.06341,46.40801],[-119.06356,46.4072],[-119.06298,46.4066],[-119.0586,46.40706],[-119.05743,46.40788],[-119.05944,46.40311],[-119.06067,46.40228],[-119.06854,46.40189]]]},"bbox":[-119.07141,46.40189,-119.05743,46.40802]},{"type":"Feature","id":28624,"properties":{"y":2023,"n":"Sillusi Butte","ag":"BLM","ac":253.6,"c":14,"cl":"Unknown","ad":"2023-11-03","cd":"","st":"WA","se":3},"geometry":{"type":"Polygon","coordinates":[[[-119.32469,45.94226],[-119.32495,45.94313],[-119.32414,45.94583],[-119.32188,45.94795],[-119.31958,45.94899],[-119.31979,45.94861],[-119.31925,45.94846],[-119.31959,45.94822],[-119.31763,45.94903],[-119.31819,45.94844],[-119.317,45.94847],[-119.31582,45.95036],[-119.30908,45.95429],[-119.30726,45.95295],[-119.30915,45.95261],[-119.30929,45.94848],[-119.30869,45.94798],[-119.30605,45.94797],[-119.30641,45.94717],[-119.30556,45.94664],[-119.3092,45.9462],[-119.30489,45.94537],[-119.31417,45.9437],[-119.31691,45.94219],[-119.31903,45.94235],[-119.31971,45.94155],[-119.32237,45.94233],[-119.32469,45.94226]]]},"bbox":[-119.32501,45.94152,-119.30487,45.9543]},{"type":"Feature","id":28625,"properties":{"y":2024,"n":"Carter Rise","ag":"BLM","ac":1.7,"c":14,"cl":"Unknown","ad":"2024-08-02","cd":"","st":"WA","se":2},"geometry":{"type":"MultiPolygon","coordinates":[[[[-119.51578,48.62824],[-119.51604,48.62867],[-119.51676,48.62895],[-119.51534,48.62927],[-119.51516,48.62853],[-119.51578,48.62824]]],[[[-119.51659,48.62903],[-119.51658,48.62905],[-119.51657,48.62904],[-119.51659,48.62903]]]]},"bbox":[-119.51676,48.62824,-119.51512,48.6293]},{"type":"Feature","id":28626,"properties":{"y":2024,"n":"Selah Butte","ag":"BLM","ac":37.0,"c":14,"cl":"Unknown","ad":"2024-10-22","cd":"","st":"WA","se":3},"geometry":{"type":"Polygon","coordinates":[[[-120.44924,46.72052],[-120.44986,46.72091],[-120.44974,46.72145],[-120.45083,46.72154],[-120.45043,46.72193],[-120.45108,46.72273],[-120.44944,46.72451],[-120.44936,46.72603],[-120.448,46.72593],[-120.44785,46.7254],[-120.44869,46.72547],[-120.44889,46.72494],[-120.44704,46.72514],[-120.44663,46.72457],[-120.44627,46.72473],[-120.44496,46.72458],[-120.44576,46.72439],[-120.44494,46.72424],[-120.44507,46.72381],[-120.44588,46.72393],[-120.44686,46.72258],[-120.44861,46.7218],[-120.44759,46.72148],[-120.44664,46.72223],[-120.44711,46.72144],[-120.44522,46.72286],[-120.44404,46.72275],[-120.44574,46.72139],[-120.44924,46.72052]]]},"bbox":[-120.45108,46.72052,-120.44404,46.72605]},{"type":"Feature","id":28627,"properties":{"y":2024,"n":"Haynes Canyon","ag":"BLM","ac":3.4,"c":14,"cl":"Unknown","ad":"2024-12-09","cd":"","st":"WA","se":4},"geometry":{"type":"Polygon","coordinates":[[[-119.34665,47.61882],[-119.34513,47.6196],[-119.34485,47.61946],[-119.34572,47.61821],[-119.34668,47.61812],[-119.34665,47.61882]]]},"bbox":[-119.3469,47.61808,-119.34484,47.61961]},{"type":"Feature","id":28628,"properties":{"y":2020,"n":"Gibbon","ag":"BLM","ac":845.1,"c":14,"cl":"Unknown","ad":"2023-03-14","cd":"","st":"WA","se":1},"geometry":{"type":"Polygon","coordinates":[[[-119.60877,46.24128],[-119.61752,46.24098],[-119.61927,46.24048],[-119.62167,46.24078],[-119.62321,46.24007],[-119.62442,46.24042],[-119.62563,46.23948],[-119.6263,46.24007],[-119.62608,46.24152],[-119.62684,46.24245],[-119.62856,46.24247],[-119.63023,46.2431],[-119.62748,46.2442],[-119.62548,46.24569],[-119.62133,46.24587],[-119.62035,46.24636],[-119.61906,46.2483],[-119.61675,46.24936],[-119.60624,46.25245],[-119.60595,46.2517],[-119.60289,46.25099],[-119.60249,46.2504],[-119.59919,46.25075],[-119.59198,46.25273],[-119.58947,46.25242],[-119.58363,46.25289],[-119.58219,46.25073],[-119.5815,46.24316],[-119.59214,46.24333],[-119.59729,46.24159],[-119.60041,46.24203],[-119.60339,46.24082],[-119.60877,46.24128]]]},"bbox":[-119.63023,46.23948,-119.5815,46.25289]},{"type":"Feature","id":28629,"properties":{"y":2024,"n":"Yakima River","ag":"BLM","ac":0.3,"c":14,"cl":"Unknown","ad":"2024-11-18","cd":"","st":"WA","se":3},"geometry":{"type":"Polygon","coordinates":[[[-120.44926,46.72614],[-120.44856,46.72623],[-120.44835,46.72614],[-120.44899,46.72601],[-120.44926,46.72614]]]},"bbox":[-120.44927,46.72601,-120.44835,46.72623]},{"type":"Feature","id":28630,"properties":{"y":2020,"n":"Road Sixteen","ag":"BLM","ac":113.0,"c":14,"cl":"Unknown","ad":"2021-05-04","cd":"","st":"WA","se":1},"geometry":{"type":"Polygon","coordinates":[[[-119.31519,47.30897],[-119.31591,47.31338],[-119.31495,47.31517],[-119.31303,47.31676],[-119.31177,47.31924],[-119.3078,47.31864],[-119.30744,47.31618],[-119.30945,47.31463],[-119.31036,47.30914],[-119.31519,47.30897]]]},"bbox":[-119.31591,47.30897,-119.30744,47.31924]},{"type":"Feature","id":28631,"properties":{"y":2022,"n":"Douglas","ag":"BLM","ac":7.8,"c":14,"cl":"Unknown","ad":"2023-03-14","cd":"","st":"WA","se":1},"geometry":{"type":"Polygon","coordinates":[[[-120.15213,47.38356],[-120.14666,47.38308],[-120.14492,47.3825],[-120.14536,47.38208],[-120.15213,47.38356]]]},"bbox":[-120.15213,47.38208,-120.14492,47.38378]},{"type":"Feature","id":28632,"properties":{"y":2023,"n":"Clark Pond","ag":"BLM","ac":111.7,"c":14,"cl":"Unknown","ad":"2023-07-01","cd":"","st":"WA","se":2},"geometry":{"type":"Polygon","coordinates":[[[-119.06643,46.51808],[-119.07016,46.51876],[-119.06883,46.52169],[-119.06924,46.52274],[-119.06988,46.52392],[-119.07138,46.52433],[-119.07309,46.52555],[-119.07178,46.52723],[-119.07133,46.52875],[-119.06144,46.52746],[-119.06279,46.52614],[-119.06611,46.52439],[-119.06643,46.51808]]]},"bbox":[-119.07309,46.51808,-119.06144,46.52875]},{"type":"Feature","id":28633,"properties":{"y":2023,"n":"Selah Cliffs","ag":"BLM","ac":102.8,"c":14,"cl":"Unknown","ad":"2023-10-31","cd":"","st":"WA","se":3},"geometry":{"type":"Polygon","coordinates":[[[-120.45393,46.72111],[-120.44853,46.72112],[-120.44794,46.72014],[-120.45114,46.71874],[-120.4515,46.71793],[-120.45385,46.71674],[-120.45277,46.71687],[-120.45156,46.71436],[-120.45157,46.71272],[-120.45241,46.71279],[-120.45321,46.71376],[-120.45489,46.71385],[-120.45521,46.71474],[-120.45528,46.71388],[-120.45636,46.71342],[-120.45567,46.71194],[-120.45693,46.71198],[-120.45731,46.71264],[-120.45776,46.7124],[-120.45853,46.71304],[-120.45792,46.71493],[-120.45827,46.71607],[-120.45767,46.71643],[-120.46001,46.71598],[-120.45746,46.71731],[-120.45539,46.72001],[-120.45393,46.72111]]]},"bbox":[-120.46001,46.7119,-120.44794,46.72139]},{"type":"Feature","id":28634,"properties":{"y":2023,"n":"South Slope","ag":"BLM","ac":358.4,"c":14,"cl":"Unknown","ad":"2023-10-31","cd":"","st":"WA","se":3},"geometry":{"type":"Polygon","coordinates":[[[-120.44826,46.72602],[-120.44972,46.72784],[-120.45054,46.72781],[-120.45101,46.72874],[-120.44924,46.73],[-120.44819,46.72965],[-120.44795,46.73032],[-120.4474,46.73033],[-120.44766,46.73085],[-120.44416,46.7324],[-120.44463,46.7328],[-120.44406,46.73438],[-120.44261,46.73457],[-120.44046,46.73658],[-120.43791,46.73716],[-120.43725,46.73679],[-120.43588,46.73722],[-120.43558,46.73678],[-120.43452,46.73679],[-120.43386,46.73658],[-120.43432,46.73656],[-120.43385,46.73607],[-120.43444,46.73603],[-120.43339,46.73485],[-120.43556,46.73129],[-120.43249,46.7269],[-120.43254,46.72508],[-120.43361,46.72355],[-120.43634,46.7229],[-120.4399,46.72285],[-120.4457,46.72417],[-120.44582,46.72453],[-120.44859,46.72473],[-120.44905,46.72489],[-120.44826,46.72602]]]},"bbox":[-120.45101,46.72285,-120.43249,46.73725]},{"type":"Feature","id":28635,"properties":{"y":2024,"n":"Corbaley Drive","ag":"BLM","ac":0.1,"c":14,"cl":"Unknown","ad":"2024-12-09","cd":"","st":"WA","se":4},"geometry":{"type":"Polygon","coordinates":[[[-120.20124,47.63064],[-120.20149,47.63071],[-120.20141,47.63074],[-120.20124,47.63064]]]},"bbox":[-120.20149,47.63041,-120.20122,47.63074]},{"type":"Feature","id":28636,"properties":{"y":2021,"n":"Travis Road","ag":"BLM","ac":0.4,"c":14,"cl":"Unknown","ad":"2023-03-14","cd":"","st":"WA","se":1},"geometry":{"type":"Polygon","coordinates":[[[-119.45644,46.19301],[-119.45678,46.19279],[-119.45662,46.19339],[-119.45644,46.19301]]]},"bbox":[-119.45678,46.19264,-119.45644,46.19339]},{"type":"Feature","id":28637,"properties":{"y":2020,"n":"Grandview","ag":"BLM","ac":60.5,"c":14,"cl":"Unknown","ad":"2023-03-14","cd":"","st":"WA","se":1},"geometry":{"type":"Polygon","coordinates":[[[-119.32596,46.18693],[-119.32131,46.18662],[-119.32142,46.18504],[-119.32033,46.18459],[-119.3221,46.18239],[-119.32597,46.18375],[-119.32733,46.18356],[-119.33135,46.18578],[-119.32596,46.18693]]]},"bbox":[-119.33135,46.18239,-119.32033,46.18693]},{"type":"Feature","id":28638,"properties":{"y":2020,"n":"Mud Flats","ag":"BLM","ac":0.0,"c":14,"cl":"Unknown","ad":"2023-03-14","cd":"","st":"WA","se":1},"geometry":{"type":"Polygon","coordinates":[[[-119.33787,47.0532],[-119.33797,47.05314],[-119.33801,47.0532],[-119.33787,47.0532]]]},"bbox":[-119.33801,47.05313,-119.33786,47.05324]},{"type":"Feature","id":28639,"properties":{"y":2022,"n":"Lower Crab","ag":"BLM","ac":46.6,"c":14,"cl":"Unknown","ad":"2023-03-14","cd":"","st":"WA","se":1},"geometry":{"type":"Polygon","coordinates":[[[-119.81813,46.82555],[-119.81478,46.82813],[-119.8128,46.82764],[-119.81151,46.82683],[-119.81081,46.82559],[-119.81077,46.8242],[-119.81474,46.82389],[-119.81538,46.8249],[-119.8158,46.82373],[-119.81725,46.82367],[-119.81751,46.8251],[-119.81813,46.82555]]]},"bbox":[-119.81813,46.82367,-119.81077,46.82813]},{"type":"Feature","id":28640,"properties":{"y":2023,"n":"Russell","ag":"BLM","ac":178.3,"c":14,"cl":"Unknown","ad":"2023-07-01","cd":"","st":"WA","se":2},"geometry":{"type":"Polygon","coordinates":[[[-119.01398,46.5234],[-119.01261,46.52199],[-119.01081,46.51701],[-119.00582,46.51159],[-119.00599,46.50854],[-119.00964,46.50334],[-119.01492,46.49887],[-119.01404,46.50573],[-119.0114,46.51293],[-119.01123,46.51478],[-119.01165,46.51739],[-119.01398,46.5234]]]},"bbox":[-119.01492,46.49887,-119.00582,46.5234]},{"type":"Feature","id":28641,"properties":{"y":2023,"n":"Cache Butte","ag":"BLM","ac":36.6,"c":14,"cl":"Unknown","ad":"2023-10-31","cd":"","st":"WA","se":3},"geometry":{"type":"Polygon","coordinates":[[[-119.16423,47.90545],[-119.16498,47.90307],[-119.16605,47.90316],[-119.16631,47.90261],[-119.16895,47.90269],[-119.16899,47.90616],[-119.16809,47.90612],[-119.16724,47.90766],[-119.16589,47.90686],[-119.16548,47.90709],[-119.16423,47.90545]]]},"bbox":[-119.16905,47.9026,-119.1642,47.90767]},{"type":"Feature","id":28642,"properties":{"y":2022,"n":"Babcock Lake","ag":"BLM","ac":0.3,"c":14,"cl":"Unknown","ad":"2023-03-14","cd":"","st":"WA","se":1},"geometry":{"type":"Polygon","coordinates":[[[-119.9304,47.2381],[-119.9305,47.23847],[-119.92997,47.2383],[-119.92995,47.23825],[-119.9304,47.2381]]]},"bbox":[-119.93055,47.23809,-119.92995,47.23849]},{"type":"Feature","id":28643,"properties":{"y":2022,"n":"Sand Dune","ag":"BLM","ac":0.1,"c":14,"cl":"Unknown","ad":"2023-03-14","cd":"","st":"WA","se":1},"geometry":{"type":"Polygon","coordinates":[[[-119.33396,47.07872],[-119.3337,47.0787],[-119.33372,47.07867],[-119.33396,47.07872]]]},"bbox":[-119.33398,47.07865,-119.3337,47.07888]},{"type":"Feature","id":28644,"properties":{"y":2023,"n":"Sillusi","ag":"BLM","ac":37.1,"c":14,"cl":"Unknown","ad":"2023-10-31","cd":"","st":"WA","se":3},"geometry":{"type":"Polygon","coordinates":[[[-119.27389,45.953],[-119.27103,45.95324],[-119.27052,45.95247],[-119.26695,45.95235],[-119.26805,45.95095],[-119.26786,45.95015],[-119.26931,45.94955],[-119.27315,45.94918],[-119.27371,45.94992],[-119.27216,45.95106],[-119.27389,45.953]]]},"bbox":[-119.27389,45.94918,-119.26695,45.95326]},{"type":"Feature","id":28645,"properties":{"y":2021,"n":"Selah Butte","ag":"BLM","ac":6.9,"c":14,"cl":"Unknown","ad":"2023-03-14","cd":"","st":"WA","se":1},"geometry":{"type":"Polygon","coordinates":[[[-120.44918,46.73707],[-120.44853,46.73699],[-120.44696,46.73509],[-120.44787,46.7349],[-120.4502,46.73603],[-120.44918,46.73707]]]},"bbox":[-120.4502,46.7349,-120.44696,46.73711]},{"type":"Feature","id":28646,"properties":{"y":2022,"n":"Dennis","ag":"BLM","ac":6.9,"c":14,"cl":"Unknown","ad":"2023-03-14","cd":"","st":"WA","se":1},"geometry":{"type":"Polygon","coordinates":[[[-119.43409,46.21132],[-119.4354,46.21105],[-119.43416,46.21328],[-119.43297,46.21417],[-119.43308,46.21301],[-119.43409,46.21132]]]},"bbox":[-119.4354,46.21097,-119.43281,46.21419]},{"type":"Feature","id":28647,"properties":{"y":2022,"n":"Kuch Lake","ag":"BLM","ac":30.9,"c":14,"cl":"Unknown","ad":"2023-03-14","cd":"","st":"WA","se":1},"geometry":{"type":"Polygon","coordinates":[[[-118.91307,47.42418],[-118.91163,47.42388],[-118.91261,47.42362],[-118.91399,47.42237],[-118.91777,47.42087],[-118.91966,47.42071],[-118.92158,47.42143],[-118.92135,47.42207],[-118.91988,47.42297],[-118.91862,47.42302],[-118.91939,47.42256],[-118.91881,47.42173],[-118.91702,47.42324],[-118.91307,47.42418]]]},"bbox":[-118.92159,47.4207,-118.91163,47.42421]},{"type":"Feature","id":28648,"properties":{"y":2022,"n":"Barber Mountain","ag":"BLM","ac":41.4,"c":14,"cl":"Unknown","ad":"2023-03-14","cd":"","st":"WA","se":1},"geometry":{"type":"Polygon","coordinates":[[[-119.68725,48.99251],[-119.68733,48.99035],[-119.69011,48.98908],[-119.69246,48.98887],[-119.69316,48.99013],[-119.69301,48.99078],[-119.69354,48.99117],[-119.69271,48.99112],[-119.69317,48.99155],[-119.69245,48.99148],[-119.69215,48.99233],[-119.69107,48.992],[-119.69068,48.99337],[-119.68957,48.99332],[-119.6893,48.99398],[-119.68868,48.99413],[-119.68788,48.99406],[-119.68725,48.99251]]]},"bbox":[-119.69354,48.98881,-119.68712,48.99413]},{"type":"Feature","id":28649,"properties":{"y":2022,"n":"Hiawatha South","ag":"BLM","ac":89.5,"c":14,"cl":"Unknown","ad":"2023-03-14","cd":"","st":"WA","se":1},"geometry":{"type":"MultiPolygon","coordinates":[[[[-119.47086,47.10509],[-119.47089,47.10608],[-119.47069,47.10694],[-119.46904,47.10737],[-119.46877,47.10654],[-119.46821,47.10655],[-119.46759,47.10694],[-119.4669,47.10861],[-119.46415,47.10902],[-119.46439,47.111],[-119.46196,47.1103],[-119.45972,47.11051],[-119.45978,47.10873],[-119.45826,47.1073],[-119.45939,47.10727],[-119.4609,47.10803],[-119.46197,47.10746],[-119.46213,47.10683],[-119.46081,47.10648],[-119.46109,47.10619],[-119.46101,47.10602],[-119.46103,47.10586],[-119.46105,47.10584],[-119.46105,47.10584],[-119.46105,47.10583],[-119.46105,47.10583],[-119.46092,47.10574],[-119.46097,47.10564],[-119.46087,47.10551],[-119.46088,47.10542],[-119.46088,47.1054],[-119.46082,47.10529],[-119.46083,47.10517],[-119.46072,47.10488],[-119.46073,47.10487],[-119.46078,47.10477],[-119.46078,47.10465],[-119.46081,47.10463],[-119.46351,47.10459],[-119.46407,47.10462],[-119.46675,47.10459],[-119.46853,47.10462],[-119.46888,47.10459],[-119.46905,47.1046],[-119.4691,47.10463],[-119.46954,47.1046],[-119.4707,47.10459],[-119.47079,47.10464],[-119.47078,47.10468],[-119.47081,47.10474],[-119.47081,47.10495],[-119.47086,47.10509]],[[-119.46105,47.10583],[-119.46105,47.10583],[-119.46106,47.10583],[-119.46105,47.10583]],[[-119.46097,47.10564],[-119.46097,47.10564],[-119.46097,47.10563],[-119.46097,47.10564]],[[-119.46088,47.10542],[-119.46088,47.10542],[-119.46088,47.10542],[-119.46088,47.10542]],[[-119.46105,47.10583],[-119.46105,47.10583],[-119.46105,47.10583],[-119.46105,47.10583]],[[-119.46905,47.10461],[-119.46904,47.10461],[-119.46904,47.10461],[-119.46905,47.10461]],[[-119.46943,47.10461],[-119.46943,47.10461],[-119.46943,47.10461],[-119.46943,47.10461]],[[-119.46944,47.10461],[-119.46944,47.10461],[-119.46944,47.10461],[-119.46944,47.10461]],[[-119.4696,47.10696],[-119.46959,47.10696],[-119.4696,47.10696],[-119.4696,47.10696]],[[-119.47071,47.10678],[-119.47071,47.10677],[-119.47071,47.10677],[-119.47071,47.10678]],[[-119.47081,47.10474],[-119.47081,47.10475],[-119.47081,47.10474],[-119.47081,47.10474]],[[-119.47084,47.10517],[-119.47084,47.10517],[-119.47084,47.10517],[-119.47084,47.10517]],[[-119.47084,47.10524],[-119.47084,47.10524],[-119.47084,47.10524],[-119.47084,47.10524]]],[[[-119.46073,47.10487],[-119.46073,47.10487],[-119.46073,47.10487],[-119.46073,47.10487]]],[[[-119.46088,47.10542],[-119.46088,47.10542],[-119.46087,47.10542],[-119.46088,47.10542]]],[[[-119.46088,47.10542],[-119.46088,47.10542],[-119.46088,47.10542],[-119.46088,47.10542]]],[[[-119.46088,47.10542],[-119.46088,47.10543],[-119.46088,47.10542],[-119.46088,47.10542]]],[[[-119.46104,47.10583],[-119.46104,47.10584],[-119.46104,47.10583],[-119.46104,47.10583],[-119.46104,47.10583],[-119.46104,47.10583],[-119.46104,47.10583],[-119.46104,47.10583]]],[[[-119.46104,47.10583],[-119.46104,47.10583],[-119.46104,47.10583],[-119.46104,47.10583]]],[[[-119.46104,47.10583],[-119.46104,47.10583],[-119.46104,47.10583],[-119.46104,47.10583]]],[[[-119.46104,47.10583],[-119.46104,47.10583],[-119.46104,47.10583],[-119.46104,47.10583]]],[[[-119.46104,47.10583],[-119.46104,47.10583],[-119.46104,47.10583],[-119.46104,47.10583]]],[[[-119.46104,47.10583],[-119.46104,47.10583],[-119.46104,47.10583],[-119.46104,47.10583]]],[[[-119.46104,47.10583],[-119.46104,47.10583],[-119.46104,47.10583],[-119.46104,47.10583]]],[[[-119.46104,47.10583],[-119.46104,47.10583],[-119.46104,47.10583],[-119.46104,47.10583]]],[[[-119.46104,47.10583],[-119.46104,47.10583],[-119.46104,47.10583],[-119.46104,47.10583]]],[[[-119.46105,47.10583],[-119.46104,47.10583],[-119.46104,47.10583],[-119.46105,47.10583]]],[[[-119.46104,47.10583],[-119.46104,47.10583],[-119.46104,47.10583],[-119.46104,47.10583]]],[[[-119.46104,47.10583],[-119.46104,47.10583],[-119.46104,47.10583],[-119.46104,47.10583]]],[[[-119.46104,47.10583],[-119.46104,47.10583],[-119.46104,47.10583],[-119.46104,47.10583]]],[[[-119.46104,47.10583],[-119.46104,47.10584],[-119.46104,47.10584],[-119.46104,47.10583]]],[[[-119.46104,47.10583],[-119.46104,47.10583],[-119.46104,47.10583],[-119.46104,47.10583]]],[[[-119.46104,47.10583],[-119.46104,47.10583],[-119.46104,47.10583],[-119.46104,47.10583]]],[[[-119.46104,47.10583],[-119.46104,47.10583],[-119.46104,47.10583],[-119.46104,47.10583]]],[[[-119.46104,47.10584],[-119.46104,47.10584],[-119.46104,47.10584],[-119.46104,47.10584]]],[[[-119.46105,47.10584],[-119.46105,47.10584],[-119.46105,47.10584],[-119.46105,47.10584]]],[[[-119.46105,47.10584],[-119.46104,47.10583],[-119.46104,47.10583],[-119.46105,47.10584]]],[[[-119.46104,47.10583],[-119.46104,47.10583],[-119.46105,47.10583],[-119.46104,47.10583]]],[[[-119.46105,47.10583],[-119.46105,47.10583],[-119.46105,47.10583],[-119.46105,47.10583]]],[[[-119.46845,47.1046],[-119.46845,47.1046],[-119.46845,47.1046],[-119.46845,47.1046]]],[[[-119.46845,47.1046],[-119.46844,47.1046],[-119.46845,47.1046],[-119.46845,47.1046]]],[[[-119.46845,47.1046],[-119.46845,47.1046],[-119.46845,47.1046],[-119.46845,47.1046]]]]},"bbox":[-119.47089,47.10459,-119.45826,47.111]},{"type":"Feature","id":28650,"properties":{"y":2022,"n":"Hunter Canal","ag":"BLM","ac":45.0,"c":14,"cl":"Unknown","ad":"2023-03-14","cd":"","st":"WA","se":1},"geometry":{"type":"MultiPolygon","coordinates":[[[[-119.58262,47.3499],[-119.58263,47.3499],[-119.58262,47.3499],[-119.58262,47.3499]]],[[[-119.58262,47.3499],[-119.5827,47.34885],[-119.58318,47.34909],[-119.58331,47.34864],[-119.58219,47.34738],[-119.58212,47.34725],[-119.5823,47.34718],[-119.58193,47.3471],[-119.58192,47.34697],[-119.58374,47.34741],[-119.58532,47.34834],[-119.58537,47.34896],[-119.58605,47.34854],[-119.58692,47.34895],[-119.58803,47.35121],[-119.58728,47.35422],[-119.58647,47.35455],[-119.58533,47.35367],[-119.5848,47.35284],[-119.58518,47.35198],[-119.58421,47.35188],[-119.58471,47.35106],[-119.58348,47.35101],[-119.58262,47.3499]],[[-119.58219,47.34736],[-119.58218,47.34736],[-119.58218,47.34736],[-119.58219,47.34736]]]]},"bbox":[-119.58803,47.3469,-119.58191,47.35457]},{"type":"Feature","id":28651,"properties":{"y":2023,"n":"South Frontage","ag":"BLM","ac":1.4,"c":14,"cl":"Unknown","ad":"2023-07-01","cd":"","st":"WA","se":2},"geometry":{"type":"Polygon","coordinates":[[[-119.38264,47.08382],[-119.38387,47.08356],[-119.38422,47.08403],[-119.38304,47.08412],[-119.38264,47.08382]]]},"bbox":[-119.38422,47.08356,-119.38264,47.0842]},{"type":"Feature","id":28652,"properties":{"y":2023,"n":"Juniper Sand Dunes","ag":"BLM","ac":0.1,"c":14,"cl":"Unknown","ad":"2023-10-31","cd":"","st":"WA","se":3},"geometry":{"type":"Polygon","coordinates":[[[-118.91173,46.34856],[-118.91187,46.34864],[-118.91157,46.34861],[-118.91173,46.34856]]]},"bbox":[-118.91209,46.34854,-118.91157,46.34864]},{"type":"Feature","id":28653,"properties":{"y":2024,"n":"Deringer","ag":"BLM","ac":0.6,"c":14,"cl":"Unknown","ad":"2024-08-02","cd":"","st":"WA","se":2},"geometry":{"type":"Polygon","coordinates":[[[-119.28963,47.23278],[-119.2903,47.23292],[-119.29113,47.23361],[-119.28963,47.23278]]]},"bbox":[-119.29113,47.23268,-119.28963,47.23361]},{"type":"Feature","id":28654,"properties":{"y":2022,"n":"Adams","ag":"BLM","ac":181.8,"c":14,"cl":"Unknown","ad":"2023-03-14","cd":"","st":"WA","se":1},"geometry":{"type":"Polygon","coordinates":[[[-119.73927,47.01601],[-119.73909,47.01537],[-119.73961,47.01473],[-119.73901,47.01452],[-119.73885,47.01341],[-119.73984,47.01267],[-119.74602,47.01199],[-119.74882,47.0126],[-119.7525,47.01231],[-119.75329,47.0133],[-119.7544,47.0136],[-119.75303,47.01517],[-119.75695,47.01794],[-119.75389,47.01771],[-119.75015,47.01834],[-119.74773,47.01798],[-119.74597,47.0189],[-119.74419,47.0191],[-119.74432,47.01941],[-119.74331,47.01999],[-119.74135,47.02019],[-119.74002,47.01905],[-119.73916,47.01918],[-119.73883,47.0186],[-119.74358,47.01764],[-119.74476,47.01701],[-119.74469,47.016],[-119.73927,47.01601]]]},"bbox":[-119.75695,47.01199,-119.73883,47.02019]},{"type":"Feature","id":28655,"properties":{"y":2022,"n":"Wanapum Lake","ag":"BLM","ac":0.0,"c":14,"cl":"Unknown","ad":"2023-03-14","cd":"","st":"WA","se":1},"geometry":{"type":"Polygon","coordinates":[[[-119.94849,46.90627],[-119.9485,46.90633],[-119.94846,46.90633],[-119.94849,46.90627]]]},"bbox":[-119.94853,46.90626,-119.94846,46.90634]},{"type":"Feature","id":28656,"properties":{"y":2021,"n":"Barrel","ag":"BLM","ac":0.4,"c":14,"cl":"Unknown","ad":"2023-03-14","cd":"","st":"WA","se":1},"geometry":{"type":"Polygon","coordinates":[[[-119.83679,46.54589],[-119.83621,46.54606],[-119.83582,46.54631],[-119.83592,46.54591],[-119.83679,46.54589]]]},"bbox":[-119.83679,46.54578,-119.8358,46.54631]},{"type":"Feature","id":28657,"properties":{"y":2022,"n":"Babcock Draw","ag":"BLM","ac":0.0,"c":14,"cl":"Unknown","ad":"2023-03-14","cd":"","st":"WA","se":1},"geometry":{"type":"Polygon","coordinates":[[[-119.96937,47.00584],[-119.96935,47.00588],[-119.96932,47.00585],[-119.96937,47.00584]]]},"bbox":[-119.96937,47.00584,-119.96932,47.00588]},{"type":"Feature","id":28658,"properties":{"y":2023,"n":"Miller Ranch","ag":"BLM","ac":9.6,"c":14,"cl":"Unknown","ad":"2023-11-09","cd":"","st":"WA","se":3},"geometry":{"type":"Polygon","coordinates":[[[-117.86093,47.33316],[-117.86143,47.33195],[-117.86251,47.33146],[-117.86353,47.33164],[-117.8628,47.33335],[-117.86082,47.33397],[-117.86029,47.33351],[-117.86093,47.33316]]]},"bbox":[-117.86355,47.33146,-117.86029,47.334]},{"type":"Feature","id":28659,"properties":{"y":2024,"n":"Black Rock Lot","ag":"BLM","ac":0.5,"c":14,"cl":"Unknown","ad":"2024-12-03","cd":"","st":"WA","se":4},"geometry":{"type":"MultiPolygon","coordinates":[[[[-119.20033,47.23303],[-119.19942,47.2329],[-119.20039,47.23292],[-119.20033,47.23303]]],[[[-119.2001,47.23339],[-119.20049,47.23307],[-119.20079,47.23315],[-119.20059,47.23336],[-119.2001,47.23339]]]]},"bbox":[-119.20079,47.2329,-119.19941,47.23342]},{"type":"Feature","id":28660,"properties":{"y":2022,"n":"Miller","ag":"BLM","ac":5.3,"c":14,"cl":"Unknown","ad":"2023-03-14","cd":"","st":"WA","se":1},"geometry":{"type":"Polygon","coordinates":[[[-117.8769,47.32496],[-117.87598,47.32407],[-117.8771,47.32293],[-117.87796,47.3238],[-117.8769,47.32496]]]},"bbox":[-117.87796,47.32293,-117.87595,47.32503]},{"type":"Feature","id":28661,"properties":{"y":2023,"n":"Corbaley Canyon","ag":"BLM","ac":75.7,"c":14,"cl":"Unknown","ad":"2023-10-31","cd":"","st":"WA","se":3},"geometry":{"type":"Polygon","coordinates":[[[-120.20384,47.63233],[-120.20553,47.63316],[-120.2105,47.63344],[-120.20983,47.63462],[-120.21112,47.63525],[-120.21145,47.63478],[-120.21199,47.63493],[-120.21237,47.63639],[-120.21162,47.63759],[-120.21206,47.63833],[-120.21128,47.63881],[-120.20929,47.63881],[-120.20922,47.63831],[-120.20773,47.63743],[-120.20556,47.63687],[-120.20501,47.63715],[-120.20324,47.63638],[-120.20251,47.63518],[-120.20087,47.63559],[-120.20342,47.63425],[-120.20393,47.63458],[-120.2048,47.63418],[-120.20352,47.6338],[-120.20384,47.63325],[-120.20337,47.63266],[-120.20384,47.63233]]]},"bbox":[-120.21237,47.63233,-120.20087,47.63884]},{"type":"Feature","id":28662,"properties":{"y":2023,"n":"O'Sullivan Dam Road","ag":"BLM","ac":1.6,"c":14,"cl":"Unknown","ad":"2023-10-31","cd":"","st":"WA","se":3},"geometry":{"type":"Polygon","coordinates":[[[-119.35667,46.97111],[-119.35412,46.97079],[-119.35704,46.97078],[-119.35667,46.97111]]]},"bbox":[-119.35704,46.97077,-119.35376,46.97112]},{"type":"Feature","id":28663,"properties":{"y":2024,"n":"Folsom","ag":"BLM","ac":0.5,"c":14,"cl":"Unknown","ad":"2024-06-26","cd":"","st":"WA","se":2},"geometry":{"type":"Polygon","coordinates":[[[-117.83076,47.36686],[-117.83054,47.36712],[-117.83,47.3668],[-117.83076,47.36686]]]},"bbox":[-117.83093,47.3668,-117.83,47.36737]},{"type":"Feature","id":28664,"properties":{"y":2024,"n":"Valley Loop","ag":"BLM","ac":0.0,"c":14,"cl":"Unknown","ad":"2024-12-11","cd":"","st":"WA","se":4},"geometry":{"type":"MultiPolygon","coordinates":[[[[-117.84782,47.36371],[-117.8478,47.3638],[-117.84771,47.36378],[-117.84782,47.36371]]],[[[-117.84782,47.36371],[-117.84782,47.3637],[-117.84783,47.36372],[-117.84782,47.36371]]]]},"bbox":[-117.84783,47.36369,-117.84769,47.3638]},{"type":"Feature","id":28665,"properties":{"y":2022,"n":"Scooteney","ag":"BLM","ac":1.8,"c":14,"cl":"Unknown","ad":"2023-03-14","cd":"","st":"WA","se":1},"geometry":{"type":"Polygon","coordinates":[[[-119.01572,46.70816],[-119.01547,46.70869],[-119.01401,46.70868],[-119.0142,46.70821],[-119.01572,46.70816]]]},"bbox":[-119.01585,46.70807,-119.01401,46.70873]},{"type":"Feature","id":28666,"properties":{"y":2020,"n":"Webber","ag":"BLM","ac":37.5,"c":14,"cl":"Unknown","ad":"2023-03-14","cd":"","st":"WA","se":1},"geometry":{"type":"Polygon","coordinates":[[[-119.44206,46.2132],[-119.43788,46.21706],[-119.43722,46.21519],[-119.43573,46.21397],[-119.43324,46.21408],[-119.43558,46.21278],[-119.43668,46.21292],[-119.44001,46.2121],[-119.44206,46.2132]]]},"bbox":[-119.44207,46.21209,-119.43322,46.21706]},{"type":"Feature","id":28667,"properties":{"y":2020,"n":"Beverly Burke","ag":"BLM","ac":788.3,"c":14,"cl":"Unknown","ad":"2023-03-14","cd":"","st":"WA","se":1},"geometry":{"type":"MultiPolygon","coordinates":[[[[-119.90848,46.87302],[-119.90553,46.87344],[-119.90816,46.87377],[-119.90818,46.87428],[-119.90768,46.87377],[-119.90592,46.87461],[-119.90512,46.87554],[-119.9052,46.87606],[-119.90666,46.87574],[-119.9063,46.87662],[-119.90464,46.87745],[-119.90282,46.87939],[-119.90097,46.88052],[-119.89817,46.88015],[-119.89803,46.88076],[-119.89855,46.88083],[-119.89814,46.88155],[-119.90047,46.88189],[-119.89987,46.88265],[-119.90036,46.88282],[-119.90005,46.88325],[-119.89818,46.883],[-119.89738,46.88364],[-119.89777,46.88395],[-119.89687,46.88375],[-119.89636,46.88433],[-119.89187,46.88308],[-119.88824,46.88345],[-119.88798,46.88395],[-119.88679,46.88411],[-119.88592,46.88601],[-119.88586,46.8882],[-119.88535,46.88924],[-119.88268,46.8905],[-119.88182,46.88977],[-119.88158,46.88806],[-119.88088,46.88806],[-119.88188,46.88662],[-119.88176,46.88633],[-119.88132,46.886],[-119.88111,46.88486],[-119.8815,46.8834],[-119.87856,46.88028],[-119.87858,46.87703],[-119.87982,46.86994],[-119.87673,46.86877],[-119.88328,46.86856],[-119.88591,46.86698],[-119.88634,46.86787],[-119.89204,46.86903],[-119.89442,46.8686],[-119.89588,46.86776],[-119.89588,46.8685],[-119.89684,46.86898],[-119.89704,46.87099],[-119.89948,46.87264],[-119.90107,46.87299],[-119.9054,46.8722],[-119.90716,46.87075],[-119.90767,46.87125],[-119.90712,46.87114],[-119.90736,46.87154],[-119.90902,46.87233],[-119.91293,46.87333],[-119.90848,46.87302]]],[[[-119.88174,46.88632],[-119.88176,46.88633],[-119.88174,46.88633],[-119.88174,46.88632]]]]},"bbox":[-119.91293,46.86698,-119.87673,46.89054]},{"type":"Feature","id":28669,"properties":{"y":2021,"n":"Fishtrap Road","ag":"BLM","ac":69.9,"c":14,"cl":"Unknown","ad":"2023-03-14","cd":"","st":"WA","se":1},"geometry":{"type":"Polygon","coordinates":[[[-117.85936,47.35809],[-117.85995,47.35852],[-117.85824,47.36009],[-117.85162,47.36125],[-117.8506,47.36054],[-117.84755,47.3608],[-117.84655,47.36015],[-117.84748,47.35887],[-117.8493,47.35758],[-117.85151,47.35809],[-117.85319,47.35744],[-117.85936,47.35809]]]},"bbox":[-117.86,47.35744,-117.84655,47.36125]},{"type":"Feature","id":28670,"properties":{"y":2024,"n":"Vantage Canyon","ag":"BLM","ac":0.3,"c":14,"cl":"Unknown","ad":"2024-12-11","cd":"","st":"WA","se":4},"geometry":{"type":"Polygon","coordinates":[[[-120.225,46.98046],[-120.22557,46.9803],[-120.22557,46.98059],[-120.225,46.98046]]]},"bbox":[-120.22561,46.98021,-120.225,46.9806]},{"type":"Feature","id":28671,"properties":{"y":2022,"n":"Beda Lake","ag":"BLM","ac":0.0,"c":14,"cl":"Unknown","ad":"2023-03-14","cd":"","st":"WA","se":1},"geometry":{"type":"Polygon","coordinates":[[[-119.54667,47.04862],[-119.54679,47.04855],[-119.54685,47.04861],[-119.54667,47.04862]]]},"bbox":[-119.54685,47.04852,-119.54665,47.04865]},{"type":"Feature","id":28672,"properties":{"y":2021,"n":"Rye Grass Coulee","ag":"BLM","ac":7.1,"c":14,"cl":"Unknown","ad":"2023-03-14","cd":"","st":"WA","se":1},"geometry":{"type":"Polygon","coordinates":[[[-118.88536,46.42949],[-118.88864,46.42933],[-118.88868,46.4309],[-118.88822,46.43153],[-118.88813,46.43066],[-118.88702,46.43054],[-118.88536,46.42949]]]},"bbox":[-118.88872,46.42928,-118.88536,46.43153]},{"type":"Feature","id":28673,"properties":{"y":2022,"n":"Crab Creek","ag":"BLM","ac":4.4,"c":14,"cl":"Unknown","ad":"2023-03-14","cd":"","st":"WA","se":1},"geometry":{"type":"Polygon","coordinates":[[[-119.84738,46.82966],[-119.84885,46.83026],[-119.8473,46.8299],[-119.84682,46.83038],[-119.84566,46.82969],[-119.84336,46.83],[-119.84482,46.82933],[-119.84738,46.82966]]]},"bbox":[-119.84885,46.82933,-119.84336,46.83038]},{"type":"Feature","id":28674,"properties":{"y":2022,"n":"Canal","ag":"BLM","ac":0.2,"c":14,"cl":"Unknown","ad":"2023-03-14","cd":"","st":"WA","se":1},"geometry":{"type":"Polygon","coordinates":[[[-119.47023,47.11003],[-119.46962,47.11],[-119.46961,47.10994],[-119.47023,47.11003]]]},"bbox":[-119.47025,47.10991,-119.46961,47.11015]},{"type":"Feature","id":28675,"properties":{"y":2023,"n":"Juniper Road","ag":"BLM","ac":27.4,"c":14,"cl":"Unknown","ad":"2023-10-31","cd":"","st":"WA","se":3},"geometry":{"type":"Polygon","coordinates":[[[-118.95193,46.35126],[-118.95207,46.35724],[-118.94852,46.35668],[-118.94974,46.35434],[-118.95106,46.35315],[-118.94986,46.35222],[-118.95117,46.35128],[-118.95193,46.35126]]]},"bbox":[-118.95207,46.35116,-118.94838,46.35726]},{"type":"Feature","id":28676,"properties":{"y":2022,"n":"Perch Point","ag":"BLM","ac":0.1,"c":14,"cl":"Unknown","ad":"2023-03-14","cd":"","st":"WA","se":1},"geometry":{"type":"Polygon","coordinates":[[[-119.28031,46.99703],[-119.28072,46.99703],[-119.28051,46.99726],[-119.28031,46.99703]]]},"bbox":[-119.28072,46.99703,-119.28031,46.99726]},{"type":"Feature","id":28677,"properties":{"y":2021,"n":"Mission Creek","ag":"BLM","ac":15.8,"c":14,"cl":"Unknown","ad":"2023-03-14","cd":"","st":"WA","se":1},"geometry":{"type":"Polygon","coordinates":[[[-120.48716,47.46839],[-120.4854,47.46836],[-120.48463,47.46757],[-120.48235,47.4671],[-120.48416,47.4658],[-120.48556,47.46593],[-120.4871,47.46692],[-120.48716,47.46839]]]},"bbox":[-120.48727,47.46571,-120.48235,47.46848]},{"type":"Feature","id":28678,"properties":{"y":2021,"n":"Delta","ag":"BLM","ac":208.0,"c":14,"cl":"Unknown","ad":"2023-03-14","cd":"","st":"WA","se":1},"geometry":{"type":"Polygon","coordinates":[[[-119.24417,46.23999],[-119.24834,46.24429],[-119.25036,46.2443],[-119.252,46.24521],[-119.25689,46.25162],[-119.25553,46.25216],[-119.25717,46.25367],[-119.25583,46.25382],[-119.25018,46.25116],[-119.24585,46.24802],[-119.24023,46.2461],[-119.2385,46.24604],[-119.24106,46.24451],[-119.23979,46.24386],[-119.23754,46.24374],[-119.24096,46.24277],[-119.24054,46.2412],[-119.2439,46.24092],[-119.24417,46.23999]]]},"bbox":[-119.25717,46.23999,-119.23754,46.25382]},{"type":"Feature","id":28679,"properties":{"y":2022,"n":"Watermelon Fence","ag":"BLM","ac":15.4,"c":14,"cl":"Unknown","ad":"2023-03-14","cd":"","st":"WA","se":1},"geometry":{"type":"Polygon","coordinates":[[[-117.87669,47.32667],[-117.8785,47.32672],[-117.879,47.32733],[-117.88045,47.32741],[-117.87586,47.32831],[-117.87271,47.32763],[-117.87669,47.32667]]]},"bbox":[-117.88045,47.32667,-117.87271,47.32831]},{"type":"Feature","id":28680,"properties":{"y":2021,"n":"Sentinel Bluff","ag":"BLM","ac":63.3,"c":14,"cl":"Unknown","ad":"2021-11-10","cd":"","st":"WA","se":3},"geometry":{"type":"Polygon","coordinates":[[[-119.89836,46.77861],[-119.89966,46.77587],[-119.90035,46.77621],[-119.90116,46.77588],[-119.90248,46.77807],[-119.90283,46.7804],[-119.90252,46.78149],[-119.90304,46.78123],[-119.90294,46.78176],[-119.90371,46.78198],[-119.90333,46.78303],[-119.90015,46.78488],[-119.89937,46.78423],[-119.8994,46.78163],[-119.89817,46.78034],[-119.8993,46.77953],[-119.89836,46.77861]],[[-119.90036,46.77621],[-119.90035,46.77621],[-119.90033,46.77622],[-119.90036,46.77621]]]},"bbox":[-119.90371,46.77579,-119.89817,46.78488]},{"type":"Feature","id":28682,"properties":{"y":2022,"n":"Drumheller","ag":"BLM","ac":266.2,"c":14,"cl":"Unknown","ad":"2023-03-14","cd":"","st":"WA","se":1},"geometry":{"type":"MultiPolygon","coordinates":[[[[-119.4912,47.24656],[-119.4913,47.24655],[-119.49146,47.24669],[-119.49145,47.24692],[-119.49325,47.24796],[-119.49361,47.24943],[-119.49469,47.24992],[-119.49661,47.25269],[-119.49692,47.25462],[-119.49642,47.25614],[-119.49481,47.2572],[-119.49264,47.25735],[-119.49149,47.25677],[-119.49203,47.25638],[-119.49038,47.2546],[-119.49167,47.25362],[-119.48721,47.25321],[-119.48735,47.25354],[-119.48597,47.25455],[-119.48567,47.25379],[-119.48634,47.25305],[-119.48429,47.25323],[-119.48432,47.25362],[-119.4826,47.25408],[-119.48257,47.25514],[-119.48375,47.25642],[-119.48344,47.25709],[-119.48404,47.25788],[-119.4838,47.25916],[-119.48236,47.26026],[-119.48111,47.26033],[-119.47996,47.25552],[-119.48084,47.25465],[-119.48019,47.2544],[-119.48009,47.25236],[-119.48133,47.2514],[-119.48176,47.24991],[-119.48097,47.24968],[-119.481,47.24858],[-119.48408,47.24677],[-119.48703,47.24727],[-119.49012,47.24647],[-119.48701,47.24554],[-119.48572,47.24473],[-119.48552,47.24443],[-119.48801,47.24556],[-119.48996,47.24605],[-119.49105,47.24662],[-119.4912,47.24656]],[[-119.49121,47.24656],[-119.4912,47.24657],[-119.4912,47.24657],[-119.49121,47.24656]]],[[[-119.48326,47.25962],[-119.48328,47.25961],[-119.48327,47.25963],[-119.48326,47.25962]]],[[[-119.48432,47.25324],[-119.48433,47.25324],[-119.48432,47.25324],[-119.48432,47.25324]]],[[[-119.4912,47.24656],[-119.4912,47.24656],[-119.49119,47.24656],[-119.4912,47.24656]]]]},"bbox":[-119.49692,47.24442,-119.47996,47.26049]},{"type":"Feature","id":28683,"properties":{"y":2023,"n":"Pleasant Rock","ag":"BLM","ac":9.3,"c":14,"cl":"Unknown","ad":"2023-10-31","cd":"","st":"WA","se":3},"geometry":{"type":"Polygon","coordinates":[[[-119.03924,47.94686],[-119.04063,47.94598],[-119.0436,47.94636],[-119.04312,47.94721],[-119.04186,47.94754],[-119.03924,47.94686]]]},"bbox":[-119.0436,47.94598,-119.0392,47.94754]},{"type":"Feature","id":28684,"properties":{"y":2023,"n":"Saddle Mountain","ag":"BLM","ac":616.7,"c":14,"cl":"Unknown","ad":"2023-10-31","cd":"","st":"WA","se":3},"geometry":{"type":"MultiPolygon","coordinates":[[[[-119.33009,46.71802],[-119.33118,46.71725],[-119.33328,46.71678],[-119.33656,46.71811],[-119.33908,46.71807],[-119.3405,46.71707],[-119.34194,46.718],[-119.34417,46.71804],[-119.345,46.71767],[-119.34571,46.71694],[-119.34569,46.71523],[-119.34625,46.71568],[-119.34628,46.71741],[-119.3474,46.72157],[-119.34697,46.723],[-119.3479,46.72515],[-119.34809,46.72849],[-119.34749,46.73057],[-119.3476,46.73189],[-119.34451,46.73208],[-119.34482,46.73238],[-119.34438,46.73271],[-119.34588,46.73363],[-119.34475,46.73773],[-119.33917,46.73761],[-119.33788,46.73665],[-119.33497,46.73255],[-119.33413,46.73262],[-119.33226,46.73145],[-119.33088,46.73182],[-119.32807,46.73152],[-119.32832,46.73115],[-119.32742,46.73044],[-119.32774,46.7289],[-119.32698,46.72636],[-119.33305,46.72434],[-119.33444,46.72271],[-119.33389,46.7209],[-119.33009,46.71802]]],[[[-119.32784,46.731],[-119.32783,46.73101],[-119.32779,46.73099],[-119.32784,46.731]]],[[[-119.32788,46.73105],[-119.32788,46.73104],[-119.32792,46.73104],[-119.32788,46.73105]]],[[[-119.34568,46.71696],[-119.34568,46.71696],[-119.34568,46.71697],[-119.34568,46.71696]]],[[[-119.34568,46.71696],[-119.34568,46.71695],[-119.34568,46.71696],[-119.34568,46.71696]]]]},"bbox":[-119.3481,46.71522,-119.32689,46.7378]},{"type":"Feature","id":28685,"properties":{"y":2024,"n":"Palisades Road","ag":"BLM","ac":694.6,"c":14,"cl":"Unknown","ad":"2024-10-10","cd":"","st":"WA","se":3},"geometry":{"type":"Polygon","coordinates":[[[-120.01797,47.28962],[-120.01993,47.29113],[-120.02068,47.29049],[-120.02162,47.291],[-120.02167,47.29179],[-120.02283,47.29228],[-120.02258,47.29327],[-120.02364,47.29279],[-120.02466,47.29306],[-120.02478,47.29377],[-120.02374,47.29438],[-120.02426,47.29524],[-120.02287,47.296],[-120.02368,47.29696],[-120.02298,47.29834],[-120.02361,47.29807],[-120.02475,47.29896],[-120.02244,47.29939],[-120.02159,47.29887],[-120.02125,47.29926],[-120.01825,47.2996],[-120.01853,47.29983],[-120.01706,47.2996],[-120.01846,47.3016],[-120.02041,47.30133],[-120.02034,47.30182],[-120.02196,47.303],[-120.02205,47.3023],[-120.02388,47.30259],[-120.02146,47.3037],[-120.02078,47.30649],[-120.02025,47.30698],[-120.01956,47.30641],[-120.01917,47.30708],[-120.01942,47.30783],[-120.01856,47.30884],[-120.01891,47.30917],[-120.0165,47.30986],[-120.01554,47.31065],[-120.0122,47.31064],[-120.00876,47.30961],[-120.0064,47.3105],[-120.00401,47.31017],[-120.00362,47.31096],[-120.00189,47.31154],[-119.99912,47.31107],[-119.99878,47.3113],[-119.99935,47.31165],[-119.99767,47.31194],[-119.9965,47.31162],[-119.99519,47.31032],[-119.99391,47.31056],[-119.99377,47.30975],[-119.99263,47.30938],[-119.9939,47.30798],[-119.99388,47.30594],[-119.99939,47.30572],[-119.99967,47.30519],[-119.99886,47.3047],[-120.001,47.3034],[-120.00047,47.30145],[-120.00386,47.30033],[-120.00591,47.3008],[-120.00672,47.29978],[-120.0073,47.29783],[-120.01057,47.2971],[-120.0115,47.29623],[-120.01295,47.29612],[-120.01431,47.29693],[-120.01525,47.29686],[-120.01544,47.29141],[-120.01797,47.28962]],[[-120.02203,47.29896],[-120.02204,47.29899],[-120.02207,47.29897],[-120.02203,47.29896]]]},"bbox":[-120.02479,47.28962,-119.99255,47.31194]},{"type":"Feature","id":28686,"properties":{"y":2022,"n":"Trinidad Grade","ag":"BLM","ac":0.0,"c":14,"cl":"Unknown","ad":"2023-03-14","cd":"","st":"WA","se":1},"geometry":{"type":"Polygon","coordinates":[[[-119.96782,47.23927],[-119.96765,47.23913],[-119.96787,47.23921],[-119.96782,47.23927]]]},"bbox":[-119.96787,47.23913,-119.96764,47.23927]},{"type":"Feature","id":28687,"properties":{"y":2020,"n":"Juniper Dunes 2","ag":"BLM","ac":0.8,"c":14,"cl":"Unknown","ad":"2023-03-14","cd":"","st":"WA","se":1},"geometry":{"type":"Polygon","coordinates":[[[-118.89582,46.37976],[-118.89534,46.38029],[-118.89481,46.37996],[-118.89582,46.37976]]]},"bbox":[-118.89592,46.37976,-118.89481,46.38029]},{"type":"Feature","id":28688,"properties":{"y":2022,"n":"Evergreen","ag":"BLM","ac":0.1,"c":14,"cl":"Unknown","ad":"2023-03-14","cd":"","st":"WA","se":1},"geometry":{"type":"Polygon","coordinates":[[[-119.93251,47.13069],[-119.93292,47.13069],[-119.93271,47.13092],[-119.93251,47.13069]]]},"bbox":[-119.93292,47.13069,-119.93251,47.13092]},{"type":"Feature","id":28689,"properties":{"y":2022,"n":"Adrian Road","ag":"BLM","ac":988.3,"c":14,"cl":"Unknown","ad":"2023-03-14","cd":"","st":"WA","se":1},"geometry":{"type":"Polygon","coordinates":[[[-119.4073,47.38475],[-119.41791,47.3851],[-119.41618,47.38636],[-119.41632,47.38783],[-119.41703,47.38857],[-119.41817,47.38886],[-119.41929,47.38834],[-119.42037,47.38914],[-119.42117,47.38887],[-119.42065,47.38731],[-119.42858,47.38717],[-119.43616,47.39305],[-119.43692,47.39312],[-119.43766,47.39413],[-119.43391,47.39481],[-119.43296,47.39452],[-119.43336,47.39503],[-119.43149,47.39439],[-119.43115,47.39506],[-119.42865,47.39522],[-119.42583,47.39612],[-119.40431,47.40704],[-119.41211,47.40261],[-119.41276,47.40183],[-119.41421,47.40154],[-119.4158,47.4003],[-119.41958,47.3989],[-119.42046,47.39764],[-119.42039,47.39647],[-119.41935,47.3951],[-119.41533,47.39374],[-119.41232,47.39471],[-119.41239,47.39415],[-119.41148,47.39406],[-119.41153,47.39531],[-119.41036,47.39775],[-119.40807,47.39723],[-119.41023,47.39416],[-119.40531,47.39239],[-119.40471,47.39462],[-119.40559,47.39634],[-119.40679,47.39726],[-119.40484,47.39773],[-119.40263,47.39956],[-119.40275,47.40148],[-119.40427,47.40352],[-119.40407,47.40405],[-119.40166,47.40491],[-119.39814,47.40867],[-119.39468,47.40582],[-119.3966,47.40424],[-119.39671,47.40256],[-119.39855,47.40169],[-119.39804,47.40101],[-119.39515,47.40119],[-119.39464,47.40011],[-119.39473,47.39765],[-119.39229,47.39896],[-119.38904,47.40215],[-119.38402,47.4016],[-119.38368,47.40099],[-119.38395,47.39679],[-119.38355,47.39648],[-119.38345,47.39286],[-119.39048,47.39162],[-119.38719,47.39085],[-119.38311,47.39194],[-119.38196,47.39101],[-119.38314,47.38995],[-119.38642,47.38851],[-119.40666,47.39185],[-119.40916,47.39168],[-119.41067,47.39108],[-119.41145,47.39021],[-119.4123,47.38749],[-119.41183,47.38657],[-119.41033,47.38554],[-119.4073,47.38475]]]},"bbox":[-119.43766,47.38472,-119.38196,47.40867]},{"type":"Feature","id":28690,"properties":{"y":2021,"n":"Paradise Ponds","ag":"BLM","ac":0.0,"c":14,"cl":"Unknown","ad":"2023-03-14","cd":"","st":"WA","se":1},"geometry":{"type":"Polygon","coordinates":[[[-119.79278,48.14337],[-119.79287,48.14318],[-119.79285,48.14333],[-119.79278,48.14337]]]},"bbox":[-119.79287,48.14317,-119.79275,48.14337]},{"type":"Feature","id":28691,"properties":{"y":2021,"n":"Crow Butte","ag":"BLM","ac":51.9,"c":14,"cl":"Unknown","ad":"2023-03-14","cd":"","st":"WA","se":1},"geometry":{"type":"Polygon","coordinates":[[[-119.8518,45.86584],[-119.85124,45.86558],[-119.85835,45.8601],[-119.86007,45.86016],[-119.86146,45.86113],[-119.86023,45.86331],[-119.85653,45.86525],[-119.85561,45.86537],[-119.85497,45.86433],[-119.8518,45.86584]]]},"bbox":[-119.86146,45.86009,-119.85124,45.8659]},{"type":"Feature","id":28692,"properties":{"y":2022,"n":"Upper Goose","ag":"BLM","ac":0.3,"c":14,"cl":"Unknown","ad":"2023-03-14","cd":"","st":"WA","se":1},"geometry":{"type":"Polygon","coordinates":[[[-119.27149,46.94184],[-119.27177,46.94148],[-119.27186,46.94155],[-119.27179,46.9419],[-119.27149,46.94184]]]},"bbox":[-119.27188,46.94148,-119.27135,46.94202]},{"type":"Feature","id":28693,"properties":{"y":2021,"n":"Whitehall Road","ag":"BLM","ac":867.4,"c":14,"cl":"Unknown","ad":"2023-03-14","cd":"","st":"WA","se":1},"geometry":{"type":"MultiPolygon","coordinates":[[[[-119.68637,47.53992],[-119.68619,47.54003],[-119.68621,47.53992],[-119.68637,47.53992]]],[[[-119.68619,47.54003],[-119.68775,47.54102],[-119.68877,47.54041],[-119.68993,47.54081],[-119.69333,47.54267],[-119.69398,47.54342],[-119.69338,47.54523],[-119.69123,47.54572],[-119.68826,47.54759],[-119.68669,47.54757],[-119.68532,47.54815],[-119.68273,47.54778],[-119.68089,47.54946],[-119.68055,47.54855],[-119.68046,47.54965],[-119.67934,47.55],[-119.67724,47.5495],[-119.67323,47.55024],[-119.67281,47.5506],[-119.67332,47.5516],[-119.67121,47.55068],[-119.66766,47.55094],[-119.66736,47.54879],[-119.66692,47.5485],[-119.66215,47.54848],[-119.66151,47.54952],[-119.6598,47.54864],[-119.65683,47.54928],[-119.65635,47.54887],[-119.6546,47.54959],[-119.65463,47.54898],[-119.65297,47.54902],[-119.65352,47.54818],[-119.65053,47.54784],[-119.64978,47.5485],[-119.64747,47.54857],[-119.64647,47.54851],[-119.6462,47.54797],[-119.64594,47.54875],[-119.64278,47.54938],[-119.64072,47.54895],[-119.63698,47.5495],[-119.63676,47.54888],[-119.63469,47.5485],[-119.63528,47.54852],[-119.63507,47.5481],[-119.63544,47.54798],[-119.63608,47.54843],[-119.63719,47.54825],[-119.63783,47.54741],[-119.63723,47.54704],[-119.6379,47.54645],[-119.63751,47.54572],[-119.63417,47.54528],[-119.63444,47.54478],[-119.63372,47.54443],[-119.63057,47.54458],[-119.6239,47.5433],[-119.62496,47.54321],[-119.62634,47.54228],[-119.62865,47.54326],[-119.62888,47.54245],[-119.6298,47.54186],[-119.63178,47.54158],[-119.66629,47.54145],[-119.66666,47.54151],[-119.66676,47.54156],[-119.66681,47.54159],[-119.66682,47.54161],[-119.66682,47.54161],[-119.66682,47.54162],[-119.66685,47.54163],[-119.66721,47.54161],[-119.66734,47.54205],[-119.66773,47.54142],[-119.67783,47.54141],[-119.67846,47.54168],[-119.67867,47.54281],[-119.683,47.54551],[-119.6837,47.54452],[-119.68265,47.54459],[-119.68368,47.5429],[-119.68275,47.54174],[-119.68412,47.54249],[-119.68723,47.54289],[-119.68706,47.54323],[-119.68905,47.54472],[-119.69146,47.54391],[-119.68856,47.54209],[-119.68612,47.54155],[-119.68573,47.54042],[-119.68599,47.54012],[-119.6861,47.54005],[-119.68614,47.54004],[-119.68618,47.54003],[-119.68619,47.54003]]],[[[-119.66682,47.54161],[-119.66682,47.54156],[-119.66688,47.54156],[-119.66682,47.54161]]]]},"bbox":[-119.69398,47.53991,-119.6239,47.5516]},{"type":"Feature","id":28694,"properties":{"y":2023,"n":"Wanapum Slope","ag":"BLM","ac":0.4,"c":14,"cl":"Unknown","ad":"2023-07-01","cd":"","st":"WA","se":2},"geometry":{"type":"Polygon","coordinates":[[[-119.94572,46.87091],[-119.94535,46.87047],[-119.94545,46.87035],[-119.94577,46.87041],[-119.94572,46.87091]]]},"bbox":[-119.94595,46.87034,-119.94535,46.87092]},{"type":"Feature","id":28695,"properties":{"y":2023,"n":"Coulee City","ag":"BLM","ac":10.1,"c":14,"cl":"Unknown","ad":"2023-10-31","cd":"","st":"WA","se":3},"geometry":{"type":"Polygon","coordinates":[[[-119.27587,47.61855],[-119.27532,47.61828],[-119.27601,47.61752],[-119.27635,47.6161],[-119.27804,47.61661],[-119.27829,47.61795],[-119.27587,47.61855]]]},"bbox":[-119.27845,47.61592,-119.27532,47.61858]},{"type":"Feature","id":28696,"properties":{"y":2023,"n":"Roza Slope","ag":"BLM","ac":227.6,"c":14,"cl":"Unknown","ad":"2023-11-03","cd":"","st":"WA","se":3},"geometry":{"type":"Polygon","coordinates":[[[-120.44795,46.76019],[-120.44672,46.75923],[-120.44636,46.75992],[-120.44586,46.75856],[-120.44545,46.75949],[-120.44474,46.75905],[-120.44472,46.75842],[-120.44461,46.75912],[-120.44404,46.75895],[-120.44143,46.75563],[-120.4416,46.75443],[-120.44057,46.75384],[-120.44002,46.75269],[-120.44238,46.75195],[-120.44177,46.75155],[-120.44186,46.74969],[-120.44314,46.75016],[-120.44369,46.74982],[-120.44369,46.74969],[-120.44378,46.74962],[-120.4438,46.74961],[-120.44383,46.74996],[-120.44898,46.74919],[-120.44844,46.75131],[-120.45324,46.75186],[-120.4532,46.75241],[-120.45529,46.75244],[-120.45698,46.75438],[-120.45708,46.75495],[-120.4564,46.75574],[-120.45488,46.75652],[-120.4526,46.75664],[-120.45259,46.75731],[-120.45016,46.75893],[-120.44929,46.75919],[-120.44821,46.75865],[-120.44839,46.75986],[-120.44795,46.76019]]]},"bbox":[-120.45708,46.74919,-120.44002,46.76021]},{"type":"Feature","id":28697,"properties":{"y":2024,"n":"Cox Pond","ag":"BLM","ac":0.8,"c":14,"cl":"Unknown","ad":"2024-12-09","cd":"","st":"WA","se":4},"geometry":{"type":"Polygon","coordinates":[[[-118.98643,46.61197],[-118.98683,46.61234],[-118.98635,46.61274],[-118.98616,46.61253],[-118.98643,46.61197]]]},"bbox":[-118.98683,46.61197,-118.98616,46.61274]},{"type":"Feature","id":28698,"properties":{"y":2021,"n":"100 Acre Rd","ag":"BLM","ac":1.7,"c":14,"cl":"Unknown","ad":"2023-03-14","cd":"","st":"WA","se":1},"geometry":{"type":"Polygon","coordinates":[[[-120.08729,47.26518],[-120.08804,47.26295],[-120.08836,47.26316],[-120.08729,47.26518]]]},"bbox":[-120.08836,47.26294,-120.08723,47.26518]},{"type":"Feature","id":28699,"properties":{"y":2023,"n":"Keystone","ag":"BLM","ac":1.0,"c":14,"cl":"Unknown","ad":"2023-10-31","cd":"","st":"WA","se":3},"geometry":{"type":"Polygon","coordinates":[[[-117.91192,48.19526],[-117.91236,48.19568],[-117.911,48.19578],[-117.91117,48.19536],[-117.91172,48.1952],[-117.91192,48.19526]]]},"bbox":[-117.91236,48.1952,-117.91094,48.1958]},{"type":"Feature","id":28700,"properties":{"y":2023,"n":"Pleasant","ag":"BLM","ac":44.5,"c":14,"cl":"Unknown","ad":"2023-10-31","cd":"","st":"WA","se":3},"geometry":{"type":"Polygon","coordinates":[[[-119.03883,47.95152],[-119.03654,47.95159],[-119.03039,47.94981],[-119.03264,47.94828],[-119.03499,47.94774],[-119.03803,47.94888],[-119.03829,47.94983],[-119.03988,47.94999],[-119.0396,47.95039],[-119.04014,47.95038],[-119.03969,47.95067],[-119.04005,47.95098],[-119.03883,47.95152]]]},"bbox":[-119.04019,47.94772,-119.03039,47.95159]},{"type":"Feature","id":28701,"properties":{"y":2024,"n":"Sand Hollow","ag":"BLM","ac":27.0,"c":14,"cl":"Unknown","ad":"2024-12-09","cd":"","st":"WA","se":4},"geometry":{"type":"Polygon","coordinates":[[[-119.89074,46.943],[-119.89896,46.94298],[-119.8989,46.94454],[-119.89691,46.94477],[-119.89266,46.94431],[-119.89129,46.94376],[-119.89074,46.943]]]},"bbox":[-119.89897,46.94279,-119.89074,46.94477]},{"type":"Feature","id":28702,"properties":{"y":2021,"n":"Webber","ag":"BLM","ac":8.5,"c":14,"cl":"Unknown","ad":"2023-03-14","cd":"","st":"WA","se":1},"geometry":{"type":"Polygon","coordinates":[[[-119.45775,46.19382],[-119.45796,46.19452],[-119.46042,46.19462],[-119.46017,46.19534],[-119.45758,46.19595],[-119.45688,46.19433],[-119.45775,46.19382]]]},"bbox":[-119.46044,46.19382,-119.45688,46.19605]},{"type":"Feature","id":28703,"properties":{"y":2020,"n":"Juniper Dunes 3","ag":"BLM","ac":1.0,"c":14,"cl":"Unknown","ad":"2023-03-14","cd":"","st":"WA","se":1},"geometry":{"type":"Polygon","coordinates":[[[-118.89017,46.39428],[-118.88873,46.39498],[-118.89022,46.394],[-118.89017,46.39428]]]},"bbox":[-118.89022,46.39397,-118.88871,46.3952]},{"type":"Feature","id":28704,"properties":{"y":2023,"n":"Dike Road","ag":"BLM","ac":0.9,"c":14,"cl":"Unknown","ad":"2023-10-31","cd":"","st":"WA","se":3},"geometry":{"type":"Polygon","coordinates":[[[-119.38509,47.08626],[-119.38524,47.08566],[-119.38582,47.08581],[-119.38557,47.08648],[-119.38509,47.08626]]]},"bbox":[-119.38582,47.08559,-119.38497,47.08648]},{"type":"Feature","id":28705,"properties":{"y":2023,"n":"Potholes","ag":"BLM","ac":0.0,"c":14,"cl":"Unknown","ad":"2023-10-31","cd":"","st":"WA","se":3},"geometry":{"type":"Polygon","coordinates":[[[-119.36523,47.06587],[-119.36508,47.06582],[-119.36526,47.06584],[-119.36523,47.06587]]]},"bbox":[-119.36526,47.0658,-119.36508,47.06588]},{"type":"Feature","id":28706,"properties":{"y":2023,"n":"Overlook","ag":"BLM","ac":29.3,"c":14,"cl":"Unknown","ad":"2023-11-09","cd":"","st":"WA","se":3},"geometry":{"type":"Polygon","coordinates":[[[-119.96778,46.98595],[-119.96874,46.98912],[-119.96736,46.99004],[-119.96615,46.9883],[-119.96527,46.98783],[-119.96471,46.98577],[-119.96408,46.98571],[-119.96374,46.98505],[-119.96434,46.98463],[-119.96659,46.98481],[-119.96726,46.98589],[-119.96778,46.98595]]]},"bbox":[-119.96879,46.98462,-119.96374,46.99011]},{"type":"Feature","id":28707,"properties":{"y":2022,"n":"Telford","ag":"BLM","ac":0.9,"c":14,"cl":"Unknown","ad":"2023-03-14","cd":"","st":"WA","se":1},"geometry":{"type":"Polygon","coordinates":[[[-118.39582,47.68456],[-118.39617,47.68489],[-118.3966,47.68499],[-118.39543,47.68527],[-118.39582,47.68508],[-118.39527,47.68487],[-118.39582,47.68456]]]},"bbox":[-118.39661,47.68455,-118.39526,47.68533]},{"type":"Feature","id":28708,"properties":{"y":2022,"n":"Yakima Ditch","ag":"BLM","ac":0.0,"c":14,"cl":"Unknown","ad":"2023-03-14","cd":"","st":"WA","se":1},"geometry":{"type":"Polygon","coordinates":[[[-120.45287,46.73207],[-120.45292,46.73202],[-120.45291,46.73207],[-120.45287,46.73207]]]},"bbox":[-120.45292,46.73201,-120.45287,46.73207]},{"type":"Feature","id":28709,"properties":{"y":2022,"n":"Mcnary Road","ag":"BLM","ac":0.3,"c":14,"cl":"Unknown","ad":"2023-03-14","cd":"","st":"WA","se":1},"geometry":{"type":"Polygon","coordinates":[[[-119.32306,45.9417],[-119.32289,45.94217],[-119.323,45.9417],[-119.32306,45.9417]]]},"bbox":[-119.32324,45.94168,-119.32287,45.9423]},{"type":"Feature","id":28710,"properties":{"y":2020,"n":"Watermelon Hill","ag":"BLM","ac":17.2,"c":14,"cl":"Unknown","ad":"2023-03-14","cd":"","st":"WA","se":1},"geometry":{"type":"Polygon","coordinates":[[[-117.87223,47.32791],[-117.87579,47.32789],[-117.87686,47.32907],[-117.87477,47.33051],[-117.87337,47.33002],[-117.87223,47.32791]]]},"bbox":[-117.87686,47.32786,-117.87223,47.33051]},{"type":"Feature","id":28711,"properties":{"y":2022,"n":"Fh Wasteway","ag":"BLM","ac":1.2,"c":14,"cl":"Unknown","ad":"2023-03-14","cd":"","st":"WA","se":1},"geometry":{"type":"Polygon","coordinates":[[[-119.74087,47.08846],[-119.73976,47.08886],[-119.73916,47.08863],[-119.74087,47.08846]]]},"bbox":[-119.74094,47.08834,-119.73916,47.08887]},{"type":"Feature","id":28712,"properties":{"y":2022,"n":"Hiawatha","ag":"BLM","ac":0.4,"c":14,"cl":"Unknown","ad":"2023-03-14","cd":"","st":"WA","se":1},"geometry":{"type":"Polygon","coordinates":[[[-119.46672,47.10877],[-119.4676,47.10936],[-119.46772,47.1095],[-119.46685,47.10902],[-119.46672,47.10877]]]},"bbox":[-119.46772,47.10876,-119.46672,47.10951]},{"type":"Feature","id":28713,"properties":{"y":2021,"n":"Smith Lake","ag":"BLM","ac":189.2,"c":14,"cl":"Unknown","ad":"2023-03-14","cd":"","st":"WA","se":1},"geometry":{"type":"Polygon","coordinates":[[[-119.11776,47.98917],[-119.1193,47.98916],[-119.12185,47.9907],[-119.13143,47.99072],[-119.1352,47.99279],[-119.13553,47.99428],[-119.13492,47.99494],[-119.1328,47.99559],[-119.12796,47.99547],[-119.1243,47.99618],[-119.12286,47.99634],[-119.12406,47.99615],[-119.12027,47.99454],[-119.1158,47.99389],[-119.11249,47.99258],[-119.11267,47.99205],[-119.11652,47.99197],[-119.11776,47.98917]]]},"bbox":[-119.13566,47.98895,-119.11236,47.99634]},{"type":"Feature","id":28714,"properties":{"y":2022,"n":"Neva","ag":"BLM","ac":7.0,"c":14,"cl":"Unknown","ad":"2023-03-14","cd":"","st":"WA","se":1},"geometry":{"type":"Polygon","coordinates":[[[-119.57035,47.25949],[-119.56927,47.25891],[-119.57005,47.25864],[-119.57037,47.25776],[-119.57227,47.25796],[-119.57168,47.25949],[-119.57122,47.25896],[-119.57035,47.25949]]]},"bbox":[-119.57228,47.25763,-119.56927,47.25951]},{"type":"Feature","id":28715,"properties":{"y":2022,"n":"Marvin Road","ag":"BLM","ac":51.2,"c":14,"cl":"Unknown","ad":"2023-03-14","cd":"","st":"WA","se":1},"geometry":{"type":"Polygon","coordinates":[[[-119.64994,47.28062],[-119.6486,47.2812],[-119.64577,47.28051],[-119.64266,47.27846],[-119.64354,47.27774],[-119.6419,47.27744],[-119.6437,47.27737],[-119.64367,47.27614],[-119.64637,47.27578],[-119.64954,47.27893],[-119.65007,47.27979],[-119.64994,47.28062]]]},"bbox":[-119.65012,47.27573,-119.6419,47.28122]},{"type":"Feature","id":28716,"properties":{"y":2020,"n":"Big Horn","ag":"BLM","ac":397.3,"c":14,"cl":"Unknown","ad":"2023-03-14","cd":"","st":"WA","se":1},"geometry":{"type":"Polygon","coordinates":[[[-120.49539,46.89507],[-120.48925,46.89352],[-120.48308,46.89418],[-120.48007,46.89509],[-120.47896,46.89444],[-120.47833,46.89295],[-120.47996,46.89019],[-120.47901,46.88915],[-120.47907,46.88764],[-120.47767,46.88699],[-120.4777,46.88538],[-120.48263,46.88554],[-120.48854,46.8833],[-120.49117,46.88363],[-120.49459,46.88646],[-120.49798,46.89223],[-120.50073,46.89478],[-120.50342,46.89643],[-120.50416,46.89808],[-120.5038,46.89854],[-120.49539,46.89507]]]},"bbox":[-120.50416,46.8833,-120.47767,46.89854]},{"type":"Feature","id":28718,"properties":{"y":2020,"n":"Mcnary","ag":"BLM","ac":18.4,"c":14,"cl":"Unknown","ad":"2023-03-14","cd":"","st":"WA","se":1},"geometry":{"type":"Polygon","coordinates":[[[-119.27373,45.9495],[-119.27286,45.95059],[-119.27063,45.95121],[-119.26865,45.95118],[-119.26821,45.95042],[-119.26821,45.94964],[-119.26884,45.94929],[-119.27373,45.9495]]]},"bbox":[-119.27373,45.94921,-119.26821,45.95121]},{"type":"Feature","id":28719,"properties":{"y":2024,"n":"Banks Lake","ag":"BLM","ac":5.2,"c":14,"cl":"Unknown","ad":"2024-12-03","cd":"","st":"WA","se":4},"geometry":{"type":"Polygon","coordinates":[[[-119.2549,47.7236],[-119.2542,47.72367],[-119.25418,47.7233],[-119.25445,47.72287],[-119.2551,47.72296],[-119.2556,47.72147],[-119.2571,47.72133],[-119.2549,47.7236]]]},"bbox":[-119.25716,47.72124,-119.25417,47.72368]},{"type":"Feature","id":28720,"properties":{"y":2024,"n":"Range","ag":"BLM","ac":2.3,"c":14,"cl":"Unknown","ad":"2024-12-09","cd":"","st":"WA","se":4},"geometry":{"type":"Polygon","coordinates":[[[-117.85651,47.36057],[-117.85669,47.35985],[-117.85846,47.35966],[-117.85842,47.36019],[-117.85651,47.36057]]]},"bbox":[-117.85846,47.35946,-117.85624,47.36057]},{"type":"Feature","id":28721,"properties":{"y":2022,"n":"Babcock Ridge Lake","ag":"BLM","ac":0.1,"c":14,"cl":"Unknown","ad":"2023-03-14","cd":"","st":"WA","se":1},"geometry":{"type":"Polygon","coordinates":[[[-119.92732,47.23586],[-119.92725,47.23598],[-119.92709,47.23581],[-119.92732,47.23586]]]},"bbox":[-119.92739,47.23579,-119.92709,47.23598]},{"type":"Feature","id":28722,"properties":{"y":2023,"n":"Cayman Place","ag":"BLM","ac":0.1,"c":14,"cl":"Unknown","ad":"2023-10-31","cd":"","st":"WA","se":3},"geometry":{"type":"Polygon","coordinates":[[[-119.14799,47.83117],[-119.14771,47.8312],[-119.14784,47.83109],[-119.14799,47.83117]]]},"bbox":[-119.14799,47.83109,-119.14771,47.83137]},{"type":"Feature","id":28723,"properties":{"y":2023,"n":"Dennis Road","ag":"BLM","ac":0.1,"c":14,"cl":"Unknown","ad":"2023-10-31","cd":"","st":"WA","se":3},"geometry":{"type":"Polygon","coordinates":[[[-119.43735,46.21732],[-119.43775,46.21732],[-119.43755,46.21756],[-119.43735,46.21732]]]},"bbox":[-119.43775,46.21732,-119.43735,46.21756]},{"type":"Feature","id":28725,"properties":{"y":2022,"n":"Sillusi","ag":"BLM","ac":1.1,"c":14,"cl":"Unknown","ad":"2023-03-14","cd":"","st":"WA","se":1},"geometry":{"type":"Polygon","coordinates":[[[-119.31941,45.94173],[-119.31922,45.94233],[-119.31827,45.9424],[-119.31902,45.94195],[-119.31866,45.94191],[-119.31941,45.94173]]]},"bbox":[-119.31957,45.94173,-119.31827,45.9425]},{"type":"Feature","id":28726,"properties":{"y":2023,"n":"Beverly Lake","ag":"BLM","ac":60.4,"c":14,"cl":"Unknown","ad":"2023-10-31","cd":"","st":"WA","se":3},"geometry":{"type":"Polygon","coordinates":[[[-119.91703,46.83205],[-119.9167,46.83271],[-119.91874,46.8328],[-119.91873,46.83463],[-119.91836,46.83337],[-119.91511,46.83423],[-119.91076,46.83418],[-119.90896,46.83462],[-119.90829,46.8343],[-119.90831,46.83501],[-119.90724,46.83504],[-119.90561,46.83482],[-119.90415,46.83293],[-119.90441,46.83203],[-119.90682,46.83233],[-119.90788,46.83201],[-119.90852,46.8337],[-119.90896,46.83324],[-119.91106,46.83329],[-119.91075,46.83301],[-119.91134,46.83201],[-119.90891,46.83164],[-119.91703,46.83205]]]},"bbox":[-119.91875,46.83152,-119.90415,46.83504]},{"type":"Feature","id":28727,"properties":{"y":1997,"n":"Borealis","ag":"NPS","ac":25.9,"c":14,"cl":"Unknown","ad":"2021-01-21","cd":"","st":"WA","se":4},"geometry":{"type":"MultiPolygon","coordinates":[[[[-121.10184,48.60075],[-121.10249,48.60076],[-121.10191,48.60205],[-121.10301,48.60442],[-121.10207,48.60425],[-121.10119,48.60243],[-121.10184,48.60075]]],[[[-121.10561,48.60905],[-121.10416,48.6084],[-121.10371,48.60761],[-121.10336,48.60117],[-121.10372,48.59964],[-121.10429,48.60009],[-121.10476,48.60641],[-121.10605,48.60839],[-121.10561,48.60905]]]]},"bbox":[-121.10605,48.59964,-121.10119,48.60905]},{"type":"Feature","id":28728,"properties":{"y":1965,"n":"Skyline","ag":"NPS","ac":61.5,"c":14,"cl":"Unknown","ad":"2021-01-21","cd":"","st":"WA","se":4},"geometry":{"type":"MultiPolygon","coordinates":[[[[-121.21014,48.63113],[-121.20932,48.63041],[-121.21245,48.62901],[-121.22011,48.62841],[-121.22015,48.62885],[-121.21802,48.62965],[-121.21695,48.63078],[-121.21521,48.63134],[-121.21014,48.63113]]],[[[-121.21387,48.6336],[-121.21359,48.63233],[-121.21532,48.6322],[-121.21962,48.63316],[-121.22016,48.63385],[-121.21721,48.63415],[-121.21635,48.63469],[-121.21387,48.6336]]]]},"bbox":[-121.22016,48.62832,-121.20932,48.63469]},{"type":"Feature","id":28729,"properties":{"y":1978,"n":"Beaver Ps3","ag":"NPS","ac":10.0,"c":14,"cl":"Unknown","ad":"2021-01-21","cd":"","st":"WA","se":4},"geometry":{"type":"Polygon","coordinates":[[[-121.21361,48.83843],[-121.21188,48.83851],[-121.21126,48.83808],[-121.21118,48.8373],[-121.21224,48.83664],[-121.21367,48.83685],[-121.21419,48.83775],[-121.21361,48.83843]]]},"bbox":[-121.2142,48.8366,-121.21111,48.83865]},{"type":"Feature","id":28730,"properties":{"y":1978,"n":"Sourdough","ag":"NPS","ac":439.4,"c":14,"cl":"Unknown","ad":"2021-01-21","cd":"","st":"WA","se":4},"geometry":{"type":"Polygon","coordinates":[[[-121.10528,48.73949],[-121.10051,48.74105],[-121.09706,48.74112],[-121.09431,48.74068],[-121.09131,48.73947],[-121.08947,48.73805],[-121.0883,48.73635],[-121.08788,48.7345],[-121.08846,48.7322],[-121.09117,48.72949],[-121.09548,48.72794],[-121.10039,48.72791],[-121.10475,48.7294],[-121.10726,48.73165],[-121.10847,48.73389],[-121.10853,48.73537],[-121.10723,48.73797],[-121.10528,48.73949]]]},"bbox":[-121.10857,48.72772,-121.08788,48.74115]},{"type":"Feature","id":28732,"properties":{"y":1970,"n":"Thunder 2","ag":"NPS","ac":612.4,"c":14,"cl":"Unknown","ad":"2021-01-21","cd":"","st":"WA","se":4},"geometry":{"type":"Polygon","coordinates":[[[-121.05522,48.62471],[-121.05224,48.62455],[-121.05218,48.62387],[-121.05305,48.62332],[-121.05551,48.6237],[-121.05665,48.62292],[-121.05878,48.62313],[-121.06175,48.62109],[-121.06484,48.6208],[-121.06589,48.61991],[-121.06995,48.61874],[-121.07346,48.61823],[-121.07498,48.61865],[-121.07747,48.61824],[-121.079,48.61849],[-121.08222,48.61737],[-121.0835,48.61765],[-121.08542,48.62026],[-121.08527,48.62172],[-121.08298,48.6227],[-121.08173,48.62274],[-121.08099,48.62075],[-121.08018,48.62049],[-121.07676,48.6211],[-121.07556,48.62216],[-121.07532,48.62339],[-121.07582,48.62808],[-121.07137,48.62641],[-121.06798,48.62718],[-121.06652,48.62916],[-121.06793,48.63116],[-121.06672,48.63145],[-121.0666,48.63206],[-121.06824,48.63301],[-121.06875,48.63476],[-121.0684,48.63527],[-121.0649,48.63626],[-121.06058,48.6365],[-121.05293,48.63561],[-121.05218,48.63515],[-121.05224,48.63111],[-121.05305,48.62999],[-121.05337,48.62835],[-121.05472,48.62662],[-121.05522,48.62471]]]},"bbox":[-121.08542,48.61737,-121.05194,48.6365]},{"type":"Feature","id":28734,"properties":{"y":1981,"n":"Chimney","ag":"NPS","ac":402.6,"c":14,"cl":"Unknown","ad":"2021-01-21","cd":"","st":"WA","se":4},"geometry":{"type":"Polygon","coordinates":[[[-123.46531,47.7359],[-123.46097,47.73471],[-123.46038,47.7317],[-123.45971,47.731],[-123.45671,47.73112],[-123.45782,47.72905],[-123.45854,47.72907],[-123.45865,47.72748],[-123.4595,47.72708],[-123.45739,47.72678],[-123.45787,47.72647],[-123.45806,47.72504],[-123.45631,47.72528],[-123.45597,47.72438],[-123.45456,47.72409],[-123.45603,47.72355],[-123.45727,47.72203],[-123.45396,47.72269],[-123.452,47.72252],[-123.44971,47.72117],[-123.45311,47.72067],[-123.45125,47.72027],[-123.45089,47.71968],[-123.4494,47.71974],[-123.45056,47.71878],[-123.45034,47.71789],[-123.45213,47.71776],[-123.45105,47.71679],[-123.45589,47.71582],[-123.45217,47.7155],[-123.45221,47.71513],[-123.45674,47.71407],[-123.45631,47.71327],[-123.45347,47.71437],[-123.45034,47.71428],[-123.45577,47.71273],[-123.45563,47.71132],[-123.45409,47.70978],[-123.45447,47.70955],[-123.45678,47.71143],[-123.45712,47.71132],[-123.45686,47.71051],[-123.45733,47.71051],[-123.45763,47.71165],[-123.45683,47.71211],[-123.46034,47.71476],[-123.46442,47.72182],[-123.46787,47.72509],[-123.46741,47.72763],[-123.46824,47.72991],[-123.46315,47.72727],[-123.46145,47.72769],[-123.46048,47.72846],[-123.4604,47.72892],[-123.46462,47.73022],[-123.46753,47.73199],[-123.4672,47.73303],[-123.46458,47.73476],[-123.46539,47.73513],[-123.46531,47.7359]]]},"bbox":[-123.46824,47.70955,-123.4494,47.73598]},{"type":"Feature","id":28735,"properties":{"y":1994,"n":"Rainbow Rg","ag":"NPS","ac":10.2,"c":14,"cl":"Unknown","ad":"2021-01-21","cd":"","st":"WA","se":4},"geometry":{"type":"Polygon","coordinates":[[[-120.67338,48.35838],[-120.67292,48.3575],[-120.67399,48.3559],[-120.67567,48.35585],[-120.67464,48.35812],[-120.67338,48.35838]]]},"bbox":[-120.67567,48.35571,-120.6729,48.35848]},{"type":"Feature","id":28737,"properties":{"y":1997,"n":"Redoubt","ag":"NPS","ac":434.5,"c":14,"cl":"Unknown","ad":"2021-01-21","cd":"","st":"WA","se":4},"geometry":{"type":"MultiPolygon","coordinates":[[[[-121.2131,48.92469],[-121.21408,48.92443],[-121.21402,48.92625],[-121.21297,48.92623],[-121.2131,48.92469]]],[[[-121.21455,48.92722],[-121.21526,48.92323],[-121.21583,48.92308],[-121.21641,48.92517],[-121.2169,48.92507],[-121.21744,48.92353],[-121.21839,48.92413],[-121.21828,48.92477],[-121.22043,48.92347],[-121.22083,48.92379],[-121.22032,48.92453],[-121.22178,48.9244],[-121.22101,48.92556],[-121.21786,48.92754],[-121.21633,48.92944],[-121.21453,48.93005],[-121.2139,48.92961],[-121.21408,48.92903],[-121.21534,48.92793],[-121.21455,48.92722]]],[[[-121.21868,48.91586],[-121.21955,48.91652],[-121.21989,48.91823],[-121.22052,48.91888],[-121.21914,48.91886],[-121.21868,48.91586]]],[[[-121.22297,48.92265],[-121.22138,48.92188],[-121.21974,48.92239],[-121.21936,48.92185],[-121.21995,48.92111],[-121.21982,48.92031],[-121.2192,48.91939],[-121.22176,48.92023],[-121.22485,48.9199],[-121.22297,48.92265]]],[[[-121.22255,48.92318],[-121.22425,48.92321],[-121.22357,48.9241],[-121.22261,48.92377],[-121.22255,48.92318]]],[[[-121.22519,48.92183],[-121.22674,48.92164],[-121.22513,48.92343],[-121.22502,48.92434],[-121.22395,48.92496],[-121.22355,48.92464],[-121.22519,48.92183]]],[[[-121.22632,48.92409],[-121.22843,48.92172],[-121.22831,48.92279],[-121.22696,48.92448],[-121.22518,48.92658],[-121.2246,48.927],[-121.22404,48.92678],[-121.22407,48.92587],[-121.22632,48.92409]]],[[[-121.22488,48.93053],[-121.22561,48.93043],[-121.22568,48.93097],[-121.2247,48.93117],[-121.22488,48.93053]]],[[[-121.22667,48.93029],[-121.2274,48.93035],[-121.22739,48.93073],[-121.2264,48.93098],[-121.22667,48.93029]]],[[[-121.23217,48.92135],[-121.23292,48.92067],[-121.23404,48.92122],[-121.23406,48.92074],[-121.23488,48.92033],[-121.23709,48.91972],[-121.23566,48.92109],[-121.23589,48.92397],[-121.23545,48.92471],[-121.229,48.92846],[-121.22803,48.9285],[-121.22765,48.92785],[-121.22847,48.92514],[-121.2324,48.92397],[-121.23217,48.92135]]],[[[-121.22919,48.93012],[-121.22976,48.93012],[-121.22997,48.93082],[-121.22941,48.93087],[-121.22919,48.93012]]],[[[-121.22963,48.93145],[-121.23051,48.93174],[-121.22983,48.93263],[-121.22935,48.93241],[-121.22963,48.93145]]],[[[-121.2341,48.93104],[-121.23312,48.93119],[-121.23136,48.93298],[-121.23013,48.93322],[-121.2325,48.93032],[-121.23257,48.9283],[-121.2331,48.92713],[-121.23574,48.92573],[-121.23605,48.92611],[-121.23423,48.92736],[-121.23645,48.92633],[-121.23766,48.92405],[-121.23722,48.92277],[-121.23841,48.92139],[-121.23913,48.92146],[-121.23828,48.92273],[-121.23834,48.92326],[-121.23875,48.92327],[-121.24068,48.92132],[-121.24427,48.92058],[-121.24309,48.92189],[-121.24112,48.92245],[-121.24011,48.92366],[-121.23993,48.92409],[-121.24041,48.92415],[-121.24205,48.92364],[-121.2417,48.92449],[-121.24022,48.92521],[-121.24117,48.92576],[-121.24033,48.9266],[-121.24085,48.92795],[-121.24031,48.92938],[-121.23482,48.93356],[-121.23441,48.93361],[-121.23427,48.93307],[-121.23529,48.93176],[-121.2341,48.93104]]],[[[-121.23161,48.92796],[-121.23209,48.92813],[-121.23156,48.92962],[-121.23073,48.92998],[-121.23161,48.92796]]],[[[-121.23628,48.93337],[-121.23735,48.93296],[-121.23708,48.9337],[-121.23628,48.93337]]],[[[-121.23634,48.93412],[-121.23698,48.93434],[-121.23713,48.93477],[-121.23639,48.93487],[-121.23634,48.93412]]],[[[-121.24312,48.92323],[-121.24606,48.92023],[-121.24998,48.91933],[-121.24709,48.92099],[-121.24739,48.92159],[-121.24978,48.9205],[-121.24668,48.92782],[-121.2443,48.9312],[-121.24107,48.93307],[-121.2398,48.93476],[-121.23818,48.93484],[-121.23804,48.93415],[-121.23923,48.93262],[-121.23986,48.9306],[-121.24087,48.92955],[-121.24312,48.92323]]],[[[-121.2454,48.93207],[-121.24671,48.93182],[-121.24668,48.93262],[-121.24547,48.9325],[-121.2454,48.93207]]],[[[-121.24594,48.93043],[-121.24675,48.9307],[-121.24672,48.93134],[-121.24583,48.93138],[-121.24594,48.93043]]]]},"bbox":[-121.24998,48.91571,-121.21281,48.93496]},{"type":"Feature","id":28739,"properties":{"y":1988,"n":"Deer Park","ag":"NPS","ac":212.3,"c":14,"cl":"Unknown","ad":"2021-01-21","cd":"","st":"WA","se":4},"geometry":{"type":"Polygon","coordinates":[[[-123.2598,47.94793],[-123.25623,47.94692],[-123.25566,47.94622],[-123.25236,47.94586],[-123.25341,47.94386],[-123.25261,47.94315],[-123.25282,47.94172],[-123.25449,47.94338],[-123.25588,47.94381],[-123.25711,47.94341],[-123.2579,47.94253],[-123.25906,47.94256],[-123.26011,47.94149],[-123.26221,47.9417],[-123.26364,47.94092],[-123.26677,47.94195],[-123.27084,47.94176],[-123.27198,47.943],[-123.2715,47.94424],[-123.27235,47.94642],[-123.27124,47.94722],[-123.26758,47.94819],[-123.26615,47.94777],[-123.26022,47.94845],[-123.2598,47.94793]]]},"bbox":[-123.27235,47.94091,-123.25224,47.94845]},{"type":"Feature","id":28740,"properties":{"y":1961,"n":"Bigbeaver1","ag":"NPS","ac":30.8,"c":14,"cl":"Unknown","ad":"2021-01-21","cd":"","st":"WA","se":4},"geometry":{"type":"Polygon","coordinates":[[[-121.15323,48.79441],[-121.1497,48.79262],[-121.14985,48.79129],[-121.1563,48.79169],[-121.15708,48.79329],[-121.15323,48.79441]]]},"bbox":[-121.15708,48.79129,-121.14947,48.79441]},{"type":"Feature","id":28742,"properties":{"y":1994,"n":"Tuesday","ag":"NPS","ac":159.2,"c":14,"cl":"Unknown","ad":"2021-01-21","cd":"","st":"WA","se":4},"geometry":{"type":"Polygon","coordinates":[[[-123.37675,47.74908],[-123.36945,47.74946],[-123.36906,47.7491],[-123.36979,47.74887],[-123.36918,47.74816],[-123.37008,47.74766],[-123.37053,47.7467],[-123.37364,47.74589],[-123.37303,47.74514],[-123.37117,47.74496],[-123.3697,47.74392],[-123.37003,47.74322],[-123.36783,47.7429],[-123.36979,47.74208],[-123.37147,47.74211],[-123.37698,47.73973],[-123.37921,47.73994],[-123.37961,47.74145],[-123.37942,47.74185],[-123.37665,47.74195],[-123.37703,47.74272],[-123.37504,47.74414],[-123.37507,47.74479],[-123.37946,47.74414],[-123.37857,47.74471],[-123.38075,47.74597],[-123.3804,47.7468],[-123.38332,47.74801],[-123.38217,47.74851],[-123.38292,47.74896],[-123.38225,47.74964],[-123.37983,47.74973],[-123.37675,47.74908]]]},"bbox":[-123.38332,47.73973,-123.36783,47.74973]},{"type":"Feature","id":28743,"properties":{"y":1970,"n":"Elephant","ag":"NPS","ac":61.5,"c":14,"cl":"Unknown","ad":"2021-01-21","cd":"","st":"WA","se":4},"geometry":{"type":"Polygon","coordinates":[[[-121.21005,48.78726],[-121.20958,48.78772],[-121.2069,48.78234],[-121.20582,48.78159],[-121.20375,48.78117],[-121.20345,48.78048],[-121.20559,48.77962],[-121.20728,48.77705],[-121.20865,48.77698],[-121.2112,48.77866],[-121.21111,48.77956],[-121.20955,48.781],[-121.20911,48.78263],[-121.21005,48.78726]]]},"bbox":[-121.2112,48.77698,-121.20345,48.78772]},{"type":"Feature","id":28744,"properties":{"y":1967,"n":"Bear","ag":"NPS","ac":192.7,"c":14,"cl":"Unknown","ad":"2021-01-21","cd":"","st":"WA","se":4},"geometry":{"type":"Polygon","coordinates":[[[-121.33585,48.95539],[-121.33148,48.95638],[-121.32879,48.95811],[-121.32542,48.9618],[-121.3228,48.96282],[-121.3206,48.96234],[-121.31502,48.95944],[-121.31661,48.95834],[-121.32377,48.95569],[-121.32847,48.9525],[-121.32976,48.95224],[-121.33565,48.95383],[-121.33618,48.95482],[-121.33585,48.95539]]]},"bbox":[-121.33618,48.95224,-121.31502,48.96282]},{"type":"Feature","id":28745,"properties":{"y":1970,"n":"Silver 7","ag":"NPS","ac":288.3,"c":14,"cl":"Unknown","ad":"2021-01-21","cd":"","st":"WA","se":4},"geometry":{"type":"Polygon","coordinates":[[[-121.08536,48.94858],[-121.08477,48.94792],[-121.08518,48.94727],[-121.08497,48.94481],[-121.08299,48.94261],[-121.08247,48.94035],[-121.08312,48.93925],[-121.08531,48.93793],[-121.0901,48.93816],[-121.09387,48.93722],[-121.10035,48.93718],[-121.10056,48.93773],[-121.09482,48.93834],[-121.09057,48.93978],[-121.09001,48.94047],[-121.09197,48.94312],[-121.09426,48.94506],[-121.09826,48.94794],[-121.10158,48.94905],[-121.10244,48.95052],[-121.10069,48.95235],[-121.09755,48.95265],[-121.0897,48.94855],[-121.08536,48.94858]]]},"bbox":[-121.10244,48.93706,-121.08247,48.95276]},{"type":"Feature","id":28746,"properties":{"y":1984,"n":"Bucket Cr","ag":"NPS","ac":12.2,"c":14,"cl":"Unknown","ad":"2021-01-21","cd":"","st":"WA","se":4},"geometry":{"type":"Polygon","coordinates":[[[-121.16712,48.75372],[-121.16659,48.75441],[-121.16536,48.75458],[-121.16455,48.7539],[-121.16527,48.75255],[-121.16498,48.75133],[-121.16658,48.75173],[-121.16711,48.75243],[-121.16712,48.75372]]]},"bbox":[-121.16724,48.7512,-121.16455,48.75458]},{"type":"Feature","id":28747,"properties":{"y":1978,"n":"Hoh","ag":"NPS","ac":907.9,"c":14,"cl":"Unknown","ad":"2021-01-21","cd":"","st":"WA","se":4},"geometry":{"type":"MultiPolygon","coordinates":[[[[-123.79454,47.8926],[-123.79453,47.89177],[-123.7932,47.89052],[-123.79169,47.88997],[-123.79072,47.88851],[-123.78538,47.8879],[-123.78101,47.88757],[-123.76576,47.88941],[-123.76009,47.88481],[-123.75898,47.88335],[-123.7617,47.88269],[-123.76284,47.88163],[-123.76468,47.88088],[-123.76551,47.88207],[-123.76673,47.8817],[-123.76909,47.87962],[-123.77093,47.87942],[-123.77106,47.87873],[-123.77555,47.87815],[-123.78224,47.87874],[-123.78387,47.87827],[-123.78409,47.87887],[-123.78695,47.87848],[-123.78941,47.87874],[-123.79017,47.87984],[-123.78964,47.88048],[-123.79414,47.88064],[-123.79538,47.88127],[-123.80075,47.87995],[-123.80418,47.88084],[-123.80191,47.88434],[-123.80167,47.88623],[-123.80278,47.88796],[-123.80707,47.89161],[-123.808,47.89394],[-123.79967,47.89428],[-123.79671,47.89233],[-123.79653,47.89288],[-123.79315,47.89543],[-123.79289,47.89613],[-123.79161,47.89583],[-123.79074,47.8945],[-123.79093,47.89407],[-123.79302,47.89366],[-123.79454,47.8926]]],[[[-123.7897,47.89946],[-123.79126,47.89936],[-123.7916,47.90041],[-123.79038,47.90026],[-123.7897,47.89946]]],[[[-123.79163,47.89839],[-123.79033,47.89863],[-123.7906,47.89713],[-123.79135,47.8973],[-123.79156,47.89782],[-123.79212,47.89763],[-123.79263,47.89899],[-123.79163,47.89839]]],[[[-123.79261,47.89744],[-123.79049,47.89693],[-123.79035,47.89668],[-123.7916,47.89628],[-123.79235,47.89663],[-123.79261,47.89744]]]]},"bbox":[-123.808,47.87815,-123.75898,47.90049]},{"type":"Feature","id":28748,"properties":{"y":1970,"n":"Jackass 3","ag":"NPS","ac":58.5,"c":14,"cl":"Unknown","ad":"2021-01-21","cd":"","st":"WA","se":4},"geometry":{"type":"Polygon","coordinates":[[[-121.03815,48.94461],[-121.03861,48.94331],[-121.04011,48.94229],[-121.04081,48.94103],[-121.04199,48.94074],[-121.04304,48.94088],[-121.04385,48.94243],[-121.04657,48.94317],[-121.04689,48.9441],[-121.04101,48.94635],[-121.03863,48.94577],[-121.03815,48.94461]]]},"bbox":[-121.04689,48.94074,-121.03815,48.94635]},{"type":"Feature","id":28749,"properties":{"y":1999,"n":"Pumpkin Mt","ag":"NPS","ac":12.5,"c":14,"cl":"Unknown","ad":"2021-01-21","cd":"","st":"WA","se":4},"geometry":{"type":"Polygon","coordinates":[[[-121.07028,48.78144],[-121.07224,48.78034],[-121.07409,48.7811],[-121.07351,48.78192],[-121.07384,48.78224],[-121.07158,48.78238],[-121.07022,48.78303],[-121.07028,48.78144]]]},"bbox":[-121.07409,48.78033,-121.0702,48.78303]},{"type":"Feature","id":28750,"properties":{"y":1999,"n":"Mcmillian","ag":"NPS","ac":162.1,"c":14,"cl":"Unknown","ad":"2021-01-21","cd":"","st":"WA","se":4},"geometry":{"type":"Polygon","coordinates":[[[-121.21123,48.80798],[-121.21112,48.81082],[-121.21048,48.81096],[-121.20568,48.81073],[-121.20382,48.80733],[-121.20039,48.80441],[-121.19998,48.80279],[-121.19867,48.80235],[-121.19893,48.80136],[-121.20084,48.79989],[-121.20424,48.79902],[-121.21031,48.80594],[-121.21123,48.80798]]]},"bbox":[-121.21137,48.79898,-121.19856,48.81099]},{"type":"Feature","id":28751,"properties":{"y":1970,"n":"Thunder 1","ag":"NPS","ac":55.2,"c":14,"cl":"Unknown","ad":"2021-01-21","cd":"","st":"WA","se":4},"geometry":{"type":"Polygon","coordinates":[[[-121.05034,48.64165],[-121.05305,48.63998],[-121.05389,48.6417],[-121.05653,48.64409],[-121.05756,48.64626],[-121.05295,48.64624],[-121.0521,48.64594],[-121.05012,48.64375],[-121.05034,48.64165]]]},"bbox":[-121.05756,48.63998,-121.05012,48.64626]},{"type":"Feature","id":28752,"properties":{"y":1987,"n":"Kimta","ag":"NPS","ac":144.6,"c":14,"cl":"Unknown","ad":"2021-01-21","cd":"","st":"WA","se":4},"geometry":{"type":"Polygon","coordinates":[[[-123.67333,47.69548],[-123.67038,47.69523],[-123.66821,47.69407],[-123.66392,47.69405],[-123.65856,47.69274],[-123.65625,47.69047],[-123.65796,47.6907],[-123.65919,47.69176],[-123.66297,47.69049],[-123.6623,47.69122],[-123.66249,47.6918],[-123.66465,47.69101],[-123.66527,47.69131],[-123.66615,47.68954],[-123.66767,47.68798],[-123.67211,47.68808],[-123.67479,47.68941],[-123.67306,47.69177],[-123.67408,47.69246],[-123.67308,47.69333],[-123.67389,47.69424],[-123.67333,47.69548]]]},"bbox":[-123.67479,47.68795,-123.65625,47.6956]},{"type":"Feature","id":28754,"properties":{"y":1990,"n":"Castle Cr","ag":"NPS","ac":4.5,"c":14,"cl":"Unknown","ad":"2021-01-21","cd":"","st":"WA","se":4},"geometry":{"type":"Polygon","coordinates":[[[-120.68582,48.2754],[-120.68368,48.27564],[-120.68353,48.27513],[-120.68424,48.27457],[-120.68585,48.27466],[-120.68582,48.2754]]]},"bbox":[-120.68601,48.27457,-120.68353,48.27571]},{"type":"Feature","id":28755,"properties":{"y":1983,"n":"Perry Ck","ag":"NPS","ac":27.3,"c":14,"cl":"Unknown","ad":"2021-01-21","cd":"","st":"WA","se":4},"geometry":{"type":"Polygon","coordinates":[[[-121.18991,48.9459],[-121.19077,48.94666],[-121.18973,48.94731],[-121.18926,48.94939],[-121.18811,48.94998],[-121.18689,48.94987],[-121.18602,48.95073],[-121.18561,48.94983],[-121.1864,48.94862],[-121.18618,48.94616],[-121.18871,48.94642],[-121.18991,48.9459]]]},"bbox":[-121.19077,48.9459,-121.18561,48.95073]},{"type":"Feature","id":28757,"properties":{"y":1992,"n":"Beaverpass","ag":"NPS","ac":12.2,"c":14,"cl":"Unknown","ad":"2021-01-21","cd":"","st":"WA","se":4},"geometry":{"type":"Polygon","coordinates":[[[-121.26919,48.86855],[-121.2666,48.86799],[-121.2661,48.8673],[-121.26639,48.86661],[-121.26736,48.86611],[-121.26875,48.86625],[-121.2694,48.86763],[-121.26919,48.86855]]]},"bbox":[-121.2694,48.86607,-121.2661,48.86855]},{"type":"Feature","id":28758,"properties":{"y":1977,"n":"Bear Mtn","ag":"NPS","ac":151.1,"c":14,"cl":"Unknown","ad":"2021-01-21","cd":"","st":"WA","se":4},"geometry":{"type":"Polygon","coordinates":[[[-121.34318,48.92325],[-121.34289,48.9243],[-121.34145,48.92558],[-121.33354,48.92529],[-121.33434,48.92141],[-121.33596,48.92099],[-121.33673,48.91971],[-121.33754,48.92002],[-121.33945,48.91875],[-121.34005,48.91777],[-121.34193,48.91903],[-121.34473,48.91709],[-121.34587,48.9155],[-121.34703,48.91497],[-121.34923,48.91436],[-121.35139,48.91469],[-121.34679,48.91767],[-121.34584,48.91977],[-121.34318,48.92325]]]},"bbox":[-121.35139,48.91436,-121.33354,48.92558]},{"type":"Feature","id":28759,"properties":{"y":1961,"n":"Bigbeaver2","ag":"NPS","ac":43.5,"c":14,"cl":"Unknown","ad":"2021-01-21","cd":"","st":"WA","se":4},"geometry":{"type":"Polygon","coordinates":[[[-121.14313,48.78702],[-121.13173,48.78837],[-121.13161,48.78698],[-121.13197,48.78537],[-121.13842,48.78579],[-121.14264,48.78499],[-121.14313,48.78702]]]},"bbox":[-121.14313,48.78499,-121.13161,48.78837]},{"type":"Feature","id":28760,"properties":{"y":1984,"n":"Maple Cree","ag":"NPS","ac":120.6,"c":14,"cl":"Unknown","ad":"2021-01-21","cd":"","st":"WA","se":4},"geometry":{"type":"Polygon","coordinates":[[[-120.8175,48.46552],[-120.82023,48.46721],[-120.82062,48.46789],[-120.81959,48.46821],[-120.81844,48.46723],[-120.81771,48.4684],[-120.8167,48.46816],[-120.81575,48.46853],[-120.81468,48.4697],[-120.81564,48.47102],[-120.81888,48.47294],[-120.81899,48.47425],[-120.81645,48.47595],[-120.81033,48.476],[-120.81093,48.47404],[-120.81189,48.47343],[-120.81124,48.47274],[-120.80997,48.47261],[-120.80856,48.46987],[-120.81113,48.46935],[-120.8175,48.46552]]]},"bbox":[-120.82062,48.46552,-120.80856,48.47609]},{"type":"Feature","id":28762,"properties":{"y":1990,"n":"Crystal","ag":"NPS","ac":9.9,"c":14,"cl":"Unknown","ad":"2021-01-21","cd":"","st":"WA","se":4},"geometry":{"type":"Polygon","coordinates":[[[-121.48153,48.80765],[-121.48066,48.80831],[-121.47871,48.80828],[-121.47798,48.80738],[-121.47834,48.80677],[-121.47995,48.80662],[-121.48079,48.80674],[-121.48153,48.80765]]]},"bbox":[-121.48154,48.80662,-121.47798,48.80831]},{"type":"Feature","id":28763,"properties":{"y":1994,"n":"Falls Ck","ag":"NPS","ac":118.1,"c":14,"cl":"Unknown","ad":"2021-01-21","cd":"","st":"WA","se":4},"geometry":{"type":"Polygon","coordinates":[[[-120.83235,48.50158],[-120.84134,48.50219],[-120.84291,48.50272],[-120.84307,48.50353],[-120.83911,48.5062],[-120.8376,48.5063],[-120.8286,48.50388],[-120.82122,48.50306],[-120.82661,48.50191],[-120.83235,48.50158]]]},"bbox":[-120.84307,48.50148,-120.82122,48.5063]},{"type":"Feature","id":28764,"properties":{"y":1980,"n":"Mcmillan C","ag":"NPS","ac":24.4,"c":14,"cl":"Unknown","ad":"2021-01-21","cd":"","st":"WA","se":4},"geometry":{"type":"Polygon","coordinates":[[[-121.22772,48.81919],[-121.22633,48.81963],[-121.22482,48.81944],[-121.2238,48.81868],[-121.22368,48.81767],[-121.22507,48.81659],[-121.22723,48.81667],[-121.22842,48.81785],[-121.22772,48.81919]]]},"bbox":[-121.22844,48.81646,-121.22361,48.81965]},{"type":"Feature","id":28765,"properties":{"y":1977,"n":"Hidden Lk","ag":"NPS","ac":34.8,"c":14,"cl":"Unknown","ad":"2021-01-21","cd":"","st":"WA","se":4},"geometry":{"type":"Polygon","coordinates":[[[-121.17428,48.51349],[-121.17208,48.51372],[-121.17121,48.51316],[-121.17124,48.51235],[-121.17343,48.50908],[-121.17485,48.5086],[-121.17597,48.50919],[-121.17612,48.51012],[-121.17538,48.51263],[-121.17428,48.51349]]]},"bbox":[-121.17612,48.5086,-121.17121,48.51372]},{"type":"Feature","id":28766,"properties":{"y":1994,"n":"Fisher Ck","ag":"NPS","ac":15.3,"c":14,"cl":"Unknown","ad":"2021-01-21","cd":"","st":"WA","se":4},"geometry":{"type":"Polygon","coordinates":[[[-120.95893,48.56869],[-120.9596,48.56935],[-120.95917,48.57208],[-120.95701,48.57229],[-120.95668,48.57125],[-120.95893,48.56869]]]},"bbox":[-120.9596,48.56869,-120.95665,48.57242]},{"type":"Feature","id":28767,"properties":{"y":2014,"n":"Enterprise","ag":"NPS","ac":141.0,"c":14,"cl":"Unknown","ad":"2021-01-21","cd":"","st":"WA","se":4},"geometry":{"type":"Polygon","coordinates":[[[-118.27652,48.0365],[-118.28,48.03503],[-118.28039,48.03531],[-118.28494,48.03407],[-118.29209,48.03473],[-118.29665,48.03419],[-118.29902,48.0355],[-118.29874,48.03605],[-118.29977,48.03672],[-118.30018,48.0378],[-118.29927,48.0386],[-118.29799,48.03862],[-118.27652,48.0365]]]},"bbox":[-118.30018,48.03401,-118.27652,48.03862]},{"type":"Feature","id":28768,"properties":{"y":2009,"n":"Elija","ag":"NPS","ac":423.0,"c":14,"cl":"Unknown","ad":"2021-01-21","cd":"","st":"WA","se":4},"geometry":{"type":"Polygon","coordinates":[[[-120.99417,48.65737],[-120.98984,48.65741],[-120.9855,48.65595],[-120.9848,48.65509],[-120.985,48.65467],[-120.98743,48.65293],[-120.98469,48.65343],[-120.9845,48.65305],[-120.98552,48.65265],[-120.98483,48.65231],[-120.98476,48.65108],[-120.98706,48.64866],[-120.98623,48.64831],[-120.98311,48.64907],[-120.98213,48.64892],[-120.98215,48.64855],[-120.98438,48.64806],[-120.98457,48.64744],[-120.98675,48.64647],[-120.98812,48.64502],[-120.99362,48.64502],[-120.9966,48.64586],[-121.00065,48.64801],[-121.00637,48.65303],[-121.00259,48.65667],[-121.00115,48.65724],[-120.99811,48.65794],[-120.99417,48.65737]]]},"bbox":[-121.0064,48.6448,-120.98213,48.65795]},{"type":"Feature","id":28769,"properties":{"y":2003,"n":"Tricouni","ag":"NPS","ac":204.2,"c":14,"cl":"Unknown","ad":"2021-01-21","cd":"","st":"WA","se":4},"geometry":{"type":"Polygon","coordinates":[[[-121.05647,48.57701],[-121.05786,48.57712],[-121.05704,48.57846],[-121.05699,48.58115],[-121.05644,48.58209],[-121.05454,48.58298],[-121.05263,48.58311],[-121.05099,48.58604],[-121.04256,48.58819],[-121.04145,48.58753],[-121.04131,48.58593],[-121.03945,48.58383],[-121.04094,48.58245],[-121.04382,48.58097],[-121.04933,48.57984],[-121.05329,48.57769],[-121.05629,48.57737],[-121.05647,48.57701]]]},"bbox":[-121.05786,48.57691,-121.03945,48.58819]},{"type":"Feature","id":28770,"properties":{"y":2008,"n":"Park Creek Ridge","ag":"NPS","ac":47.4,"c":14,"cl":"Unknown","ad":"2021-01-21","cd":"","st":"WA","se":4},"geometry":{"type":"Polygon","coordinates":[[[-120.9366,48.4585],[-120.93801,48.4572],[-120.93741,48.45645],[-120.93949,48.45558],[-120.93936,48.45409],[-120.94126,48.45317],[-120.94267,48.45284],[-120.94317,48.45314],[-120.94346,48.45455],[-120.94465,48.45533],[-120.9414,48.45847],[-120.93885,48.45784],[-120.9366,48.4585]]]},"bbox":[-120.94465,48.45284,-120.9366,48.4586]},{"type":"Feature","id":28772,"properties":{"y":2008,"n":"Terror Creek","ag":"NPS","ac":8.0,"c":14,"cl":"Unknown","ad":"2021-01-21","cd":"","st":"WA","se":4},"geometry":{"type":"Polygon","coordinates":[[[-121.28769,48.72429],[-121.28637,48.72288],[-121.28946,48.72344],[-121.28897,48.72418],[-121.289,48.72528],[-121.28798,48.72553],[-121.28769,48.72429]]]},"bbox":[-121.28954,48.72288,-121.28626,48.7256]},{"type":"Feature","id":28773,"properties":{"y":2016,"n":"Godkin Fire","ag":"NPS","ac":824.5,"c":14,"cl":"Unknown","ad":"2021-01-21","cd":"","st":"WA","se":4},"geometry":{"type":"Polygon","coordinates":[[[-123.46122,47.76622],[-123.4614,47.76501],[-123.4626,47.76379],[-123.46517,47.76293],[-123.46612,47.76079],[-123.46569,47.75941],[-123.46852,47.75837],[-123.47178,47.75514],[-123.4741,47.75514],[-123.47607,47.75572],[-123.47873,47.75797],[-123.48105,47.75906],[-123.48268,47.76074],[-123.4826,47.7616],[-123.48182,47.76195],[-123.48165,47.76322],[-123.48028,47.7646],[-123.48328,47.76558],[-123.48457,47.76535],[-123.48388,47.76431],[-123.48483,47.76408],[-123.48517,47.75895],[-123.48328,47.75658],[-123.47856,47.75525],[-123.47856,47.75427],[-123.48096,47.75197],[-123.48277,47.7515],[-123.48551,47.75162],[-123.49324,47.75612],[-123.49084,47.76443],[-123.48843,47.76628],[-123.48723,47.76576],[-123.48611,47.76662],[-123.48835,47.76853],[-123.48732,47.77222],[-123.48054,47.77152],[-123.47822,47.77083],[-123.47753,47.7687],[-123.47539,47.76714],[-123.47367,47.76703],[-123.47281,47.76801],[-123.47032,47.76922],[-123.46972,47.76893],[-123.468,47.76933],[-123.46852,47.7717],[-123.46938,47.77256],[-123.46655,47.77227],[-123.46612,47.77314],[-123.46697,47.7747],[-123.46655,47.7747],[-123.46449,47.77297],[-123.45994,47.77204],[-123.45934,47.77152],[-123.45899,47.7702],[-123.46251,47.76795],[-123.46268,47.76731],[-123.46122,47.76622]]]},"bbox":[-123.49324,47.7515,-123.45899,47.7747]},{"type":"Feature","id":28775,"properties":{"y":2012,"n":"Four Stream","ag":"NPS","ac":0.7,"c":14,"cl":"Unknown","ad":"2021-01-21","cd":"","st":"WA","se":4},"geometry":{"type":"Polygon","coordinates":[[[-123.3653,47.53082],[-123.36507,47.53166],[-123.36469,47.53112],[-123.3653,47.53082]]]},"bbox":[-123.36537,47.53082,-123.36469,47.53166]},{"type":"Feature","id":28776,"properties":{"y":2015,"n":"Thursday Creek","ag":"NPS","ac":669.1,"c":14,"cl":"Unknown","ad":"2021-01-21","cd":"","st":"WA","se":4},"geometry":{"type":"MultiPolygon","coordinates":[[[[-121.03127,48.59381],[-121.02935,48.59128],[-121.02951,48.59023],[-121.03033,48.58946],[-121.03124,48.58909],[-121.03383,48.58963],[-121.0376,48.5923],[-121.041,48.59523],[-121.04141,48.59607],[-121.03923,48.59734],[-121.0381,48.59737],[-121.03407,48.59561],[-121.03127,48.59381]]],[[[-121.06923,48.82531],[-121.06598,48.82692],[-121.06377,48.831],[-121.05913,48.83173],[-121.05736,48.83084],[-121.05543,48.83141],[-121.05302,48.83095],[-121.05396,48.82981],[-121.05345,48.82664],[-121.0551,48.8222],[-121.05552,48.81856],[-121.05619,48.81798],[-121.05584,48.81657],[-121.05451,48.81538],[-121.05436,48.81309],[-121.05446,48.81257],[-121.05696,48.81113],[-121.05705,48.80633],[-121.05779,48.80524],[-121.05877,48.80527],[-121.0596,48.80685],[-121.0585,48.80808],[-121.05854,48.80963],[-121.06457,48.80961],[-121.06642,48.81024],[-121.06826,48.81024],[-121.07132,48.81175],[-121.07092,48.81262],[-121.06806,48.81317],[-121.06696,48.81623],[-121.0641,48.81886],[-121.06522,48.82041],[-121.06996,48.82267],[-121.07257,48.82473],[-121.07157,48.82605],[-121.06923,48.82531]]]]},"bbox":[-121.07257,48.58909,-121.02933,48.83173]},{"type":"Feature","id":28777,"properties":{"y":2015,"n":"No Name 15","ag":"NPS","ac":343.7,"c":14,"cl":"Unknown","ad":"2021-01-21","cd":"","st":"WA","se":4},"geometry":{"type":"Polygon","coordinates":[[[-121.09788,48.84935],[-121.1028,48.84821],[-121.10411,48.84847],[-121.10733,48.85067],[-121.10821,48.85234],[-121.11016,48.8529],[-121.11053,48.85373],[-121.10907,48.85713],[-121.10742,48.85921],[-121.10618,48.86234],[-121.10449,48.86395],[-121.10088,48.86613],[-121.10012,48.86722],[-121.09468,48.86804],[-121.09382,48.87026],[-121.09215,48.8704],[-121.09064,48.86839],[-121.09048,48.86737],[-121.09149,48.86633],[-121.09189,48.86514],[-121.09492,48.86459],[-121.09548,48.86521],[-121.09399,48.86553],[-121.09433,48.86635],[-121.09695,48.86626],[-121.0981,48.8646],[-121.09549,48.86211],[-121.09557,48.86153],[-121.09607,48.86089],[-121.09954,48.86065],[-121.1016,48.85957],[-121.10168,48.85844],[-121.0991,48.85542],[-121.09959,48.85308],[-121.10133,48.85255],[-121.10165,48.85191],[-121.09741,48.85048],[-121.09788,48.84935]]]},"bbox":[-121.11053,48.84821,-121.09048,48.87056]},{"type":"Feature","id":28778,"properties":{"y":2003,"n":"Griff","ag":"NPS","ac":821.9,"c":14,"cl":"Unknown","ad":"2021-01-21","cd":"","st":"WA","se":4},"geometry":{"type":"Polygon","coordinates":[[[-123.52456,48.0116],[-123.523,48.01054],[-123.52233,48.00879],[-123.52027,48.00703],[-123.51782,48.00615],[-123.51612,48.00632],[-123.51378,48.00776],[-123.51355,48.00718],[-123.51262,48.00698],[-123.50994,48.00739],[-123.50839,48.00696],[-123.50704,48.00529],[-123.50374,48.00379],[-123.503,48.00502],[-123.50308,48.00601],[-123.50028,48.00716],[-123.49919,48.00821],[-123.49794,48.00785],[-123.49502,48.00823],[-123.49299,48.00755],[-123.49301,48.00626],[-123.49165,48.00413],[-123.4936,48.00359],[-123.49409,48.00097],[-123.49696,47.99769],[-123.50132,47.99756],[-123.50387,47.99861],[-123.5089,47.99885],[-123.51127,47.99611],[-123.51268,47.9954],[-123.51714,47.99449],[-123.51915,47.99625],[-123.52402,47.99758],[-123.52463,47.99933],[-123.5275,48.00119],[-123.5286,48.00285],[-123.52841,48.00405],[-123.52787,48.00439],[-123.5284,48.00567],[-123.53209,48.00622],[-123.5325,48.00771],[-123.5317,48.00893],[-123.53267,48.00946],[-123.53366,48.00932],[-123.53383,48.00984],[-123.53714,48.00908],[-123.53807,48.01024],[-123.53785,48.01134],[-123.53673,48.01147],[-123.5353,48.01258],[-123.53254,48.01261],[-123.53049,48.01347],[-123.5258,48.01323],[-123.52456,48.0116]]]},"bbox":[-123.53807,47.99447,-123.49165,48.01362]},{"type":"Feature","id":28779,"properties":{"y":2009,"n":"10 Mile","ag":"NPS","ac":491.8,"c":14,"cl":"Unknown","ad":"2021-01-21","cd":"","st":"WA","se":4},"geometry":{"type":"Polygon","coordinates":[[[-123.16699,47.6914],[-123.16483,47.68909],[-123.17262,47.68554],[-123.17442,47.68382],[-123.17876,47.6833],[-123.18454,47.684],[-123.18836,47.68288],[-123.18881,47.68253],[-123.18888,47.68106],[-123.18947,47.68075],[-123.1927,47.68055],[-123.19928,47.67874],[-123.20038,47.67911],[-123.20245,47.68129],[-123.20432,47.6821],[-123.20463,47.68336],[-123.20418,47.68417],[-123.20291,47.68423],[-123.19863,47.68282],[-123.19533,47.68318],[-123.19332,47.68622],[-123.18875,47.68779],[-123.18861,47.69073],[-123.18719,47.69195],[-123.18344,47.69231],[-123.17991,47.69044],[-123.17901,47.69059],[-123.17774,47.69181],[-123.17234,47.69314],[-123.16936,47.69255],[-123.16699,47.6914]]]},"bbox":[-123.20463,47.67874,-123.16483,47.69314]},{"type":"Feature","id":28781,"properties":{"y":2015,"n":"Cat Island","ag":"NPS","ac":147.6,"c":14,"cl":"Unknown","ad":"2021-01-21","cd":"","st":"WA","se":4},"geometry":{"type":"Polygon","coordinates":[[[-121.05708,48.88277],[-121.05256,48.87946],[-121.05199,48.87842],[-121.058,48.87645],[-121.06269,48.87302],[-121.06507,48.87288],[-121.06535,48.87423],[-121.06349,48.87916],[-121.06153,48.88199],[-121.06121,48.88326],[-121.06,48.88416],[-121.05708,48.88277]]]},"bbox":[-121.06535,48.87274,-121.05199,48.88416]},{"type":"Feature","id":28782,"properties":{"y":2009,"n":"Buckinghorse","ag":"NPS","ac":324.1,"c":14,"cl":"Unknown","ad":"2021-01-21","cd":"","st":"WA","se":4},"geometry":{"type":"Polygon","coordinates":[[[-123.48605,47.73372],[-123.48542,47.73263],[-123.48674,47.73016],[-123.4869,47.72842],[-123.48795,47.72735],[-123.48794,47.72625],[-123.48738,47.72584],[-123.48792,47.72413],[-123.48904,47.72352],[-123.49028,47.72375],[-123.49156,47.72317],[-123.492,47.7223],[-123.49115,47.72139],[-123.49255,47.72063],[-123.49291,47.71985],[-123.49475,47.71842],[-123.49577,47.7185],[-123.49782,47.71952],[-123.49816,47.72042],[-123.49934,47.72121],[-123.5017,47.72097],[-123.5021,47.72237],[-123.50038,47.72366],[-123.49984,47.72609],[-123.49623,47.73001],[-123.49591,47.73254],[-123.49362,47.73369],[-123.49132,47.73359],[-123.49083,47.73529],[-123.48725,47.73629],[-123.48629,47.73611],[-123.48605,47.73372]]]},"bbox":[-123.5021,47.71842,-123.48537,47.73633]},{"type":"Feature","id":28783,"properties":{"y":2005,"n":"Davis Peak","ag":"NPS","ac":17.2,"c":14,"cl":"Unknown","ad":"2021-01-21","cd":"","st":"WA","se":4},"geometry":{"type":"Polygon","coordinates":[[[-121.17871,48.70304],[-121.17833,48.70453],[-121.17474,48.70557],[-121.1733,48.70433],[-121.17772,48.70292],[-121.17871,48.70304]]]},"bbox":[-121.17884,48.70292,-121.1733,48.70557]},{"type":"Feature","id":28784,"properties":{"y":2009,"n":"Panther Creek","ag":"NPS","ac":243.0,"c":14,"cl":"Unknown","ad":"2021-01-21","cd":"","st":"WA","se":4},"geometry":{"type":"Polygon","coordinates":[[[-120.98947,48.69711],[-120.98262,48.69448],[-120.98511,48.6925],[-120.987,48.69005],[-120.9886,48.68936],[-120.99205,48.68938],[-120.99212,48.68989],[-120.99464,48.69115],[-120.99401,48.68976],[-120.99444,48.68977],[-120.99595,48.69075],[-120.99517,48.69077],[-120.99515,48.69143],[-120.99586,48.69186],[-121.00136,48.69276],[-120.99951,48.69305],[-121.00017,48.69547],[-121.00102,48.69659],[-121.00068,48.69688],[-120.99928,48.69629],[-121.00043,48.69888],[-120.99979,48.69995],[-120.99699,48.69998],[-120.99147,48.69862],[-120.98947,48.69711]]]},"bbox":[-121.00136,48.68924,-120.98262,48.70011]},{"type":"Feature","id":28785,"properties":{"y":2008,"n":"Arctic","ag":"NPS","ac":143.6,"c":14,"cl":"Unknown","ad":"2021-01-21","cd":"","st":"WA","se":4},"geometry":{"type":"MultiPolygon","coordinates":[[[[-121.1334,48.90568],[-121.13372,48.90533],[-121.1338,48.90556],[-121.1334,48.90568]]],[[[-121.13654,48.90628],[-121.13427,48.90548],[-121.13828,48.90295],[-121.13979,48.90357],[-121.13911,48.90617],[-121.13654,48.90628]]],[[[-121.1345,48.90636],[-121.13619,48.90628],[-121.13428,48.90678],[-121.1345,48.90636]]],[[[-121.14338,48.90345],[-121.14027,48.9033],[-121.13982,48.90263],[-121.13982,48.90114],[-121.14016,48.90069],[-121.14424,48.89977],[-121.14528,48.89823],[-121.14499,48.89715],[-121.14622,48.89706],[-121.14728,48.89608],[-121.14694,48.89519],[-121.14927,48.89558],[-121.15212,48.89691],[-121.15255,48.8981],[-121.15173,48.89903],[-121.14812,48.90045],[-121.14578,48.90217],[-121.14487,48.90362],[-121.1439,48.904],[-121.14338,48.90345]]],[[[-121.14059,48.90798],[-121.14104,48.90701],[-121.14183,48.90747],[-121.14311,48.90696],[-121.14383,48.90759],[-121.14316,48.90822],[-121.14242,48.90775],[-121.14059,48.90798]]],[[[-121.14161,48.90911],[-121.14223,48.90952],[-121.14185,48.90998],[-121.14132,48.90959],[-121.14161,48.90911]]],[[[-121.14168,48.9054],[-121.14251,48.90515],[-121.14272,48.90558],[-121.14179,48.90588],[-121.14168,48.9054]]],[[[-121.14358,48.90476],[-121.14499,48.90398],[-121.14511,48.90445],[-121.1438,48.90513],[-121.14358,48.90476]]],[[[-121.14504,48.89592],[-121.14579,48.89597],[-121.14589,48.89645],[-121.1451,48.89648],[-121.14504,48.89592]]],[[[-121.1469,48.90173],[-121.14797,48.90157],[-121.14672,48.90193],[-121.1469,48.90173]]],[[[-121.14741,48.89399],[-121.1493,48.89416],[-121.152,48.89609],[-121.14765,48.89459],[-121.14741,48.89399]]]]},"bbox":[-121.15255,48.89381,-121.13328,48.90998]},{"type":"Feature","id":28786,"properties":{"y":2009,"n":"Solduc","ag":"NPS","ac":4.1,"c":14,"cl":"Unknown","ad":"2021-01-21","cd":"","st":"WA","se":4},"geometry":{"type":"Polygon","coordinates":[[[-123.78699,47.92565],[-123.78873,47.92586],[-123.78959,47.92628],[-123.78849,47.92688],[-123.78695,47.92621],[-123.78699,47.92565]]]},"bbox":[-123.78959,47.92562,-123.78686,47.92688]},{"type":"Feature","id":28787,"properties":{"y":2015,"n":"Glory","ag":"NPS","ac":39.4,"c":14,"cl":"Unknown","ad":"2021-01-21","cd":"","st":"WA","se":4},"geometry":{"type":"Polygon","coordinates":[[[-120.98899,48.44206],[-120.9885,48.44129],[-120.9888,48.44074],[-120.99007,48.44165],[-120.99064,48.4431],[-120.99283,48.44342],[-120.99514,48.44289],[-120.99591,48.4437],[-120.9951,48.44425],[-120.99393,48.44657],[-120.99149,48.44669],[-120.9903,48.44518],[-120.99035,48.44418],[-120.98981,48.44334],[-120.98882,48.44309],[-120.98899,48.44206]],[[-120.98901,48.442],[-120.98899,48.44206],[-120.98901,48.44216],[-120.98901,48.442]]]},"bbox":[-120.99591,48.44074,-120.9885,48.44686]},{"type":"Feature","id":28788,"properties":{"y":2004,"n":"Perry","ag":"NPS","ac":52.2,"c":14,"cl":"Unknown","ad":"2021-01-21","cd":"","st":"WA","se":4},"geometry":{"type":"Polygon","coordinates":[[[-121.15689,48.93483],[-121.15202,48.93862],[-121.15149,48.93869],[-121.15054,48.9368],[-121.14746,48.93729],[-121.14803,48.93617],[-121.15038,48.93457],[-121.15428,48.93267],[-121.15513,48.93279],[-121.15689,48.93483]]]},"bbox":[-121.15689,48.93267,-121.14744,48.93869]},{"type":"Feature","id":28789,"properties":{"y":2016,"n":"Cox Valley","ag":"NPS","ac":61.7,"c":14,"cl":"Unknown","ad":"2021-01-21","cd":"","st":"WA","se":4},"geometry":{"type":"Polygon","coordinates":[[[-123.45283,47.96652],[-123.44901,47.96721],[-123.44755,47.96701],[-123.44562,47.96784],[-123.44412,47.96764],[-123.44425,47.96661],[-123.44249,47.96575],[-123.44309,47.96445],[-123.44609,47.96414],[-123.44678,47.96342],[-123.44893,47.96281],[-123.45339,47.96279],[-123.45318,47.9635],[-123.45142,47.96408],[-123.45163,47.96477],[-123.45103,47.96537],[-123.44837,47.9656],[-123.44794,47.96609],[-123.44712,47.96563],[-123.44691,47.96609],[-123.44751,47.96649],[-123.4527,47.96598],[-123.45283,47.96652]]]},"bbox":[-123.45339,47.96279,-123.44249,47.96784]},{"type":"Feature","id":28790,"properties":{"y":2015,"n":"Snowfield","ag":"NPS","ac":183.8,"c":14,"cl":"Unknown","ad":"2021-01-21","cd":"","st":"WA","se":4},"geometry":{"type":"MultiPolygon","coordinates":[[[[-121.16513,48.62707],[-121.16538,48.6265],[-121.16739,48.62669],[-121.16602,48.62727],[-121.16513,48.62707]]],[[[-121.17242,48.6324],[-121.16917,48.63183],[-121.17122,48.63057],[-121.17216,48.62954],[-121.17176,48.62918],[-121.17371,48.62842],[-121.17657,48.62852],[-121.17676,48.62805],[-121.1776,48.62805],[-121.17734,48.62755],[-121.17903,48.62715],[-121.16871,48.6267],[-121.17004,48.62613],[-121.17469,48.62562],[-121.17436,48.62349],[-121.17683,48.6224],[-121.17837,48.62211],[-121.18105,48.62268],[-121.1809,48.62444],[-121.18498,48.62459],[-121.1853,48.62543],[-121.1848,48.62618],[-121.18674,48.62544],[-121.18819,48.62579],[-121.18837,48.62638],[-121.18747,48.62665],[-121.18923,48.62755],[-121.18772,48.62946],[-121.17739,48.62884],[-121.17688,48.62904],[-121.17773,48.63019],[-121.17242,48.6324]]]]},"bbox":[-121.18923,48.62211,-121.16513,48.6324]},{"type":"Feature","id":28791,"properties":{"y":2015,"n":"Goode","ag":"NPS","ac":616.3,"c":14,"cl":"Unknown","ad":"2021-01-21","cd":"","st":"WA","se":4},"geometry":{"type":"MultiPolygon","coordinates":[[[[-120.92065,48.46814],[-120.92272,48.46874],[-120.92361,48.46792],[-120.92207,48.46761],[-120.92227,48.46711],[-120.92312,48.46695],[-120.92283,48.46645],[-120.92421,48.46624],[-120.92634,48.46502],[-120.92586,48.46447],[-120.92616,48.46422],[-120.92775,48.46422],[-120.92867,48.46502],[-120.9297,48.46521],[-120.93095,48.46425],[-120.93179,48.46516],[-120.93394,48.46145],[-120.93598,48.46178],[-120.93865,48.46285],[-120.93951,48.46383],[-120.93986,48.46673],[-120.94229,48.46881],[-120.94349,48.47087],[-120.94372,48.47244],[-120.94335,48.47413],[-120.94022,48.47498],[-120.94045,48.4758],[-120.93934,48.47643],[-120.93893,48.47731],[-120.93313,48.47862],[-120.93032,48.47751],[-120.92553,48.47911],[-120.9236,48.47723],[-120.91906,48.47655],[-120.91795,48.47516],[-120.91803,48.47452],[-120.91889,48.47392],[-120.92139,48.47315],[-120.9219,48.47145],[-120.92075,48.47118],[-120.91859,48.47162],[-120.91385,48.47088],[-120.91545,48.47061],[-120.91585,48.46937],[-120.91719,48.46882],[-120.91696,48.46826],[-120.91827,48.4681],[-120.91876,48.4676],[-120.92153,48.46744],[-120.92065,48.46814]]],[[[-120.91665,48.47244],[-120.91644,48.47213],[-120.91705,48.47228],[-120.91665,48.47244]]]]},"bbox":[-120.94372,48.46145,-120.91385,48.47912]},{"type":"Feature","id":28792,"properties":{"y":2015,"n":"Klawatti","ag":"NPS","ac":125.5,"c":14,"cl":"Unknown","ad":"2021-01-21","cd":"","st":"WA","se":4},"geometry":{"type":"Polygon","coordinates":[[[-121.06352,48.5973],[-121.06325,48.59788],[-121.06182,48.59806],[-121.0571,48.59739],[-121.05531,48.59787],[-121.05137,48.59792],[-121.04964,48.59752],[-121.04905,48.5963],[-121.04948,48.59465],[-121.0504,48.59408],[-121.05536,48.59365],[-121.05714,48.59169],[-121.05825,48.59144],[-121.05924,48.59252],[-121.06044,48.5924],[-121.06168,48.59324],[-121.06223,48.5961],[-121.06295,48.59634],[-121.06352,48.5973]]]},"bbox":[-121.06359,48.59143,-121.04904,48.59806]},{"type":"Feature","id":28793,"properties":{"y":2016,"n":"Ignar Creek","ag":"NPS","ac":154.0,"c":14,"cl":"Unknown","ad":"2021-01-21","cd":"","st":"WA","se":4},"geometry":{"type":"Polygon","coordinates":[[[-123.42244,47.63389],[-123.42746,47.63493],[-123.4281,47.6336],[-123.42952,47.63271],[-123.43677,47.63181],[-123.43862,47.63291],[-123.43883,47.63384],[-123.43647,47.63479],[-123.43471,47.63621],[-123.43145,47.63736],[-123.42823,47.63603],[-123.42793,47.63757],[-123.42218,47.64049],[-123.41879,47.64011],[-123.41699,47.64043],[-123.41579,47.64135],[-123.41424,47.6413],[-123.41428,47.6404],[-123.41669,47.63933],[-123.41883,47.63942],[-123.42132,47.63742],[-123.42325,47.6369],[-123.42398,47.63603],[-123.42214,47.63444],[-123.42244,47.63389]]]},"bbox":[-123.43883,47.63181,-123.41424,47.64135]},{"type":"Feature","id":28794,"properties":{"y":2015,"n":"Trapline","ag":"NPS","ac":25.5,"c":14,"cl":"Unknown","ad":"2021-01-21","cd":"","st":"WA","se":4},"geometry":{"type":"Polygon","coordinates":[[[-120.94583,48.43706],[-120.94343,48.43564],[-120.94363,48.43403],[-120.94414,48.43345],[-120.94671,48.43327],[-120.94815,48.43433],[-120.94809,48.43518],[-120.94583,48.43706]]]},"bbox":[-120.94823,48.43323,-120.94331,48.43706]},{"type":"Feature","id":28795,"properties":{"y":2009,"n":"Constance","ag":"NPS","ac":456.6,"c":14,"cl":"Unknown","ad":"2021-01-21","cd":"","st":"WA","se":4},"geometry":{"type":"Polygon","coordinates":[[[-123.13249,47.73546],[-123.13132,47.73451],[-123.13146,47.73076],[-123.12928,47.73011],[-123.12899,47.7291],[-123.13298,47.72819],[-123.13557,47.72636],[-123.13938,47.72815],[-123.1458,47.72833],[-123.14706,47.72902],[-123.14973,47.73205],[-123.15514,47.73331],[-123.1566,47.735],[-123.15868,47.73588],[-123.1595,47.73676],[-123.15796,47.73771],[-123.15598,47.73784],[-123.15525,47.73631],[-123.15346,47.73595],[-123.15269,47.737],[-123.15139,47.73759],[-123.15144,47.73843],[-123.15086,47.73873],[-123.14844,47.7385],[-123.14729,47.73935],[-123.14526,47.73932],[-123.14308,47.73808],[-123.14225,47.73584],[-123.14162,47.73532],[-123.1408,47.73541],[-123.13921,47.73679],[-123.13883,47.73962],[-123.13588,47.74047],[-123.13521,47.74025],[-123.13515,47.73891],[-123.13181,47.73712],[-123.13162,47.73621],[-123.13249,47.73546]]]},"bbox":[-123.1595,47.72636,-123.12899,47.74047]},{"type":"Feature","id":28797,"properties":{"y":2007,"n":"Tolo","ag":"NPS","ac":349.8,"c":14,"cl":"Unknown","ad":"2021-01-21","cd":"","st":"WA","se":4},"geometry":{"type":"Polygon","coordinates":[[[-120.9042,48.42187],[-120.91051,48.4219],[-120.91171,48.42418],[-120.91172,48.42533],[-120.90847,48.42607],[-120.90692,48.42512],[-120.90513,48.42607],[-120.90292,48.42511],[-120.90024,48.42469],[-120.8995,48.42564],[-120.89475,48.42616],[-120.89319,48.42753],[-120.89006,48.42673],[-120.88853,48.42681],[-120.88797,48.42742],[-120.88623,48.42777],[-120.88565,48.42707],[-120.88377,48.427],[-120.88191,48.42602],[-120.88216,48.42504],[-120.88319,48.42474],[-120.88363,48.42357],[-120.88242,48.42293],[-120.88373,48.42249],[-120.88416,48.42321],[-120.88428,48.42228],[-120.8838,48.42187],[-120.88412,48.42133],[-120.88729,48.42066],[-120.8893,48.42117],[-120.89352,48.42091],[-120.89303,48.42016],[-120.89352,48.41956],[-120.89311,48.4187],[-120.88868,48.41759],[-120.88904,48.41652],[-120.89031,48.41576],[-120.89182,48.41572],[-120.89462,48.41753],[-120.89673,48.41768],[-120.9042,48.42187]]]},"bbox":[-120.91173,48.41567,-120.88191,48.42777]},{"type":"Feature","id":28798,"properties":{"y":2004,"n":"Mcmillan","ag":"NPS","ac":241.4,"c":14,"cl":"Unknown","ad":"2021-01-21","cd":"","st":"WA","se":4},"geometry":{"type":"MultiPolygon","coordinates":[[[[-121.2475,48.81914],[-121.24386,48.82278],[-121.23984,48.82479],[-121.23676,48.82519],[-121.23459,48.82434],[-121.23615,48.82015],[-121.23608,48.81702],[-121.23801,48.81533],[-121.23917,48.81185],[-121.23983,48.81141],[-121.24087,48.81219],[-121.24295,48.81271],[-121.24544,48.81282],[-121.24747,48.81039],[-121.24846,48.80988],[-121.24638,48.81594],[-121.2475,48.81914]]],[[[-121.23698,48.82578],[-121.23673,48.82561],[-121.23724,48.82562],[-121.23698,48.82578]]],[[[-121.24144,48.82474],[-121.24106,48.82496],[-121.24096,48.82483],[-121.24144,48.82474]]]]},"bbox":[-121.24852,48.80988,-121.23459,48.82578]},{"type":"Feature","id":28800,"properties":{"y":2015,"n":"Rocky Beaver","ag":"NPS","ac":140.8,"c":14,"cl":"Unknown","ad":"2021-01-21","cd":"","st":"WA","se":4},"geometry":{"type":"Polygon","coordinates":[[[-121.18673,48.92809],[-121.18792,48.9268],[-121.18789,48.92409],[-121.1895,48.92265],[-121.19755,48.92541],[-121.198,48.92631],[-121.19688,48.92956],[-121.19469,48.93129],[-121.19232,48.9312],[-121.19087,48.93179],[-121.18904,48.93132],[-121.18853,48.9307],[-121.18893,48.92949],[-121.18673,48.92809]]]},"bbox":[-121.198,48.92261,-121.18672,48.93179]},{"type":"Feature","id":28801,"properties":{"y":2004,"n":"Newhalem","ag":"NPS","ac":58.5,"c":14,"cl":"Unknown","ad":"2021-01-21","cd":"","st":"WA","se":4},"geometry":{"type":"Polygon","coordinates":[[[-121.22791,48.63512],[-121.22937,48.63465],[-121.22898,48.63436],[-121.22938,48.63422],[-121.22825,48.63368],[-121.22438,48.6338],[-121.22595,48.63289],[-121.2262,48.63181],[-121.22474,48.63058],[-121.22872,48.63154],[-121.23171,48.63069],[-121.23416,48.63052],[-121.23394,48.63107],[-121.23484,48.63109],[-121.23482,48.6328],[-121.23415,48.63357],[-121.23155,48.63481],[-121.22791,48.63512]]]},"bbox":[-121.23488,48.63052,-121.22435,48.63514]},{"type":"Feature","id":28803,"properties":{"y":2018,"n":"Little Fork","ag":"NPS","ac":426.0,"c":14,"cl":"Unknown","ad":"2021-01-21","cd":"","st":"WA","se":4},"geometry":{"type":"Polygon","coordinates":[[[-121.44154,48.96058],[-121.44377,48.95818],[-121.45297,48.95921],[-121.45756,48.9581],[-121.45932,48.9583],[-121.46325,48.95661],[-121.46466,48.95529],[-121.4704,48.95673],[-121.4672,48.95864],[-121.46644,48.96165],[-121.46284,48.96256],[-121.45962,48.96178],[-121.45803,48.96285],[-121.45765,48.96427],[-121.45461,48.96659],[-121.45265,48.96665],[-121.44528,48.96938],[-121.44436,48.97045],[-121.4368,48.96626],[-121.44051,48.96377],[-121.44167,48.96212],[-121.44154,48.96058]]]},"bbox":[-121.4704,48.95529,-121.4368,48.97045]},{"type":"Feature","id":28804,"properties":{"y":2004,"n":"Littlebeav","ag":"NPS","ac":71.9,"c":14,"cl":"Unknown","ad":"2021-01-21","cd":"","st":"WA","se":4},"geometry":{"type":"MultiPolygon","coordinates":[[[[-121.25074,48.91694],[-121.24794,48.91736],[-121.24647,48.91654],[-121.24646,48.91598],[-121.24754,48.91529],[-121.25143,48.91507],[-121.25312,48.91421],[-121.25328,48.91349],[-121.25088,48.91252],[-121.25202,48.91162],[-121.25416,48.91275],[-121.25682,48.91254],[-121.25719,48.91292],[-121.25675,48.91627],[-121.25514,48.91805],[-121.25395,48.91814],[-121.25074,48.91694]]],[[[-121.25176,48.91771],[-121.25175,48.91754],[-121.25191,48.91767],[-121.25176,48.91771]]]]},"bbox":[-121.25719,48.91161,-121.24646,48.9182]},{"type":"Feature","id":28805,"properties":{"y":2018,"n":"American Camp","ag":"NPS","ac":6.8,"c":14,"cl":"Unknown","ad":"2021-01-21","cd":"","st":"WA","se":4},"geometry":{"type":"Polygon","coordinates":[[[-123.02099,48.46423],[-123.02065,48.46502],[-123.0185,48.46566],[-123.01663,48.46546],[-123.01719,48.46495],[-123.01873,48.46476],[-123.01946,48.46401],[-123.02099,48.46423]]]},"bbox":[-123.02099,48.46398,-123.01663,48.46571]},{"type":"Feature","id":28807,"properties":{"y":2013,"n":"Artic Dan","ag":"NPS","ac":253.6,"c":14,"cl":"Unknown","ad":"2021-01-21","cd":"","st":"WA","se":4},"geometry":{"type":"Polygon","coordinates":[[[-121.11461,48.89171],[-121.11266,48.89049],[-121.11122,48.89034],[-121.11067,48.88969],[-121.11065,48.88898],[-121.1116,48.88849],[-121.11334,48.88918],[-121.11409,48.88896],[-121.11383,48.88456],[-121.11253,48.88302],[-121.11161,48.88278],[-121.11063,48.88177],[-121.11113,48.88122],[-121.11301,48.88197],[-121.11643,48.88239],[-121.11872,48.88113],[-121.12106,48.88319],[-121.125,48.88373],[-121.12728,48.88544],[-121.12719,48.88665],[-121.12466,48.88669],[-121.12379,48.88839],[-121.1238,48.88982],[-121.12238,48.89025],[-121.1209,48.89256],[-121.11986,48.89278],[-121.1192,48.89415],[-121.11438,48.89522],[-121.11461,48.89171]]]},"bbox":[-121.12742,48.88113,-121.11059,48.89527]},{"type":"Feature","id":28808,"properties":{"y":2021,"n":"Bear Creek","ag":"NPS","ac":857.0,"c":14,"cl":"Unknown","ad":"2023-03-14","cd":"","st":"WA","se":1},"geometry":{"type":"Polygon","coordinates":[[[-121.36445,48.97239],[-121.36119,48.97323],[-121.36298,48.97107],[-121.36381,48.9692],[-121.36548,48.96866],[-121.36565,48.96674],[-121.36479,48.96705],[-121.36374,48.96886],[-121.36128,48.9711],[-121.36244,48.96901],[-121.36202,48.96865],[-121.36221,48.96821],[-121.3603,48.9678],[-121.3577,48.96832],[-121.3541,48.97175],[-121.35416,48.97309],[-121.35355,48.97332],[-121.35105,48.97305],[-121.35157,48.9705],[-121.35059,48.97108],[-121.35115,48.97022],[-121.35034,48.96864],[-121.35144,48.96748],[-121.35336,48.9681],[-121.35493,48.96742],[-121.35519,48.96655],[-121.35839,48.96322],[-121.35953,48.96349],[-121.36178,48.96207],[-121.36453,48.96236],[-121.36585,48.96192],[-121.36621,48.96152],[-121.3659,48.95904],[-121.36757,48.95695],[-121.36844,48.95693],[-121.36701,48.95655],[-121.36956,48.95495],[-121.36998,48.95413],[-121.37197,48.95385],[-121.37447,48.95221],[-121.38103,48.95014],[-121.37915,48.94946],[-121.37879,48.94858],[-121.37996,48.94631],[-121.38195,48.94678],[-121.38564,48.94653],[-121.38896,48.94725],[-121.38909,48.9528],[-121.38956,48.95466],[-121.3881,48.95801],[-121.3884,48.95932],[-121.38753,48.96023],[-121.38644,48.96375],[-121.38551,48.96509],[-121.3841,48.96601],[-121.38343,48.96588],[-121.37798,48.96437],[-121.37383,48.96163],[-121.37234,48.96191],[-121.37137,48.96259],[-121.37128,48.9635],[-121.37188,48.96443],[-121.37405,48.96569],[-121.37407,48.96614],[-121.37243,48.96706],[-121.37191,48.96847],[-121.36985,48.96864],[-121.36761,48.96976],[-121.36691,48.97278],[-121.36618,48.97329],[-121.36491,48.97364],[-121.36445,48.97239]]]},"bbox":[-121.38956,48.94631,-121.35034,48.97364]},{"type":"Feature","id":28809,"properties":{"y":2018,"n":"Arctic Jim","ag":"NPS","ac":883.7,"c":14,"cl":"Unknown","ad":"2021-01-21","cd":"","st":"WA","se":4},"geometry":{"type":"Polygon","coordinates":[[[-121.1633,48.8911],[-121.16376,48.89175],[-121.15902,48.89292],[-121.15532,48.89445],[-121.15237,48.89827],[-121.1505,48.8996],[-121.148,48.90016],[-121.14628,48.9022],[-121.14478,48.9025],[-121.14322,48.9021],[-121.13726,48.90451],[-121.13456,48.9061],[-121.13032,48.90674],[-121.12493,48.90502],[-121.12334,48.90548],[-121.12264,48.90651],[-121.12287,48.907],[-121.12369,48.90701],[-121.12093,48.90784],[-121.12112,48.90724],[-121.11928,48.90558],[-121.12124,48.90627],[-121.12259,48.90552],[-121.12181,48.90442],[-121.1196,48.90379],[-121.11896,48.90323],[-121.11899,48.90247],[-121.12073,48.90228],[-121.12084,48.90163],[-121.12202,48.90088],[-121.12231,48.89985],[-121.12761,48.89509],[-121.13104,48.89411],[-121.13238,48.89141],[-121.13596,48.8907],[-121.1366,48.88908],[-121.13819,48.88845],[-121.14335,48.88968],[-121.14347,48.88859],[-121.14041,48.88663],[-121.14037,48.88543],[-121.14088,48.885],[-121.14195,48.88497],[-121.14852,48.88834],[-121.16017,48.891],[-121.1633,48.8911]]]},"bbox":[-121.16376,48.88497,-121.11896,48.90784]},{"type":"Feature","id":28810,"properties":{"y":2009,"n":"Knife","ag":"NPS","ac":140.6,"c":14,"cl":"Unknown","ad":"2021-01-21","cd":"","st":"WA","se":4},"geometry":{"type":"Polygon","coordinates":[[[-123.45683,47.73635],[-123.45495,47.73373],[-123.45449,47.7321],[-123.45818,47.73054],[-123.46085,47.73001],[-123.46463,47.73154],[-123.46752,47.73338],[-123.46771,47.73394],[-123.46753,47.73497],[-123.46664,47.73541],[-123.46627,47.73627],[-123.46307,47.73603],[-123.45876,47.73841],[-123.45684,47.73838],[-123.45683,47.73635]]]},"bbox":[-123.46771,47.73001,-123.45449,47.73846]},{"type":"Feature","id":28811,"properties":{"y":2021,"n":"Moraine Lake 2","ag":"NPS","ac":166.9,"c":14,"cl":"Unknown","ad":"2021-08-20","cd":"","st":"WA","se":2},"geometry":{"type":"Polygon","coordinates":[[[-121.07917,48.54305],[-121.0744,48.54383],[-121.06871,48.54321],[-121.06617,48.54112],[-121.06264,48.54049],[-121.068,48.53763],[-121.07407,48.53625],[-121.0776,48.53811],[-121.08047,48.54142],[-121.07917,48.54305]]]},"bbox":[-121.08047,48.53625,-121.06264,48.54383]},{"type":"Feature","id":28812,"properties":{"y":2022,"n":"Chilliwack Complex","ag":"NPS","ac":660.4,"c":14,"cl":"Unknown","ad":"2022-09-19","cd":"","st":"WA","se":3},"geometry":{"type":"MultiPolygon","coordinates":[[[[-121.48975,48.94579],[-121.48858,48.9461],[-121.48792,48.94545],[-121.48881,48.94496],[-121.48947,48.94369],[-121.49046,48.93987],[-121.49116,48.93885],[-121.49229,48.93863],[-121.49087,48.93762],[-121.48856,48.93721],[-121.48768,48.93782],[-121.48616,48.93735],[-121.4803,48.93942],[-121.47674,48.93931],[-121.47841,48.93891],[-121.47746,48.93805],[-121.4764,48.93795],[-121.47475,48.93586],[-121.474,48.93255],[-121.47213,48.93335],[-121.47199,48.9328],[-121.47425,48.929],[-121.47528,48.92823],[-121.47624,48.92821],[-121.47811,48.92679],[-121.48003,48.92645],[-121.48421,48.92635],[-121.48603,48.92698],[-121.48702,48.92672],[-121.4877,48.92688],[-121.48821,48.92777],[-121.4898,48.92811],[-121.49042,48.92915],[-121.49117,48.92883],[-121.49118,48.92985],[-121.49279,48.93101],[-121.4938,48.93108],[-121.49415,48.93217],[-121.49542,48.93274],[-121.49607,48.93406],[-121.49759,48.9345],[-121.49659,48.93566],[-121.49625,48.93755],[-121.49686,48.93876],[-121.49633,48.94001],[-121.49905,48.94122],[-121.49905,48.94314],[-121.49695,48.94337],[-121.4965,48.94422],[-121.4945,48.94484],[-121.49417,48.94406],[-121.49299,48.94447],[-121.49102,48.94632],[-121.48975,48.94579]]],[[[-121.4867,48.92274],[-121.48707,48.92274],[-121.48712,48.92304],[-121.48693,48.9232],[-121.4867,48.92274]]],[[[-121.49649,48.92785],[-121.49069,48.92558],[-121.48716,48.92185],[-121.48675,48.91984],[-121.48848,48.92017],[-121.48784,48.92082],[-121.49095,48.9225],[-121.49611,48.92398],[-121.49628,48.92266],[-121.49733,48.92279],[-121.49855,48.92403],[-121.50024,48.92434],[-121.50107,48.9265],[-121.50096,48.92774],[-121.49649,48.92785]]],[[[-121.49596,48.94514],[-121.49653,48.9456],[-121.49537,48.94604],[-121.49526,48.94533],[-121.49596,48.94514]]],[[[-121.49718,48.94693],[-121.49678,48.94647],[-121.49705,48.94552],[-121.49978,48.94547],[-121.49978,48.94598],[-121.49886,48.94671],[-121.49718,48.94693]]]]},"bbox":[-121.50109,48.91981,-121.47199,48.94693]},{"type":"Feature","id":28814,"properties":{"y":2021,"n":"Moraine Lake","ag":"NPS","ac":248.9,"c":14,"cl":"Unknown","ad":"2023-03-14","cd":"","st":"WA","se":1},"geometry":{"type":"Polygon","coordinates":[[[-121.07749,48.5445],[-121.07645,48.54308],[-121.07478,48.54289],[-121.07464,48.54319],[-121.07557,48.5437],[-121.07525,48.54394],[-121.07271,48.54352],[-121.07295,48.54257],[-121.07232,48.54202],[-121.07061,48.54325],[-121.0708,48.54433],[-121.06976,48.54329],[-121.06704,48.54337],[-121.06832,48.54301],[-121.0678,48.54216],[-121.0639,48.54214],[-121.06414,48.54379],[-121.06153,48.54408],[-121.06097,48.54381],[-121.06099,48.54268],[-121.06044,48.54198],[-121.0615,48.54197],[-121.06361,48.53995],[-121.06484,48.53948],[-121.06422,48.53861],[-121.06297,48.53952],[-121.06197,48.53912],[-121.06426,48.53782],[-121.06514,48.53647],[-121.0659,48.53716],[-121.06809,48.53617],[-121.06876,48.53654],[-121.06923,48.5362],[-121.06883,48.53553],[-121.07101,48.53504],[-121.07389,48.53589],[-121.07546,48.53543],[-121.07718,48.53562],[-121.0779,48.53616],[-121.07726,48.53716],[-121.0762,48.5367],[-121.07605,48.53772],[-121.07896,48.53831],[-121.07997,48.53916],[-121.08114,48.53889],[-121.08222,48.53925],[-121.08338,48.54132],[-121.08328,48.54201],[-121.08255,48.54196],[-121.08239,48.54307],[-121.0819,48.54313],[-121.08133,48.54271],[-121.08146,48.54138],[-121.08004,48.54212],[-121.07807,48.54135],[-121.07734,48.54039],[-121.07732,48.54295],[-121.07885,48.54368],[-121.07749,48.5445]]]},"bbox":[-121.08338,48.53504,-121.06044,48.54451]},{"type":"Feature","id":28818,"properties":{"y":2022,"n":"Boundary","ag":"NPS","ac":0.0,"c":14,"cl":"Unknown","ad":"2023-03-14","cd":"","st":"WA","se":1},"geometry":{"type":"Polygon","coordinates":[[[-121.51636,48.89428],[-121.51619,48.89425],[-121.51624,48.89408],[-121.51636,48.89428]]]},"bbox":[-121.51636,48.89408,-121.51619,48.8944]},{"type":"Feature","id":28819,"properties":{"y":2020,"n":"East Beach Road","ag":"NPS","ac":84.8,"c":14,"cl":"Unknown","ad":"2023-03-14","cd":"","st":"WA","se":1},"geometry":{"type":"Polygon","coordinates":[[[-123.76994,48.09501],[-123.76932,48.09483],[-123.76914,48.09321],[-123.77818,48.09359],[-123.77965,48.09459],[-123.78031,48.09429],[-123.78109,48.09472],[-123.78135,48.09537],[-123.78251,48.09556],[-123.78321,48.09613],[-123.7828,48.09696],[-123.78319,48.09728],[-123.78188,48.09761],[-123.78031,48.09644],[-123.77651,48.09781],[-123.77552,48.09703],[-123.77264,48.09709],[-123.77213,48.09627],[-123.77007,48.09586],[-123.76994,48.09501]]]},"bbox":[-123.78321,48.09312,-123.76903,48.09785]},{"type":"Feature","id":28820,"properties":{"y":2022,"n":"North Fork","ag":"NPS","ac":340.1,"c":14,"cl":"Unknown","ad":"2023-03-14","cd":"","st":"WA","se":1},"geometry":{"type":"MultiPolygon","coordinates":[[[[-121.43741,48.98879],[-121.43651,48.98908],[-121.43677,48.98787],[-121.43848,48.98708],[-121.43818,48.98783],[-121.43958,48.98658],[-121.43881,48.98641],[-121.43955,48.98612],[-121.43901,48.98438],[-121.43971,48.98388],[-121.43822,48.98249],[-121.43848,48.98033],[-121.44181,48.97849],[-121.44292,48.97849],[-121.44322,48.97919],[-121.44507,48.97792],[-121.44559,48.97866],[-121.44721,48.97847],[-121.44787,48.97924],[-121.44918,48.97913],[-121.45036,48.98095],[-121.45057,48.97906],[-121.4485,48.97731],[-121.44881,48.97704],[-121.44965,48.97719],[-121.45136,48.9789],[-121.4527,48.97915],[-121.45341,48.97984],[-121.4574,48.98075],[-121.45758,48.98144],[-121.45913,48.98235],[-121.46193,48.98617],[-121.46172,48.9866],[-121.45986,48.98688],[-121.45873,48.98571],[-121.45669,48.98463],[-121.4578,48.98636],[-121.45618,48.98511],[-121.45491,48.98533],[-121.45723,48.98748],[-121.45719,48.98838],[-121.4562,48.98839],[-121.45554,48.98699],[-121.45409,48.98822],[-121.45273,48.98708],[-121.45188,48.98682],[-121.4509,48.9872],[-121.45024,48.98671],[-121.44883,48.98727],[-121.44942,48.98927],[-121.44904,48.98916],[-121.44836,48.9873],[-121.45085,48.98619],[-121.44892,48.98505],[-121.44794,48.98531],[-121.44808,48.98577],[-121.44693,48.98559],[-121.44672,48.98516],[-121.44763,48.98451],[-121.44683,48.9834],[-121.44726,48.98274],[-121.44446,48.98141],[-121.44165,48.97933],[-121.43964,48.98048],[-121.4418,48.98136],[-121.44287,48.98267],[-121.4445,48.983],[-121.44397,48.98443],[-121.44423,48.98487],[-121.44539,48.98553],[-121.44585,48.98525],[-121.44585,48.98598],[-121.44748,48.98617],[-121.44767,48.98693],[-121.44684,48.98747],[-121.44834,48.991],[-121.44758,48.99226],[-121.44814,48.99278],[-121.44733,48.99295],[-121.44726,48.99347],[-121.44615,48.99257],[-121.44512,48.99307],[-121.44498,48.99198],[-121.44576,48.9918],[-121.44507,48.99135],[-121.44333,48.99157],[-121.44263,48.99117],[-121.44415,48.9903],[-121.44417,48.98904],[-121.44462,48.98857],[-121.44343,48.98799],[-121.44321,48.98725],[-121.44151,48.98664],[-121.44013,48.98738],[-121.4407,48.98861],[-121.43901,48.98875],[-121.43918,48.99087],[-121.43968,48.99088],[-121.43747,48.99209],[-121.43975,48.9925],[-121.43641,48.99226],[-121.43651,48.99128],[-121.43783,48.99122],[-121.43817,48.99055],[-121.43741,48.98879]]],[[[-121.44173,48.98966],[-121.44268,48.98975],[-121.44235,48.98995],[-121.44277,48.99053],[-121.44207,48.99106],[-121.44054,48.98808],[-121.44085,48.98776],[-121.44173,48.98966]]],[[[-121.44309,48.98942],[-121.44346,48.98917],[-121.4437,48.98946],[-121.44356,48.98954],[-121.44309,48.98942]]]]},"bbox":[-121.46193,48.97704,-121.43641,48.99347]},{"type":"Feature","id":28821,"properties":{"y":2022,"n":"Desolation","ag":"NPS","ac":363.5,"c":14,"cl":"Unknown","ad":"2023-03-14","cd":"","st":"WA","se":1},"geometry":{"type":"Polygon","coordinates":[[[-121.04243,48.9173],[-121.04186,48.91846],[-121.04234,48.91888],[-121.0421,48.91916],[-121.04099,48.91957],[-121.03843,48.91929],[-121.03959,48.91895],[-121.0381,48.91851],[-121.03777,48.91887],[-121.0371,48.91824],[-121.03657,48.91828],[-121.03696,48.91868],[-121.03651,48.91828],[-121.03504,48.91836],[-121.03222,48.91701],[-121.03008,48.91693],[-121.02955,48.91663],[-121.03235,48.91631],[-121.03325,48.91685],[-121.03436,48.91678],[-121.03467,48.91744],[-121.03467,48.91673],[-121.0336,48.91568],[-121.03233,48.91549],[-121.03173,48.9149],[-121.02864,48.91483],[-121.02982,48.91383],[-121.03301,48.91312],[-121.03117,48.91231],[-121.03164,48.91187],[-121.03024,48.91142],[-121.03135,48.91047],[-121.03497,48.91057],[-121.03589,48.91104],[-121.03697,48.91048],[-121.03518,48.91046],[-121.03347,48.90934],[-121.03402,48.90882],[-121.03298,48.90816],[-121.03426,48.90814],[-121.03432,48.90772],[-121.03533,48.90751],[-121.03488,48.90687],[-121.03511,48.90624],[-121.03735,48.90559],[-121.03903,48.90587],[-121.04042,48.90695],[-121.04212,48.90711],[-121.04235,48.90816],[-121.04393,48.90843],[-121.04411,48.90804],[-121.0455,48.90884],[-121.04556,48.90933],[-121.04491,48.90966],[-121.04569,48.90961],[-121.04764,48.91086],[-121.04792,48.91216],[-121.0506,48.91304],[-121.04995,48.91329],[-121.05043,48.91435],[-121.04994,48.91638],[-121.04799,48.91769],[-121.04708,48.91756],[-121.04649,48.91887],[-121.044,48.91913],[-121.04276,48.91842],[-121.04302,48.9177],[-121.04243,48.9173]]]},"bbox":[-121.0506,48.90559,-121.02864,48.91957]},{"type":"Feature","id":28822,"properties":{"y":2020,"n":"Aurora Ridge","ag":"NPS","ac":0.3,"c":14,"cl":"Unknown","ad":"2023-03-14","cd":"","st":"WA","se":1},"geometry":{"type":"Polygon","coordinates":[[[-123.92743,48.05104],[-123.92774,48.05085],[-123.92711,48.05139],[-123.92743,48.05104]]]},"bbox":[-123.92774,48.0508,-123.92698,48.05139]},{"type":"Feature","id":28823,"properties":{"y":2022,"n":"Brush Creek 1","ag":"NPS","ac":5.3,"c":14,"cl":"Unknown","ad":"2023-03-14","cd":"","st":"WA","se":1},"geometry":{"type":"Polygon","coordinates":[[[-121.4066,48.89585],[-121.41004,48.89564],[-121.41115,48.89602],[-121.4085,48.89644],[-121.4066,48.89585]]]},"bbox":[-121.41115,48.8956,-121.4066,48.89644]},{"type":"Feature","id":28824,"properties":{"y":2022,"n":"Copper Ridge","ag":"NPS","ac":10.7,"c":14,"cl":"Unknown","ad":"2023-03-14","cd":"","st":"WA","se":1},"geometry":{"type":"Polygon","coordinates":[[[-121.44984,48.93121],[-121.44944,48.93086],[-121.44823,48.93112],[-121.44885,48.92932],[-121.45203,48.92929],[-121.45205,48.93],[-121.44982,48.93067],[-121.45016,48.93074],[-121.44984,48.93121]]]},"bbox":[-121.45205,48.92905,-121.44823,48.93121]},{"type":"Feature","id":28826,"properties":{"y":2023,"n":"Orchard Rainbow Rx","ag":"NPS","ac":22.3,"c":14,"cl":"Unknown","ad":"2023-09-30","cd":"","st":"WA","se":3},"geometry":{"type":"Polygon","coordinates":[[[-120.69431,48.33941],[-120.69324,48.33781],[-120.69692,48.33798],[-120.698,48.33863],[-120.69872,48.34073],[-120.69733,48.34109],[-120.69431,48.33941]]]},"bbox":[-120.69881,48.33764,-120.69324,48.34109]},{"type":"Feature","id":28827,"properties":{"y":2023,"n":"Low Divide","ag":"NPS","ac":340.8,"c":14,"cl":"Unknown","ad":"2023-12-06","cd":"","st":"WA","se":4},"geometry":{"type":"Polygon","coordinates":[[[-123.58209,47.70755],[-123.58313,47.70693],[-123.58406,47.70706],[-123.58347,47.70616],[-123.5846,47.70614],[-123.5852,47.70535],[-123.58635,47.70548],[-123.58674,47.70516],[-123.58661,47.70438],[-123.58728,47.70392],[-123.58758,47.70446],[-123.58856,47.70365],[-123.58817,47.70341],[-123.58982,47.70232],[-123.59204,47.7024],[-123.59296,47.70349],[-123.59281,47.70438],[-123.59095,47.70665],[-123.59119,47.70783],[-123.59076,47.70823],[-123.59077,47.70945],[-123.59141,47.71026],[-123.59034,47.71274],[-123.59073,47.71393],[-123.58938,47.71454],[-123.58975,47.71648],[-123.58713,47.71968],[-123.58608,47.71987],[-123.58694,47.72136],[-123.58551,47.72225],[-123.58094,47.72233],[-123.57916,47.72142],[-123.57846,47.72154],[-123.57874,47.71981],[-123.58058,47.71875],[-123.58229,47.71623],[-123.58157,47.71509],[-123.58076,47.7151],[-123.58022,47.71422],[-123.57907,47.71419],[-123.57881,47.71323],[-123.57806,47.71342],[-123.57742,47.71272],[-123.57876,47.71194],[-123.57932,47.71043],[-123.58049,47.7101],[-123.58175,47.70878],[-123.58233,47.70785],[-123.58209,47.70755]]]},"bbox":[-123.59296,47.70229,-123.57742,47.7224]},{"type":"Feature","id":28828,"properties":{"y":2023,"n":"Diamond Mtn","ag":"NPS","ac":29.9,"c":14,"cl":"Unknown","ad":"2023-12-06","cd":"","st":"WA","se":4},"geometry":{"type":"Polygon","coordinates":[[[-123.31921,47.74445],[-123.32019,47.7452],[-123.32035,47.74591],[-123.31877,47.74698],[-123.31757,47.74681],[-123.3161,47.74547],[-123.3139,47.7464],[-123.31334,47.74614],[-123.31381,47.745],[-123.31357,47.74423],[-123.31434,47.74379],[-123.31921,47.74445]]]},"bbox":[-123.32038,47.74368,-123.31332,47.74703]},{"type":"Feature","id":28829,"properties":{"y":2023,"n":"Mt. Queets","ag":"NPS","ac":7.0,"c":14,"cl":"Unknown","ad":"2023-12-06","cd":"","st":"WA","se":4},"geometry":{"type":"Polygon","coordinates":[[[-123.6213,47.76896],[-123.62104,47.76856],[-123.62213,47.76854],[-123.62271,47.76799],[-123.62269,47.76837],[-123.62378,47.76821],[-123.62422,47.76881],[-123.62267,47.76941],[-123.62178,47.76898],[-123.62097,47.77043],[-123.62011,47.77041],[-123.62002,47.76965],[-123.6213,47.76896]]]},"bbox":[-123.62422,47.76799,-123.62002,47.77043]},{"type":"Feature","id":28831,"properties":{"y":2023,"n":"Eagle Point","ag":"NPS","ac":122.8,"c":14,"cl":"Unknown","ad":"2023-12-06","cd":"","st":"WA","se":4},"geometry":{"type":"Polygon","coordinates":[[[-123.42399,47.93357],[-123.42875,47.93579],[-123.42833,47.93615],[-123.42492,47.93706],[-123.42391,47.93799],[-123.41903,47.9403],[-123.41899,47.94107],[-123.41636,47.93992],[-123.41665,47.9394],[-123.41592,47.93911],[-123.41555,47.9381],[-123.41592,47.93754],[-123.414,47.93661],[-123.41381,47.936],[-123.42094,47.93336],[-123.42399,47.93357]]]},"bbox":[-123.42875,47.93336,-123.41381,47.94109]},{"type":"Feature","id":28832,"properties":{"y":2023,"n":"Hurricane","ag":"NPS","ac":4.2,"c":14,"cl":"Unknown","ad":"2023-12-06","cd":"","st":"WA","se":4},"geometry":{"type":"Polygon","coordinates":[[[-123.49698,47.96439],[-123.49695,47.96402],[-123.49775,47.96402],[-123.49803,47.96309],[-123.49897,47.96351],[-123.49931,47.96435],[-123.49913,47.96493],[-123.49861,47.96496],[-123.4981,47.96428],[-123.49698,47.96439]]]},"bbox":[-123.49931,47.96309,-123.49675,47.96496]},{"type":"Feature","id":28834,"properties":{"y":2023,"n":"Martin Lake","ag":"NPS","ac":121.8,"c":14,"cl":"Unknown","ad":"2024-06-03","cd":"","st":"WA","se":2},"geometry":{"type":"Polygon","coordinates":[[[-123.53082,47.71808],[-123.52984,47.7168],[-123.5282,47.71698],[-123.52859,47.71639],[-123.5282,47.71587],[-123.52924,47.71508],[-123.5292,47.7141],[-123.52828,47.71313],[-123.52753,47.71302],[-123.52788,47.71274],[-123.52736,47.71213],[-123.52773,47.71165],[-123.52855,47.71178],[-123.52914,47.71074],[-123.53247,47.71164],[-123.53241,47.71382],[-123.53382,47.71403],[-123.53392,47.71345],[-123.53557,47.71325],[-123.53766,47.71358],[-123.53841,47.71438],[-123.53773,47.71522],[-123.539,47.71549],[-123.53949,47.71644],[-123.53789,47.71755],[-123.53811,47.71813],[-123.53616,47.71846],[-123.53538,47.71785],[-123.53666,47.71916],[-123.53635,47.71999],[-123.53406,47.71888],[-123.53184,47.71887],[-123.53154,47.71936],[-123.5321,47.71843],[-123.53082,47.71808]]]},"bbox":[-123.53949,47.71074,-123.52736,47.71999]},{"type":"Feature","id":28835,"properties":{"y":2024,"n":"Rennie Creek","ag":"NPS","ac":99.8,"c":14,"cl":"Unknown","ad":"2025-02-10","cd":"","st":"WA","se":4},"geometry":{"type":"Polygon","coordinates":[[[-120.61965,48.38777],[-120.62045,48.38796],[-120.62142,48.38678],[-120.62456,48.38857],[-120.62458,48.38923],[-120.62744,48.3909],[-120.62777,48.39282],[-120.62659,48.3948],[-120.62437,48.39574],[-120.62372,48.39557],[-120.62435,48.39475],[-120.62395,48.39428],[-120.62485,48.39329],[-120.62413,48.39307],[-120.62299,48.39419],[-120.62209,48.39439],[-120.62188,48.39201],[-120.61933,48.39116],[-120.61735,48.39108],[-120.61698,48.39085],[-120.61758,48.38967],[-120.61583,48.38968],[-120.61712,48.38848],[-120.61732,48.38732],[-120.61837,48.38704],[-120.61847,48.38829],[-120.61965,48.38777]]]},"bbox":[-120.62777,48.38678,-120.61583,48.39574]},{"type":"Feature","id":28837,"properties":{"y":2024,"n":"Red Mountain","ag":"NPS","ac":107.5,"c":14,"cl":"Unknown","ad":"2025-02-10","cd":"","st":"WA","se":4},"geometry":{"type":"MultiPolygon","coordinates":[[[[-120.97983,48.63084],[-120.97908,48.63018],[-120.97758,48.63011],[-120.97824,48.62964],[-120.97764,48.62951],[-120.97754,48.62866],[-120.97736,48.62927],[-120.97686,48.62908],[-120.97567,48.62718],[-120.97379,48.62737],[-120.9746,48.62641],[-120.97378,48.62569],[-120.97483,48.62477],[-120.97327,48.62444],[-120.97336,48.62402],[-120.97517,48.62447],[-120.97569,48.62389],[-120.97465,48.62331],[-120.97603,48.62332],[-120.97664,48.62225],[-120.97709,48.6236],[-120.97768,48.6239],[-120.98386,48.62463],[-120.98383,48.62599],[-120.98282,48.6269],[-120.98345,48.62815],[-120.98334,48.62906],[-120.98151,48.63014],[-120.98164,48.63081],[-120.97983,48.63084]]],[[[-120.97462,48.62093],[-120.97542,48.62089],[-120.97453,48.6221],[-120.9735,48.62247],[-120.97462,48.62093]]]]},"bbox":[-120.98397,48.62086,-120.97317,48.63107]},{"type":"Feature","id":28838,"properties":{"y":2020,"n":"Tule Road","ag":"BIA","ac":698.6,"c":14,"cl":"Unknown","ad":"2021-05-04","cd":"","st":"WA","se":1},"geometry":{"type":"Polygon","coordinates":[[[-120.23463,46.28787],[-120.23425,46.28687],[-120.23594,46.28429],[-120.23601,46.28286],[-120.23775,46.28101],[-120.23754,46.27688],[-120.24038,46.27582],[-120.23924,46.27388],[-120.2398,46.27323],[-120.24296,46.27226],[-120.24834,46.27304],[-120.25549,46.27312],[-120.25777,46.27472],[-120.25878,46.27998],[-120.25727,46.28133],[-120.25709,46.28349],[-120.25538,46.28484],[-120.25203,46.28538],[-120.25156,46.28731],[-120.2509,46.28786],[-120.24202,46.29066],[-120.24113,46.2901],[-120.24126,46.28819],[-120.24012,46.2878],[-120.23787,46.28986],[-120.23743,46.29104],[-120.23639,46.29166],[-120.23163,46.29319],[-120.22929,46.29279],[-120.22924,46.29209],[-120.23329,46.28983],[-120.23463,46.28787]]]},"bbox":[-120.25878,46.27226,-120.2291,46.29325]},{"type":"Feature","id":28839,"properties":{"y":2022,"n":"743 Yost Rd","ag":"BIA","ac":0.5,"c":14,"cl":"Unknown","ad":"2022-11-21","cd":"","st":"WA","se":3},"geometry":{"type":"Polygon","coordinates":[[[-120.3361,46.34632],[-120.33669,46.34631],[-120.33666,46.3467],[-120.33609,46.3467],[-120.3361,46.34632]]]},"bbox":[-120.33669,46.34631,-120.33609,46.3467]},{"type":"Feature","id":28840,"properties":{"y":2020,"n":"Fry","ag":"BIA","ac":481.1,"c":14,"cl":"Unknown","ad":"2021-05-04","cd":"","st":"WA","se":1},"geometry":{"type":"Polygon","coordinates":[[[-118.34532,48.2601],[-118.3441,48.26001],[-118.34319,48.25912],[-118.33997,48.25985],[-118.33816,48.25935],[-118.33808,48.26035],[-118.33878,48.26022],[-118.3393,48.26114],[-118.33933,48.26156],[-118.33842,48.26206],[-118.33996,48.26386],[-118.34155,48.26434],[-118.34099,48.26487],[-118.33414,48.26365],[-118.33365,48.26183],[-118.33312,48.26155],[-118.32707,48.26063],[-118.32381,48.25917],[-118.32363,48.25729],[-118.32214,48.25482],[-118.32343,48.25369],[-118.32066,48.25125],[-118.32202,48.25014],[-118.32626,48.24967],[-118.3332,48.25046],[-118.33729,48.2517],[-118.33809,48.25116],[-118.33935,48.25165],[-118.3399,48.25253],[-118.34492,48.2526],[-118.34662,48.25481],[-118.34584,48.25632],[-118.34675,48.25924],[-118.34532,48.2601]]]},"bbox":[-118.34675,48.24966,-118.32066,48.26487]},{"type":"Feature","id":28841,"properties":{"y":2022,"n":"3750 Brownstown Rd","ag":"BIA","ac":9.0,"c":14,"cl":"Unknown","ad":"2022-07-31","cd":"","st":"WA","se":2},"geometry":{"type":"MultiPolygon","coordinates":[[[[-120.60954,46.3921],[-120.61088,46.39259],[-120.61097,46.39379],[-120.60863,46.39382],[-120.60803,46.39235],[-120.60954,46.3921]]],[[[-120.60861,46.39381],[-120.60862,46.39381],[-120.60862,46.39383],[-120.60861,46.39381]]]]},"bbox":[-120.61113,46.3921,-120.60794,46.39395]},{"type":"Feature","id":28842,"properties":{"y":2022,"n":"1791 Wesley Rd.","ag":"BIA","ac":0.0,"c":14,"cl":"Unknown","ad":"2022-07-10","cd":"","st":"WA","se":2},"geometry":{"type":"Polygon","coordinates":[[[-120.75481,46.4078],[-120.75482,46.40778],[-120.75483,46.40781],[-120.75481,46.4078]]]},"bbox":[-120.75483,46.40778,-120.7548,46.40781]},{"type":"Feature","id":28843,"properties":{"y":2022,"n":"S. Wapato Hop Fire","ag":"BIA","ac":0.0,"c":14,"cl":"Unknown","ad":"2022-07-10","cd":"","st":"WA","se":2},"geometry":{"type":"Polygon","coordinates":[[[-120.42848,46.36767],[-120.42856,46.36755],[-120.42854,46.36769],[-120.42848,46.36767]]]},"bbox":[-120.42856,46.36755,-120.42848,46.36769]},{"type":"Feature","id":28844,"properties":{"y":2022,"n":"Spring Creek","ag":"BIA","ac":0.2,"c":14,"cl":"Unknown","ad":"2022-07-10","cd":"","st":"WA","se":2},"geometry":{"type":"Polygon","coordinates":[[[-120.7354,46.10549],[-120.73504,46.10569],[-120.73498,46.10555],[-120.7354,46.10549]]]},"bbox":[-120.73541,46.10542,-120.73498,46.10578]},{"type":"Feature","id":28845,"properties":{"y":2022,"n":"5200 Kays Rd","ag":"BIA","ac":68.0,"c":14,"cl":"Unknown","ad":"2022-12-09","cd":"","st":"WA","se":4},"geometry":{"type":"MultiPolygon","coordinates":[[[[-120.57114,46.48933],[-120.57115,46.48932],[-120.57112,46.48941],[-120.57112,46.48938],[-120.57114,46.48933]]],[[[-120.57119,46.48919],[-120.57118,46.48927],[-120.57116,46.4893],[-120.57119,46.48919]]],[[[-120.57855,46.4861],[-120.58515,46.48511],[-120.58477,46.48579],[-120.58552,46.48669],[-120.58421,46.48726],[-120.58056,46.48786],[-120.57315,46.49055],[-120.57178,46.49062],[-120.57123,46.49018],[-120.57126,46.4892],[-120.57431,46.48745],[-120.57855,46.4861]]]]},"bbox":[-120.58552,46.48493,-120.57112,46.49067]},{"type":"Feature","id":28846,"properties":{"y":2022,"n":"Pearne Rd 2","ag":"BIA","ac":11.0,"c":14,"cl":"Unknown","ad":"2022-12-13","cd":"","st":"WA","se":4},"geometry":{"type":"Polygon","coordinates":[[[-120.77549,46.42938],[-120.77975,46.42983],[-120.78067,46.43044],[-120.77667,46.43079],[-120.77515,46.42997],[-120.77549,46.42938]]]},"bbox":[-120.78067,46.42934,-120.77511,46.4309]},{"type":"Feature","id":28847,"properties":{"y":2020,"n":"Peters Road","ag":"BIA","ac":95.7,"c":14,"cl":"Unknown","ad":"2021-05-04","cd":"","st":"WA","se":1},"geometry":{"type":"Polygon","coordinates":[[[-118.29326,47.95345],[-118.29262,47.95485],[-118.28974,47.95501],[-118.28878,47.9556],[-118.28758,47.95792],[-118.2821,47.95683],[-118.2821,47.95608],[-118.2847,47.95361],[-118.28468,47.95271],[-118.28791,47.95242],[-118.28829,47.95158],[-118.29229,47.95086],[-118.29392,47.95105],[-118.29489,47.95226],[-118.29326,47.95345]]]},"bbox":[-118.29489,47.95082,-118.2821,47.95802]},{"type":"Feature","id":28848,"properties":{"y":2022,"n":"62Nd & Meadowbrook","ag":"BIA","ac":0.0,"c":14,"cl":"Unknown","ad":"2022-07-08","cd":"","st":"WA","se":2},"geometry":{"type":"Polygon","coordinates":[[[-120.58301,46.54271],[-120.5831,46.54268],[-120.5833,46.54269],[-120.58301,46.54271]]]},"bbox":[-120.5833,46.54268,-120.58301,46.54272]},{"type":"Feature","id":28849,"properties":{"y":2022,"n":"Mckinley Hay Field","ag":"BIA","ac":1.3,"c":14,"cl":"Unknown","ad":"2022-08-12","cd":"","st":"WA","se":2},"geometry":{"type":"Polygon","coordinates":[[[-120.39704,46.38434],[-120.39772,46.38491],[-120.39742,46.38534],[-120.39704,46.38528],[-120.39694,46.38525],[-120.39691,46.38523],[-120.39704,46.38434]]]},"bbox":[-120.39773,46.38433,-120.39691,46.38534]},{"type":"Feature","id":28850,"properties":{"y":2022,"n":"Wesley","ag":"BIA","ac":4.4,"c":14,"cl":"Unknown","ad":"2022-07-31","cd":"","st":"WA","se":2},"geometry":{"type":"Polygon","coordinates":[[[-120.75497,46.42838],[-120.75645,46.42874],[-120.75663,46.42967],[-120.75498,46.42971],[-120.75497,46.42838]]]},"bbox":[-120.7568,46.42835,-120.75497,46.42986]},{"type":"Feature","id":28851,"properties":{"y":2022,"n":"551 Mckinley Rd","ag":"BIA","ac":1.3,"c":14,"cl":"Unknown","ad":"2022-07-10","cd":"","st":"WA","se":2},"geometry":{"type":"Polygon","coordinates":[[[-120.39367,46.41157],[-120.39425,46.41196],[-120.3937,46.41263],[-120.39352,46.41193],[-120.39367,46.41157]]]},"bbox":[-120.39425,46.41156,-120.39352,46.41263]},{"type":"Feature","id":28852,"properties":{"y":2018,"n":"White Swan","ag":"BIA","ac":681.8,"c":14,"cl":"Unknown","ad":"2018-12-30","cd":"","st":"WA","se":4},"geometry":{"type":"Polygon","coordinates":[[[-120.75342,46.37191],[-120.74763,46.37183],[-120.74769,46.37681],[-120.74832,46.3797],[-120.74077,46.38054],[-120.73887,46.38167],[-120.73899,46.38253],[-120.73551,46.38249],[-120.73581,46.38046],[-120.73423,46.3798],[-120.73459,46.37894],[-120.73777,46.37843],[-120.73934,46.37697],[-120.73946,46.37529],[-120.74062,46.37334],[-120.74261,46.37152],[-120.74604,46.36928],[-120.75393,46.36635],[-120.75423,46.36476],[-120.75753,46.36252],[-120.75922,46.36199],[-120.76372,46.36172],[-120.76614,46.35879],[-120.76798,46.35543],[-120.77476,46.35565],[-120.77517,46.35842],[-120.77376,46.35992],[-120.77307,46.36152],[-120.77194,46.36613],[-120.76828,46.36783],[-120.76418,46.3683],[-120.7635,46.37066],[-120.76207,46.37076],[-120.76002,46.37189],[-120.75534,46.37618],[-120.75342,46.37191]]]},"bbox":[-120.77517,46.35543,-120.73423,46.38253]},{"type":"Feature","id":28853,"properties":{"y":2022,"n":"West Satus Fire","ag":"BIA","ac":0.1,"c":14,"cl":"Unknown","ad":"2022-07-31","cd":"","st":"WA","se":2},"geometry":{"type":"Polygon","coordinates":[[[-120.17785,46.28152],[-120.17759,46.28132],[-120.1779,46.28142],[-120.17785,46.28152]]]},"bbox":[-120.1779,46.2813,-120.17746,46.28152]},{"type":"Feature","id":28854,"properties":{"y":2022,"n":"1720 Wesley Rd","ag":"BIA","ac":5.9,"c":14,"cl":"Unknown","ad":"2022-07-08","cd":"","st":"WA","se":2},"geometry":{"type":"Polygon","coordinates":[[[-120.75478,46.40893],[-120.75677,46.4096],[-120.75861,46.40977],[-120.75891,46.41016],[-120.75696,46.41034],[-120.75477,46.40937],[-120.75478,46.40893]]]},"bbox":[-120.75891,46.40889,-120.75474,46.41035]},{"type":"Feature","id":28855,"properties":{"y":2022,"n":"1670 E. Wapato Rd","ag":"BIA","ac":0.1,"c":14,"cl":"Unknown","ad":"2022-07-10","cd":"","st":"WA","se":2},"geometry":{"type":"Polygon","coordinates":[[[-120.38022,46.44792],[-120.38045,46.44771],[-120.38044,46.44794],[-120.38022,46.44792]]]},"bbox":[-120.38045,46.44771,-120.38002,46.44795]},{"type":"Feature","id":28856,"properties":{"y":2022,"n":"Larue & Division","ag":"BIA","ac":0.0,"c":14,"cl":"Unknown","ad":"2022-07-31","cd":"","st":"WA","se":2},"geometry":{"type":"Polygon","coordinates":[[[-120.30958,46.36139],[-120.30965,46.36128],[-120.30966,46.36139],[-120.30958,46.36139]]]},"bbox":[-120.30966,46.36127,-120.30956,46.36139]},{"type":"Feature","id":28858,"properties":{"y":2022,"n":"Coburn Loop 1","ag":"BIA","ac":0.0,"c":14,"cl":"Unknown","ad":"2022-07-10","cd":"","st":"WA","se":2},"geometry":{"type":"Polygon","coordinates":[[[-120.73795,46.3755],[-120.73801,46.37543],[-120.73795,46.37558],[-120.73795,46.3755]]]},"bbox":[-120.73801,46.37532,-120.73794,46.37558]},{"type":"Feature","id":28859,"properties":{"y":2022,"n":"301 E. Progressive","ag":"BIA","ac":0.4,"c":14,"cl":"Unknown","ad":"2022-07-10","cd":"","st":"WA","se":2},"geometry":{"type":"Polygon","coordinates":[[[-120.39225,46.41908],[-120.39308,46.41889],[-120.39311,46.41909],[-120.39225,46.41908]]]},"bbox":[-120.39311,46.41886,-120.39224,46.41914]},{"type":"Feature","id":28860,"properties":{"y":2022,"n":"700 Block E. Wapato","ag":"BIA","ac":0.3,"c":14,"cl":"Unknown","ad":"2022-07-31","cd":"","st":"WA","se":2},"geometry":{"type":"Polygon","coordinates":[[[-120.40114,46.44604],[-120.4015,46.446],[-120.40162,46.44646],[-120.40137,46.44639],[-120.40114,46.44604]]]},"bbox":[-120.40164,46.446,-120.40114,46.44646]},{"type":"Feature","id":28861,"properties":{"y":2022,"n":"Birch & Curtis","ag":"BIA","ac":0.0,"c":14,"cl":"Unknown","ad":"2022-07-31","cd":"","st":"WA","se":2},"geometry":{"type":"Polygon","coordinates":[[[-120.7297,46.38293],[-120.72975,46.38291],[-120.72975,46.38299],[-120.7297,46.38293]]]},"bbox":[-120.72975,46.38291,-120.72969,46.38299]},{"type":"Feature","id":28862,"properties":{"y":2020,"n":"North Brownstown 2","ag":"BIA","ac":884.1,"c":14,"cl":"Unknown","ad":"2021-05-04","cd":"","st":"WA","se":1},"geometry":{"type":"Polygon","coordinates":[[[-120.66016,46.48257],[-120.66247,46.49175],[-120.66268,46.49556],[-120.66103,46.49638],[-120.65978,46.49942],[-120.65784,46.50003],[-120.65614,46.49972],[-120.65657,46.49857],[-120.65509,46.49662],[-120.65027,46.4953],[-120.65149,46.49519],[-120.65427,46.49334],[-120.65418,46.49223],[-120.65379,46.49156],[-120.65277,46.49174],[-120.65204,46.49058],[-120.64695,46.48717],[-120.64539,46.48778],[-120.64376,46.48754],[-120.64155,46.48862],[-120.64051,46.48798],[-120.63967,46.48815],[-120.63872,46.48736],[-120.63321,46.48714],[-120.6329,46.48651],[-120.63082,46.48565],[-120.62521,46.48384],[-120.62783,46.48353],[-120.62869,46.48109],[-120.63033,46.48011],[-120.63674,46.48048],[-120.64409,46.47806],[-120.64938,46.47796],[-120.64945,46.47542],[-120.64993,46.4751],[-120.65753,46.47327],[-120.65932,46.47326],[-120.66016,46.48257]]]},"bbox":[-120.66268,46.47326,-120.62521,46.50003]},{"type":"Feature","id":28864,"properties":{"y":2022,"n":"White Swan Ag Barn","ag":"BIA","ac":0.1,"c":14,"cl":"Unknown","ad":"2022-07-10","cd":"","st":"WA","se":2},"geometry":{"type":"Polygon","coordinates":[[[-120.7279,46.37533],[-120.72807,46.37556],[-120.72779,46.37545],[-120.7279,46.37533]]]},"bbox":[-120.72807,46.37531,-120.72779,46.37556]},{"type":"Feature","id":28865,"properties":{"y":2022,"n":"1801 W. Gilbert Rd.","ag":"BIA","ac":0.2,"c":14,"cl":"Unknown","ad":"2022-07-08","cd":"","st":"WA","se":2},"geometry":{"type":"Polygon","coordinates":[[[-120.53375,46.55099],[-120.53387,46.5506],[-120.53416,46.55077],[-120.53375,46.55099]]]},"bbox":[-120.53416,46.5506,-120.53375,46.55099]},{"type":"Feature","id":28866,"properties":{"y":2022,"n":"Campbell","ag":"BIA","ac":0.4,"c":14,"cl":"Unknown","ad":"2022-07-31","cd":"","st":"WA","se":2},"geometry":{"type":"Polygon","coordinates":[[[-120.42141,46.42805],[-120.42261,46.42802],[-120.42235,46.42823],[-120.42141,46.42805]]]},"bbox":[-120.42261,46.42802,-120.42141,46.42825]},{"type":"Feature","id":28867,"properties":{"y":2022,"n":"700 Block E. Wapato 2","ag":"BIA","ac":0.3,"c":14,"cl":"Unknown","ad":"2022-07-31","cd":"","st":"WA","se":2},"geometry":{"type":"Polygon","coordinates":[[[-120.4011,46.446],[-120.40143,46.44579],[-120.40154,46.44608],[-120.4011,46.446]]]},"bbox":[-120.40154,46.44568,-120.40108,46.44608]},{"type":"Feature","id":28868,"properties":{"y":2020,"n":"North Brownstown","ag":"BIA","ac":344.3,"c":14,"cl":"Unknown","ad":"2021-05-04","cd":"","st":"WA","se":1},"geometry":{"type":"Polygon","coordinates":[[[-120.64631,46.49445],[-120.64116,46.49216],[-120.63777,46.49219],[-120.63305,46.49146],[-120.62935,46.49211],[-120.62476,46.49115],[-120.62545,46.48978],[-120.62502,46.48761],[-120.62471,46.48712],[-120.62267,46.48657],[-120.62177,46.48477],[-120.62521,46.48384],[-120.63082,46.48565],[-120.6329,46.48651],[-120.63321,46.48714],[-120.63872,46.48736],[-120.63967,46.48815],[-120.64051,46.48798],[-120.64155,46.48862],[-120.64376,46.48754],[-120.64539,46.48778],[-120.64695,46.48717],[-120.65204,46.49058],[-120.65277,46.49174],[-120.65379,46.49156],[-120.65427,46.49334],[-120.65149,46.49519],[-120.65027,46.4953],[-120.64924,46.49474],[-120.64631,46.49445]]]},"bbox":[-120.65427,46.48384,-120.62177,46.4953]},{"type":"Feature","id":28869,"properties":{"y":2022,"n":"325 Rocky Ford Rd","ag":"BIA","ac":6.5,"c":14,"cl":"Unknown","ad":"2022-07-10","cd":"","st":"WA","se":2},"geometry":{"type":"Polygon","coordinates":[[[-120.29909,46.3387],[-120.30034,46.3387],[-120.2996,46.33935],[-120.30018,46.34009],[-120.30172,46.34048],[-120.30009,46.34113],[-120.29899,46.3399],[-120.29909,46.3387]]]},"bbox":[-120.30172,46.3387,-120.29893,46.34114]},{"type":"Feature","id":28870,"properties":{"y":2022,"n":"Renegade","ag":"BIA","ac":8.2,"c":14,"cl":"Unknown","ad":"2022-07-08","cd":"","st":"WA","se":2},"geometry":{"type":"MultiPolygon","coordinates":[[[[-120.45192,46.49602],[-120.45191,46.49603],[-120.45189,46.49602],[-120.45192,46.49602]]],[[[-120.45189,46.49602],[-120.45187,46.49602],[-120.45187,46.49602],[-120.45189,46.49602]]],[[[-120.45187,46.49602],[-120.45187,46.49628],[-120.45099,46.49602],[-120.45187,46.49602]]],[[[-120.45099,46.49602],[-120.4508,46.49603],[-120.45074,46.49602],[-120.45086,46.496],[-120.45097,46.49601],[-120.45099,46.49602]],[[-120.45079,46.49602],[-120.45079,46.49602],[-120.45079,46.49602],[-120.45079,46.49602]]],[[[-120.45097,46.49601],[-120.45097,46.49597],[-120.45102,46.49601],[-120.45097,46.49601]]],[[[-120.4508,46.49603],[-120.45145,46.49636],[-120.4498,46.49737],[-120.44653,46.49634],[-120.4468,46.496],[-120.4508,46.49603]]],[[[-120.45187,46.49629],[-120.45189,46.49628],[-120.45189,46.49628],[-120.45187,46.49629]]]]},"bbox":[-120.45196,46.49597,-120.44653,46.49737]},{"type":"Feature","id":28871,"properties":{"y":2022,"n":"Poisel Butte","ag":"BIA","ac":21.4,"c":14,"cl":"Unknown","ad":"2022-12-13","cd":"","st":"WA","se":4},"geometry":{"type":"Polygon","coordinates":[[[-120.35695,46.23872],[-120.35771,46.23895],[-120.35736,46.23963],[-120.35295,46.24217],[-120.35232,46.24384],[-120.35171,46.24378],[-120.3513,46.24179],[-120.35422,46.2398],[-120.35695,46.23872]]]},"bbox":[-120.35771,46.23871,-120.35116,46.24395]},{"type":"Feature","id":28872,"properties":{"y":2022,"n":"Donald Fire","ag":"BIA","ac":1.5,"c":14,"cl":"Unknown","ad":"2022-07-31","cd":"","st":"WA","se":2},"geometry":{"type":"Polygon","coordinates":[[[-120.40693,46.45703],[-120.40783,46.45731],[-120.4072,46.45807],[-120.4065,46.45772],[-120.40693,46.45703]]]},"bbox":[-120.40783,46.45703,-120.4065,46.45807]},{"type":"Feature","id":28875,"properties":{"y":2022,"n":"Flett Loop","ag":"BIA","ac":30.2,"c":14,"cl":"Unknown","ad":"2023-03-14","cd":"","st":"WA","se":1},"geometry":{"type":"Polygon","coordinates":[[[-118.03899,47.85255],[-118.03907,47.85132],[-118.03987,47.85066],[-118.04182,47.8518],[-118.04373,47.85396],[-118.04241,47.85511],[-118.04133,47.8553],[-118.0409,47.856],[-118.03926,47.85577],[-118.03969,47.85412],[-118.03899,47.85255]]]},"bbox":[-118.04373,47.85066,-118.03899,47.85601]},{"type":"Feature","id":28876,"properties":{"y":2022,"n":"Nespelem Creek","ag":"BIA","ac":443.2,"c":14,"cl":"Unknown","ad":"2023-03-14","cd":"","st":"WA","se":1},"geometry":{"type":"MultiPolygon","coordinates":[[[[-118.97174,48.18707],[-118.97382,48.18932],[-118.97375,48.18987],[-118.9749,48.18996],[-118.97501,48.18921],[-118.97503,48.19005],[-118.97597,48.19146],[-118.97845,48.18923],[-118.97913,48.18948],[-118.97972,48.19061],[-118.98625,48.19053],[-118.98923,48.19126],[-118.98995,48.19225],[-118.98929,48.19282],[-118.98887,48.19502],[-118.98759,48.19618],[-118.98565,48.19629],[-118.98565,48.1938],[-118.98465,48.1938],[-118.9837,48.19536],[-118.98271,48.19519],[-118.98147,48.19747],[-118.97661,48.20017],[-118.97529,48.202],[-118.97339,48.20301],[-118.97128,48.20334],[-118.9717,48.20395],[-118.97159,48.20412],[-118.97167,48.20429],[-118.97164,48.2043],[-118.97163,48.20431],[-118.97163,48.20433],[-118.97163,48.20433],[-118.97164,48.20435],[-118.97171,48.20433],[-118.97138,48.2046],[-118.96907,48.20413],[-118.9667,48.20219],[-118.96412,48.19828],[-118.96538,48.19718],[-118.96569,48.19684],[-118.96611,48.19605],[-118.96615,48.19442],[-118.96745,48.19316],[-118.9669,48.19271],[-118.97074,48.19131],[-118.97027,48.19094],[-118.9705,48.1903],[-118.96877,48.18968],[-118.97042,48.18904],[-118.97057,48.18808],[-118.97007,48.18752],[-118.97108,48.18783],[-118.97174,48.18707]],[[-118.97163,48.20431],[-118.97162,48.20431],[-118.97163,48.20431],[-118.97163,48.20431]],[[-118.97163,48.20431],[-118.97162,48.20432],[-118.97163,48.20433],[-118.97163,48.20431]]],[[[-118.97163,48.20433],[-118.97163,48.20433],[-118.97163,48.20433],[-118.97163,48.20433]]],[[[-118.97163,48.20433],[-118.97164,48.20432],[-118.97164,48.20432],[-118.97163,48.20433]]],[[[-118.97164,48.20432],[-118.97164,48.20432],[-118.97164,48.20432],[-118.97164,48.20432]]],[[[-118.97163,48.20433],[-118.97163,48.20433],[-118.97163,48.20433],[-118.97163,48.20433]]],[[[-118.97138,48.2046],[-118.97139,48.2046],[-118.97138,48.2046],[-118.97138,48.2046]]],[[[-118.9653,48.19723],[-118.9653,48.19723],[-118.9653,48.19723],[-118.9653,48.19723]]],[[[-118.96598,48.19537],[-118.96598,48.19538],[-118.96596,48.19538],[-118.96598,48.19537]]],[[[-118.97165,48.20431],[-118.97164,48.20432],[-118.97164,48.20431],[-118.97165,48.20431]]]]},"bbox":[-118.98995,48.18707,-118.96412,48.2046]},{"type":"Feature","id":28877,"properties":{"y":2021,"n":"Ford","ag":"BIA","ac":18.0,"c":14,"cl":"Unknown","ad":"2023-03-14","cd":"","st":"WA","se":1},"geometry":{"type":"Polygon","coordinates":[[[-117.79334,47.9215],[-117.79705,47.92069],[-117.79804,47.92132],[-117.79752,47.92232],[-117.79375,47.92353],[-117.79305,47.92226],[-117.79334,47.9215]]]},"bbox":[-117.79804,47.92069,-117.79297,47.92353]},{"type":"Feature","id":28878,"properties":{"y":2022,"n":"Peter Dan Dump Rd","ag":"BIA","ac":102.2,"c":14,"cl":"Unknown","ad":"2023-03-14","cd":"","st":"WA","se":1},"geometry":{"type":"Polygon","coordinates":[[[-118.92262,48.02173],[-118.92024,48.02005],[-118.92099,48.01721],[-118.92426,48.01592],[-118.92921,48.01647],[-118.92851,48.01868],[-118.92729,48.01929],[-118.92831,48.02015],[-118.92799,48.02086],[-118.92714,48.02103],[-118.92912,48.02314],[-118.92823,48.02287],[-118.92802,48.02341],[-118.9278,48.02294],[-118.92719,48.02297],[-118.92658,48.02361],[-118.9274,48.02389],[-118.92614,48.02419],[-118.92577,48.02381],[-118.92491,48.02424],[-118.92352,48.0229],[-118.9242,48.02188],[-118.92262,48.02173]]]},"bbox":[-118.92922,48.01591,-118.92022,48.02424]},{"type":"Feature","id":28879,"properties":{"y":2021,"n":"Coulee Dam Hill","ag":"BIA","ac":10.1,"c":14,"cl":"Unknown","ad":"2023-03-14","cd":"","st":"WA","se":1},"geometry":{"type":"Polygon","coordinates":[[[-118.94412,47.98169],[-118.94517,47.98307],[-118.94465,47.98396],[-118.94271,47.98363],[-118.94238,47.98325],[-118.94312,47.98285],[-118.94254,47.98294],[-118.94274,47.98237],[-118.94162,47.98134],[-118.94287,47.9814],[-118.94282,47.98189],[-118.94319,47.98141],[-118.94361,47.98194],[-118.94412,47.98169]],[[-118.94463,47.98285],[-118.94464,47.9828],[-118.94461,47.98286],[-118.94463,47.98285]]]},"bbox":[-118.94517,47.98132,-118.94161,47.98409]},{"type":"Feature","id":28880,"properties":{"y":2022,"n":"Swawilla","ag":"BIA","ac":15.5,"c":14,"cl":"Unknown","ad":"2023-03-14","cd":"","st":"WA","se":1},"geometry":{"type":"MultiPolygon","coordinates":[[[[-118.73137,47.91728],[-118.73059,47.91981],[-118.73041,47.91994],[-118.73026,47.92011],[-118.72991,47.92037],[-118.7284,47.92043],[-118.72713,47.91985],[-118.72724,47.9193],[-118.72803,47.91861],[-118.73137,47.91728]],[[-118.72753,47.91919],[-118.72757,47.91922],[-118.72756,47.91918],[-118.72753,47.91919]]],[[[-118.73037,47.92006],[-118.73037,47.92007],[-118.73037,47.92007],[-118.73037,47.92006]]],[[[-118.73037,47.92007],[-118.73004,47.92034],[-118.72986,47.92041],[-118.72927,47.92047],[-118.72987,47.92039],[-118.72991,47.92037],[-118.73004,47.9203],[-118.73037,47.92007]]],[[[-118.72927,47.92047],[-118.72906,47.9205],[-118.72908,47.92049],[-118.72927,47.92047]]],[[[-118.7305,47.91988],[-118.73054,47.91993],[-118.73037,47.92006],[-118.7305,47.91988]]],[[[-118.7307,47.9197],[-118.73075,47.91984],[-118.73062,47.91981],[-118.7307,47.9197]]],[[[-118.73062,47.91981],[-118.73062,47.91981],[-118.73061,47.91981],[-118.73062,47.91981]]],[[[-118.73066,47.91752],[-118.73066,47.91752],[-118.73066,47.9175],[-118.73066,47.91752]]],[[[-118.73066,47.91752],[-118.73064,47.91753],[-118.73065,47.9175],[-118.73066,47.91752]]]]},"bbox":[-118.73166,47.91728,-118.7271,47.9205]},{"type":"Feature","id":28881,"properties":{"y":2020,"n":"Mill Pond","ag":"BIA","ac":15.4,"c":14,"cl":"Unknown","ad":"2023-03-14","cd":"","st":"WA","se":1},"geometry":{"type":"Polygon","coordinates":[[[-117.84491,47.91052],[-117.84768,47.91019],[-117.84795,47.91116],[-117.84701,47.91143],[-117.84774,47.91245],[-117.84647,47.91285],[-117.84408,47.91239],[-117.84409,47.91137],[-117.84491,47.91052]]]},"bbox":[-117.84803,47.91019,-117.84395,47.91285]},{"type":"Feature","id":28882,"properties":{"y":2021,"n":"Central Peak","ag":"BIA","ac":205.7,"c":14,"cl":"Unknown","ad":"2023-03-14","cd":"","st":"WA","se":1},"geometry":{"type":"Polygon","coordinates":[[[-118.76206,48.24655],[-118.76155,48.24781],[-118.76067,48.24785],[-118.76039,48.24928],[-118.76174,48.25054],[-118.76016,48.25241],[-118.76078,48.25244],[-118.76063,48.25277],[-118.75919,48.25397],[-118.75778,48.254],[-118.75745,48.25487],[-118.75711,48.2549],[-118.75705,48.25398],[-118.75479,48.25443],[-118.75436,48.25398],[-118.75451,48.25336],[-118.75222,48.25301],[-118.7523,48.2519],[-118.74996,48.25173],[-118.74943,48.24991],[-118.75035,48.24901],[-118.74992,48.24848],[-118.75067,48.24814],[-118.7505,48.24764],[-118.7529,48.2431],[-118.75666,48.24265],[-118.75771,48.24213],[-118.75842,48.24234],[-118.75901,48.24267],[-118.75937,48.2438],[-118.75691,48.24445],[-118.75673,48.24488],[-118.75726,48.24546],[-118.75886,48.2455],[-118.76206,48.24655]]]},"bbox":[-118.76206,48.24213,-118.74943,48.2549]},{"type":"Feature","id":28883,"properties":{"y":2021,"n":"Johnson Lake","ag":"BIA","ac":127.8,"c":14,"cl":"Unknown","ad":"2023-03-14","cd":"","st":"WA","se":1},"geometry":{"type":"Polygon","coordinates":[[[-118.91327,48.24661],[-118.91124,48.24421],[-118.90969,48.24333],[-118.90821,48.2433],[-118.90912,48.24204],[-118.90914,48.2402],[-118.91101,48.23967],[-118.91283,48.23998],[-118.91694,48.23763],[-118.9167,48.2381],[-118.91967,48.2391],[-118.91883,48.24414],[-118.91798,48.24541],[-118.91641,48.24635],[-118.91515,48.24536],[-118.91381,48.24529],[-118.91424,48.24615],[-118.91327,48.24661]]]},"bbox":[-118.91971,48.23763,-118.90821,48.24661]},{"type":"Feature","id":28884,"properties":{"y":2020,"n":"Flett Loop","ag":"BIA","ac":142.0,"c":14,"cl":"Unknown","ad":"2023-03-14","cd":"","st":"WA","se":1},"geometry":{"type":"Polygon","coordinates":[[[-117.99303,47.86563],[-117.98925,47.86704],[-117.98556,47.86961],[-117.98485,47.86938],[-117.9891,47.86493],[-117.98857,47.86385],[-117.98932,47.86288],[-117.98829,47.86218],[-117.98859,47.85995],[-117.99468,47.85901],[-117.99642,47.86003],[-117.99693,47.86146],[-117.99661,47.86727],[-117.99296,47.86966],[-117.99264,47.86938],[-117.99382,47.86591],[-117.99303,47.86563]]]},"bbox":[-117.99693,47.85901,-117.98485,47.86966]},{"type":"Feature","id":28885,"properties":{"y":2021,"n":"Upper Lime Creek","ag":"BIA","ac":376.5,"c":14,"cl":"Unknown","ad":"2023-03-14","cd":"","st":"WA","se":1},"geometry":{"type":"Polygon","coordinates":[[[-118.70719,48.15681],[-118.70356,48.15803],[-118.70126,48.15617],[-118.70149,48.15595],[-118.69892,48.1543],[-118.69772,48.15278],[-118.69847,48.15028],[-118.70499,48.15059],[-118.7052,48.15099],[-118.70956,48.15172],[-118.71749,48.15172],[-118.72378,48.15353],[-118.7269,48.15337],[-118.72957,48.1558],[-118.72672,48.15846],[-118.72353,48.15909],[-118.72286,48.15862],[-118.72068,48.15865],[-118.7201,48.15763],[-118.72014,48.15803],[-118.71861,48.1583],[-118.71925,48.15907],[-118.71644,48.15964],[-118.71593,48.15895],[-118.71412,48.15909],[-118.71018,48.15811],[-118.70835,48.15685],[-118.70719,48.15681]]]},"bbox":[-118.72957,48.15013,-118.69772,48.15964]},{"type":"Feature","id":28886,"properties":{"y":2022,"n":"Timm Ranch","ag":"BIA","ac":0.3,"c":14,"cl":"Unknown","ad":"2023-03-14","cd":"","st":"WA","se":1},"geometry":{"type":"Polygon","coordinates":[[[-119.31482,48.11124],[-119.31422,48.11145],[-119.31487,48.11105],[-119.31482,48.11124]]]},"bbox":[-119.31488,48.11101,-119.31422,48.1115]},{"type":"Feature","id":28887,"properties":{"y":2021,"n":"Rock Church","ag":"BIA","ac":10.6,"c":14,"cl":"Unknown","ad":"2023-03-14","cd":"","st":"WA","se":1},"geometry":{"type":"Polygon","coordinates":[[[-118.21025,47.97118],[-118.21113,47.97104],[-118.21223,47.97184],[-118.21269,47.97334],[-118.21077,47.97379],[-118.21041,47.97304],[-118.21077,47.9727],[-118.20975,47.97218],[-118.21025,47.97118]]]},"bbox":[-118.21275,47.9709,-118.20975,47.97398]},{"type":"Feature","id":28888,"properties":{"y":2021,"n":"Jones Creek","ag":"BIA","ac":11.7,"c":14,"cl":"Unknown","ad":"2023-03-14","cd":"","st":"WA","se":1},"geometry":{"type":"Polygon","coordinates":[[[-118.55024,48.16628],[-118.5494,48.16771],[-118.5471,48.16469],[-118.54753,48.16412],[-118.54934,48.16478],[-118.55024,48.16628]]]},"bbox":[-118.55024,48.16412,-118.5471,48.16771]},{"type":"Feature","id":28889,"properties":{"y":2021,"n":"17 Mile","ag":"BIA","ac":22.8,"c":14,"cl":"Unknown","ad":"2023-03-14","cd":"","st":"WA","se":1},"geometry":{"type":"Polygon","coordinates":[[[-118.66019,48.46048],[-118.6605,48.46013],[-118.65987,48.4598],[-118.66024,48.45954],[-118.65986,48.45866],[-118.66073,48.45764],[-118.66162,48.45747],[-118.66532,48.45904],[-118.66412,48.46],[-118.66269,48.45987],[-118.66076,48.46102],[-118.66019,48.46048]]]},"bbox":[-118.66533,48.45747,-118.65984,48.46102]},{"type":"Feature","id":28890,"properties":{"y":2022,"n":"Midnight","ag":"BIA","ac":9.8,"c":14,"cl":"Unknown","ad":"2023-03-14","cd":"","st":"WA","se":1},"geometry":{"type":"Polygon","coordinates":[[[-118.13137,47.93264],[-118.13212,47.93007],[-118.13267,47.93115],[-118.13436,47.93166],[-118.13534,47.93251],[-118.13137,47.93264]]]},"bbox":[-118.13534,47.93007,-118.13135,47.93268]},{"type":"Feature","id":28891,"properties":{"y":2020,"n":"Mathews Lake","ag":"BIA","ac":74.9,"c":14,"cl":"Unknown","ad":"2023-03-14","cd":"","st":"WA","se":1},"geometry":{"type":"Polygon","coordinates":[[[-117.92277,47.85836],[-117.92754,47.85609],[-117.92973,47.85566],[-117.93331,47.85712],[-117.93168,47.86153],[-117.92977,47.86153],[-117.92925,47.861],[-117.92451,47.85949],[-117.92277,47.85836]]]},"bbox":[-117.93331,47.85566,-117.92277,47.86163]},{"type":"Feature","id":28892,"properties":{"y":2022,"n":"Pearne Rd","ag":"BIA","ac":313.4,"c":14,"cl":"Unknown","ad":"2022-12-13","cd":"","st":"WA","se":4},"geometry":{"type":"Polygon","coordinates":[[[-120.77441,46.42381],[-120.77912,46.42256],[-120.7798,46.42297],[-120.78229,46.42279],[-120.78619,46.42352],[-120.78686,46.42421],[-120.78911,46.42415],[-120.79394,46.42541],[-120.7991,46.42557],[-120.79269,46.42749],[-120.79271,46.42793],[-120.79017,46.42906],[-120.78819,46.42937],[-120.78888,46.42953],[-120.78875,46.43023],[-120.78592,46.43026],[-120.78513,46.4295],[-120.78575,46.4293],[-120.78572,46.42921],[-120.78297,46.42956],[-120.77588,46.42933],[-120.77574,46.42843],[-120.77318,46.42809],[-120.77092,46.42679],[-120.76639,46.42658],[-120.76262,46.42437],[-120.76358,46.42373],[-120.77029,46.42377],[-120.77192,46.42271],[-120.77163,46.4234],[-120.77441,46.42381]]]},"bbox":[-120.7991,46.42256,-120.76262,46.43027]},{"type":"Feature","id":28893,"properties":{"y":2022,"n":"Medicine Valley","ag":"BIA","ac":386.8,"c":14,"cl":"Unknown","ad":"2022-08-28","cd":"","st":"WA","se":2},"geometry":{"type":"Polygon","coordinates":[[[-120.79207,46.39639],[-120.80035,46.39939],[-120.801,46.40031],[-120.80424,46.40258],[-120.8052,46.40392],[-120.80823,46.40545],[-120.80804,46.40641],[-120.80536,46.40651],[-120.80191,46.40614],[-120.80055,46.40553],[-120.79907,46.40567],[-120.79693,46.40457],[-120.79677,46.40323],[-120.79477,46.40372],[-120.79426,46.40329],[-120.79063,46.40321],[-120.78934,46.40428],[-120.78765,46.40447],[-120.7852,46.40393],[-120.78444,46.40445],[-120.78316,46.40448],[-120.77989,46.40315],[-120.78028,46.40282],[-120.7797,46.40163],[-120.7787,46.40174],[-120.77773,46.40094],[-120.77576,46.4006],[-120.77596,46.39715],[-120.78265,46.39729],[-120.78589,46.39709],[-120.786,46.39668],[-120.78716,46.39655],[-120.79101,46.39689],[-120.79207,46.39639]]]},"bbox":[-120.80834,46.39639,-120.77576,46.40652]},{"type":"Feature","id":28895,"properties":{"y":2021,"n":"The Bone Place","ag":"BIA","ac":340.0,"c":14,"cl":"Unknown","ad":"2023-03-14","cd":"","st":"WA","se":1},"geometry":{"type":"MultiPolygon","coordinates":[[[[-118.38816,48.08919],[-118.38815,48.08919],[-118.38816,48.08918],[-118.38816,48.08919]]],[[[-118.38815,48.08919],[-118.38823,48.08932],[-118.38819,48.08944],[-118.38808,48.0895],[-118.38805,48.08922],[-118.38753,48.08914],[-118.38718,48.08919],[-118.3874,48.0896],[-118.38686,48.09],[-118.38744,48.08999],[-118.38729,48.09075],[-118.38644,48.09137],[-118.38628,48.09086],[-118.38544,48.09119],[-118.38544,48.09077],[-118.38084,48.0897],[-118.38089,48.08836],[-118.38395,48.08598],[-118.38442,48.0852],[-118.3841,48.08457],[-118.38502,48.08401],[-118.3838,48.08322],[-118.38374,48.08121],[-118.38648,48.08041],[-118.38711,48.07998],[-118.38706,48.07898],[-118.38924,48.07816],[-118.3887,48.07778],[-118.38905,48.07742],[-118.39255,48.07614],[-118.39115,48.07549],[-118.39311,48.07553],[-118.39374,48.07489],[-118.39706,48.07404],[-118.39801,48.0745],[-118.39861,48.07383],[-118.39997,48.07347],[-118.40112,48.07194],[-118.40178,48.07212],[-118.40099,48.07312],[-118.40145,48.07359],[-118.39962,48.07507],[-118.3996,48.07857],[-118.39867,48.07912],[-118.39844,48.0801],[-118.39891,48.08041],[-118.3982,48.08174],[-118.39879,48.08185],[-118.39793,48.08233],[-118.39866,48.08415],[-118.39664,48.08362],[-118.39564,48.08384],[-118.39655,48.08455],[-118.39644,48.08541],[-118.39529,48.08598],[-118.39445,48.08545],[-118.39407,48.08422],[-118.3934,48.08427],[-118.39328,48.08507],[-118.39218,48.08504],[-118.39128,48.08676],[-118.38904,48.0874],[-118.38904,48.08845],[-118.39019,48.0882],[-118.39051,48.08902],[-118.38938,48.08955],[-118.38981,48.08913],[-118.38951,48.08873],[-118.38897,48.08927],[-118.3884,48.08909],[-118.38818,48.08911],[-118.38815,48.08919]]],[[[-118.38808,48.0895],[-118.38811,48.0895],[-118.38809,48.08951],[-118.38808,48.0895]]],[[[-118.38402,48.08091],[-118.38401,48.08091],[-118.384,48.08089],[-118.38402,48.08091]]]]},"bbox":[-118.40184,48.07193,-118.3808,48.09137]},{"type":"Feature","id":28896,"properties":{"y":2020,"n":"Pothole","ag":"BIA","ac":351.5,"c":14,"cl":"Unknown","ad":"2023-03-14","cd":"","st":"WA","se":1},"geometry":{"type":"MultiPolygon","coordinates":[[[[-119.45464,48.45906],[-119.45431,48.45958],[-119.45317,48.45952],[-119.453,48.46063],[-119.45156,48.46065],[-119.45068,48.46165],[-119.44968,48.46148],[-119.44823,48.46211],[-119.44765,48.46183],[-119.44724,48.46235],[-119.44411,48.4635],[-119.44403,48.46343],[-119.44395,48.46342],[-119.44393,48.46337],[-119.44347,48.46339],[-119.44298,48.4631],[-119.44292,48.46167],[-119.4392,48.459],[-119.43706,48.45888],[-119.43675,48.45986],[-119.43618,48.458],[-119.4357,48.45806],[-119.43642,48.45555],[-119.43755,48.45446],[-119.438,48.45304],[-119.43893,48.45295],[-119.43975,48.45245],[-119.4402,48.45115],[-119.44172,48.45032],[-119.44437,48.45167],[-119.44939,48.45092],[-119.45027,48.45156],[-119.45152,48.45156],[-119.45502,48.45292],[-119.45666,48.45448],[-119.45621,48.45449],[-119.45647,48.45513],[-119.45602,48.45566],[-119.45422,48.45616],[-119.45469,48.45816],[-119.4547,48.45869],[-119.45464,48.459],[-119.45464,48.45906]],[[-119.44765,48.46183],[-119.44764,48.46182],[-119.44763,48.46182],[-119.44765,48.46183]],[[-119.43631,48.45629],[-119.43631,48.45629],[-119.43631,48.45629],[-119.43631,48.45629]],[[-119.4469,48.46239],[-119.44688,48.46239],[-119.4469,48.46239],[-119.4469,48.46239]],[[-119.44743,48.46202],[-119.44743,48.46203],[-119.44744,48.46203],[-119.44743,48.46202]],[[-119.44761,48.46183],[-119.44761,48.46181],[-119.44759,48.46181],[-119.44761,48.46183]],[[-119.44991,48.46148],[-119.44991,48.46147],[-119.44991,48.46148],[-119.44991,48.46148]],[[-119.45066,48.46129],[-119.45065,48.4613],[-119.45067,48.4613],[-119.45066,48.46129]],[[-119.45164,48.46063],[-119.45163,48.46063],[-119.45163,48.46063],[-119.45164,48.46063]]],[[[-119.43691,48.45985],[-119.43688,48.45985],[-119.43691,48.45985],[-119.43691,48.45985]]],[[[-119.43804,48.45303],[-119.43804,48.45303],[-119.43804,48.45303],[-119.43804,48.45303]]],[[[-119.43804,48.45303],[-119.43804,48.45303],[-119.43804,48.45302],[-119.43804,48.45303]]],[[[-119.43804,48.45303],[-119.43803,48.45303],[-119.43803,48.45302],[-119.43804,48.45303]]],[[[-119.43803,48.45302],[-119.43803,48.45302],[-119.43803,48.45302],[-119.43803,48.45302]]],[[[-119.43803,48.45302],[-119.43804,48.45302],[-119.43804,48.45302],[-119.43803,48.45302]]],[[[-119.43804,48.45302],[-119.43805,48.45302],[-119.43804,48.45302],[-119.43804,48.45302]]],[[[-119.44407,48.46347],[-119.44406,48.46347],[-119.44407,48.46346],[-119.44407,48.46347]]],[[[-119.44407,48.46348],[-119.44407,48.46348],[-119.44407,48.46348],[-119.44407,48.46348]]],[[[-119.44407,48.46348],[-119.44406,48.46348],[-119.44406,48.46347],[-119.44407,48.46348]]],[[[-119.45291,48.46067],[-119.45291,48.46067],[-119.45289,48.46067],[-119.45291,48.46067]]],[[[-119.45467,48.45904],[-119.45465,48.45906],[-119.45466,48.45904],[-119.45467,48.45904]]],[[[-119.45465,48.45906],[-119.45465,48.45906],[-119.45465,48.45906],[-119.45465,48.45906]]],[[[-119.45465,48.45906],[-119.45466,48.45906],[-119.45465,48.45906],[-119.45465,48.45906]]],[[[-119.45465,48.45906],[-119.45464,48.45906],[-119.45464,48.45906],[-119.45465,48.45906]]]]},"bbox":[-119.45666,48.45032,-119.4357,48.4635]},{"type":"Feature","id":28903,"properties":{"y":2023,"n":"Sandbar","ag":"BIA","ac":38.9,"c":14,"cl":"Unknown","ad":"2023-06-01","cd":"","st":"WA","se":2},"geometry":{"type":"Polygon","coordinates":[[[-118.03594,47.80567],[-118.04095,47.80347],[-118.04636,47.80268],[-118.05029,47.80379],[-118.05227,47.80377],[-118.05272,47.80431],[-118.04793,47.80468],[-118.04196,47.80447],[-118.04158,47.80413],[-118.03594,47.80567]]]},"bbox":[-118.05272,47.80268,-118.03594,47.80584]},{"type":"Feature","id":28904,"properties":{"y":2020,"n":"9011 Harrah Rd","ag":"BIA","ac":47.2,"c":14,"cl":"Unknown","ad":"2023-06-02","cd":"","st":"WA","se":2},"geometry":{"type":"MultiPolygon","coordinates":[[[[-120.53925,46.33104],[-120.53969,46.33135],[-120.54035,46.33152],[-120.54193,46.33152],[-120.54384,46.33469],[-120.54034,46.33418],[-120.53959,46.33482],[-120.53903,46.33388],[-120.53459,46.3347],[-120.53346,46.3336],[-120.53345,46.33282],[-120.5347,46.33302],[-120.53515,46.33261],[-120.53817,46.33236],[-120.53776,46.33174],[-120.53925,46.33104]]],[[[-120.53776,46.33174],[-120.53774,46.33173],[-120.53775,46.33172],[-120.53776,46.33174]]],[[[-120.53975,46.33131],[-120.53977,46.33132],[-120.53976,46.33133],[-120.53975,46.33131]]]]},"bbox":[-120.54384,46.33104,-120.53339,46.33483]},{"type":"Feature","id":28905,"properties":{"y":2023,"n":"South Satus","ag":"BIA","ac":996.7,"c":14,"cl":"Unknown","ad":"2023-06-13","cd":"","st":"WA","se":2},"geometry":{"type":"MultiPolygon","coordinates":[[[[-120.15892,46.21995],[-120.15903,46.22006],[-120.15894,46.21998],[-120.15892,46.21995]]],[[[-120.15892,46.21995],[-120.15836,46.21944],[-120.15726,46.21791],[-120.15557,46.21798],[-120.15439,46.21727],[-120.15507,46.21537],[-120.15586,46.21495],[-120.15601,46.21326],[-120.15716,46.2123],[-120.15658,46.21146],[-120.15686,46.21073],[-120.15885,46.20898],[-120.1593,46.20755],[-120.16133,46.20549],[-120.16548,46.20302],[-120.16724,46.2036],[-120.16799,46.20335],[-120.16834,46.20404],[-120.16935,46.20441],[-120.16929,46.20293],[-120.17102,46.2015],[-120.17202,46.19906],[-120.17379,46.19749],[-120.1732,46.19677],[-120.1724,46.19672],[-120.17225,46.19599],[-120.1736,46.1955],[-120.17438,46.19572],[-120.17482,46.19657],[-120.17599,46.19542],[-120.17633,46.19386],[-120.17799,46.19313],[-120.1797,46.19175],[-120.18047,46.19144],[-120.18054,46.1938],[-120.18367,46.19485],[-120.18242,46.19912],[-120.18333,46.19901],[-120.18487,46.19977],[-120.18319,46.20071],[-120.18393,46.20355],[-120.18321,46.20521],[-120.18209,46.20577],[-120.18244,46.20669],[-120.18121,46.2094],[-120.18004,46.2106],[-120.17857,46.21063],[-120.17788,46.21115],[-120.17701,46.21092],[-120.17487,46.21242],[-120.17325,46.21486],[-120.17137,46.21609],[-120.16996,46.2203],[-120.1673,46.22325],[-120.1668,46.22326],[-120.1636,46.22635],[-120.16039,46.22704],[-120.1593,46.22663],[-120.15989,46.22472],[-120.15911,46.22016],[-120.15903,46.22005],[-120.15892,46.21995]],[[-120.15886,46.21989],[-120.15876,46.2198],[-120.1589,46.21994],[-120.15886,46.21989]]]]},"bbox":[-120.18487,46.19143,-120.15439,46.22704]},{"type":"Feature","id":28906,"properties":{"y":2023,"n":"Sandpiper","ag":"BIA","ac":18.2,"c":14,"cl":"Unknown","ad":"2023-06-17","cd":"","st":"WA","se":2},"geometry":{"type":"Polygon","coordinates":[[[-117.89515,47.85748],[-117.8992,47.85932],[-117.89905,47.8602],[-117.8985,47.86075],[-117.89507,47.86017],[-117.89557,47.85905],[-117.89452,47.85805],[-117.89515,47.85748]]]},"bbox":[-117.8993,47.85748,-117.89452,47.86075]},{"type":"Feature","id":28907,"properties":{"y":2023,"n":"Hubbard Lane 3","ag":"BIA","ac":18.8,"c":14,"cl":"Unknown","ad":"2023-06-27","cd":"","st":"WA","se":2},"geometry":{"type":"Polygon","coordinates":[[[-120.76608,46.40242],[-120.77193,46.4027],[-120.77365,46.40356],[-120.77056,46.40394],[-120.76581,46.40297],[-120.76608,46.40242]]]},"bbox":[-120.77365,46.4023,-120.76581,46.40397]},{"type":"Feature","id":28908,"properties":{"y":2023,"n":"Mill","ag":"BIA","ac":3.0,"c":14,"cl":"Unknown","ad":"2023-08-08","cd":"","st":"WA","se":2},"geometry":{"type":"Polygon","coordinates":[[[-119.51168,48.39389],[-119.51122,48.39322],[-119.51294,48.39312],[-119.51335,48.39357],[-119.51168,48.39389]]]},"bbox":[-119.51335,48.39311,-119.51109,48.394]},{"type":"Feature","id":28909,"properties":{"y":2023,"n":"Manila Van","ag":"BIA","ac":0.1,"c":14,"cl":"Unknown","ad":"2023-11-14","cd":"","st":"WA","se":3},"geometry":{"type":"Polygon","coordinates":[[[-118.79867,48.00687],[-118.79908,48.00687],[-118.79887,48.00711],[-118.79867,48.00687]]]},"bbox":[-118.79908,48.00687,-118.79867,48.00711]},{"type":"Feature","id":28910,"properties":{"y":2023,"n":"Falls Creek","ag":"BIA","ac":30.7,"c":14,"cl":"Unknown","ad":"2023-11-14","cd":"","st":"WA","se":3},"geometry":{"type":"Polygon","coordinates":[[[-118.26077,48.14795],[-118.25916,48.14822],[-118.25842,48.14733],[-118.25836,48.14644],[-118.25653,48.14607],[-118.2568,48.14522],[-118.25751,48.14516],[-118.2575,48.14432],[-118.25928,48.14368],[-118.2615,48.14537],[-118.26187,48.14582],[-118.26187,48.14875],[-118.26149,48.14886],[-118.26077,48.14795]]]},"bbox":[-118.26191,48.14368,-118.25653,48.14889]},{"type":"Feature","id":28911,"properties":{"y":2023,"n":"2330 Signal Peak Rd","ag":"BIA","ac":27.1,"c":14,"cl":"Unknown","ad":"2023-12-04","cd":"","st":"WA","se":4},"geometry":{"type":"Polygon","coordinates":[[[-120.7354,46.34636],[-120.74426,46.34641],[-120.74267,46.34781],[-120.74024,46.34843],[-120.73615,46.34762],[-120.73499,46.34676],[-120.7354,46.34636]]]},"bbox":[-120.74426,46.34636,-120.73499,46.34843]},{"type":"Feature","id":28912,"properties":{"y":2023,"n":"Yakima River","ag":"BIA","ac":171.5,"c":14,"cl":"Unknown","ad":"2023-12-04","cd":"","st":"WA","se":4},"geometry":{"type":"Polygon","coordinates":[[[-120.40162,46.47517],[-120.39773,46.4697],[-120.39764,46.46792],[-120.39848,46.46708],[-120.40141,46.46718],[-120.40204,46.46864],[-120.4028,46.46913],[-120.40364,46.46716],[-120.40561,46.46743],[-120.40789,46.46985],[-120.40759,46.47133],[-120.41221,46.47085],[-120.41074,46.47346],[-120.40699,46.47562],[-120.40387,46.47622],[-120.40162,46.47517]]]},"bbox":[-120.41221,46.46688,-120.39758,46.47622]},{"type":"Feature","id":28913,"properties":{"y":2023,"n":"Old Maids 1","ag":"BIA","ac":60.8,"c":14,"cl":"Unknown","ad":"2023-12-04","cd":"","st":"WA","se":4},"geometry":{"type":"Polygon","coordinates":[[[-120.75606,46.4354],[-120.76011,46.43471],[-120.7636,46.43478],[-120.77179,46.43647],[-120.76822,46.43739],[-120.76128,46.43726],[-120.7592,46.43657],[-120.75627,46.43649],[-120.7556,46.43607],[-120.75606,46.4354]]]},"bbox":[-120.77179,46.4347,-120.75559,46.43739]},{"type":"Feature","id":28914,"properties":{"y":2023,"n":"Old Maids 2","ag":"BIA","ac":11.1,"c":14,"cl":"Unknown","ad":"2023-12-04","cd":"","st":"WA","se":4},"geometry":{"type":"Polygon","coordinates":[[[-120.75628,46.44024],[-120.75846,46.44081],[-120.76345,46.44077],[-120.7651,46.4414],[-120.75516,46.44082],[-120.75628,46.44024]]]},"bbox":[-120.7651,46.44023,-120.75515,46.44154]},{"type":"Feature","id":28915,"properties":{"y":2023,"n":"2801 Hawk Rd","ag":"BIA","ac":15.4,"c":14,"cl":"Unknown","ad":"2023-12-04","cd":"","st":"WA","se":4},"geometry":{"type":"Polygon","coordinates":[[[-120.77277,46.36411],[-120.77467,46.36422],[-120.77399,46.36463],[-120.77481,46.36507],[-120.77459,46.36586],[-120.77398,46.3664],[-120.76988,46.3671],[-120.77001,46.36651],[-120.77076,46.36629],[-120.77277,46.36411]]]},"bbox":[-120.77481,46.36404,-120.76987,46.36712]},{"type":"Feature","id":28916,"properties":{"y":2023,"n":"Highbridge Springs","ag":"BIA","ac":22.5,"c":14,"cl":"Unknown","ad":"2023-12-04","cd":"","st":"WA","se":4},"geometry":{"type":"Polygon","coordinates":[[[-120.55549,46.07308],[-120.55577,46.07076],[-120.55759,46.07092],[-120.5581,46.0731],[-120.55607,46.07582],[-120.55453,46.07991],[-120.55425,46.08009],[-120.55605,46.07478],[-120.55482,46.07357],[-120.55549,46.07308]]]},"bbox":[-120.5581,46.07067,-120.5542,46.08009]},{"type":"Feature","id":28917,"properties":{"y":2023,"n":"Highline Canal","ag":"BIA","ac":62.1,"c":14,"cl":"Unknown","ad":"2023-12-04","cd":"","st":"WA","se":4},"geometry":{"type":"Polygon","coordinates":[[[-120.5861,46.47613],[-120.58837,46.47642],[-120.58962,46.47853],[-120.5892,46.47922],[-120.5905,46.48041],[-120.58931,46.48066],[-120.58897,46.48309],[-120.58841,46.48351],[-120.58713,46.48256],[-120.58659,46.48308],[-120.58434,46.48073],[-120.58432,46.47834],[-120.58528,46.47655],[-120.5861,46.47613]]]},"bbox":[-120.5905,46.47611,-120.58424,46.48352]},{"type":"Feature","id":28918,"properties":{"y":2023,"n":"Old Weigh Station","ag":"BIA","ac":11.0,"c":14,"cl":"Unknown","ad":"2023-12-04","cd":"","st":"WA","se":4},"geometry":{"type":"Polygon","coordinates":[[[-120.81555,46.27959],[-120.81716,46.28038],[-120.81719,46.28097],[-120.81218,46.28093],[-120.81262,46.28029],[-120.81555,46.27959]]]},"bbox":[-120.81721,46.27958,-120.81215,46.28119]},{"type":"Feature","id":28919,"properties":{"y":2023,"n":"Horse Heaven Hills","ag":"BIA","ac":162.5,"c":14,"cl":"Unknown","ad":"2023-12-04","cd":"","st":"WA","se":4},"geometry":{"type":"MultiPolygon","coordinates":[[[[-120.26371,46.06219],[-120.26373,46.06219],[-120.26386,46.06225],[-120.26409,46.06241],[-120.26444,46.06287],[-120.26306,46.06593],[-120.26382,46.06673],[-120.26403,46.06778],[-120.26338,46.06822],[-120.26285,46.06798],[-120.26162,46.07003],[-120.25914,46.07021],[-120.25712,46.07107],[-120.25516,46.07005],[-120.25105,46.06965],[-120.24956,46.07006],[-120.24869,46.06959],[-120.2489,46.06866],[-120.25103,46.0675],[-120.25233,46.0672],[-120.25314,46.06759],[-120.25297,46.06628],[-120.25348,46.06591],[-120.25527,46.06672],[-120.26053,46.06137],[-120.26208,46.0613],[-120.26367,46.06217],[-120.26368,46.06218],[-120.26371,46.06219]],[[-120.26377,46.06222],[-120.26381,46.06224],[-120.26379,46.06222],[-120.26377,46.06222]],[[-120.26383,46.06225],[-120.26384,46.06226],[-120.26385,46.06226],[-120.26383,46.06225]],[[-120.26399,46.06235],[-120.26401,46.06238],[-120.26404,46.0624],[-120.26399,46.06235]]],[[[-120.26371,46.06219],[-120.26367,46.06217],[-120.2637,46.06218],[-120.26371,46.06219]]]]},"bbox":[-120.26444,46.06125,-120.24865,46.07107]},{"type":"Feature","id":28920,"properties":{"y":2023,"n":"East Wapato","ag":"BIA","ac":46.6,"c":14,"cl":"Unknown","ad":"2023-12-04","cd":"","st":"WA","se":4},"geometry":{"type":"Polygon","coordinates":[[[-120.40159,46.44633],[-120.40093,46.44546],[-120.40057,46.44669],[-120.3983,46.4454],[-120.39755,46.44409],[-120.39677,46.44399],[-120.3962,46.44244],[-120.39666,46.44158],[-120.39636,46.44026],[-120.39726,46.44006],[-120.39889,46.44117],[-120.39978,46.44124],[-120.4006,46.44244],[-120.40173,46.44241],[-120.40217,46.44326],[-120.4013,46.44451],[-120.40174,46.44477],[-120.40159,46.44633]]]},"bbox":[-120.40217,46.44006,-120.3962,46.44669]},{"type":"Feature","id":28921,"properties":{"y":2023,"n":"Medicine Valley 3","ag":"BIA","ac":96.4,"c":14,"cl":"Unknown","ad":"2023-12-04","cd":"","st":"WA","se":4},"geometry":{"type":"Polygon","coordinates":[[[-120.79008,46.41071],[-120.7913,46.41066],[-120.79287,46.40974],[-120.79354,46.41052],[-120.79327,46.41101],[-120.79239,46.41087],[-120.79103,46.41421],[-120.78792,46.41654],[-120.78623,46.4168],[-120.7834,46.41589],[-120.7829,46.41512],[-120.779,46.41558],[-120.77686,46.41441],[-120.78175,46.41302],[-120.78474,46.41301],[-120.78938,46.41139],[-120.79008,46.41071]]]},"bbox":[-120.79354,46.40974,-120.77686,46.41684]},{"type":"Feature","id":28922,"properties":{"y":2023,"n":"6563 Wesley Rd","ag":"BIA","ac":18.4,"c":14,"cl":"Unknown","ad":"2023-12-04","cd":"","st":"WA","se":4},"geometry":{"type":"Polygon","coordinates":[[[-120.75012,46.33811],[-120.75438,46.33814],[-120.75441,46.34046],[-120.75369,46.34074],[-120.75145,46.33986],[-120.74997,46.33852],[-120.75012,46.33811]]]},"bbox":[-120.75446,46.33792,-120.74997,46.34074]},{"type":"Feature","id":28923,"properties":{"y":2023,"n":"4508 Main St","ag":"BIA","ac":11.9,"c":14,"cl":"Unknown","ad":"2023-12-04","cd":"","st":"WA","se":4},"geometry":{"type":"Polygon","coordinates":[[[-120.48454,46.53862],[-120.48973,46.53921],[-120.49072,46.54103],[-120.48817,46.54112],[-120.48831,46.54049],[-120.48754,46.53932],[-120.48454,46.53862]]]},"bbox":[-120.49072,46.53848,-120.48454,46.54123]},{"type":"Feature","id":28924,"properties":{"y":2023,"n":"Gold Mountain Ridge","ag":"BIA","ac":28.8,"c":14,"cl":"Unknown","ad":"2024-01-02","cd":"","st":"WA","se":4},"geometry":{"type":"Polygon","coordinates":[[[-118.42778,48.12762],[-118.43009,48.12666],[-118.43097,48.12709],[-118.43189,48.12691],[-118.43073,48.12608],[-118.43075,48.12552],[-118.43332,48.12485],[-118.43384,48.12706],[-118.43491,48.12812],[-118.43366,48.12809],[-118.43294,48.12842],[-118.43325,48.12881],[-118.43247,48.12829],[-118.43128,48.12892],[-118.42778,48.12762]]]},"bbox":[-118.43491,48.12485,-118.42776,48.12892]},{"type":"Feature","id":28925,"properties":{"y":2023,"n":"Agency Butte","ag":"BIA","ac":662.2,"c":14,"cl":"Unknown","ad":"2024-01-03","cd":"","st":"WA","se":4},"geometry":{"type":"Polygon","coordinates":[[[-118.88758,48.17653],[-118.88802,48.17551],[-118.89336,48.17011],[-118.89697,48.16826],[-118.90032,48.16298],[-118.90214,48.16211],[-118.9046,48.1619],[-118.9049,48.16284],[-118.90663,48.16354],[-118.91245,48.16462],[-118.91488,48.16576],[-118.91606,48.16539],[-118.92085,48.16831],[-118.92216,48.16985],[-118.92187,48.17068],[-118.91974,48.17265],[-118.91792,48.17375],[-118.9137,48.17523],[-118.91174,48.175],[-118.91055,48.17588],[-118.90452,48.17796],[-118.90398,48.1775],[-118.89901,48.17756],[-118.89694,48.17705],[-118.8936,48.1776],[-118.89094,48.17672],[-118.88758,48.17653]]]},"bbox":[-118.92216,48.1619,-118.8875,48.17796]},{"type":"Feature","id":28926,"properties":{"y":2023,"n":"Copper Creek","ag":"BIA","ac":11.6,"c":14,"cl":"Unknown","ad":"2024-01-03","cd":"","st":"WA","se":4},"geometry":{"type":"Polygon","coordinates":[[[-118.65419,48.07295],[-118.65305,48.07253],[-118.65299,48.07162],[-118.65556,48.07101],[-118.6568,48.07123],[-118.65735,48.07194],[-118.65419,48.07295]]]},"bbox":[-118.65735,48.07101,-118.65299,48.07306]},{"type":"Feature","id":28927,"properties":{"y":2023,"n":"Airport Road","ag":"BIA","ac":14.6,"c":14,"cl":"Unknown","ad":"2024-01-03","cd":"","st":"WA","se":4},"geometry":{"type":"Polygon","coordinates":[[[-119.57024,48.36176],[-119.57321,48.36085],[-119.57395,48.36101],[-119.57311,48.3618],[-119.57369,48.36185],[-119.57349,48.3623],[-119.56978,48.36365],[-119.56913,48.36268],[-119.57024,48.36176]]]},"bbox":[-119.57395,48.36085,-119.56913,48.36365]},{"type":"Feature","id":28928,"properties":{"y":2023,"n":"Kewa","ag":"BIA","ac":12.2,"c":14,"cl":"Unknown","ad":"2024-01-03","cd":"","st":"WA","se":4},"geometry":{"type":"Polygon","coordinates":[[[-118.26967,48.16694],[-118.26871,48.16696],[-118.26841,48.16624],[-118.26922,48.16606],[-118.27082,48.16378],[-118.27204,48.16372],[-118.27224,48.16434],[-118.27136,48.16555],[-118.2715,48.16599],[-118.26967,48.16694]]]},"bbox":[-118.27224,48.1637,-118.26841,48.16703]},{"type":"Feature","id":28929,"properties":{"y":2022,"n":"Paradise Peak","ag":"USFS","ac":1.5,"c":14,"cl":"Unknown","ad":"2023-03-14","cd":"","st":"WA","se":1},"geometry":{"type":"Polygon","coordinates":[[[-118.40101,48.60165],[-118.40172,48.60158],[-118.40292,48.602],[-118.40161,48.60209],[-118.40101,48.60165]]]},"bbox":[-118.40292,48.60158,-118.401,48.60219]},{"type":"Feature","id":28932,"properties":{"y":2022,"n":"Alligator","ag":"USFS","ac":926.6,"c":14,"cl":"Unknown","ad":"2023-03-14","cd":"","st":"WA","se":1},"geometry":{"type":"Polygon","coordinates":[[[-118.30098,48.73044],[-118.30072,48.72914],[-118.30008,48.72866],[-118.30063,48.72781],[-118.29995,48.7266],[-118.2989,48.72821],[-118.29799,48.7287],[-118.29477,48.72718],[-118.29737,48.7251],[-118.30094,48.72353],[-118.30141,48.72449],[-118.30386,48.72369],[-118.30578,48.72493],[-118.30658,48.72482],[-118.30664,48.72102],[-118.31202,48.7202],[-118.31336,48.71804],[-118.31386,48.71463],[-118.31476,48.71422],[-118.32365,48.71659],[-118.32519,48.71534],[-118.32729,48.71554],[-118.32959,48.717],[-118.33088,48.71723],[-118.33097,48.71798],[-118.33139,48.71801],[-118.33408,48.72202],[-118.3342,48.7226],[-118.33304,48.72237],[-118.33013,48.72336],[-118.32876,48.72647],[-118.32855,48.72819],[-118.32966,48.7308],[-118.32973,48.73429],[-118.32944,48.73501],[-118.32769,48.73574],[-118.32346,48.73602],[-118.32102,48.735],[-118.31925,48.73321],[-118.3154,48.73311],[-118.31392,48.73123],[-118.3126,48.73181],[-118.30971,48.73215],[-118.30795,48.7318],[-118.30714,48.73244],[-118.30426,48.73275],[-118.30391,48.73205],[-118.30098,48.73044]]]},"bbox":[-118.3342,48.7142,-118.29477,48.73602]},{"type":"Feature","id":28933,"properties":{"y":2020,"n":"Sitkum","ag":"USFS","ac":0.7,"c":14,"cl":"Unknown","ad":"2023-03-14","cd":"","st":"WA","se":1},"geometry":{"type":"Polygon","coordinates":[[[-123.99966,47.96007],[-123.99867,47.96076],[-123.99814,47.96049],[-123.99902,47.96003],[-123.99966,47.96007]]]},"bbox":[-123.99966,47.96,-123.99814,47.96079]},{"type":"Feature","id":28935,"properties":{"y":2021,"n":"Windy Pass","ag":"USFS","ac":88.8,"c":14,"cl":"Unknown","ad":"2023-03-14","cd":"","st":"WA","se":1},"geometry":{"type":"MultiPolygon","coordinates":[[[[-121.12916,47.10903],[-121.1292,47.1093],[-121.12899,47.10916],[-121.12916,47.10903]]],[[[-121.13374,47.10903],[-121.13319,47.10817],[-121.13552,47.10402],[-121.13971,47.10632],[-121.13928,47.1069],[-121.13954,47.10765],[-121.13866,47.10871],[-121.13879,47.1093],[-121.13992,47.10962],[-121.14032,47.11076],[-121.14097,47.11092],[-121.14075,47.11176],[-121.13807,47.11242],[-121.1369,47.11206],[-121.13685,47.11094],[-121.13571,47.11219],[-121.13509,47.11227],[-121.13511,47.11138],[-121.13262,47.11067],[-121.13227,47.11002],[-121.13082,47.10931],[-121.13103,47.10891],[-121.13374,47.10903]]]]},"bbox":[-121.14097,47.10402,-121.12899,47.11242]},{"type":"Feature","id":28936,"properties":{"y":2022,"n":"Meander","ag":"USFS","ac":154.9,"c":14,"cl":"Unknown","ad":"2023-03-14","cd":"","st":"WA","se":1},"geometry":{"type":"MultiPolygon","coordinates":[[[[-121.11087,47.92965],[-121.11056,47.92863],[-121.10964,47.92845],[-121.10993,47.92801],[-121.10889,47.92758],[-121.1091,47.92671],[-121.11045,47.92689],[-121.11228,47.92632],[-121.11417,47.92679],[-121.11603,47.92653],[-121.11735,47.92573],[-121.11794,47.92623],[-121.11721,47.927],[-121.11857,47.92687],[-121.11822,47.92744],[-121.12054,47.9282],[-121.11949,47.92968],[-121.12055,47.9294],[-121.12111,47.93018],[-121.11928,47.93187],[-121.11747,47.93263],[-121.11651,47.93245],[-121.11546,47.93287],[-121.11458,47.93221],[-121.11406,47.93252],[-121.1123,47.93215],[-121.11223,47.93282],[-121.11088,47.93321],[-121.11165,47.9345],[-121.1113,47.93547],[-121.10891,47.9361],[-121.10796,47.93695],[-121.10718,47.93653],[-121.10676,47.93683],[-121.10848,47.93499],[-121.11001,47.93417],[-121.10839,47.93404],[-121.10642,47.93297],[-121.10569,47.93333],[-121.10407,47.93274],[-121.10538,47.93186],[-121.10781,47.93177],[-121.10906,47.9305],[-121.11072,47.93075],[-121.11173,47.9315],[-121.11248,47.93133],[-121.11158,47.92975],[-121.11087,47.92965]]],[[[-121.12844,47.91739],[-121.12902,47.91771],[-121.12854,47.91808],[-121.12833,47.91779],[-121.12844,47.91739]]]]},"bbox":[-121.12902,47.91735,-121.10407,47.93699]},{"type":"Feature","id":28938,"properties":{"y":2020,"n":"Marsh Unit 3","ag":"FWS","ac":175.9,"c":14,"cl":"Unknown","ad":"2020-06-10","cd":"","st":"WA","se":2},"geometry":{"type":"MultiPolygon","coordinates":[[[[-119.27293,46.89008],[-119.27274,46.89043],[-119.27358,46.8909],[-119.27353,46.8914],[-119.2717,46.89286],[-119.27173,46.89294],[-119.2718,46.89297],[-119.27186,46.89306],[-119.27193,46.89308],[-119.27192,46.89316],[-119.27114,46.89513],[-119.27156,46.89584],[-119.2711,46.89607],[-119.27109,46.8961],[-119.2711,46.89613],[-119.2711,46.89614],[-119.27111,46.89615],[-119.27112,46.89616],[-119.27116,46.89618],[-119.27114,46.89614],[-119.2712,46.89614],[-119.27083,46.89697],[-119.2692,46.89839],[-119.27015,46.89894],[-119.2691,46.89925],[-119.27087,46.89887],[-119.27011,46.89983],[-119.2703,46.89987],[-119.27069,46.89983],[-119.2716,46.90048],[-119.2719,46.90123],[-119.27167,46.90141],[-119.27226,46.90169],[-119.26944,46.90278],[-119.26244,46.90064],[-119.26193,46.89925],[-119.26234,46.89868],[-119.26557,46.89855],[-119.26634,46.89774],[-119.26639,46.89718],[-119.26447,46.89589],[-119.2651,46.89522],[-119.26391,46.89578],[-119.26293,46.89526],[-119.26289,46.89374],[-119.26374,46.89256],[-119.26544,46.89167],[-119.26546,46.89115],[-119.27293,46.89008]],[[-119.26938,46.89823],[-119.26937,46.89823],[-119.26935,46.89825],[-119.26938,46.89823]],[[-119.27021,46.89985],[-119.27018,46.89987],[-119.27021,46.89985],[-119.27021,46.89985]],[[-119.27056,46.89711],[-119.27052,46.89708],[-119.2705,46.89708],[-119.27056,46.89711]],[[-119.27063,46.8971],[-119.27061,46.8971],[-119.27059,46.89711],[-119.27063,46.8971]],[[-119.27169,46.90101],[-119.27169,46.90103],[-119.2717,46.90102],[-119.27169,46.90101]],[[-119.27174,46.89296],[-119.27176,46.89297],[-119.27176,46.89296],[-119.27174,46.89296]],[[-119.2719,46.89311],[-119.27188,46.89312],[-119.2719,46.89312],[-119.2719,46.89311]]],[[[-119.27111,46.89615],[-119.27112,46.89614],[-119.27112,46.89616],[-119.27111,46.89615]]],[[[-119.27112,46.89614],[-119.27111,46.89613],[-119.27112,46.89614],[-119.27112,46.89614]]],[[[-119.27031,46.89983],[-119.27033,46.89983],[-119.2703,46.89983],[-119.27031,46.89983]]],[[[-119.2703,46.89983],[-119.27022,46.89985],[-119.27027,46.89983],[-119.2703,46.89983]]],[[[-119.27031,46.89981],[-119.27033,46.8998],[-119.27032,46.89981],[-119.27031,46.89981]]],[[[-119.27113,46.89616],[-119.27113,46.89614],[-119.27114,46.89615],[-119.27113,46.89616]]],[[[-119.27176,46.89294],[-119.27176,46.89294],[-119.27176,46.89294],[-119.27176,46.89294]]],[[[-119.27176,46.89294],[-119.27173,46.89294],[-119.27175,46.89293],[-119.27176,46.89294]]]]},"bbox":[-119.2736,46.89008,-119.26193,46.90278]},{"type":"Feature","id":28939,"properties":{"y":2020,"n":"Horse","ag":"USFS","ac":0.0,"c":14,"cl":"Unknown","ad":"2023-03-14","cd":"","st":"WA","se":1},"geometry":{"type":"MultiPolygon","coordinates":[[[[-121.82731,46.72669],[-121.82714,46.72679],[-121.82728,46.72669],[-121.82731,46.72669]]],[[[-121.82731,46.7267],[-121.82732,46.72669],[-121.82732,46.7267],[-121.82731,46.7267]]]]},"bbox":[-121.82732,46.72669,-121.82714,46.72679]},{"type":"Feature","id":28940,"properties":{"y":2022,"n":"Elbow","ag":"USFS","ac":43.5,"c":14,"cl":"Unknown","ad":"2023-03-14","cd":"","st":"WA","se":1},"geometry":{"type":"Polygon","coordinates":[[[-120.92058,48.92502],[-120.91856,48.92426],[-120.9181,48.92337],[-120.91608,48.92299],[-120.91817,48.92153],[-120.91985,48.92154],[-120.92004,48.92058],[-120.92085,48.9202],[-120.92401,48.92348],[-120.92548,48.92407],[-120.92058,48.92502]]]},"bbox":[-120.92548,48.9202,-120.91608,48.92502]},{"type":"Feature","id":28944,"properties":{"y":2020,"n":"Green Mountain","ag":"USFS","ac":12.2,"c":14,"cl":"Unknown","ad":"2023-03-14","cd":"","st":"WA","se":1},"geometry":{"type":"MultiPolygon","coordinates":[[[[-122.23075,46.07128],[-122.23074,46.07128],[-122.23074,46.07128],[-122.23075,46.07128]]],[[[-122.23074,46.07128],[-122.23219,46.07337],[-122.23063,46.07374],[-122.22907,46.07333],[-122.22876,46.07254],[-122.22938,46.07204],[-122.22904,46.0714],[-122.23006,46.07089],[-122.23074,46.07128]]]]},"bbox":[-122.23219,46.07089,-122.22876,46.07374]},{"type":"Feature","id":28946,"properties":{"y":2020,"n":"Dry Creek","ag":"USFS","ac":0.9,"c":14,"cl":"Unknown","ad":"2023-03-14","cd":"","st":"WA","se":1},"geometry":{"type":"Polygon","coordinates":[[[-121.97163,45.89663],[-121.97252,45.89676],[-121.97215,45.89725],[-121.97156,45.89721],[-121.97163,45.89663]]]},"bbox":[-121.97252,45.89658,-121.97156,45.89727]},{"type":"Feature","id":28948,"properties":{"y":2021,"n":"North Fork","ag":"USFS","ac":0.1,"c":14,"cl":"Unknown","ad":"2023-03-14","cd":"","st":"WA","se":1},"geometry":{"type":"Polygon","coordinates":[[[-117.38505,48.57923],[-117.3849,48.57894],[-117.38519,48.57894],[-117.38505,48.57923]]]},"bbox":[-117.38519,48.57891,-117.38489,48.57923]},{"type":"Feature","id":28949,"properties":{"y":2022,"n":"Skagit","ag":"USFS","ac":706.6,"c":14,"cl":"Unknown","ad":"2023-03-14","cd":"","st":"WA","se":1},"geometry":{"type":"Polygon","coordinates":[[[-120.92883,48.94987],[-120.92931,48.9498],[-120.92927,48.95026],[-120.92768,48.9508],[-120.92766,48.95036],[-120.92325,48.94926],[-120.91939,48.94721],[-120.91788,48.94716],[-120.91612,48.94534],[-120.91459,48.94459],[-120.91347,48.94518],[-120.91327,48.94472],[-120.90897,48.94396],[-120.90841,48.94234],[-120.90693,48.94189],[-120.90604,48.94081],[-120.90536,48.9407],[-120.90627,48.93881],[-120.90744,48.93796],[-120.90595,48.93512],[-120.90436,48.93363],[-120.90438,48.93276],[-120.90571,48.93183],[-120.90744,48.9316],[-120.92067,48.93254],[-120.92098,48.93318],[-120.93196,48.93983],[-120.93426,48.94225],[-120.93455,48.94551],[-120.93351,48.94722],[-120.92883,48.94987]]]},"bbox":[-120.9347,48.9316,-120.90433,48.95082]},{"type":"Feature","id":28950,"properties":{"y":2022,"n":"Shull Creek","ag":"USFS","ac":532.8,"c":14,"cl":"Unknown","ad":"2023-03-14","cd":"","st":"WA","se":1},"geometry":{"type":"Polygon","coordinates":[[[-120.79392,48.83097],[-120.80146,48.83029],[-120.80305,48.83056],[-120.80459,48.83149],[-120.80575,48.83106],[-120.80658,48.83264],[-120.80918,48.83386],[-120.81471,48.83839],[-120.81548,48.83953],[-120.81712,48.84001],[-120.8173,48.84083],[-120.81508,48.84251],[-120.81604,48.84355],[-120.8148,48.84368],[-120.81408,48.84653],[-120.81278,48.84835],[-120.80881,48.84915],[-120.80835,48.84972],[-120.8054,48.85002],[-120.80293,48.84815],[-120.80302,48.84774],[-120.80242,48.84749],[-120.8036,48.84499],[-120.79953,48.84084],[-120.79768,48.84031],[-120.79898,48.84037],[-120.79501,48.83665],[-120.79417,48.83472],[-120.7941,48.83322],[-120.7927,48.83343],[-120.79274,48.83273],[-120.79394,48.83199],[-120.79392,48.83097]]]},"bbox":[-120.8173,48.83029,-120.79267,48.85002]},{"type":"Feature","id":28951,"properties":{"y":2022,"n":"Thompson Lake","ag":"USFS","ac":0.6,"c":14,"cl":"Unknown","ad":"2023-03-14","cd":"","st":"WA","se":1},"geometry":{"type":"Polygon","coordinates":[[[-121.58729,47.45571],[-121.58777,47.45549],[-121.58796,47.45568],[-121.58741,47.45613],[-121.58729,47.45571]]]},"bbox":[-121.58796,47.45549,-121.58717,47.45613]},{"type":"Feature","id":28952,"properties":{"y":2022,"n":"Murphy Lake","ag":"USFS","ac":444.2,"c":14,"cl":"Unknown","ad":"2023-03-14","cd":"","st":"WA","se":1},"geometry":{"type":"MultiPolygon","coordinates":[[[[-121.1262,47.67608],[-121.12646,47.6757],[-121.12664,47.67598],[-121.1262,47.67608]]],[[[-121.1268,47.67577],[-121.12702,47.67562],[-121.12697,47.6758],[-121.1268,47.67577]]],[[[-121.12738,47.67541],[-121.12754,47.67521],[-121.1276,47.67534],[-121.12738,47.67541]]],[[[-121.1494,47.69756],[-121.14764,47.69728],[-121.14817,47.69624],[-121.14629,47.69575],[-121.14609,47.69534],[-121.14433,47.69512],[-121.14361,47.69548],[-121.14307,47.69417],[-121.14386,47.69411],[-121.14442,47.6932],[-121.14304,47.69324],[-121.14227,47.69258],[-121.14223,47.69154],[-121.1429,47.69098],[-121.14264,47.69017],[-121.14117,47.68965],[-121.14151,47.69027],[-121.14028,47.69022],[-121.13949,47.68939],[-121.13866,47.68946],[-121.13826,47.68911],[-121.13896,47.68836],[-121.13869,47.68759],[-121.13755,47.68747],[-121.13756,47.68556],[-121.13589,47.68455],[-121.13479,47.68462],[-121.13465,47.68425],[-121.13528,47.6841],[-121.13448,47.68369],[-121.135,47.68313],[-121.13339,47.6817],[-121.13553,47.68207],[-121.13529,47.68131],[-121.13347,47.68088],[-121.13442,47.67989],[-121.13325,47.68006],[-121.13131,47.67924],[-121.13137,47.67862],[-121.13031,47.67871],[-121.13012,47.67806],[-121.13047,47.67788],[-121.12871,47.67668],[-121.12755,47.67659],[-121.12755,47.67576],[-121.1288,47.67545],[-121.12876,47.67488],[-121.12919,47.67526],[-121.13233,47.67539],[-121.13221,47.67615],[-121.13352,47.67629],[-121.13349,47.67571],[-121.13599,47.67469],[-121.13791,47.67485],[-121.13918,47.67517],[-121.13929,47.67629],[-121.14022,47.67688],[-121.14317,47.67719],[-121.1427,47.67762],[-121.14289,47.67806],[-121.14228,47.67825],[-121.14351,47.67841],[-121.14263,47.67881],[-121.1426,47.67949],[-121.14502,47.67902],[-121.14482,47.67999],[-121.14374,47.6804],[-121.14491,47.68081],[-121.1456,47.6819],[-121.14762,47.68237],[-121.14641,47.68328],[-121.14718,47.68382],[-121.14715,47.68342],[-121.14774,47.68339],[-121.14769,47.68384],[-121.14842,47.68437],[-121.1475,47.68472],[-121.14818,47.68494],[-121.14878,47.68595],[-121.14745,47.68581],[-121.14774,47.68671],[-121.14458,47.68709],[-121.14318,47.68756],[-121.14297,47.68804],[-121.14623,47.68891],[-121.14578,47.68963],[-121.14684,47.68947],[-121.14902,47.69008],[-121.15054,47.6898],[-121.15052,47.69168],[-121.15184,47.69222],[-121.15158,47.69331],[-121.15265,47.69428],[-121.15175,47.69521],[-121.15238,47.69582],[-121.15197,47.69701],[-121.1494,47.69756]],[[-121.1445,47.69095],[-121.14506,47.69087],[-121.14571,47.68981],[-121.14518,47.68957],[-121.1443,47.69],[-121.14481,47.69048],[-121.1445,47.69095]]],[[[-121.13136,47.67966],[-121.13138,47.67949],[-121.13147,47.67961],[-121.13136,47.67966]]],[[[-121.13268,47.67589],[-121.13278,47.67579],[-121.13275,47.67592],[-121.13268,47.67589]]],[[[-121.13743,47.68954],[-121.13757,47.68916],[-121.13787,47.68931],[-121.13743,47.68954]]],[[[-121.14097,47.67563],[-121.14092,47.67542],[-121.14113,47.67544],[-121.14097,47.67563]]],[[[-121.14253,47.69446],[-121.14307,47.69451],[-121.14274,47.69489],[-121.14253,47.69446]]],[[[-121.14634,47.69651],[-121.14428,47.69633],[-121.14409,47.696],[-121.14634,47.69651]]],[[[-121.14678,47.6894],[-121.14697,47.68921],[-121.14702,47.68931],[-121.14678,47.6894]]]]},"bbox":[-121.15265,47.67469,-121.126,47.69759]},{"type":"Feature","id":28953,"properties":{"y":2022,"n":"Salmo","ag":"USFS","ac":356.8,"c":14,"cl":"Unknown","ad":"2023-03-14","cd":"","st":"WA","se":1},"geometry":{"type":"Polygon","coordinates":[[[-117.03198,48.96684],[-117.03122,48.96653],[-117.03135,48.96574],[-117.03083,48.96537],[-117.03113,48.96495],[-117.02987,48.96233],[-117.03046,48.9598],[-117.03349,48.95264],[-117.03393,48.9502],[-117.03858,48.94784],[-117.04263,48.94792],[-117.04329,48.94856],[-117.04327,48.9501],[-117.04459,48.95238],[-117.04384,48.95265],[-117.04354,48.95332],[-117.04368,48.95476],[-117.04161,48.95479],[-117.04272,48.95796],[-117.0418,48.96087],[-117.04067,48.96253],[-117.03903,48.96382],[-117.03601,48.96481],[-117.0355,48.96551],[-117.03437,48.96543],[-117.03396,48.96595],[-117.03435,48.96622],[-117.03387,48.96656],[-117.03138,48.96747],[-117.03198,48.96684]]]},"bbox":[-117.04459,48.94761,-117.02987,48.96756]},{"type":"Feature","id":28954,"properties":{"y":2022,"n":"Taylor Ridge","ag":"USFS","ac":159.8,"c":14,"cl":"Unknown","ad":"2023-03-14","cd":"","st":"WA","se":1},"geometry":{"type":"Polygon","coordinates":[[[-118.32735,48.77787],[-118.32907,48.77779],[-118.33052,48.77879],[-118.33064,48.78451],[-118.32915,48.78674],[-118.3275,48.78712],[-118.32731,48.78656],[-118.32643,48.7863],[-118.32549,48.78698],[-118.3251,48.78681],[-118.32547,48.78632],[-118.32481,48.786],[-118.32553,48.78588],[-118.32555,48.78523],[-118.32513,48.78538],[-118.32465,48.78484],[-118.3242,48.78509],[-118.32445,48.78592],[-118.32349,48.78626],[-118.32346,48.78693],[-118.32268,48.78707],[-118.32168,48.78644],[-118.32151,48.7873],[-118.32028,48.78757],[-118.32021,48.78814],[-118.31959,48.78815],[-118.31986,48.7874],[-118.3167,48.78729],[-118.31718,48.78661],[-118.3161,48.78607],[-118.31624,48.78547],[-118.31705,48.785],[-118.31821,48.78512],[-118.319,48.78366],[-118.31973,48.78337],[-118.31982,48.78266],[-118.32098,48.78189],[-118.32385,48.78162],[-118.32541,48.78063],[-118.32735,48.77787]]]},"bbox":[-118.3307,48.77764,-118.3161,48.78819]},{"type":"Feature","id":28957,"properties":{"y":2022,"n":"Morse Creek","ag":"USFS","ac":8.3,"c":14,"cl":"Unknown","ad":"2023-03-14","cd":"","st":"WA","se":1},"geometry":{"type":"MultiPolygon","coordinates":[[[[-121.44985,46.91507],[-121.44888,46.91457],[-121.44855,46.91371],[-121.44885,46.91342],[-121.44835,46.91299],[-121.4493,46.91344],[-121.45038,46.91301],[-121.45081,46.91336],[-121.45038,46.91374],[-121.45113,46.91364],[-121.45079,46.9139],[-121.45141,46.91474],[-121.44985,46.91507]]],[[[-121.4526,46.91582],[-121.45333,46.91578],[-121.45272,46.91603],[-121.4526,46.91582]]],[[[-121.45319,46.9155],[-121.45319,46.9155],[-121.45318,46.9155],[-121.45319,46.9155]]]]},"bbox":[-121.45333,46.91298,-121.44835,46.91609]},{"type":"Feature","id":28958,"properties":{"y":2022,"n":"Grasshopper Meadow","ag":"USFS","ac":0.4,"c":14,"cl":"Unknown","ad":"2023-03-14","cd":"","st":"WA","se":1},"geometry":{"type":"Polygon","coordinates":[[[-120.90761,47.93031],[-120.90806,47.93081],[-120.90738,47.93078],[-120.90761,47.93031]]]},"bbox":[-120.90808,47.93027,-120.90737,47.93085]},{"type":"Feature","id":28959,"properties":{"y":2020,"n":"Soup Creek","ag":"USFS","ac":11.4,"c":14,"cl":"Unknown","ad":"2023-03-14","cd":"","st":"WA","se":1},"geometry":{"type":"Polygon","coordinates":[[[-121.09529,46.68416],[-121.09602,46.68335],[-121.09643,46.68349],[-121.0959,46.68298],[-121.09666,46.68266],[-121.09771,46.68275],[-121.09888,46.68378],[-121.09947,46.68345],[-121.09999,46.68434],[-121.09922,46.6853],[-121.09868,46.68448],[-121.09746,46.68456],[-121.09667,46.68379],[-121.09567,46.68451],[-121.09529,46.68416]]]},"bbox":[-121.09999,46.68266,-121.09529,46.6853]},{"type":"Feature","id":28960,"properties":{"y":2022,"n":"Bandera","ag":"USFS","ac":0.0,"c":14,"cl":"Unknown","ad":"2023-03-14","cd":"","st":"WA","se":1},"geometry":{"type":"Polygon","coordinates":[[[-121.5261,47.3944],[-121.52632,47.39439],[-121.52614,47.39445],[-121.5261,47.3944]]]},"bbox":[-121.52632,47.39439,-121.5261,47.39445]},{"type":"Feature","id":28964,"properties":{"y":2022,"n":"South Fork","ag":"USFS","ac":0.1,"c":14,"cl":"Unknown","ad":"2023-03-14","cd":"","st":"WA","se":1},"geometry":{"type":"Polygon","coordinates":[[[-121.50795,47.39239],[-121.50756,47.39257],[-121.50755,47.39239],[-121.50795,47.39239]]]},"bbox":[-121.50795,47.39239,-121.50755,47.39257]},{"type":"Feature","id":28965,"properties":{"y":2021,"n":"Pincer Creek","ag":"USFS","ac":762.0,"c":14,"cl":"Unknown","ad":"2023-03-14","cd":"","st":"WA","se":1},"geometry":{"type":"Polygon","coordinates":[[[-121.13198,48.46306],[-121.12915,48.46139],[-121.12746,48.46221],[-121.12601,48.46089],[-121.12283,48.45923],[-121.12711,48.45751],[-121.13044,48.4572],[-121.12692,48.45565],[-121.12257,48.45562],[-121.12304,48.45682],[-121.12144,48.45703],[-121.12081,48.45579],[-121.11787,48.45615],[-121.11529,48.45477],[-121.11296,48.45228],[-121.11071,48.45117],[-121.10893,48.44919],[-121.10682,48.44924],[-121.1072,48.4502],[-121.10933,48.45164],[-121.10893,48.45267],[-121.10526,48.4519],[-121.09704,48.4466],[-121.09685,48.44478],[-121.09875,48.44513],[-121.10009,48.44418],[-121.1014,48.44475],[-121.10156,48.44391],[-121.10412,48.44319],[-121.10534,48.44455],[-121.10598,48.4437],[-121.10759,48.44418],[-121.10824,48.44322],[-121.11328,48.44157],[-121.1165,48.44409],[-121.11682,48.44496],[-121.11797,48.44541],[-121.11928,48.44361],[-121.12094,48.44265],[-121.1223,48.44275],[-121.12329,48.4475],[-121.12408,48.44897],[-121.12551,48.44998],[-121.12785,48.45065],[-121.13092,48.45044],[-121.13206,48.45108],[-121.1327,48.45228],[-121.13439,48.45322],[-121.13282,48.45445],[-121.13728,48.45499],[-121.13936,48.45589],[-121.14077,48.45739],[-121.14117,48.4596],[-121.13991,48.46042],[-121.13198,48.46306]]]},"bbox":[-121.14117,48.44157,-121.09685,48.46306]},{"type":"Feature","id":28966,"properties":{"y":2022,"n":"Betty Creek","ag":"USFS","ac":8.8,"c":14,"cl":"Unknown","ad":"2023-03-14","cd":"","st":"WA","se":1},"geometry":{"type":"Polygon","coordinates":[[[-118.31641,48.72621],[-118.31439,48.72573],[-118.31618,48.7246],[-118.31553,48.72368],[-118.31721,48.72421],[-118.31691,48.7248],[-118.31805,48.72574],[-118.31641,48.72621]]]},"bbox":[-118.31805,48.72368,-118.31439,48.72621]},{"type":"Feature","id":28968,"properties":{"y":2020,"n":"Carlton","ag":"USFS","ac":6.1,"c":14,"cl":"Unknown","ad":"2023-03-14","cd":"","st":"WA","se":1},"geometry":{"type":"Polygon","coordinates":[[[-121.53432,46.71495],[-121.53514,46.71552],[-121.53509,46.71653],[-121.5341,46.71706],[-121.53319,46.71652],[-121.5332,46.71587],[-121.53335,46.71506],[-121.53432,46.71495]]]},"bbox":[-121.53515,46.71495,-121.53319,46.71707]},{"type":"Feature","id":28970,"properties":{"y":2020,"n":"Rock Bluff","ag":"FWS","ac":26.1,"c":14,"cl":"Unknown","ad":"2020-06-05","cd":"","st":"WA","se":2},"geometry":{"type":"Polygon","coordinates":[[[-119.28126,46.89053],[-119.28174,46.89149],[-119.28214,46.89128],[-119.2828,46.8921],[-119.28358,46.89162],[-119.28444,46.89231],[-119.28491,46.89354],[-119.28422,46.89516],[-119.28224,46.89502],[-119.28208,46.89415],[-119.2804,46.89256],[-119.28028,46.89215],[-119.2805,46.89238],[-119.28072,46.89218],[-119.27977,46.89145],[-119.28126,46.89053]]]},"bbox":[-119.28491,46.89051,-119.27977,46.89522]},{"type":"Feature","id":28971,"properties":{"y":2022,"n":"Scout Lake","ag":"USFS","ac":0.0,"c":14,"cl":"Unknown","ad":"2023-03-14","cd":"","st":"WA","se":1},"geometry":{"type":"Polygon","coordinates":[[[-121.51787,47.37922],[-121.51789,47.3792],[-121.51789,47.37921],[-121.51787,47.37922]]]},"bbox":[-121.51789,47.3792,-121.51785,47.37922]},{"type":"Feature","id":28972,"properties":{"y":2020,"n":"Jungle Creek","ag":"USFS","ac":540.7,"c":14,"cl":"Unknown","ad":"2023-03-14","cd":"","st":"WA","se":1},"geometry":{"type":"Polygon","coordinates":[[[-121.14359,47.06006],[-121.14093,47.05826],[-121.14034,47.05647],[-121.13879,47.05442],[-121.14083,47.04905],[-121.14035,47.04645],[-121.1424,47.04683],[-121.14315,47.04595],[-121.14273,47.0445],[-121.14618,47.04162],[-121.15098,47.04181],[-121.15107,47.043],[-121.15285,47.04331],[-121.15309,47.04409],[-121.15553,47.04549],[-121.15551,47.04628],[-121.15664,47.04737],[-121.15588,47.04813],[-121.15714,47.04818],[-121.15695,47.04941],[-121.1594,47.05196],[-121.15905,47.05336],[-121.16039,47.05476],[-121.15992,47.05546],[-121.15651,47.05536],[-121.15605,47.05619],[-121.15513,47.05663],[-121.15391,47.05631],[-121.15301,47.05726],[-121.15121,47.05702],[-121.15087,47.05753],[-121.15154,47.05816],[-121.14792,47.05982],[-121.14359,47.06006]]]},"bbox":[-121.16039,47.04149,-121.13879,47.06006]},{"type":"Feature","id":28974,"properties":{"y":2022,"n":"Gypsy Ridge","ag":"USFS","ac":130.8,"c":14,"cl":"Unknown","ad":"2023-03-14","cd":"","st":"WA","se":1},"geometry":{"type":"Polygon","coordinates":[[[-117.16146,48.97245],[-117.15953,48.97239],[-117.15859,48.9711],[-117.1571,48.97043],[-117.15661,48.971],[-117.15618,48.9708],[-117.15663,48.97021],[-117.15638,48.96981],[-117.15413,48.96829],[-117.15699,48.96736],[-117.16067,48.96769],[-117.1598,48.96719],[-117.15977,48.96639],[-117.1616,48.96577],[-117.16579,48.96766],[-117.16713,48.96778],[-117.16686,48.96792],[-117.16881,48.96886],[-117.16874,48.96949],[-117.1695,48.97016],[-117.16694,48.97119],[-117.16845,48.972],[-117.16788,48.97252],[-117.16336,48.97236],[-117.16239,48.97392],[-117.1605,48.97381],[-117.16146,48.97245]]]},"bbox":[-117.1695,48.9657,-117.15413,48.97409]},{"type":"Feature","id":28977,"properties":{"y":2020,"n":"Ponderosa","ag":"USFS","ac":0.0,"c":14,"cl":"Unknown","ad":"2023-03-14","cd":"","st":"WA","se":1},"geometry":{"type":"Polygon","coordinates":[[[-121.5382,46.44633],[-121.53842,46.44643],[-121.53838,46.44649],[-121.5382,46.44633]]]},"bbox":[-121.53842,46.44628,-121.5382,46.44649]},{"type":"Feature","id":28979,"properties":{"y":2020,"n":"Cold Creek","ag":"USFS","ac":565.3,"c":14,"cl":"Unknown","ad":"2023-03-14","cd":"","st":"WA","se":1},"geometry":{"type":"MultiPolygon","coordinates":[[[[-121.29341,46.64703],[-121.29732,46.64895],[-121.30322,46.65067],[-121.30421,46.65256],[-121.30197,46.65402],[-121.30708,46.65643],[-121.30881,46.65687],[-121.30934,46.65834],[-121.30872,46.65933],[-121.30679,46.65993],[-121.30572,46.66077],[-121.30494,46.6629],[-121.30502,46.66403],[-121.30294,46.66464],[-121.30146,46.66433],[-121.3005,46.66152],[-121.29765,46.66174],[-121.29534,46.66114],[-121.29574,46.66155],[-121.29545,46.66207],[-121.29445,46.66147],[-121.29099,46.66168],[-121.289,46.6611],[-121.28669,46.65633],[-121.28487,46.65625],[-121.28514,46.65578],[-121.28446,46.65572],[-121.28472,46.65525],[-121.28401,46.65523],[-121.28395,46.65447],[-121.28294,46.65426],[-121.28271,46.65476],[-121.28204,46.65479],[-121.28193,46.65427],[-121.28084,46.65405],[-121.2801,46.65328],[-121.2783,46.65281],[-121.2791,46.65157],[-121.28007,46.65186],[-121.28064,46.65119],[-121.28067,46.65183],[-121.28127,46.65085],[-121.28245,46.65123],[-121.29163,46.65145],[-121.29097,46.65123],[-121.29132,46.6506],[-121.29068,46.64956],[-121.28778,46.64799],[-121.28842,46.64717],[-121.29107,46.64664],[-121.29161,46.64609],[-121.29283,46.64721],[-121.29341,46.64703]]],[[[-121.30797,46.65645],[-121.3084,46.65582],[-121.30691,46.65547],[-121.30765,46.6555],[-121.30867,46.65473],[-121.30961,46.65583],[-121.30797,46.65645]]]]},"bbox":[-121.30961,46.64609,-121.27823,46.66464]},{"type":"Feature","id":28980,"properties":{"y":2022,"n":"Power Peak","ag":"USFS","ac":6.2,"c":14,"cl":"Unknown","ad":"2023-03-14","cd":"","st":"WA","se":1},"geometry":{"type":"Polygon","coordinates":[[[-117.41019,48.2363],[-117.41246,48.23664],[-117.41286,48.23785],[-117.41021,48.23713],[-117.41019,48.2363]]]},"bbox":[-117.41287,48.23618,-117.41005,48.23787]},{"type":"Feature","id":28981,"properties":{"y":2021,"n":"Penders Canyon","ag":"USFS","ac":29.5,"c":14,"cl":"Unknown","ad":"2023-03-14","cd":"","st":"WA","se":1},"geometry":{"type":"Polygon","coordinates":[[[-121.35068,48.10131],[-121.35441,48.09849],[-121.35487,48.09994],[-121.35578,48.10047],[-121.35411,48.10268],[-121.35083,48.10375],[-121.35037,48.10367],[-121.35068,48.10131]]]},"bbox":[-121.35578,48.09849,-121.35037,48.10375]},{"type":"Feature","id":28982,"properties":{"y":2021,"n":"Molybdenite","ag":"USFS","ac":54.8,"c":14,"cl":"Unknown","ad":"2023-03-14","cd":"","st":"WA","se":1},"geometry":{"type":"MultiPolygon","coordinates":[[[[-117.27179,48.67357],[-117.27101,48.67198],[-117.27198,48.67176],[-117.2734,48.67063],[-117.27419,48.67142],[-117.27668,48.66991],[-117.27894,48.67072],[-117.279,48.67111],[-117.28006,48.67071],[-117.28089,48.67103],[-117.28012,48.67151],[-117.28098,48.67299],[-117.2795,48.67371],[-117.27828,48.67324],[-117.27636,48.67339],[-117.27373,48.6747],[-117.27179,48.67357]]],[[[-117.27174,48.67159],[-117.2721,48.67157],[-117.27178,48.67171],[-117.27174,48.67159]]]]},"bbox":[-117.28098,48.66991,-117.27098,48.6747]},{"type":"Feature","id":28983,"properties":{"y":2021,"n":"Dodd","ag":"FWS","ac":19.5,"c":14,"cl":"Unknown","ad":"2021-06-24","cd":"","st":"WA","se":2},"geometry":{"type":"Polygon","coordinates":[[[-118.93383,46.1294],[-118.93459,46.13026],[-118.93558,46.13021],[-118.93541,46.13177],[-118.93681,46.13229],[-118.93661,46.1327],[-118.93734,46.13313],[-118.9365,46.1337],[-118.93725,46.13566],[-118.93688,46.1366],[-118.93628,46.13642],[-118.93383,46.1294]]]},"bbox":[-118.93735,46.12939,-118.93367,46.13665]},{"type":"Feature","id":28984,"properties":{"y":2021,"n":"Hanson Loop","ag":"FWS","ac":122.8,"c":14,"cl":"Unknown","ad":"2021-06-24","cd":"","st":"WA","se":2},"geometry":{"type":"Polygon","coordinates":[[[-118.96116,46.15207],[-118.96177,46.1553],[-118.96978,46.16137],[-118.97082,46.16595],[-118.96578,46.16436],[-118.95794,46.16033],[-118.95928,46.15967],[-118.96164,46.15995],[-118.9606,46.15818],[-118.96044,46.1565],[-118.96157,46.15533],[-118.96116,46.15207]]]},"bbox":[-118.97082,46.15207,-118.95794,46.16595]},{"type":"Feature","id":28985,"properties":{"y":2021,"n":"Spruce Canyon","ag":"PRI","ac":128.8,"c":14,"cl":"Unknown","ad":"2021-09-28","cd":"","st":"WA","se":3},"geometry":{"type":"MultiPolygon","coordinates":[[[[-117.56752,48.542],[-117.56752,48.54201],[-117.5675,48.542],[-117.56752,48.542]]],[[[-117.5675,48.542],[-117.56745,48.542],[-117.56749,48.54199],[-117.5675,48.542]]],[[[-117.56777,48.54194],[-117.56754,48.54181],[-117.56775,48.54173],[-117.56777,48.54194]]],[[[-117.56965,48.54127],[-117.56939,48.54154],[-117.56931,48.54147],[-117.56965,48.54127]]],[[[-117.57071,48.54095],[-117.57079,48.54103],[-117.57065,48.54112],[-117.57059,48.54097],[-117.57071,48.54095]],[[-117.57073,48.54098],[-117.57072,48.54098],[-117.57072,48.54098],[-117.57073,48.54098]]],[[[-117.571,48.54029],[-117.5707,48.54035],[-117.57082,48.54028],[-117.571,48.54029]]],[[[-117.57099,48.54121],[-117.57091,48.54104],[-117.57111,48.5411],[-117.57099,48.54121]]],[[[-117.57154,48.54173],[-117.57152,48.54174],[-117.57144,48.54175],[-117.57154,48.54173]]],[[[-117.58734,48.53958],[-117.58823,48.54001],[-117.58691,48.5407],[-117.58587,48.54298],[-117.5851,48.54351],[-117.58254,48.54244],[-117.57902,48.54171],[-117.57538,48.54252],[-117.57395,48.54334],[-117.57367,48.54277],[-117.57402,48.54178],[-117.57303,48.54223],[-117.57221,48.54193],[-117.57243,48.54136],[-117.57184,48.54093],[-117.57442,48.5405],[-117.57502,48.54113],[-117.57519,48.54056],[-117.5767,48.54],[-117.57656,48.53943],[-117.57947,48.53972],[-117.58082,48.539],[-117.58204,48.53951],[-117.58218,48.53883],[-117.58281,48.53865],[-117.5839,48.53866],[-117.58463,48.5394],[-117.58734,48.53958]],[[-117.57469,48.54129],[-117.57389,48.54115],[-117.57358,48.54147],[-117.57402,48.54163],[-117.57469,48.54129]],[[-117.58731,48.53958],[-117.58731,48.53958],[-117.5873,48.53958],[-117.58731,48.53958]]],[[[-117.57236,48.54019],[-117.57232,48.54051],[-117.57208,48.54042],[-117.57236,48.54019]]],[[[-117.57243,48.54236],[-117.57263,48.54247],[-117.57242,48.54238],[-117.57243,48.54236]]],[[[-117.573,48.54291],[-117.57306,48.54304],[-117.57291,48.54302],[-117.573,48.54291]]],[[[-117.57336,48.54032],[-117.57323,48.54039],[-117.57312,48.54023],[-117.57336,48.54032]]],[[[-117.58679,48.54496],[-117.58584,48.54431],[-117.58704,48.54384],[-117.58905,48.54134],[-117.59095,48.54002],[-117.59321,48.53969],[-117.59622,48.54181],[-117.59378,48.54341],[-117.59257,48.54334],[-117.59244,48.54261],[-117.59089,48.54267],[-117.58936,48.54397],[-117.58679,48.54496]]]]},"bbox":[-117.59622,48.53864,-117.56745,48.54504]},{"type":"Feature","id":28986,"properties":{"y":2010,"n":"Hwy 730 Mp 200","ag":"FWS","ac":71.7,"c":14,"cl":"Unknown","ad":"2010-05-26","cd":"","st":"WA","se":1},"geometry":{"type":"Polygon","coordinates":[[[-119.0075,45.96768],[-119.00572,45.96633],[-119.00273,45.9683],[-119.00275,45.96903],[-119.00207,45.96961],[-118.99911,45.96951],[-118.99619,45.97009],[-118.99694,45.96942],[-118.99831,45.96916],[-118.9984,45.96867],[-119.00014,45.96865],[-119.00258,45.96562],[-119.00222,45.96571],[-119.00443,45.96451],[-119.00604,45.96431],[-119.00664,45.96496],[-119.00623,45.96599],[-119.0066,45.96633],[-119.00896,45.96697],[-119.01383,45.96588],[-119.01447,45.96519],[-119.01499,45.96517],[-119.01563,45.96595],[-119.00941,45.96925],[-119.00878,45.96878],[-119.0063,45.96979],[-119.00569,45.96914],[-119.00677,45.96777],[-119.0075,45.96768]]]},"bbox":[-119.01563,45.96429,-118.99619,45.97009]},{"type":"Feature","id":28987,"properties":{"y":2015,"n":"Hwy 26","ag":"FWS","ac":72.5,"c":14,"cl":"Unknown","ad":"2015-08-06","cd":"","st":"WA","se":2},"geometry":{"type":"Polygon","coordinates":[[[-119.40694,46.83623],[-119.39854,46.83252],[-119.40596,46.83319],[-119.40812,46.83193],[-119.40959,46.83169],[-119.41178,46.83257],[-119.41165,46.83311],[-119.41309,46.83423],[-119.41228,46.83496],[-119.41181,46.83458],[-119.41128,46.83662],[-119.41009,46.83601],[-119.40694,46.83623]]]},"bbox":[-119.41309,46.83169,-119.39854,46.83662]},{"type":"Feature","id":28989,"properties":{"y":2015,"n":"Upper Goose Lake","ag":"BOR","ac":830.8,"c":14,"cl":"Unknown","ad":"2015-07-22","cd":"","st":"WA","se":2},"geometry":{"type":"Polygon","coordinates":[[[-119.27125,46.94317],[-119.26453,46.94561],[-119.26182,46.94724],[-119.2589,46.94826],[-119.25731,46.94831],[-119.25447,46.94725],[-119.25307,46.94641],[-119.24914,46.94232],[-119.24599,46.93754],[-119.24501,46.93438],[-119.24346,46.93159],[-119.24428,46.93097],[-119.24564,46.93088],[-119.24886,46.93182],[-119.25239,46.9322],[-119.25574,46.93331],[-119.25838,46.9334],[-119.26048,46.93303],[-119.26311,46.93062],[-119.2651,46.93028],[-119.26767,46.9314],[-119.26832,46.93248],[-119.26816,46.93404],[-119.26883,46.93445],[-119.26991,46.93393],[-119.27146,46.93176],[-119.27295,46.9316],[-119.27477,46.93405],[-119.2793,46.93642],[-119.28016,46.9379],[-119.28032,46.93961],[-119.27447,46.94112],[-119.27369,46.94089],[-119.27125,46.94317]]]},"bbox":[-119.28035,46.93026,-119.24341,46.94838]},{"type":"Feature","id":28990,"properties":{"y":2015,"n":"Conboy","ag":"FWS","ac":86.6,"c":14,"cl":"Unknown","ad":"2015-07-21","cd":"","st":"WA","se":2},"geometry":{"type":"MultiPolygon","coordinates":[[[[-118.9376,46.17524],[-118.93895,46.17134],[-118.93881,46.17012],[-118.93945,46.16795],[-118.94025,46.16665],[-118.93982,46.1683],[-118.94032,46.16943],[-118.93897,46.17058],[-118.94057,46.17025],[-118.94085,46.17211],[-118.94066,46.17295],[-118.94059,46.17221],[-118.94012,46.17203],[-118.93874,46.17336],[-118.9409,46.17358],[-118.9388,46.17393],[-118.9376,46.17524]]],[[[-121.28838,45.97554],[-121.28629,45.97462],[-121.28654,45.97326],[-121.2875,45.97277],[-121.28798,45.97141],[-121.29251,45.9703],[-121.29287,45.96972],[-121.29466,45.96904],[-121.29526,45.96914],[-121.29711,45.97106],[-121.29667,45.97176],[-121.29551,45.97224],[-121.29478,45.97165],[-121.29366,45.9723],[-121.29256,45.97226],[-121.29227,45.9742],[-121.29,45.9746],[-121.28838,45.97554]]]]},"bbox":[-121.29712,45.96904,-118.93746,46.17527]},{"type":"Feature","id":28991,"properties":{"y":2015,"n":"Iverson","ag":"FWS","ac":86.6,"c":14,"cl":"Unknown","ad":"2015-05-01","cd":"","st":"WA","se":1},"geometry":{"type":"MultiPolygon","coordinates":[[[[-118.9376,46.17524],[-118.93895,46.17134],[-118.93881,46.17012],[-118.93945,46.16795],[-118.94025,46.16665],[-118.93982,46.1683],[-118.94032,46.16943],[-118.93897,46.17058],[-118.94057,46.17025],[-118.94085,46.17211],[-118.94066,46.17295],[-118.94059,46.17221],[-118.94012,46.17203],[-118.93874,46.17336],[-118.9409,46.17358],[-118.9388,46.17393],[-118.9376,46.17524]]],[[[-121.28838,45.97554],[-121.28629,45.97462],[-121.28654,45.97326],[-121.2875,45.97277],[-121.28798,45.97141],[-121.29251,45.9703],[-121.29287,45.96972],[-121.29466,45.96904],[-121.29526,45.96914],[-121.29711,45.97106],[-121.29667,45.97176],[-121.29551,45.97224],[-121.29478,45.97165],[-121.29366,45.9723],[-121.29256,45.97226],[-121.29227,45.9742],[-121.29,45.9746],[-121.28838,45.97554]]]]},"bbox":[-121.29712,45.96904,-118.93746,46.17527]},{"type":"Feature","id":28992,"properties":{"y":2016,"n":"Canal Fire","ag":"FWS","ac":18.1,"c":14,"cl":"Unknown","ad":"2016-06-14","cd":"","st":"WA","se":2},"geometry":{"type":"Polygon","coordinates":[[[-119.66586,46.70417],[-119.67032,46.70373],[-119.6717,46.7047],[-119.67113,46.70572],[-119.67038,46.706],[-119.66586,46.70417]]]},"bbox":[-119.6717,46.70372,-119.6656,46.706]},{"type":"Feature","id":28993,"properties":{"y":2016,"n":"Divison Rd","ag":"PRI","ac":723.8,"c":14,"cl":"Unknown","ad":"2016-08-30","cd":"","st":"WA","se":2},"geometry":{"type":"Polygon","coordinates":[[[-119.48948,46.84232],[-119.4913,46.83833],[-119.50071,46.8385],[-119.50778,46.84033],[-119.53288,46.84286],[-119.52853,46.85021],[-119.52225,46.85069],[-119.50549,46.85011],[-119.48948,46.84232]]]},"bbox":[-119.53288,46.83833,-119.48948,46.85069]},{"type":"Feature","id":28995,"properties":{"y":2013,"n":"Ringold","ag":"FWS","ac":7.6,"c":14,"cl":"Unknown","ad":"2020-08-16","cd":"","st":"WA","se":2},"geometry":{"type":"Polygon","coordinates":[[[-119.28324,46.53675],[-119.27972,46.53216],[-119.2799,46.53164],[-119.28141,46.53278],[-119.28324,46.53675]]]},"bbox":[-119.28331,46.53163,-119.27961,46.53677]},{"type":"Feature","id":28996,"properties":{"y":2013,"n":"Saddle North","ag":"FWS","ac":16.3,"c":14,"cl":"Unknown","ad":"2020-09-20","cd":"","st":"WA","se":3},"geometry":{"type":"Polygon","coordinates":[[[-119.51747,46.78565],[-119.52036,46.78665],[-119.52125,46.78722],[-119.52123,46.78783],[-119.52312,46.7889],[-119.5218,46.78937],[-119.52092,46.78878],[-119.52089,46.78909],[-119.51769,46.78657],[-119.51716,46.78594],[-119.51747,46.78565]]]},"bbox":[-119.52312,46.78564,-119.51716,46.78937]},{"type":"Feature","id":28997,"properties":{"y":2013,"n":"Madame Dorion","ag":"FWS","ac":9.4,"c":14,"cl":"Unknown","ad":"2020-10-18","cd":"","st":"WA","se":3},"geometry":{"type":"Polygon","coordinates":[[[-118.90168,46.06814],[-118.89748,46.07002],[-118.89594,46.07019],[-118.89756,46.06873],[-118.90073,46.06839],[-118.90154,46.06779],[-118.90168,46.06814]]]},"bbox":[-118.90188,46.06779,-118.89594,46.07026]},{"type":"Feature","id":28998,"properties":{"y":2013,"n":"Lower Crab Creek East","ag":"State","ac":485.3,"c":14,"cl":"Unknown","ad":"2020-10-18","cd":"","st":"WA","se":3},"geometry":{"type":"Polygon","coordinates":[[[-119.45428,46.81922],[-119.45413,46.81759],[-119.45447,46.81715],[-119.45834,46.81617],[-119.49406,46.82099],[-119.49432,46.82118],[-119.49381,46.8219],[-119.49415,46.82166],[-119.49532,46.82241],[-119.49493,46.82236],[-119.49497,46.82308],[-119.49372,46.82406],[-119.49062,46.82472],[-119.46696,46.82533],[-119.46552,46.82515],[-119.46552,46.82477],[-119.46365,46.82489],[-119.46368,46.82447],[-119.46276,46.82437],[-119.46132,46.82302],[-119.46146,46.82241],[-119.4608,46.8225],[-119.46039,46.82202],[-119.46075,46.82184],[-119.46036,46.82126],[-119.45995,46.82206],[-119.45728,46.82222],[-119.45618,46.82118],[-119.45657,46.8197],[-119.45556,46.81914],[-119.45428,46.81922]]]},"bbox":[-119.49532,46.81617,-119.45413,46.82533]},{"type":"Feature","id":28999,"properties":{"y":2014,"n":"Sand Station","ag":"FWS","ac":248.0,"c":14,"cl":"Unknown","ad":"2014-09-08","cd":"","st":"WA","se":3},"geometry":{"type":"Polygon","coordinates":[[[-119.09895,45.92814],[-119.07685,45.94044],[-119.07586,45.94044],[-119.07362,45.94156],[-119.07203,45.94187],[-119.071,45.94085],[-119.06694,45.94049],[-119.06926,45.93987],[-119.0764,45.93643],[-119.07937,45.93335],[-119.08231,45.93242],[-119.08394,45.9305],[-119.08469,45.93188],[-119.08601,45.93134],[-119.086,45.9309],[-119.08819,45.93077],[-119.08977,45.93004],[-119.09245,45.93046],[-119.09276,45.92978],[-119.0897,45.92917],[-119.09353,45.92898],[-119.0927,45.92848],[-119.0937,45.92787],[-119.09331,45.92749],[-119.094,45.92708],[-119.0924,45.92646],[-119.09689,45.92574],[-119.09928,45.92713],[-119.09856,45.92812],[-119.09895,45.92814]]]},"bbox":[-119.09935,45.92569,-119.06692,45.94189]},{"type":"Feature","id":29000,"properties":{"y":2014,"n":"Grassy Island","ag":"FWS","ac":14.6,"c":14,"cl":"Unknown","ad":"2014-11-21","cd":"","st":"WA","se":3},"geometry":{"type":"MultiPolygon","coordinates":[[[[-124.05036,46.64184],[-124.05235,46.64234],[-124.05254,46.64263],[-124.05162,46.64294],[-124.05319,46.64432],[-124.05424,46.64371],[-124.05486,46.6442],[-124.05431,46.64515],[-124.05542,46.64587],[-124.05476,46.64672],[-124.05381,46.64676],[-124.05329,46.64515],[-124.04961,46.64193],[-124.05043,46.64227],[-124.05036,46.64184]]],[[[-124.05444,46.64518],[-124.05444,46.64518],[-124.05444,46.64518],[-124.05444,46.64518]]]]},"bbox":[-124.05542,46.64171,-124.04961,46.64683]},{"type":"Feature","id":29001,"properties":{"y":2015,"n":"Slough","ag":"FWS","ac":0.0,"c":14,"cl":"Unknown","ad":"2015-08-20","cd":"","st":"WA","se":2},"geometry":{"type":"Polygon","coordinates":[[[-118.94575,46.16776],[-118.94575,46.16776],[-118.94575,46.16776],[-118.94575,46.16776]]]},"bbox":[-118.94575,46.16776,-118.94575,46.16776]},{"type":"Feature","id":29002,"properties":{"y":2015,"n":"Cheneyplaza","ag":"PRI","ac":123.4,"c":14,"cl":"Unknown","ad":"2015-08-02","cd":"","st":"WA","se":2},"geometry":{"type":"Polygon","coordinates":[[[-117.60134,47.38567],[-117.60065,47.38548],[-117.60115,47.38509],[-117.6004,47.38442],[-117.6007,47.38407],[-117.59962,47.38315],[-117.59994,47.38171],[-117.60075,47.38095],[-117.59949,47.3799],[-117.60046,47.37944],[-117.5999,47.37864],[-117.6037,47.37606],[-117.60654,47.37549],[-117.60685,47.37619],[-117.6078,47.37634],[-117.60762,47.37672],[-117.60851,47.37762],[-117.60787,47.37913],[-117.60702,47.37957],[-117.60697,47.3831],[-117.60507,47.38461],[-117.60134,47.38567]]]},"bbox":[-117.60851,47.37539,-117.59949,47.38567]},{"type":"Feature","id":29004,"properties":{"y":2015,"n":"Mile Post 48","ag":"FWS","ac":30.2,"c":14,"cl":"Unknown","ad":"2015-07-21","cd":"","st":"WA","se":2},"geometry":{"type":"Polygon","coordinates":[[[-119.68229,46.67823],[-119.68631,46.6812],[-119.68689,46.68218],[-119.68592,46.68315],[-119.68454,46.6837],[-119.68278,46.68338],[-119.68229,46.67823]]]},"bbox":[-119.68689,46.67823,-119.68229,46.6837]},{"type":"Feature","id":29005,"properties":{"y":2016,"n":"Martin Road","ag":"PRI","ac":50.8,"c":14,"cl":"Unknown","ad":"2016-08-31","cd":"","st":"WA","se":2},"geometry":{"type":"MultiPolygon","coordinates":[[[[-117.61784,47.29135],[-117.62345,47.29045],[-117.62342,47.29101],[-117.61975,47.29626],[-117.61707,47.29662],[-117.61517,47.29649],[-117.61487,47.29635],[-117.61731,47.29611],[-117.61784,47.29135]],[[-117.61539,47.29647],[-117.61536,47.29647],[-117.61539,47.29647],[-117.61539,47.29647]]],[[[-117.61889,47.29093],[-117.619,47.29093],[-117.61873,47.29098],[-117.61889,47.29093]]],[[[-117.61873,47.29098],[-117.61873,47.29098],[-117.61872,47.29098],[-117.61873,47.29098]]],[[[-117.61872,47.29098],[-117.61858,47.29099],[-117.6186,47.29098],[-117.61872,47.29098]]]]},"bbox":[-117.62349,47.29032,-117.61487,47.29663]},{"type":"Feature","id":29006,"properties":{"y":2016,"n":"Blue Bird","ag":"PRI","ac":7.6,"c":14,"cl":"Unknown","ad":"2016-04-10","cd":"","st":"WA","se":1},"geometry":{"type":"Polygon","coordinates":[[[-119.23492,46.91407],[-119.23364,46.91416],[-119.23388,46.91281],[-119.23449,46.91285],[-119.23439,46.91223],[-119.23604,46.91236],[-119.23655,46.91298],[-119.23492,46.91407]]]},"bbox":[-119.23655,46.91223,-119.23348,46.91426]},{"type":"Feature","id":29007,"properties":{"y":2016,"n":"Juniper Bluffs","ag":"FWS","ac":660.0,"c":14,"cl":"Unknown","ad":"2016-09-27","cd":"","st":"WA","se":3},"geometry":{"type":"Polygon","coordinates":[[[-119.03684,45.95606],[-119.03622,45.95681],[-119.03475,45.9549],[-119.03221,45.95471],[-119.02879,45.95267],[-119.02776,45.95159],[-119.02746,45.94957],[-119.0278,45.94859],[-119.02901,45.9485],[-119.02924,45.94794],[-119.03055,45.94765],[-119.03001,45.94872],[-119.03229,45.94821],[-119.03229,45.94918],[-119.03293,45.94889],[-119.03371,45.95001],[-119.03299,45.95148],[-119.03321,45.95208],[-119.03622,45.95022],[-119.03736,45.94863],[-119.03803,45.94961],[-119.03703,45.95081],[-119.03894,45.95043],[-119.03995,45.94968],[-119.03818,45.95006],[-119.03873,45.94942],[-119.04244,45.94795],[-119.04182,45.94847],[-119.04852,45.94528],[-119.05087,45.9445],[-119.05049,45.94534],[-119.05201,45.94425],[-119.05233,45.94455],[-119.05621,45.94324],[-119.05932,45.9431],[-119.06071,45.94237],[-119.05919,45.94231],[-119.06188,45.94098],[-119.06631,45.94022],[-119.07065,45.94099],[-119.07254,45.94182],[-119.07628,45.94026],[-119.07677,45.94093],[-119.07403,45.94187],[-119.06697,45.94573],[-119.06193,45.94921],[-119.05789,45.95107],[-119.04909,45.95427],[-119.03939,45.95709],[-119.03766,45.95711],[-119.03684,45.95606]]]},"bbox":[-119.07677,45.94021,-119.02746,45.95723]},{"type":"Feature","id":29008,"properties":{"y":2016,"n":"Lower Rattlesnake","ag":"FWS","ac":16.9,"c":14,"cl":"Unknown","ad":"2016-07-25","cd":"","st":"WA","se":2},"geometry":{"type":"Polygon","coordinates":[[[-119.42785,46.38573],[-119.42396,46.38353],[-119.42378,46.38339],[-119.42891,46.38263],[-119.42785,46.38573]]]},"bbox":[-119.42891,46.38263,-119.42378,46.38573]},{"type":"Feature","id":29009,"properties":{"y":2015,"n":"Harmony","ag":"PRI","ac":60.0,"c":14,"cl":"Unknown","ad":"2015-10-12","cd":"","st":"WA","se":3},"geometry":{"type":"Polygon","coordinates":[[[-117.65605,47.43719],[-117.64695,47.44251],[-117.64544,47.44304],[-117.64636,47.44241],[-117.64542,47.44208],[-117.64983,47.4392],[-117.64915,47.43861],[-117.64843,47.43885],[-117.64937,47.43839],[-117.64997,47.43699],[-117.6511,47.43665],[-117.65124,47.43597],[-117.65518,47.43466],[-117.65602,47.43527],[-117.65605,47.43719]]]},"bbox":[-117.65619,47.43466,-117.64542,47.44312]},{"type":"Feature","id":29010,"properties":{"y":2017,"n":"Goose Lake","ag":"BOR","ac":707.2,"c":14,"cl":"Unknown","ad":"2017-07-16","cd":"","st":"WA","se":2},"geometry":{"type":"Polygon","coordinates":[[[-119.27017,46.94338],[-119.2608,46.94611],[-119.25916,46.94593],[-119.25655,46.94452],[-119.25182,46.94413],[-119.24993,46.94331],[-119.24595,46.93724],[-119.2437,46.93133],[-119.24603,46.93113],[-119.25082,46.93263],[-119.25324,46.93389],[-119.25805,46.93386],[-119.25997,46.9332],[-119.26422,46.93032],[-119.26586,46.93046],[-119.26909,46.93254],[-119.27019,46.93276],[-119.27196,46.93148],[-119.27329,46.93157],[-119.27354,46.93315],[-119.27562,46.93599],[-119.27668,46.93861],[-119.27637,46.94057],[-119.27266,46.94087],[-119.27017,46.94338]]]},"bbox":[-119.27677,46.93032,-119.24361,46.94611]},{"type":"Feature","id":29011,"properties":{"y":2017,"n":"L Rd","ag":"PRI","ac":387.2,"c":14,"cl":"Unknown","ad":"2017-08-01","cd":"","st":"WA","se":2},"geometry":{"type":"Polygon","coordinates":[[[-119.74778,46.679],[-119.74181,46.67885],[-119.74041,46.67519],[-119.73981,46.67514],[-119.73888,46.67369],[-119.73857,46.67208],[-119.73514,46.66951],[-119.73358,46.66906],[-119.73289,46.66805],[-119.73433,46.6637],[-119.73526,46.66256],[-119.73555,46.661],[-119.73451,46.66016],[-119.73601,46.65902],[-119.73582,46.65816],[-119.73737,46.65841],[-119.74152,46.66476],[-119.74252,46.66391],[-119.74431,46.66457],[-119.74736,46.66464],[-119.74752,46.66399],[-119.74817,46.66384],[-119.74778,46.679]]]},"bbox":[-119.7482,46.65799,-119.73282,46.67905]},{"type":"Feature","id":29012,"properties":{"y":2017,"n":"Reach","ag":"FWS","ac":608.5,"c":14,"cl":"Unknown","ad":"2017-09-06","cd":"","st":"WA","se":3},"geometry":{"type":"Polygon","coordinates":[[[-119.37254,46.60586],[-119.37119,46.60558],[-119.37086,46.60507],[-119.36923,46.60534],[-119.37112,46.60476],[-119.36849,46.60428],[-119.36762,46.60315],[-119.36647,46.60327],[-119.3635,46.60143],[-119.35769,46.60074],[-119.35455,46.59871],[-119.35369,46.59748],[-119.35438,46.5973],[-119.3543,46.59686],[-119.35159,46.5958],[-119.35101,46.5947],[-119.35244,46.59408],[-119.35223,46.59338],[-119.35358,46.59251],[-119.354,46.59154],[-119.35764,46.59103],[-119.35898,46.58971],[-119.36181,46.58838],[-119.36353,46.58932],[-119.36484,46.58735],[-119.36642,46.58626],[-119.36792,46.58606],[-119.37151,46.58859],[-119.37042,46.58953],[-119.36489,46.59038],[-119.37493,46.59416],[-119.37684,46.59609],[-119.377,46.59538],[-119.37763,46.59523],[-119.3791,46.59648],[-119.37857,46.59817],[-119.37878,46.6001],[-119.37722,46.60151],[-119.37674,46.6026],[-119.3739,46.6035],[-119.37353,46.60478],[-119.37302,46.60485],[-119.37324,46.60551],[-119.37254,46.60586]]]},"bbox":[-119.3791,46.58606,-119.35099,46.60591]},{"type":"Feature","id":29013,"properties":{"y":2017,"n":"Wahluke","ag":"FWS","ac":20.6,"c":14,"cl":"Unknown","ad":"2017-07-31","cd":"","st":"WA","se":2},"geometry":{"type":"Polygon","coordinates":[[[-119.59108,46.68078],[-119.58887,46.67873],[-119.58781,46.67973],[-119.58718,46.67967],[-119.58976,46.67735],[-119.59151,46.67691],[-119.5923,46.67717],[-119.59276,46.67793],[-119.59188,46.68036],[-119.59108,46.68078]]]},"bbox":[-119.59277,46.67691,-119.58718,46.68078]},{"type":"Feature","id":29014,"properties":{"y":2017,"n":"Wallula Lake","ag":"FWS","ac":12.9,"c":14,"cl":"Unknown","ad":"2017-08-07","cd":"","st":"WA","se":2},"geometry":{"type":"Polygon","coordinates":[[[-118.95753,46.16734],[-118.95579,46.16694],[-118.9587,46.1644],[-118.96049,46.16443],[-118.96027,46.16518],[-118.95753,46.16734]]]},"bbox":[-118.96049,46.1643,-118.95579,46.16752]},{"type":"Feature","id":29015,"properties":{"y":2018,"n":"Hwy 24 Mm 56","ag":"FWS","ac":1.4,"c":14,"cl":"Unknown","ad":"2018-03-14","cd":"","st":"WA","se":1},"geometry":{"type":"Polygon","coordinates":[[[-119.55927,46.73825],[-119.55863,46.73874],[-119.55743,46.73826],[-119.55927,46.73825]]]},"bbox":[-119.55927,46.73825,-119.55743,46.73874]},{"type":"Feature","id":29016,"properties":{"y":2018,"n":"Ice Harbor","ag":"PRI","ac":11.2,"c":14,"cl":"Unknown","ad":"2018-06-27","cd":"","st":"WA","se":2},"geometry":{"type":"MultiPolygon","coordinates":[[[[-119.00247,46.20952],[-119.00742,46.20954],[-119.00932,46.2107],[-119.00774,46.21164],[-119.00549,46.20993],[-119.00247,46.20952]]],[[[-119.00594,46.2094],[-119.00593,46.2094],[-119.00591,46.20941],[-119.00594,46.2094]]]]},"bbox":[-119.00932,46.20923,-119.00247,46.21164]},{"type":"Feature","id":29020,"properties":{"y":2019,"n":"Mp 309","ag":"FWS","ac":15.8,"c":14,"cl":"Unknown","ad":"2019-06-21","cd":"","st":"WA","se":2},"geometry":{"type":"Polygon","coordinates":[[[-118.87109,46.05376],[-118.87301,46.05296],[-118.87098,46.05731],[-118.86952,46.05729],[-118.86971,46.05691],[-118.86881,46.05656],[-118.86939,46.05621],[-118.86902,46.05547],[-118.86951,46.05529],[-118.86993,46.05601],[-118.8707,46.05589],[-118.87109,46.05376]]]},"bbox":[-118.87301,46.05292,-118.86881,46.05733]},{"type":"Feature","id":29021,"properties":{"y":2019,"n":"Stateline","ag":"FWS","ac":25.2,"c":14,"cl":"Unknown","ad":"2019-07-09","cd":"","st":"WA","se":2},"geometry":{"type":"MultiPolygon","coordinates":[[[[-118.97135,45.99909],[-118.97136,45.9991],[-118.97147,45.99903],[-118.97134,45.99875],[-118.97366,45.99912],[-118.97402,45.99878],[-118.97376,45.99824],[-118.97386,45.99814],[-118.97705,45.99947],[-118.97545,46.00063],[-118.97346,46.00048],[-118.97069,46.00063],[-118.97066,46.0006],[-118.97047,46.00064],[-118.97022,46.00054],[-118.97015,46.00055],[-118.96973,46.00031],[-118.96859,46.00001],[-118.96983,45.99921],[-118.97138,45.99897],[-118.97134,45.99908],[-118.97135,45.99909]],[[-118.97066,46.0006],[-118.97067,46.0006],[-118.97064,46.00059],[-118.97066,46.0006]],[[-118.97067,46.0006],[-118.97072,46.00062],[-118.9707,46.0006],[-118.97067,46.0006]],[[-118.96898,45.99985],[-118.969,45.99983],[-118.969,45.99982],[-118.96898,45.99985]],[[-118.96931,45.99963],[-118.96931,45.99966],[-118.96935,45.99965],[-118.96931,45.99963]],[[-118.97016,46.00053],[-118.97016,46.00054],[-118.97016,46.00054],[-118.97016,46.00053]],[[-118.97389,45.99833],[-118.97388,45.9983],[-118.97388,45.9983],[-118.97389,45.99833]],[[-118.97388,45.9983],[-118.97386,45.99828],[-118.97383,45.99831],[-118.97388,45.9983]]],[[[-118.97135,45.99909],[-118.97134,45.99909],[-118.97136,45.99909],[-118.97135,45.99909]]],[[[-118.97015,46.00055],[-118.97015,46.00056],[-118.97014,46.00055],[-118.97015,46.00055]]],[[[-118.96923,46.00021],[-118.96924,46.00021],[-118.96922,46.0002],[-118.96923,46.00021]]],[[[-118.96924,45.99957],[-118.96924,45.99957],[-118.96924,45.99957],[-118.96924,45.99957]]],[[[-118.96924,45.99957],[-118.96924,45.99957],[-118.96924,45.99957],[-118.96924,45.99957]]],[[[-118.96924,45.99958],[-118.96924,45.99957],[-118.96925,45.99958],[-118.96924,45.99958]]],[[[-118.97016,46.00056],[-118.97017,46.00055],[-118.97018,46.00055],[-118.97016,46.00056]]],[[[-118.97278,45.99894],[-118.97277,45.99894],[-118.97277,45.99894],[-118.97278,45.99894]]],[[[-118.97277,45.99894],[-118.97277,45.99895],[-118.97277,45.99895],[-118.97277,45.99894]]]]},"bbox":[-118.97705,45.99814,-118.96859,46.00064]},{"type":"Feature","id":29022,"properties":{"y":2019,"n":"Van Fire","ag":"FWS","ac":1.0,"c":14,"cl":"Unknown","ad":"2019-07-02","cd":"","st":"WA","se":2},"geometry":{"type":"Polygon","coordinates":[[[-119.75446,46.5741],[-119.75773,46.57353],[-119.75777,46.57367],[-119.75446,46.5741]]]},"bbox":[-119.75777,46.57353,-119.75443,46.5741]},{"type":"Feature","id":29023,"properties":{"y":2020,"n":"Two Rivers","ag":"FWS","ac":13.8,"c":14,"cl":"Unknown","ad":"2020-07-10","cd":"","st":"WA","se":2},"geometry":{"type":"Polygon","coordinates":[[[-118.93855,46.1423],[-118.94009,46.14238],[-118.94025,46.14473],[-118.94165,46.14821],[-118.94118,46.14917],[-118.93855,46.1423]]]},"bbox":[-118.94166,46.14229,-118.93844,46.14917]},{"type":"Feature","id":29024,"properties":{"y":2020,"n":"West Fire","ag":"FWS","ac":47.2,"c":14,"cl":"Unknown","ad":"2020-06-05","cd":"","st":"WA","se":2},"geometry":{"type":"MultiPolygon","coordinates":[[[[-119.12196,45.91599],[-119.12352,45.91602],[-119.12345,45.91614],[-119.12346,45.91626],[-119.12428,45.91659],[-119.12415,45.91696],[-119.11951,45.91975],[-119.11211,45.92251],[-119.11204,45.92173],[-119.11307,45.92135],[-119.11234,45.92077],[-119.11285,45.91989],[-119.11455,45.91991],[-119.116,45.91863],[-119.11726,45.91888],[-119.11895,45.91715],[-119.1216,45.91763],[-119.12141,45.91837],[-119.12272,45.9175],[-119.12159,45.9172],[-119.12224,45.91631],[-119.12196,45.91599]],[[-119.11755,45.91867],[-119.11758,45.91867],[-119.11755,45.91867],[-119.11755,45.91867]]],[[[-119.12348,45.91612],[-119.12347,45.91614],[-119.12347,45.91613],[-119.12348,45.91612]]]]},"bbox":[-119.12428,45.91586,-119.11195,45.9226]},{"type":"Feature","id":29025,"properties":{"y":2020,"n":"730 Command","ag":"FWS","ac":103.0,"c":14,"cl":"Unknown","ad":"2020-08-11","cd":"","st":"WA","se":2},"geometry":{"type":"Polygon","coordinates":[[[-119.10071,45.9229],[-119.10669,45.92243],[-119.1092,45.92156],[-119.11025,45.92065],[-119.11054,45.92119],[-119.11145,45.9213],[-119.11237,45.92073],[-119.11325,45.9213],[-119.11205,45.92175],[-119.11252,45.92186],[-119.11196,45.92211],[-119.11213,45.92254],[-119.1151,45.9228],[-119.10787,45.92573],[-119.10359,45.92613],[-119.09927,45.92801],[-119.09937,45.9253],[-119.10071,45.9229]]]},"bbox":[-119.1151,45.92065,-119.0992,45.92802]},{"type":"Feature","id":29026,"properties":{"y":2018,"n":"Walpr-Fy19-Rx-S Mcdowell Piles","ag":"FWS","ac":401.2,"c":14,"cl":"Unknown","ad":"2020-11-09","cd":"","st":"WA","se":3},"geometry":{"type":"Polygon","coordinates":[[[-117.67032,48.45987],[-117.66771,48.45839],[-117.66804,48.45779],[-117.66701,48.45733],[-117.66576,48.45757],[-117.6644,48.45677],[-117.66295,48.45543],[-117.66146,48.45283],[-117.65847,48.45205],[-117.65789,48.45111],[-117.66233,48.44907],[-117.66768,48.45076],[-117.66936,48.45073],[-117.67481,48.44762],[-117.67586,48.4479],[-117.67839,48.44743],[-117.67987,48.44516],[-117.68464,48.44598],[-117.69008,48.4458],[-117.6936,48.44812],[-117.69621,48.44881],[-117.6952,48.45001],[-117.69441,48.45],[-117.69141,48.44837],[-117.68744,48.44837],[-117.68667,48.44918],[-117.6861,48.44895],[-117.68518,48.4497],[-117.68534,48.4502],[-117.68426,48.45038],[-117.68385,48.45119],[-117.68117,48.4521],[-117.68042,48.45422],[-117.67274,48.4539],[-117.67089,48.45613],[-117.67247,48.45711],[-117.67402,48.4591],[-117.67032,48.45987]]]},"bbox":[-117.69621,48.44515,-117.65775,48.45987]},{"type":"Feature","id":29027,"properties":{"y":2018,"n":"Walpr-Fy19-Rx-Starvation South","ag":"FWS","ac":266.5,"c":14,"cl":"Unknown","ad":"2020-10-29","cd":"","st":"WA","se":3},"geometry":{"type":"MultiPolygon","coordinates":[[[[-117.71522,48.47679],[-117.70904,48.47651],[-117.70045,48.47443],[-117.69387,48.47361],[-117.6939,48.4732],[-117.69445,48.47222],[-117.69596,48.47126],[-117.70071,48.47262],[-117.70484,48.47139],[-117.70557,48.47064],[-117.70727,48.4723],[-117.71088,48.47382],[-117.71411,48.47358],[-117.71799,48.47257],[-117.71941,48.47146],[-117.72445,48.47238],[-117.72618,48.47323],[-117.72736,48.47474],[-117.72739,48.47524],[-117.72506,48.47733],[-117.72247,48.47854],[-117.71522,48.47679]]],[[[-117.7298,48.46901],[-117.72969,48.4666],[-117.73577,48.46876],[-117.73551,48.46888],[-117.7298,48.46901]]]]},"bbox":[-117.73577,48.4666,-117.69387,48.47854]},{"type":"Feature","id":29028,"properties":{"y":2018,"n":"Watbr-Fy19-Rx-Campbell/Lasher Piles","ag":"FWS","ac":20.9,"c":14,"cl":"Unknown","ad":"2020-12-19","cd":"","st":"WA","se":4},"geometry":{"type":"Polygon","coordinates":[[[-117.61154,47.43663],[-117.60779,47.43707],[-117.60778,47.43653],[-117.61027,47.4342],[-117.61116,47.43475],[-117.61422,47.43502],[-117.61405,47.43552],[-117.61154,47.43663]]]},"bbox":[-117.61422,47.4342,-117.60767,47.43715]},{"type":"Feature","id":29029,"properties":{"y":2019,"n":"Wamnr-Fy19-Rx-Mfb-Piles","ag":"FWS","ac":4.6,"c":14,"cl":"Unknown","ad":"2020-03-01","cd":"","st":"WA","se":1},"geometry":{"type":"Polygon","coordinates":[[[-118.98183,46.20526],[-118.97933,46.20525],[-118.97933,46.20438],[-118.98185,46.20439],[-118.98183,46.20526]]]},"bbox":[-118.98185,46.20437,-118.97933,46.20526]},{"type":"Feature","id":29030,"properties":{"y":2019,"n":"Walpr-Fy19-Rx-Starvation South","ag":"FWS","ac":133.0,"c":14,"cl":"Unknown","ad":"2020-07-03","cd":"","st":"WA","se":2},"geometry":{"type":"MultiPolygon","coordinates":[[[[-117.72072,48.47058],[-117.72172,48.47017],[-117.72236,48.46914],[-117.72395,48.46808],[-117.72451,48.46705],[-117.72387,48.46704],[-117.72372,48.46693],[-117.72578,48.4659],[-117.72593,48.46384],[-117.7306,48.46251],[-117.72987,48.46352],[-117.73014,48.46561],[-117.73082,48.46651],[-117.73092,48.4688],[-117.72951,48.46997],[-117.7296,48.47127],[-117.72896,48.47311],[-117.72762,48.47506],[-117.72572,48.47294],[-117.72292,48.47195],[-117.72121,48.47209],[-117.71956,48.47148],[-117.72072,48.47058]]],[[[-117.72083,48.47026],[-117.72082,48.47027],[-117.72083,48.47026],[-117.72083,48.47026]]],[[[-117.72082,48.47027],[-117.72082,48.47029],[-117.72081,48.47028],[-117.72082,48.47027]]]]},"bbox":[-117.73101,48.46249,-117.71954,48.47506]},{"type":"Feature","id":29031,"properties":{"y":2019,"n":"Wacbr-Fy19-Rx-Columbia Nwr Ditches","ag":"FWS","ac":2.8,"c":14,"cl":"Unknown","ad":"2020-04-18","cd":"","st":"WA","se":1},"geometry":{"type":"MultiPolygon","coordinates":[[[[-119.38974,46.86703],[-119.38964,46.8657],[-119.38997,46.86299],[-119.38995,46.86666],[-119.38974,46.86703]]],[[[-119.43708,46.84403],[-119.43858,46.84397],[-119.44073,46.84423],[-119.44274,46.84397],[-119.44073,46.84427],[-119.43696,46.84408],[-119.43258,46.84468],[-119.43708,46.84403]]]]},"bbox":[-119.44274,46.84394,-119.38964,46.8671]},{"type":"Feature","id":29032,"properties":{"y":2019,"n":"Watbr-Fy17-Rx-W Stubblefield","ag":"FWS","ac":54.5,"c":14,"cl":"Unknown","ad":"2020-10-01","cd":"","st":"WA","se":3},"geometry":{"type":"Polygon","coordinates":[[[-117.54227,47.3947],[-117.53795,47.39333],[-117.5353,47.39171],[-117.53376,47.39178],[-117.53137,47.39344],[-117.52997,47.39258],[-117.52834,47.39229],[-117.52822,47.39184],[-117.52867,47.39096],[-117.53704,47.39104],[-117.53779,47.39124],[-117.53751,47.39147],[-117.54062,47.39111],[-117.54235,47.39179],[-117.54227,47.3947]]]},"bbox":[-117.54235,47.39091,-117.52817,47.39478]},{"type":"Feature","id":29033,"properties":{"y":2019,"n":"Wacnr-Fy19-Rx-Hq-Ne Ridge","ag":"FWS","ac":15.0,"c":14,"cl":"Unknown","ad":"2020-05-24","cd":"","st":"WA","se":1},"geometry":{"type":"Polygon","coordinates":[[[-121.34142,45.97636],[-121.34121,45.97553],[-121.34287,45.97655],[-121.34546,45.97717],[-121.34541,45.97788],[-121.34506,45.97841],[-121.34364,45.97854],[-121.34095,45.97754],[-121.34142,45.97636]]]},"bbox":[-121.34546,45.97553,-121.34095,45.97854]},{"type":"Feature","id":29034,"properties":{"y":2018,"n":"Wamnr-Fy19-Rx-Field 4","ag":"FWS","ac":29.0,"c":14,"cl":"Unknown","ad":"2020-11-09","cd":"","st":"WA","se":3},"geometry":{"type":"Polygon","coordinates":[[[-118.96142,46.20409],[-118.96209,46.20267],[-118.96673,46.20251],[-118.96786,46.20303],[-118.96709,46.20488],[-118.96618,46.2051],[-118.96175,46.20464],[-118.96142,46.20409]]]},"bbox":[-118.96786,46.20251,-118.96129,46.20521]},{"type":"Feature","id":29035,"properties":{"y":2019,"n":"Wahfr-Fy19-Rx-Wb10","ag":"FWS","ac":10.8,"c":14,"cl":"Unknown","ad":"2020-03-28","cd":"","st":"WA","se":1},"geometry":{"type":"Polygon","coordinates":[[[-119.36243,46.6589],[-119.36141,46.65862],[-119.3634,46.65765],[-119.36263,46.657],[-119.36363,46.65709],[-119.36398,46.65753],[-119.36309,46.65902],[-119.36211,46.65949],[-119.36156,46.66182],[-119.36125,46.6612],[-119.36155,46.66069],[-119.35986,46.66033],[-119.36243,46.6589]]]},"bbox":[-119.36398,46.657,-119.35986,46.66182]},{"type":"Feature","id":29036,"properties":{"y":2020,"n":"Trailer","ag":"FWS","ac":0.6,"c":14,"cl":"Unknown","ad":"2023-03-14","cd":"","st":"WA","se":1},"geometry":{"type":"Polygon","coordinates":[[[-119.67359,46.83976],[-119.67435,46.84019],[-119.67367,46.84022],[-119.67359,46.83976]]]},"bbox":[-119.67435,46.83976,-119.67359,46.84022]},{"type":"Feature","id":29038,"properties":{"y":2024,"n":"Barton","ag":"FWS","ac":12.7,"c":14,"cl":"Unknown","ad":"2024-08-20","cd":"","st":"WA","se":2},"geometry":{"type":"Polygon","coordinates":[[[-119.34424,46.81316],[-119.34143,46.81424],[-119.34294,46.81521],[-119.3427,46.8156],[-119.34042,46.8164],[-119.33938,46.81603],[-119.33929,46.81535],[-119.34043,46.81441],[-119.34419,46.81274],[-119.34424,46.81316]]]},"bbox":[-119.34429,46.81265,-119.33922,46.81644]},{"type":"Feature","id":29039,"properties":{"y":2020,"n":"Morgan Lake","ag":"FWS","ac":2.1,"c":14,"cl":"Unknown","ad":"2023-03-14","cd":"","st":"WA","se":1},"geometry":{"type":"Polygon","coordinates":[[[-119.24298,46.92848],[-119.24201,46.92714],[-119.24218,46.92702],[-119.24331,46.92754],[-119.2437,46.92828],[-119.24298,46.92848]]]},"bbox":[-119.2437,46.92702,-119.24201,46.92848]},{"type":"Feature","id":29040,"properties":{"y":2024,"n":"Morgan Lake","ag":"FWS","ac":67.7,"c":14,"cl":"Unknown","ad":"2024-08-01","cd":"","st":"WA","se":2},"geometry":{"type":"Polygon","coordinates":[[[-119.2316,46.91491],[-119.2314,46.9179],[-119.23211,46.91883],[-119.2317,46.9191],[-119.22812,46.91641],[-119.22613,46.914],[-119.22631,46.91308],[-119.22845,46.91248],[-119.22634,46.91274],[-119.22586,46.9124],[-119.22702,46.90994],[-119.22649,46.90933],[-119.22898,46.90744],[-119.22865,46.91014],[-119.22938,46.9115],[-119.2308,46.91275],[-119.2316,46.91491]]]},"bbox":[-119.23211,46.90744,-119.22585,46.9191]},{"type":"Feature","id":29041,"properties":{"y":2024,"n":"Cold Creek","ag":"FWS","ac":574.9,"c":14,"cl":"Unknown","ad":"2024-07-25","cd":"","st":"WA","se":2},"geometry":{"type":"Polygon","coordinates":[[[-119.66991,46.49356],[-119.66981,46.49451],[-119.66774,46.49406],[-119.66791,46.4921],[-119.66888,46.49121],[-119.6682,46.49078],[-119.66509,46.49025],[-119.6587,46.4902],[-119.65576,46.48894],[-119.65352,46.48183],[-119.65411,46.481],[-119.65585,46.47948],[-119.65764,46.47873],[-119.6603,46.47902],[-119.66361,46.47796],[-119.66586,46.47834],[-119.67057,46.48144],[-119.67348,46.48231],[-119.67372,46.48284],[-119.67313,46.48274],[-119.67424,46.48345],[-119.67376,46.48355],[-119.67397,46.48383],[-119.6767,46.48529],[-119.67766,46.48511],[-119.67843,46.48624],[-119.67784,46.48669],[-119.67797,46.48844],[-119.6773,46.48907],[-119.67848,46.48989],[-119.67925,46.49189],[-119.68095,46.49296],[-119.67755,46.49416],[-119.67598,46.49422],[-119.67568,46.495],[-119.67457,46.49535],[-119.67325,46.49525],[-119.67189,46.49412],[-119.67198,46.4934],[-119.67144,46.49364],[-119.67091,46.49292],[-119.66991,46.49356]]]},"bbox":[-119.68097,46.47796,-119.65352,46.49536]},{"type":"Feature","id":29042,"properties":{"y":2024,"n":"Curtis","ag":"FWS","ac":0.6,"c":14,"cl":"Unknown","ad":"2024-12-04","cd":"","st":"WA","se":4},"geometry":{"type":"Polygon","coordinates":[[[-117.53946,47.48298],[-117.54032,47.48292],[-117.53951,47.48322],[-117.53946,47.48298]]]},"bbox":[-117.54032,47.48264,-117.53944,47.48323]},{"type":"Feature","id":29043,"properties":{"y":2021,"n":"Zirkle","ag":"FWS","ac":263.1,"c":14,"cl":"Unknown","ad":"2023-03-14","cd":"","st":"WA","se":1},"geometry":{"type":"Polygon","coordinates":[[[-119.81691,46.56607],[-119.81537,46.56365],[-119.81365,46.55892],[-119.81365,46.55627],[-119.81949,46.55408],[-119.82549,46.55674],[-119.82712,46.56394],[-119.82326,46.56648],[-119.81691,46.56607]]]},"bbox":[-119.82712,46.55408,-119.81365,46.56648]},{"type":"Feature","id":29045,"properties":{"y":2024,"n":"Soap Lake","ag":"BIA","ac":13.2,"c":14,"cl":"Unknown","ad":"2025-01-07","cd":"","st":"WA","se":4},"geometry":{"type":"MultiPolygon","coordinates":[[[[-119.65929,48.28189],[-119.66118,48.28277],[-119.66047,48.28407],[-119.65703,48.28389],[-119.65758,48.28275],[-119.65929,48.28189]]],[[[-119.65716,48.28344],[-119.65718,48.28343],[-119.65716,48.28346],[-119.65716,48.28344]]],[[[-119.65719,48.28341],[-119.6572,48.28341],[-119.65719,48.28341],[-119.65719,48.28341]]]]},"bbox":[-119.66121,48.28189,-119.65702,48.28413]},{"type":"Feature","id":29046,"properties":{"y":2024,"n":"6 Mile","ag":"BIA","ac":95.5,"c":14,"cl":"Unknown","ad":"2025-01-07","cd":"","st":"WA","se":4},"geometry":{"type":"Polygon","coordinates":[[[-118.41926,47.9614],[-118.4188,47.96197],[-118.42044,47.96453],[-118.41977,47.96476],[-118.4192,47.9643],[-118.41903,47.96505],[-118.41698,47.96485],[-118.41612,47.96438],[-118.41458,47.96209],[-118.41287,47.96191],[-118.4121,47.96121],[-118.41124,47.96162],[-118.41062,47.96074],[-118.40984,47.96074],[-118.40965,47.95885],[-118.41231,47.95718],[-118.41436,47.95673],[-118.41756,47.95841],[-118.41774,47.95925],[-118.4173,47.95973],[-118.41863,47.96034],[-118.41926,47.9614]]]},"bbox":[-118.42045,47.95673,-118.40963,47.96505]},{"type":"Feature","id":29047,"properties":{"y":2024,"n":"Stranger Creek Ii","ag":"BIA","ac":65.4,"c":14,"cl":"Unknown","ad":"2025-01-07","cd":"","st":"WA","se":4},"geometry":{"type":"Polygon","coordinates":[[[-118.35228,48.25151],[-118.34856,48.25122],[-118.34821,48.25028],[-118.34695,48.25004],[-118.34622,48.2486],[-118.34625,48.24706],[-118.34919,48.24666],[-118.35014,48.24594],[-118.35345,48.24708],[-118.35403,48.24797],[-118.35331,48.24874],[-118.3545,48.25032],[-118.35427,48.25082],[-118.35362,48.25067],[-118.35228,48.25151]]]},"bbox":[-118.3545,48.24594,-118.34622,48.25151]},{"type":"Feature","id":29049,"properties":{"y":2024,"n":"Oldenway 1","ag":"BIA","ac":20.7,"c":14,"cl":"Unknown","ad":"2024-12-16","cd":"","st":"WA","se":4},"geometry":{"type":"Polygon","coordinates":[[[-120.38558,46.39745],[-120.38592,46.39945],[-120.38402,46.40001],[-120.38391,46.40068],[-120.37925,46.40053],[-120.38273,46.39957],[-120.38135,46.39946],[-120.38347,46.3987],[-120.38301,46.39833],[-120.38558,46.39745]]]},"bbox":[-120.38594,46.39743,-120.37924,46.4007]},{"type":"Feature","id":29050,"properties":{"y":2024,"n":"Pasco & Pierre","ag":"BIA","ac":19.2,"c":14,"cl":"Unknown","ad":"2024-12-16","cd":"","st":"WA","se":4},"geometry":{"type":"Polygon","coordinates":[[[-120.14284,46.20886],[-120.14253,46.2095],[-120.14182,46.20949],[-120.14064,46.20783],[-120.14044,46.20676],[-120.14166,46.20484],[-120.14261,46.20575],[-120.14275,46.20723],[-120.14445,46.20737],[-120.14389,46.20877],[-120.14284,46.20886]]]},"bbox":[-120.14445,46.20484,-120.14042,46.20952]},{"type":"Feature","id":29051,"properties":{"y":2024,"n":"Middle Mountain","ag":"BIA","ac":13.7,"c":14,"cl":"Unknown","ad":"2025-01-06","cd":"","st":"WA","se":4},"geometry":{"type":"MultiPolygon","coordinates":[[[[-118.30017,48.12049],[-118.29995,48.12058],[-118.29922,48.12062],[-118.29822,48.12127],[-118.29589,48.1213],[-118.29645,48.11973],[-118.29766,48.11927],[-118.29978,48.11934],[-118.30071,48.11985],[-118.30016,48.12008],[-118.3003,48.12041],[-118.30017,48.12049]],[[-118.29991,48.12056],[-118.29989,48.12054],[-118.29985,48.12056],[-118.29991,48.12056]],[[-118.30009,48.12044],[-118.30012,48.12046],[-118.30008,48.12044],[-118.30009,48.12044]]],[[[-118.29692,48.1191],[-118.29694,48.11907],[-118.29696,48.11909],[-118.29692,48.1191]]]]},"bbox":[-118.30071,48.11907,-118.29587,48.12142]},{"type":"Feature","id":29053,"properties":{"y":2024,"n":"Fry Field","ag":"BIA","ac":34.7,"c":14,"cl":"Unknown","ad":"2025-01-28","cd":"","st":"WA","se":4},"geometry":{"type":"Polygon","coordinates":[[[-118.31023,48.2587],[-118.30899,48.25882],[-118.30885,48.25813],[-118.30925,48.25783],[-118.30791,48.25753],[-118.30903,48.25715],[-118.30848,48.2569],[-118.30964,48.25664],[-118.30981,48.25601],[-118.31043,48.25579],[-118.31037,48.25543],[-118.30859,48.25561],[-118.30947,48.25503],[-118.30862,48.25508],[-118.30871,48.25453],[-118.31058,48.25406],[-118.31113,48.25335],[-118.31407,48.25308],[-118.31193,48.25748],[-118.31139,48.2575],[-118.31023,48.2587]]]},"bbox":[-118.31411,48.25294,-118.30791,48.25882]},{"type":"Feature","id":29054,"properties":{"y":2024,"n":"North Camas","ag":"BIA","ac":23.1,"c":14,"cl":"Unknown","ad":"2024-10-10","cd":"","st":"WA","se":3},"geometry":{"type":"Polygon","coordinates":[[[-120.42042,46.47338],[-120.41598,46.47038],[-120.41689,46.46895],[-120.41883,46.47003],[-120.42233,46.47347],[-120.42434,46.47417],[-120.42205,46.47418],[-120.42144,46.47339],[-120.42042,46.47338]]]},"bbox":[-120.42434,46.46895,-120.41598,46.47426]},{"type":"Feature","id":29055,"properties":{"y":2024,"n":"Castle Rock Creek","ag":"BIA","ac":111.0,"c":14,"cl":"Unknown","ad":"2024-12-04","cd":"","st":"WA","se":4},"geometry":{"type":"Polygon","coordinates":[[[-118.3445,47.98655],[-118.3462,47.98853],[-118.34908,47.98955],[-118.34951,47.99036],[-118.34918,47.99113],[-118.34697,47.99104],[-118.3469,47.99022],[-118.34641,47.99012],[-118.34116,47.9921],[-118.33748,47.99077],[-118.33716,47.98952],[-118.34067,47.98659],[-118.34265,47.98274],[-118.34486,47.98301],[-118.34516,47.98477],[-118.34605,47.98512],[-118.34501,47.98548],[-118.3445,47.98655]]]},"bbox":[-118.34951,47.98258,-118.33716,47.9921]},{"type":"Feature","id":29056,"properties":{"y":2024,"n":"Camas & Industrial","ag":"BIA","ac":92.1,"c":14,"cl":"Unknown","ad":"2024-06-17","cd":"","st":"WA","se":2},"geometry":{"type":"MultiPolygon","coordinates":[[[[-120.40925,46.46098],[-120.40703,46.46203],[-120.40605,46.46078],[-120.40627,46.46197],[-120.4069,46.46212],[-120.4039,46.46204],[-120.40669,46.45967],[-120.40999,46.46048],[-120.41179,46.45974],[-120.41167,46.46137],[-120.40925,46.46098]]],[[[-120.40616,46.45846],[-120.40613,46.45844],[-120.40615,46.45845],[-120.40616,46.45846]]],[[[-120.40615,46.45845],[-120.40672,46.45715],[-120.4063,46.45537],[-120.40447,46.45469],[-120.40447,46.45434],[-120.40652,46.45359],[-120.4116,46.45527],[-120.41471,46.45718],[-120.41484,46.4582],[-120.41578,46.45837],[-120.41587,46.45903],[-120.41532,46.45957],[-120.4131,46.45867],[-120.41209,46.45867],[-120.41191,46.45932],[-120.41092,46.45884],[-120.40838,46.45896],[-120.40615,46.45845]]],[[[-120.40624,46.45364],[-120.40623,46.45363],[-120.40626,46.45363],[-120.40624,46.45364]]]]},"bbox":[-120.41589,46.45359,-120.4039,46.46213]},{"type":"Feature","id":29057,"properties":{"y":2024,"n":"Owhi Flats","ag":"BIA","ac":84.0,"c":14,"cl":"Unknown","ad":"2025-01-06","cd":"","st":"WA","se":4},"geometry":{"type":"Polygon","coordinates":[[[-118.85076,48.22236],[-118.84782,48.21859],[-118.84751,48.21754],[-118.84725,48.21423],[-118.84828,48.21285],[-118.84988,48.21332],[-118.85212,48.21544],[-118.85277,48.21644],[-118.85195,48.21727],[-118.85385,48.21951],[-118.85389,48.22065],[-118.85448,48.22075],[-118.85271,48.2218],[-118.85324,48.22296],[-118.85076,48.22236]]]},"bbox":[-118.85448,48.2128,-118.84717,48.22297]},{"type":"Feature","id":29058,"properties":{"y":2024,"n":"Stepstone","ag":"BIA","ac":30.5,"c":14,"cl":"Unknown","ad":"2024-11-22","cd":"","st":"WA","se":3},"geometry":{"type":"Polygon","coordinates":[[[-118.94595,48.30628],[-118.9421,48.30654],[-118.94199,48.30551],[-118.94279,48.30439],[-118.9406,48.30415],[-118.94087,48.30292],[-118.94454,48.30259],[-118.94478,48.3032],[-118.94559,48.30336],[-118.94546,48.30418],[-118.94644,48.30483],[-118.94602,48.305],[-118.94595,48.30628]]]},"bbox":[-118.94644,48.30255,-118.94045,48.30656]},{"type":"Feature","id":29059,"properties":{"y":2023,"n":"Devils Gulch","ag":"USFS","ac":0.0,"c":14,"cl":"Unknown","ad":"2023-07-28","cd":"","st":"WA","se":2},"geometry":{"type":"Polygon","coordinates":[[[-120.41852,47.31537],[-120.41856,47.31539],[-120.41852,47.3154],[-120.41852,47.31537]]]},"bbox":[-120.41856,47.31537,-120.41852,47.3154]},{"type":"Feature","id":29060,"properties":{"y":2023,"n":"Quartz Junior","ag":"USFS","ac":1.0,"c":14,"cl":"Unknown","ad":"2023-10-26","cd":"","st":"WA","se":3},"geometry":{"type":"Polygon","coordinates":[[[-121.8022,46.22747],[-121.80182,46.22665],[-121.80286,46.22714],[-121.8022,46.22747]]]},"bbox":[-121.80286,46.22665,-121.80182,46.22747]},{"type":"Feature","id":29061,"properties":{"y":2023,"n":"Fourth Of July","ag":"USFS","ac":0.1,"c":14,"cl":"Unknown","ad":"2023-07-28","cd":"","st":"WA","se":2},"geometry":{"type":"Polygon","coordinates":[[[-120.79679,47.57718],[-120.79667,47.57693],[-120.79687,47.57707],[-120.79679,47.57718]]]},"bbox":[-120.79687,47.57692,-120.79657,47.57718]},{"type":"Feature","id":29062,"properties":{"y":2023,"n":"Bonanza","ag":"USFS","ac":0.0,"c":14,"cl":"Unknown","ad":"2023-07-28","cd":"","st":"WA","se":2},"geometry":{"type":"Polygon","coordinates":[[[-120.60946,47.38824],[-120.60952,47.38802],[-120.60953,47.38825],[-120.60946,47.38824]]]},"bbox":[-120.60954,47.38796,-120.60942,47.38826]},{"type":"Feature","id":29063,"properties":{"y":2023,"n":"Fish Lake","ag":"USFS","ac":0.1,"c":14,"cl":"Unknown","ad":"2023-07-28","cd":"","st":"WA","se":2},"geometry":{"type":"Polygon","coordinates":[[[-120.6923,47.83855],[-120.69197,47.8386],[-120.69193,47.83846],[-120.6923,47.83855]]]},"bbox":[-120.6923,47.83846,-120.69193,47.83861]},{"type":"Feature","id":29064,"properties":{"y":2023,"n":"Adams Fork","ag":"USFS","ac":9.5,"c":14,"cl":"Unknown","ad":"2023-10-24","cd":"","st":"WA","se":3},"geometry":{"type":"Polygon","coordinates":[[[-121.66573,46.33528],[-121.66609,46.33551],[-121.66486,46.33602],[-121.66473,46.33688],[-121.66265,46.33672],[-121.66238,46.33631],[-121.66289,46.33579],[-121.66369,46.33606],[-121.66374,46.33488],[-121.6645,46.33509],[-121.66583,46.3343],[-121.66573,46.33528]]]},"bbox":[-121.66609,46.3343,-121.66236,46.33697]},{"type":"Feature","id":29065,"properties":{"y":2023,"n":"Quartz Creek","ag":"USFS","ac":0.3,"c":14,"cl":"Unknown","ad":"2023-07-19","cd":"","st":"WA","se":2},"geometry":{"type":"Polygon","coordinates":[[[-121.1604,47.02793],[-121.16067,47.02849],[-121.16006,47.02792],[-121.1604,47.02793]]]},"bbox":[-121.16067,47.02792,-121.16006,47.02851]},{"type":"Feature","id":29066,"properties":{"y":2023,"n":"Green Mountain","ag":"USFS","ac":0.2,"c":14,"cl":"Unknown","ad":"2023-09-21","cd":"","st":"WA","se":3},"geometry":{"type":"Polygon","coordinates":[[[-121.83494,48.12742],[-121.83522,48.12777],[-121.83473,48.1276],[-121.83494,48.12742]]]},"bbox":[-121.83545,48.12742,-121.83473,48.12777]},{"type":"Feature","id":29067,"properties":{"y":2023,"n":"Thompson","ag":"USFS","ac":8.3,"c":14,"cl":"Unknown","ad":"2023-10-10","cd":"","st":"WA","se":3},"geometry":{"type":"MultiPolygon","coordinates":[[[[-120.76127,47.7273],[-120.76127,47.7273],[-120.7613,47.72731],[-120.7614,47.72735],[-120.76129,47.72814],[-120.76063,47.72786],[-120.76095,47.72755],[-120.75892,47.72709],[-120.75935,47.72639],[-120.75894,47.72559],[-120.7611,47.72594],[-120.76098,47.72609],[-120.76078,47.72605],[-120.7608,47.72607],[-120.76076,47.72608],[-120.76093,47.72624],[-120.76084,47.72616],[-120.76067,47.72628],[-120.76116,47.72646],[-120.76073,47.72688],[-120.76126,47.72715],[-120.76121,47.72727],[-120.76124,47.7273],[-120.76125,47.72729],[-120.76127,47.7273]]],[[[-120.76127,47.7273],[-120.76128,47.72728],[-120.76127,47.7273],[-120.76127,47.7273]]],[[[-120.7608,47.72607],[-120.76081,47.72607],[-120.76081,47.72609],[-120.7608,47.72607]]],[[[-120.76081,47.72609],[-120.76081,47.72609],[-120.76081,47.72609],[-120.76081,47.72609]]],[[[-120.76108,47.72678],[-120.76112,47.72679],[-120.76108,47.72678],[-120.76108,47.72678]]],[[[-120.7611,47.72689],[-120.76114,47.7269],[-120.76112,47.72693],[-120.7611,47.72689]]],[[[-120.76112,47.72694],[-120.76113,47.72695],[-120.76112,47.72697],[-120.76112,47.72694]]],[[[-120.76116,47.72672],[-120.76117,47.72673],[-120.76117,47.72676],[-120.76116,47.72672]]],[[[-120.76116,47.72672],[-120.76113,47.72672],[-120.76115,47.72672],[-120.76116,47.72672]]],[[[-120.76127,47.72727],[-120.76127,47.72727],[-120.76127,47.72727],[-120.76127,47.72727]]]]},"bbox":[-120.76148,47.72557,-120.7588,47.72816]},{"type":"Feature","id":29068,"properties":{"y":2023,"n":"Tieton","ag":"USFS","ac":5.3,"c":14,"cl":"Unknown","ad":"2023-07-08","cd":"","st":"WA","se":2},"geometry":{"type":"Polygon","coordinates":[[[-121.41537,46.55913],[-121.41718,46.55897],[-121.41747,46.5594],[-121.41557,46.5603],[-121.41448,46.55973],[-121.41537,46.55913]]]},"bbox":[-121.41748,46.55897,-121.41448,46.5603]},{"type":"Feature","id":29069,"properties":{"y":2023,"n":"Grassy Mountain","ag":"USFS","ac":44.8,"c":14,"cl":"Unknown","ad":"2024-04-25","cd":"","st":"WA","se":1},"geometry":{"type":"Polygon","coordinates":[[[-121.87593,46.56994],[-121.87687,46.56941],[-121.87771,46.56946],[-121.87725,46.56933],[-121.87763,46.56867],[-121.87958,46.5687],[-121.88054,46.56921],[-121.88108,46.57027],[-121.88261,46.57074],[-121.88308,46.57189],[-121.88254,46.57243],[-121.88042,46.57223],[-121.88072,46.5725],[-121.87971,46.57259],[-121.88001,46.5729],[-121.87754,46.57326],[-121.87754,46.57278],[-121.87644,46.57248],[-121.87655,46.57134],[-121.87542,46.57089],[-121.87589,46.57066],[-121.87558,46.57034],[-121.87593,46.56994]]]},"bbox":[-121.88315,46.56861,-121.87542,46.5733]},{"type":"Feature","id":29070,"properties":{"y":2023,"n":"Independence","ag":"USFS","ac":1.5,"c":14,"cl":"Unknown","ad":"2023-10-12","cd":"","st":"WA","se":3},"geometry":{"type":"Polygon","coordinates":[[[-123.27932,47.36714],[-123.27996,47.36718],[-123.28052,47.36739],[-123.27988,47.36803],[-123.2793,47.36783],[-123.27932,47.36714]]]},"bbox":[-123.28052,47.36714,-123.2793,47.36803]},{"type":"Feature","id":29071,"properties":{"y":2023,"n":"Swakane","ag":"USFS","ac":0.0,"c":14,"cl":"Unknown","ad":"2023-07-28","cd":"","st":"WA","se":2},"geometry":{"type":"Polygon","coordinates":[[[-120.45631,47.60727],[-120.45624,47.60723],[-120.45634,47.60727],[-120.45631,47.60727]]]},"bbox":[-120.45634,47.60722,-120.45622,47.60729]},{"type":"Feature","id":29072,"properties":{"y":2024,"n":"Vista Ridge","ag":"USFS","ac":6.0,"c":14,"cl":"Unknown","ad":"2024-12-19","cd":"","st":"WA","se":4},"geometry":{"type":"Polygon","coordinates":[[[-121.07714,48.1767],[-121.0764,48.17692],[-121.07633,48.17618],[-121.07797,48.17515],[-121.07867,48.17645],[-121.07763,48.17721],[-121.07714,48.1767]]]},"bbox":[-121.07867,48.17515,-121.07633,48.17721]},{"type":"Feature","id":29073,"properties":{"y":2024,"n":"Tacoma","ag":"USFS","ac":6.4,"c":14,"cl":"Unknown","ad":"2024-09-09","cd":"","st":"WA","se":3},"geometry":{"type":"Polygon","coordinates":[[[-117.43166,48.47937],[-117.43199,48.48077],[-117.43012,48.48052],[-117.42906,48.47945],[-117.43003,48.47882],[-117.43166,48.47937]]]},"bbox":[-117.43224,48.47881,-117.42906,48.48077]},{"type":"Feature","id":29074,"properties":{"y":2024,"n":"Rapid River","ag":"USFS","ac":1.3,"c":14,"cl":"Unknown","ad":"2024-12-05","cd":"","st":"WA","se":4},"geometry":{"type":"Polygon","coordinates":[[[-121.12421,47.81383],[-121.12377,47.8155],[-121.12359,47.8135],[-121.12421,47.81383]]]},"bbox":[-121.12421,47.8135,-121.12359,47.8155]},{"type":"Feature","id":29075,"properties":{"y":2024,"n":"Dike Road North","ag":"USFS","ac":21.8,"c":14,"cl":"Unknown","ad":"2024-12-04","cd":"","st":"WA","se":4},"geometry":{"type":"Polygon","coordinates":[[[-117.28549,48.35541],[-117.28561,48.35836],[-117.2839,48.36411],[-117.28292,48.36545],[-117.28365,48.36227],[-117.28362,48.36183],[-117.28289,48.36185],[-117.28549,48.35541]]]},"bbox":[-117.28577,48.35541,-117.2827,48.36545]},{"type":"Feature","id":29076,"properties":{"y":2024,"n":"Canyon Creek","ag":"USFS","ac":0.2,"c":14,"cl":"Unknown","ad":"2024-12-19","cd":"","st":"WA","se":4},"geometry":{"type":"Polygon","coordinates":[[[-121.90865,48.95357],[-121.90914,48.95336],[-121.90922,48.95357],[-121.90865,48.95357]]]},"bbox":[-121.90922,48.9533,-121.90865,48.9536]},{"type":"Feature","id":29077,"properties":{"y":2024,"n":"Goosetail","ag":"USFS","ac":6.8,"c":14,"cl":"Unknown","ad":"2024-12-09","cd":"","st":"WA","se":4},"geometry":{"type":"Polygon","coordinates":[[[-120.15994,47.77986],[-120.16265,47.77962],[-120.16322,47.78076],[-120.16022,47.78088],[-120.15994,47.77986]]]},"bbox":[-120.16322,47.77962,-120.15982,47.78088]},{"type":"Feature","id":29078,"properties":{"y":2024,"n":"Potato","ag":"USFS","ac":0.0,"c":14,"cl":"Unknown","ad":"2024-08-14","cd":"","st":"WA","se":2},"geometry":{"type":"Polygon","coordinates":[[[-120.3343,47.82231],[-120.33438,47.82238],[-120.33429,47.82233],[-120.3343,47.82231]]]},"bbox":[-120.33443,47.82231,-120.33429,47.82238]},{"type":"Feature","id":29079,"properties":{"y":2024,"n":"Mission Creek","ag":"USFS","ac":4.2,"c":14,"cl":"Unknown","ad":"2024-10-10","cd":"","st":"WA","se":3},"geometry":{"type":"Polygon","coordinates":[[[-120.50553,47.4452],[-120.5057,47.44633],[-120.50466,47.44775],[-120.50448,47.44564],[-120.50553,47.4452]]]},"bbox":[-120.50584,47.4452,-120.50441,47.44777]},{"type":"Feature","id":29080,"properties":{"y":2024,"n":"Conger","ag":"USFS","ac":0.2,"c":14,"cl":"Unknown","ad":"2024-09-09","cd":"","st":"WA","se":3},"geometry":{"type":"Polygon","coordinates":[[[-117.42185,48.39623],[-117.42149,48.39651],[-117.42143,48.39632],[-117.42185,48.39623]]]},"bbox":[-117.4219,48.39623,-117.42143,48.39654]},{"type":"Feature","id":29081,"properties":{"y":2024,"n":"Lanham Creek","ag":"USFS","ac":0.0,"c":14,"cl":"Unknown","ad":"2024-10-10","cd":"","st":"WA","se":3},"geometry":{"type":"Polygon","coordinates":[[[-121.01354,47.76604],[-121.01355,47.76586],[-121.01366,47.76596],[-121.01354,47.76604]]]},"bbox":[-121.01366,47.76586,-121.01334,47.76604]},{"type":"Feature","id":29082,"properties":{"y":2024,"n":"Middle Ridge","ag":"USFS","ac":10.0,"c":14,"cl":"Unknown","ad":"2024-12-19","cd":"","st":"WA","se":4},"geometry":{"type":"Polygon","coordinates":[[[-121.01512,48.18738],[-121.01524,48.18942],[-121.01302,48.18898],[-121.01269,48.18725],[-121.01447,48.18674],[-121.01512,48.18738]]]},"bbox":[-121.01524,48.18674,-121.01263,48.18942]},{"type":"Feature","id":29083,"properties":{"y":2024,"n":"Thomas","ag":"USFS","ac":9.1,"c":14,"cl":"Unknown","ad":"2024-10-23","cd":"","st":"WA","se":3},"geometry":{"type":"Polygon","coordinates":[[[-121.15888,47.30461],[-121.16162,47.30353],[-121.16261,47.30417],[-121.16232,47.30507],[-121.15883,47.30529],[-121.15888,47.30461]]]},"bbox":[-121.16267,47.30352,-121.15877,47.30545]},{"type":"Feature","id":29084,"properties":{"y":2024,"n":"Le Bar","ag":"USFS","ac":1.7,"c":14,"cl":"Unknown","ad":"2024-10-09","cd":"","st":"WA","se":3},"geometry":{"type":"Polygon","coordinates":[[[-123.32725,47.41756],[-123.32824,47.41761],[-123.32937,47.41739],[-123.32842,47.41811],[-123.32725,47.41756]]]},"bbox":[-123.32937,47.41732,-123.3272,47.41811]},{"type":"Feature","id":29085,"properties":{"y":2024,"n":"Clark Canyon","ag":"USFS","ac":0.0,"c":14,"cl":"Unknown","ad":"2024-10-10","cd":"","st":"WA","se":3},"geometry":{"type":"Polygon","coordinates":[[[-120.62612,47.6777],[-120.62632,47.67761],[-120.62635,47.67764],[-120.62612,47.6777]]]},"bbox":[-120.62635,47.67759,-120.62612,47.67771]}]}